DEBUG ]: Old rlimit: soft -> 1024, hard -> 4096
DEBUG ]: New rlimit: soft -> 4096, hard -> 4096
WARN ]: WARNING: Hyprland is being launched without start-hyprland. This is highly advised against.
DEBUG ]: Creating the EventLoopManager!
DEBUG ]: Creating the KeybindManager!
DEBUG ]: Creating the AnimationManager!
DEBUG ]: Creating the DynamicPermissionManager!
DEBUG ]: Creating the MonitorState!
DEBUG ]: Creating the WorkspaceState!
DEBUG ]: Creating the ConfigManager!
DEBUG ]: [cfg] Config is either explicit or special.
DEBUG ]: [cfg] Config is NOT lua, loading regular mgr
DEBUG ]: Using config: /tmp/corpus-hyprland.conf
DEBUG ]: !!!!HEY YOU, YES YOU!!!!: further logs to stdout / logfile are disabled by default. BEFORE SENDING THIS LOG, ENABLE THEM. Use debug:disable_logs = false to do so: https://wiki.hypr.land/Configuring/Basics/Variables/#debug
DEBUG ]: Creating the Error Overlay!
DEBUG ]: Creating the LayoutManager!
DEBUG ]: Creating the TokenManager!
DEBUG ]: Creating the EventManager!
DEBUG ]: Using config: /tmp/corpus-hyprland.conf
DEBUG ]: Disabling stdout logs (debug.enable_stdout_logs = 0). Further logs will be written to /run/user/0/hypr/efb50993780079460b0cbed1363e2166a2de1d9f_1791090186_1037436881/hyprland.log
DEBUG ]: Creating the PointerManager!
DEBUG ]: Creating the AsyncResourceGatherer!
DEBUG from aquamarine ]: Creating an Aquamarine backend!
DEBUG from aquamarine ]: [libseat] [libseat/libseat.c:62] Seat opened with backend 'seatd'
DEBUG from aquamarine ]: [libseat] [libseat/backend/seatd.c:218] Enabling seat
DEBUG from aquamarine ]: [libinput] event1  - QEMU Virtio Tablet: is tagged by udev as: Mouse
DEBUG from aquamarine ]: [libinput] event1  - QEMU Virtio Tablet: emulating high-resolution scroll wheel events.
DEBUG from aquamarine ]: [libinput] event1  - QEMU Virtio Tablet: device is a pointer
DEBUG from aquamarine ]: [libinput] event0  - QEMU Virtio Keyboard: is tagged by udev as: Keyboard
DEBUG from aquamarine ]: [libinput] event0  - QEMU Virtio Keyboard: device is a keyboard
DEBUG from aquamarine ]: drm: Enumerated device /sys/devices/platform/soc/10007000.virtio_mmio/drm/card0
DEBUG from aquamarine ]: libseat: Device /dev/dri/card0 supports kms
DEBUG from aquamarine ]: drm: Explicit device list /dev/dri/card0
DEBUG from aquamarine ]: drm: Explicit device /dev/dri/card0 found
DEBUG from aquamarine ]: drm: Found 1 GPUs
DEBUG from aquamarine ]: drm: Starting backend for /dev/dri/card0, with driver virtio_gpu
DEBUG from aquamarine ]: drm: Registered gpu /dev/dri/card0
DEBUG from aquamarine ]: drm: Atomic supported, using atomic for modesetting
DEBUG from aquamarine ]: drm: drmProps.supportsAsyncCommit: false
DEBUG from aquamarine ]: drm: drmProps.supportsAddFb2Modifiers: false
DEBUG from aquamarine ]: drm: drmProps.supportsTimelines: true
DEBUG from aquamarine ]: drm: found 1 CRTCs
DEBUG from aquamarine ]: drm: Plane 31 has type 1
DEBUG from aquamarine ]: drm: Plane 31 has 1 formats
DEBUG from aquamarine ]: drm: Basic init pass for gpu /dev/dri/card0
DEBUG from aquamarine ]: drm: Scanning connectors for /dev/dri/card0
DEBUG from aquamarine ]: drm: Scanning connector id 34
DEBUG from aquamarine ]: drm: Initializing connector id 34
DEBUG from aquamarine ]: drm: Connector gets name Virtual-1
DEBUG from aquamarine ]: drm: Connector 34 connection state: 1
DEBUG from aquamarine ]: drm: Rechecking CRTCs
DEBUG from aquamarine ]: drm: Skipping connector Virtual-1, has crtc 33 and is connected
DEBUG from aquamarine ]: drm: slot 0 crtc 33 taken by Virtual-1, skipping
DEBUG from aquamarine ]: drm: Connector Virtual-1 connected
DEBUG from aquamarine ]: drm: Connecting connector Virtual-1, CRTC ID 33
DEBUG from aquamarine ]: drm: Dumping detected modes:
DEBUG from aquamarine ]: drm: Mode 0: 640x480@75.00Hz  (preferred)
DEBUG from aquamarine ]: drm: Mode 1: 5120x2160@50.00Hz 
DEBUG from aquamarine ]: drm: Mode 2: 4096x2160@50.00Hz 
DEBUG from aquamarine ]: drm: Mode 3: 3840x2160@60.00Hz 
DEBUG from aquamarine ]: drm: Mode 4: 3840x2160@59.94Hz 
DEBUG from aquamarine ]: drm: Mode 5: 3840x2160@50.00Hz 
DEBUG from aquamarine ]: drm: Mode 6: 1920x1440@60.00Hz 
DEBUG from aquamarine ]: drm: Mode 7: 2560x1080@50.00Hz 
DEBUG from aquamarine ]: drm: Mode 8: 1856x1392@59.99Hz 
DEBUG from aquamarine ]: drm: Mode 9: 1792x1344@60.00Hz 
DEBUG from aquamarine ]: drm: Mode 10: 2048x1152@60.00Hz 
DEBUG from aquamarine ]: drm: Mode 11: 1920x1200@59.88Hz 
DEBUG from aquamarine ]: drm: Mode 12: 1920x1080@60.00Hz 
DEBUG from aquamarine ]: drm: Mode 13: 1920x1080@50.00Hz 
DEBUG from aquamarine ]: drm: Mode 14: 1600x1200@60.00Hz 
DEBUG from aquamarine ]: drm: Mode 15: 1680x1050@59.95Hz 
DEBUG from aquamarine ]: drm: Mode 16: 1400x1050@59.98Hz 
DEBUG from aquamarine ]: drm: Mode 17: 1280x1024@60.02Hz 
DEBUG from aquamarine ]: drm: Mode 18: 1440x900@59.89Hz 
DEBUG from aquamarine ]: drm: Mode 19: 1280x960@60.00Hz 
DEBUG from aquamarine ]: drm: Mode 20: 1360x768@60.02Hz 
DEBUG from aquamarine ]: drm: Mode 21: 1280x768@59.87Hz 
DEBUG from aquamarine ]: drm: Mode 22: 1024x768@60.00Hz 
DEBUG from aquamarine ]: drm: Mode 23: 800x600@60.32Hz 
DEBUG from aquamarine ]: drm: Mode 24: 640x480@60.00Hz 
DEBUG from aquamarine ]: drm: Mode 25: 640x480@59.94Hz 
DEBUG from aquamarine ]: drm: Physical size [Vector2D: x: 160, y: 120] (mm)
DEBUG from aquamarine ]: drm: Description Red Hat, Inc. QEMU Monitor  (Virtual-1)
DEBUG from aquamarine ]: drm: connector Virtual-1 crtc is incapable of vrr: props.vrr_capable -> 0, crtc->props.vrr_enabled -> 24
DEBUG from aquamarine ]: drm: Explicit sync supported
DEBUG from aquamarine ]: drm: connector Virtual-1 crtc doesn't support CTM
DEBUG from aquamarine ]: drm: connector Virtual-1 crtc doesn't support HDR (0)
DEBUG from aquamarine ]: drm: connector Virtual-1 crtc doesn't support Colorspace (0)
DEBUG from aquamarine ]: drm: gpu /dev/dri/card0 becomes primary drm
DEBUG from aquamarine ]: DRM Dumb: created a dumb allocator
DEBUG from aquamarine ]: Starting the Aquamarine backend!
DEBUG from aquamarine ]: Starting the Wayland backend!
ERR from aquamarine ]: Wayland backend cannot start: wl_display_connect failed (is a wayland compositor running?)
ERR from aquamarine ]: Requested backend (wayland) could not start, enabling fallbacks
ERR from aquamarine ]: Implementation wayland failed, erasing.
DEBUG from aquamarine ]: Created a GBM allocator with drm fd 23
DEBUG from aquamarine ]: drm: Connectors size2 1
DEBUG from aquamarine ]: Created a GBM allocator with drm fd 26
DEBUG from aquamarine ]: Supported EGL client extensions: (16) EGL_EXT_device_base EGL_EXT_device_enumeration EGL_EXT_device_query EGL_EXT_platform_base EGL_KHR_client_get_all_proc_addresses EGL_EXT_client_extensions EGL_KHR_debug EGL_EXT_platform_device EGL_EXT_explicit_device EGL_EXT_platform_wayland EGL_KHR_platform_wayland EGL_EXT_platform_x11 EGL_KHR_platform_x11 EGL_EXT_platform_xcb EGL_MESA_platform_gbm EGL_KHR_platform_gbm EGL_MESA_platform_surfaceless
DEBUG from aquamarine ]: CDRMRenderer(drm): Using device /dev/dri/card0
DEBUG from aquamarine ]: CDRMRenderer: Using KHR_context_flush_control
DEBUG from aquamarine ]: Creating CDRMRenderer on gpu /dev/dri/renderD128
DEBUG from aquamarine ]: Using: OpenGL ES 3.2 Mesa 26.2.2-arch1.1
DEBUG from aquamarine ]: Vendor: Mesa
DEBUG from aquamarine ]: Renderer: virgl (LLVMPIPE (LLVM 15.0.6, 128 bits))
DEBUG from aquamarine ]: Supported context extensions: (149) GL_EXT_blend_minmax GL_EXT_multi_draw_arrays GL_EXT_texture_filter_anisotropic GL_EXT_texture_compression_s3tc GL_EXT_texture_compression_dxt1 GL_EXT_texture_compression_rgtc GL_EXT_texture_format_BGRA8888 GL_OES_compressed_ETC1_RGB8_texture GL_OES_depth24 GL_OES_element_index_uint GL_OES_fbo_render_mipmap GL_OES_mapbuffer GL_OES_rgb8_rgba8 GL_OES_standard_derivatives GL_OES_stencil8 GL_OES_texture_3D GL_OES_texture_float GL_OES_texture_float_linear GL_OES_texture_half_float GL_OES_texture_half_float_linear GL_OES_texture_npot GL_OES_vertex_half_float GL_EXT_draw_instanced GL_EXT_texture_sRGB_decode GL_OES_EGL_image GL_OES_depth_texture GL_OES_packed_depth_stencil GL_EXT_texture_type_2_10_10_10_REV GL_NV_conditional_render GL_OES_get_program_binary GL_APPLE_texture_max_level GL_EXT_discard_framebuffer GL_EXT_read_format_bgra GL_EXT_texture_storage GL_NV_pack_subimage GL_NV_texture_barrier GL_EXT_frag_depth GL_NV_fbo_color_attachments GL_OES_EGL_image_external GL_OES_EGL_sync GL_OES_vertex_array_object GL_OES_viewport_array GL_ANGLE_pack_reverse_row_order GL_ANGLE_texture_compression_dxt3 GL_ANGLE_texture_compression_dxt5 GL_EXT_occlusion_query_boolean GL_EXT_robustness GL_EXT_sRGB GL_EXT_texture_rg GL_EXT_unpack_subimage GL_NV_draw_buffers GL_NV_read_buffer GL_NV_read_depth GL_NV_read_depth_stencil GL_NV_read_stencil GL_APPLE_sync GL_EXT_draw_buffers GL_EXT_instanced_arrays GL_EXT_map_buffer_range GL_EXT_shadow_samplers GL_KHR_debug GL_KHR_robustness GL_KHR_texture_compression_astc_ldr GL_NV_generate_mipmap_sRGB GL_NV_pixel_buffer_object GL_OES_depth_texture_cube_map GL_OES_required_internalformat GL_OES_surfaceless_context GL_EXT_color_buffer_float GL_EXT_debug_label GL_EXT_sRGB_write_control GL_EXT_separate_shader_objects GL_EXT_shader_group_vote GL_EXT_shader_implicit_conversions GL_EXT_shader_integer_mix GL_EXT_tessellation_point_size GL_EXT_tessellation_shader GL_ANDROID_extension_pack_es31a GL_EXT_base_instance GL_EXT_compressed_ETC1_RGB8_sub_texture GL_EXT_copy_image GL_EXT_draw_buffers_indexed GL_EXT_draw_elements_base_vertex GL_EXT_gpu_shader5 GL_EXT_multi_draw_indirect GL_EXT_polygon_offset_clamp GL_EXT_primitive_bounding_box GL_EXT_render_snorm GL_EXT_shader_io_blocks GL_EXT_texture_border_clamp GL_EXT_texture_buffer GL_EXT_texture_cube_map_array GL_EXT_texture_norm16 GL_EXT_texture_view GL_KHR_blend_equation_advanced GL_KHR_context_flush_control GL_KHR_robust_buffer_access_behavior GL_NV_image_formats GL_NV_shader_noperspective_interpolation GL_OES_copy_image GL_OES_draw_buffers_indexed GL_OES_draw_elements_base_vertex GL_OES_gpu_shader5 GL_OES_primitive_bounding_box GL_OES_sample_shading GL_OES_sample_variables GL_OES_shader_io_blocks GL_OES_shader_multisample_interpolation GL_OES_tessellation_point_size GL_OES_tessellation_shader GL_OES_texture_border_clamp GL_OES_texture_buffer GL_OES_texture_cube_map_array GL_OES_texture_stencil8 GL_OES_texture_storage_multisample_2d_array GL_OES_texture_view GL_EXT_blend_func_extended GL_EXT_float_blend GL_EXT_geometry_point_size GL_EXT_geometry_shader GL_EXT_texture_sRGB_R8 GL_EXT_texture_sRGB_RG8 GL_KHR_no_error GL_KHR_texture_compression_astc_sliced_3d GL_OES_EGL_image_external_essl3 GL_OES_geometry_point_size GL_OES_geometry_shader GL_OES_shader_image_atomic GL_EXT_clear_texture GL_EXT_clip_cull_distance GL_EXT_conservative_depth GL_EXT_disjoint_timer_query GL_EXT_texture_compression_s3tc_srgb GL_MESA_shader_integer_functions GL_EXT_clip_control GL_EXT_color_buffer_half_float GL_EXT_texture_compression_bptc GL_EXT_texture_mirror_clamp_to_edge GL_KHR_parallel_shader_compile GL_EXT_EGL_image_storage GL_EXT_texture_shadow_lod GL_MESA_framebuffer_flip_y GL_EXT_depth_clamp GL_EXT_texture_query_lod GL_MESA_sampler_objects GL_EXT_EGL_image_storage_compression GL_EXT_texture_storage_compression GL_MESA_bgra GL_EXT_shader_clock 
DEBUG from aquamarine ]: drm: onReady: connector 34
DEBUG from aquamarine ]: drm: onReady: connector 34 has output name Virtual-1
DEBUG from aquamarine ]: Swapchain: Clearing
DEBUG ]: New aquamarine output with name Virtual-1
DEBUG from aquamarine ]: Supported EGL client extensions: (16) EGL_EXT_device_base EGL_EXT_device_enumeration EGL_EXT_device_query EGL_EXT_platform_base EGL_KHR_client_get_all_proc_addresses EGL_EXT_client_extensions EGL_KHR_debug EGL_EXT_platform_device EGL_EXT_explicit_device EGL_EXT_platform_wayland EGL_KHR_platform_wayland EGL_EXT_platform_x11 EGL_KHR_platform_x11 EGL_EXT_platform_xcb EGL_MESA_platform_gbm EGL_KHR_platform_gbm EGL_MESA_platform_surfaceless
DEBUG from aquamarine ]: CDRMRenderer(drm): Using device /dev/dri/card0
DEBUG from aquamarine ]: CDRMRenderer: Using KHR_context_flush_control
DEBUG from aquamarine ]: Creating CDRMRenderer on gpu /dev/dri/renderD128
DEBUG from aquamarine ]: Using: OpenGL ES 3.2 Mesa 26.2.2-arch1.1
DEBUG from aquamarine ]: Vendor: Mesa
DEBUG from aquamarine ]: Renderer: virgl (LLVMPIPE (LLVM 15.0.6, 128 bits))
DEBUG from aquamarine ]: Supported context extensions: (149) GL_EXT_blend_minmax GL_EXT_multi_draw_arrays GL_EXT_texture_filter_anisotropic GL_EXT_texture_compression_s3tc GL_EXT_texture_compression_dxt1 GL_EXT_texture_compression_rgtc GL_EXT_texture_format_BGRA8888 GL_OES_compressed_ETC1_RGB8_texture GL_OES_depth24 GL_OES_element_index_uint GL_OES_fbo_render_mipmap GL_OES_mapbuffer GL_OES_rgb8_rgba8 GL_OES_standard_derivatives GL_OES_stencil8 GL_OES_texture_3D GL_OES_texture_float GL_OES_texture_float_linear GL_OES_texture_half_float GL_OES_texture_half_float_linear GL_OES_texture_npot GL_OES_vertex_half_float GL_EXT_draw_instanced GL_EXT_texture_sRGB_decode GL_OES_EGL_image GL_OES_depth_texture GL_OES_packed_depth_stencil GL_EXT_texture_type_2_10_10_10_REV GL_NV_conditional_render GL_OES_get_program_binary GL_APPLE_texture_max_level GL_EXT_discard_framebuffer GL_EXT_read_format_bgra GL_EXT_texture_storage GL_NV_pack_subimage GL_NV_texture_barrier GL_EXT_frag_depth GL_NV_fbo_color_attachments GL_OES_EGL_image_external GL_OES_EGL_sync GL_OES_vertex_array_object GL_OES_viewport_array GL_ANGLE_pack_reverse_row_order GL_ANGLE_texture_compression_dxt3 GL_ANGLE_texture_compression_dxt5 GL_EXT_occlusion_query_boolean GL_EXT_robustness GL_EXT_sRGB GL_EXT_texture_rg GL_EXT_unpack_subimage GL_NV_draw_buffers GL_NV_read_buffer GL_NV_read_depth GL_NV_read_depth_stencil GL_NV_read_stencil GL_APPLE_sync GL_EXT_draw_buffers GL_EXT_instanced_arrays GL_EXT_map_buffer_range GL_EXT_shadow_samplers GL_KHR_debug GL_KHR_robustness GL_KHR_texture_compression_astc_ldr GL_NV_generate_mipmap_sRGB GL_NV_pixel_buffer_object GL_OES_depth_texture_cube_map GL_OES_required_internalformat GL_OES_surfaceless_context GL_EXT_color_buffer_float GL_EXT_debug_label GL_EXT_sRGB_write_control GL_EXT_separate_shader_objects GL_EXT_shader_group_vote GL_EXT_shader_implicit_conversions GL_EXT_shader_integer_mix GL_EXT_tessellation_point_size GL_EXT_tessellation_shader GL_ANDROID_extension_pack_es31a GL_EXT_base_instance GL_EXT_compressed_ETC1_RGB8_sub_texture GL_EXT_copy_image GL_EXT_draw_buffers_indexed GL_EXT_draw_elements_base_vertex GL_EXT_gpu_shader5 GL_EXT_multi_draw_indirect GL_EXT_polygon_offset_clamp GL_EXT_primitive_bounding_box GL_EXT_render_snorm GL_EXT_shader_io_blocks GL_EXT_texture_border_clamp GL_EXT_texture_buffer GL_EXT_texture_cube_map_array GL_EXT_texture_norm16 GL_EXT_texture_view GL_KHR_blend_equation_advanced GL_KHR_context_flush_control GL_KHR_robust_buffer_access_behavior GL_NV_image_formats GL_NV_shader_noperspective_interpolation GL_OES_copy_image GL_OES_draw_buffers_indexed GL_OES_draw_elements_base_vertex GL_OES_gpu_shader5 GL_OES_primitive_bounding_box GL_OES_sample_shading GL_OES_sample_variables GL_OES_shader_io_blocks GL_OES_shader_multisample_interpolation GL_OES_tessellation_point_size GL_OES_tessellation_shader GL_OES_texture_border_clamp GL_OES_texture_buffer GL_OES_texture_cube_map_array GL_OES_texture_stencil8 GL_OES_texture_storage_multisample_2d_array GL_OES_texture_view GL_EXT_blend_func_extended GL_EXT_float_blend GL_EXT_geometry_point_size GL_EXT_geometry_shader GL_EXT_texture_sRGB_R8 GL_EXT_texture_sRGB_RG8 GL_KHR_no_error GL_KHR_texture_compression_astc_sliced_3d GL_OES_EGL_image_external_essl3 GL_OES_geometry_point_size GL_OES_geometry_shader GL_OES_shader_image_atomic GL_EXT_clear_texture GL_EXT_clip_cull_distance GL_EXT_conservative_depth GL_EXT_disjoint_timer_query GL_EXT_texture_compression_s3tc_srgb GL_MESA_shader_integer_functions GL_EXT_clip_control GL_EXT_color_buffer_half_float GL_EXT_texture_compression_bptc GL_EXT_texture_mirror_clamp_to_edge GL_KHR_parallel_shader_compile GL_EXT_EGL_image_storage GL_EXT_texture_shadow_lod GL_MESA_framebuffer_flip_y GL_EXT_depth_clamp GL_EXT_texture_query_lod GL_MESA_sampler_objects GL_EXT_EGL_image_storage_compression GL_EXT_texture_storage_compression GL_MESA_bgra GL_EXT_shader_clock 
DEBUG ]: Instance Signature: efb50993780079460b0cbed1363e2166a2de1d9f_1791090186_1037436881
DEBUG ]: Runtime directory: /run/user/0/hypr/efb50993780079460b0cbed1363e2166a2de1d9f_1791090186_1037436881
DEBUG ]: Hyprland PID: 119
DEBUG ]: ===== SYSTEM INFO: =====
DEBUG ]: Hyprland 0.56.2 built from branch v0.56.2 at commit efb50993780079460b0cbed1363e2166a2de1d9f clean ([gha] Nix: update inputs).
Date: Wed Aug 5 14:13:21 2026
Tag: v0.56.2, commits: 7661

Libraries:
Hyprgraphics: built against 0.5.1, system has 0.5.1
Hyprutils: built against 0.14.1, system has 0.14.1
Hyprcursor: built against 0.1.13, system has 0.1.13
Hyprlang: built against 0.6.8, system has 0.6.8
Aquamarine: built against 0.14.0, system has 0.14.0

Version ABI string: efb50993780079460b0cbed1363e2166a2de1d9f_aq_0.14_hu_0.14_hg_0.5_hc_0.1_hlg_0.6
no flags were set


System Information:
System name: Linux
Node name: (none)
Release: 6.6.63
Version: #1 SMP Thu Nov 14 2024

Libraries:
Hyprgraphics: built against 0.5.1, system has 0.5.1
Hyprutils: built against 0.14.1, system has 0.14.1
Hyprcursor: built against 0.1.13, system has 0.1.13
Hyprlang: built against 0.6.8, system has 0.6.8
Aquamarine: built against 0.14.0, system has 0.14.0



GPU information: 


os-release: NAME="Arch Linux"
PRETTY_NAME="Arch Linux"
ID=arch
BUILD_ID=rolling
ANSI_COLOR="38;2;23;147;209"
HOME_URL="https://archlinux.org/"
DOCUMENTATION_URL="https://wiki.archlinux.org/"
SUPPORT_URL="https://bbs.archlinux.org/"
BUG_REPORT_URL="https://gitlab.archlinux.org/groups/archlinux/-/issues"
PRIVACY_POLICY_URL="https://terms.archlinux.org/docs/privacy-policy/"
LOGO=archlinux-logo


plugins:
	unknown: not runtime

Backend: drm

Monitor info:

State:

configProvider: hyprlang
backend: drm



DEBUG ]: ========================
DEBUG ]: 


DEBUG ]: If you are crashing, or encounter any bugs, please consult https://wiki.hypr.land/Crashes-and-Bugs/


DEBUG ]: 
Current splash: It's like Hypr, but better.


DEBUG ]: Running on DRMFD: 20
DEBUG ]: Using RENDERNODEFD: 21
DEBUG ]: DRM DisplayNode syncobj timeline support: yes
DEBUG ]: DRM RenderNode syncobj timeline support: yes
DEBUG ]: wl_display_add_socket for wayland-1 succeeded with 0
DEBUG ]: Creating the CHyprOpenGLImpl!
DEBUG ]: Supported EGL global extensions: (16) EGL_EXT_device_base EGL_EXT_device_enumeration EGL_EXT_device_query EGL_EXT_platform_base EGL_KHR_client_get_all_proc_addresses EGL_EXT_client_extensions EGL_KHR_debug EGL_EXT_platform_device EGL_EXT_explicit_device EGL_EXT_platform_wayland EGL_KHR_platform_wayland EGL_EXT_platform_x11 EGL_KHR_platform_x11 EGL_EXT_platform_xcb EGL_MESA_platform_gbm EGL_KHR_platform_gbm EGL_MESA_platform_surfaceless
DEBUG ]: eglDeviceFromDRMFD: Using device /dev/dri/card0
DEBUG ]: EGL: Using KHR_context_flush_control
DEBUG ]: Creating the Hypr OpenGL Renderer!
DEBUG ]: Using: OpenGL ES 3.2 Mesa 26.2.2-arch1.1
DEBUG ]: Vendor: Mesa
DEBUG ]: Renderer: virgl (LLVMPIPE (LLVM 15.0.6, 128 bits))
DEBUG ]: Supported extensions: (149) GL_EXT_blend_minmax GL_EXT_multi_draw_arrays GL_EXT_texture_filter_anisotropic GL_EXT_texture_compression_s3tc GL_EXT_texture_compression_dxt1 GL_EXT_texture_compression_rgtc GL_EXT_texture_format_BGRA8888 GL_OES_compressed_ETC1_RGB8_texture GL_OES_depth24 GL_OES_element_index_uint GL_OES_fbo_render_mipmap GL_OES_mapbuffer GL_OES_rgb8_rgba8 GL_OES_standard_derivatives GL_OES_stencil8 GL_OES_texture_3D GL_OES_texture_float GL_OES_texture_float_linear GL_OES_texture_half_float GL_OES_texture_half_float_linear GL_OES_texture_npot GL_OES_vertex_half_float GL_EXT_draw_instanced GL_EXT_texture_sRGB_decode GL_OES_EGL_image GL_OES_depth_texture GL_OES_packed_depth_stencil GL_EXT_texture_type_2_10_10_10_REV GL_NV_conditional_render GL_OES_get_program_binary GL_APPLE_texture_max_level GL_EXT_discard_framebuffer GL_EXT_read_format_bgra GL_EXT_texture_storage GL_NV_pack_subimage GL_NV_texture_barrier GL_EXT_frag_depth GL_NV_fbo_color_attachments GL_OES_EGL_image_external GL_OES_EGL_sync GL_OES_vertex_array_object GL_OES_viewport_array GL_ANGLE_pack_reverse_row_order GL_ANGLE_texture_compression_dxt3 GL_ANGLE_texture_compression_dxt5 GL_EXT_occlusion_query_boolean GL_EXT_robustness GL_EXT_sRGB GL_EXT_texture_rg GL_EXT_unpack_subimage GL_NV_draw_buffers GL_NV_read_buffer GL_NV_read_depth GL_NV_read_depth_stencil GL_NV_read_stencil GL_APPLE_sync GL_EXT_draw_buffers GL_EXT_instanced_arrays GL_EXT_map_buffer_range GL_EXT_shadow_samplers GL_KHR_debug GL_KHR_robustness GL_KHR_texture_compression_astc_ldr GL_NV_generate_mipmap_sRGB GL_NV_pixel_buffer_object GL_OES_depth_texture_cube_map GL_OES_required_internalformat GL_OES_surfaceless_context GL_EXT_color_buffer_float GL_EXT_debug_label GL_EXT_sRGB_write_control GL_EXT_separate_shader_objects GL_EXT_shader_group_vote GL_EXT_shader_implicit_conversions GL_EXT_shader_integer_mix GL_EXT_tessellation_point_size GL_EXT_tessellation_shader GL_ANDROID_extension_pack_es31a GL_EXT_base_instance GL_EXT_compressed_ETC1_RGB8_sub_texture GL_EXT_copy_image GL_EXT_draw_buffers_indexed GL_EXT_draw_elements_base_vertex GL_EXT_gpu_shader5 GL_EXT_multi_draw_indirect GL_EXT_polygon_offset_clamp GL_EXT_primitive_bounding_box GL_EXT_render_snorm GL_EXT_shader_io_blocks GL_EXT_texture_border_clamp GL_EXT_texture_buffer GL_EXT_texture_cube_map_array GL_EXT_texture_norm16 GL_EXT_texture_view GL_KHR_blend_equation_advanced GL_KHR_context_flush_control GL_KHR_robust_buffer_access_behavior GL_NV_image_formats GL_NV_shader_noperspective_interpolation GL_OES_copy_image GL_OES_draw_buffers_indexed GL_OES_draw_elements_base_vertex GL_OES_gpu_shader5 GL_OES_primitive_bounding_box GL_OES_sample_shading GL_OES_sample_variables GL_OES_shader_io_blocks GL_OES_shader_multisample_interpolation GL_OES_tessellation_point_size GL_OES_tessellation_shader GL_OES_texture_border_clamp GL_OES_texture_buffer GL_OES_texture_cube_map_array GL_OES_texture_stencil8 GL_OES_texture_storage_multisample_2d_array GL_OES_texture_view GL_EXT_blend_func_extended GL_EXT_float_blend GL_EXT_geometry_point_size GL_EXT_geometry_shader GL_EXT_texture_sRGB_R8 GL_EXT_texture_sRGB_RG8 GL_KHR_no_error GL_KHR_texture_compression_astc_sliced_3d GL_OES_EGL_image_external_essl3 GL_OES_geometry_point_size GL_OES_geometry_shader GL_OES_shader_image_atomic GL_EXT_clear_texture GL_EXT_clip_cull_distance GL_EXT_conservative_depth GL_EXT_disjoint_timer_query GL_EXT_texture_compression_s3tc_srgb GL_MESA_shader_integer_functions GL_EXT_clip_control GL_EXT_color_buffer_half_float GL_EXT_texture_compression_bptc GL_EXT_texture_mirror_clamp_to_edge GL_KHR_parallel_shader_compile GL_EXT_EGL_image_storage GL_EXT_texture_shadow_lod GL_MESA_framebuffer_flip_y GL_EXT_depth_clamp GL_EXT_texture_query_lod GL_MESA_sampler_objects GL_EXT_EGL_image_storage_compression GL_EXT_texture_storage_compression GL_MESA_bgra GL_EXT_shader_clock 
DEBUG ]: Supported EGL display extensions: (29) EGL_ANDROID_blob_cache EGL_ANDROID_native_fence_sync EGL_EXT_config_select_group EGL_EXT_image_dma_buf_import EGL_EXT_image_dma_buf_import_modifiers EGL_EXT_surface_compression EGL_KHR_cl_event2 EGL_KHR_config_attribs EGL_KHR_context_flush_control EGL_KHR_create_context EGL_KHR_create_context_no_error EGL_KHR_fence_sync EGL_KHR_get_all_proc_addresses EGL_KHR_gl_colorspace EGL_KHR_gl_renderbuffer_image EGL_KHR_gl_texture_2D_image EGL_KHR_gl_texture_3D_image EGL_KHR_gl_texture_cubemap_image EGL_KHR_image_base EGL_KHR_no_config_context EGL_KHR_reusable_sync EGL_KHR_surfaceless_context EGL_EXT_pixel_format_float EGL_KHR_wait_sync EGL_MESA_configless_context EGL_MESA_gl_interop EGL_MESA_image_dma_buf_export EGL_MESA_query_driver EGL_MESA_x11_native_visual_id 
DEBUG ]: Supported DMA-BUF formats:
DEBUG ]: EGL: GPU Supports Format AB4H (0x48344241)
DEBUG ]: EGL: | with modifier INVALID (0xffffffffffffff)
DEBUG ]: EGL: GPU Supports Format XB4H (0x48344258)
DEBUG ]: EGL: | with modifier INVALID (0xffffffffffffff)
DEBUG ]: EGL: GPU Supports Format AB48 (0x38344241)
DEBUG ]: EGL: | with modifier INVALID (0xffffffffffffff)
DEBUG ]: EGL: GPU Supports Format XB48 (0x38344258)
DEBUG ]: EGL: | with modifier INVALID (0xffffffffffffff)
DEBUG ]: EGL: GPU Supports Format AR30 (0x30335241)
DEBUG ]: EGL: | with modifier INVALID (0xffffffffffffff)
DEBUG ]: EGL: GPU Supports Format XR30 (0x30335258)
DEBUG ]: EGL: | with modifier INVALID (0xffffffffffffff)
DEBUG ]: EGL: GPU Supports Format AB30 (0x30334241)
DEBUG ]: EGL: | with modifier INVALID (0xffffffffffffff)
DEBUG ]: EGL: GPU Supports Format XB30 (0x30334258)
DEBUG ]: EGL: | with modifier INVALID (0xffffffffffffff)
DEBUG ]: EGL: GPU Supports Format AR24 (0x34325241)
DEBUG ]: EGL: | with modifier INVALID (0xffffffffffffff)
DEBUG ]: EGL: GPU Supports Format BA24 (0x34324142)
DEBUG ]: EGL: | with modifier INVALID (0xffffffffffffff)
DEBUG ]: EGL: GPU Supports Format AB24 (0x34324241)
DEBUG ]: EGL: | with modifier INVALID (0xffffffffffffff)
DEBUG ]: EGL: GPU Supports Format RA24 (0x34324152)
DEBUG ]: EGL: | with modifier INVALID (0xffffffffffffff)
DEBUG ]: EGL: GPU Supports Format XR24 (0x34325258)
DEBUG ]: EGL: | with modifier INVALID (0xffffffffffffff)
DEBUG ]: EGL: GPU Supports Format BX24 (0x34325842)
DEBUG ]: EGL: | with modifier INVALID (0xffffffffffffff)
DEBUG ]: EGL: GPU Supports Format XB24 (0x34324258)
DEBUG ]: EGL: | with modifier INVALID (0xffffffffffffff)
DEBUG ]: EGL: GPU Supports Format AR15 (0x35315241)
DEBUG ]: EGL: | with modifier INVALID (0xffffffffffffff)
DEBUG ]: EGL: GPU Supports Format AR12 (0x32315241)
DEBUG ]: EGL: | with modifier INVALID (0xffffffffffffff)
DEBUG ]: EGL: GPU Supports Format RG16 (0x36314752)
DEBUG ]: EGL: | with modifier INVALID (0xffffffffffffff)
DEBUG ]: EGL: GPU Supports Format R8 (0x20203852)
DEBUG ]: EGL: | with modifier INVALID (0xffffffffffffff)
DEBUG ]: EGL: GPU Supports Format R16 (0x20363152)
DEBUG ]: EGL: | with modifier INVALID (0xffffffffffffff)
DEBUG ]: EGL: GPU Supports Format GR88 (0x38385247)
DEBUG ]: EGL: | with modifier INVALID (0xffffffffffffff)
DEBUG ]: EGL: GPU Supports Format GR32 (0x32335247)
DEBUG ]: EGL: | with modifier INVALID (0xffffffffffffff)
DEBUG ]: EGL: GPU Supports Format R  H (0x48202052)
DEBUG ]: EGL: | with modifier INVALID (0xffffffffffffff)
DEBUG ]: EGL: GPU Supports Format R  F (0x46202052)
DEBUG ]: EGL: | with modifier INVALID (0xffffffffffffff)
DEBUG ]: EGL: GPU Supports Format GR H (0x48205247)
DEBUG ]: EGL: | with modifier INVALID (0xffffffffffffff)
DEBUG ]: EGL: GPU Supports Format GR F (0x46205247)
DEBUG ]: EGL: | with modifier INVALID (0xffffffffffffff)
DEBUG ]: EGL: GPU Supports Format AB8F (0x46384241)
DEBUG ]: EGL: | with modifier INVALID (0xffffffffffffff)
DEBUG ]: EGL: GPU Supports Format YUV9 (0x39565559)
DEBUG ]: EGL: | with modifier INVALID (0xffffffffffffff)
DEBUG ]: EGL: GPU Supports Format YU11 (0x31315559)
DEBUG ]: EGL: | with modifier INVALID (0xffffffffffffff)
DEBUG ]: EGL: GPU Supports Format YU12 (0x32315559)
DEBUG ]: EGL: | with modifier INVALID (0xffffffffffffff)
DEBUG ]: EGL: GPU Supports Format YU16 (0x36315559)
DEBUG ]: EGL: | with modifier INVALID (0xffffffffffffff)
DEBUG ]: EGL: GPU Supports Format YU24 (0x34325559)
DEBUG ]: EGL: | with modifier INVALID (0xffffffffffffff)
DEBUG ]: EGL: GPU Supports Format YVU9 (0x39555659)
DEBUG ]: EGL: | with modifier INVALID (0xffffffffffffff)
DEBUG ]: EGL: GPU Supports Format YV11 (0x31315659)
DEBUG ]: EGL: | with modifier INVALID (0xffffffffffffff)
DEBUG ]: EGL: GPU Supports Format YV12 (0x32315659)
DEBUG ]: EGL: | with modifier INVALID (0xffffffffffffff)
DEBUG ]: EGL: GPU Supports Format YV16 (0x36315659)
DEBUG ]: EGL: | with modifier INVALID (0xffffffffffffff)
DEBUG ]: EGL: GPU Supports Format YV24 (0x34325659)
DEBUG ]: EGL: | with modifier INVALID (0xffffffffffffff)
DEBUG ]: EGL: GPU Supports Format S010 (0x30313053)
DEBUG ]: EGL: | with modifier INVALID (0xffffffffffffff)
DEBUG ]: EGL: GPU Supports Format S210 (0x30313253)
DEBUG ]: EGL: | with modifier INVALID (0xffffffffffffff)
DEBUG ]: EGL: GPU Supports Format S410 (0x30313453)
DEBUG ]: EGL: | with modifier INVALID (0xffffffffffffff)
DEBUG ]: EGL: GPU Supports Format S012 (0x32313053)
DEBUG ]: EGL: | with modifier INVALID (0xffffffffffffff)
DEBUG ]: EGL: GPU Supports Format S212 (0x32313253)
DEBUG ]: EGL: | with modifier INVALID (0xffffffffffffff)
DEBUG ]: EGL: GPU Supports Format S412 (0x32313453)
DEBUG ]: EGL: | with modifier INVALID (0xffffffffffffff)
DEBUG ]: EGL: GPU Supports Format S016 (0x36313053)
DEBUG ]: EGL: | with modifier INVALID (0xffffffffffffff)
DEBUG ]: EGL: GPU Supports Format S216 (0x36313253)
DEBUG ]: EGL: | with modifier INVALID (0xffffffffffffff)
DEBUG ]: EGL: GPU Supports Format S416 (0x36313453)
DEBUG ]: EGL: | with modifier INVALID (0xffffffffffffff)
DEBUG ]: EGL: GPU Supports Format NV12 (0x3231564e)
DEBUG ]: EGL: | with modifier INVALID (0xffffffffffffff)
DEBUG ]: EGL: GPU Supports Format NV21 (0x3132564e)
DEBUG ]: EGL: | with modifier INVALID (0xffffffffffffff)
DEBUG ]: EGL: GPU Supports Format P010 (0x30313050)
DEBUG ]: EGL: | with modifier INVALID (0xffffffffffffff)
DEBUG ]: EGL: GPU Supports Format P012 (0x32313050)
DEBUG ]: EGL: | with modifier INVALID (0xffffffffffffff)
DEBUG ]: EGL: GPU Supports Format P016 (0x36313050)
DEBUG ]: EGL: | with modifier INVALID (0xffffffffffffff)
DEBUG ]: EGL: GPU Supports Format P030 (0x30333050)
DEBUG ]: EGL: | with modifier INVALID (0xffffffffffffff)
DEBUG ]: EGL: GPU Supports Format NV16 (0x3631564e)
DEBUG ]: EGL: | with modifier INVALID (0xffffffffffffff)
DEBUG ]: EGL: GPU Supports Format NV61 (0x3136564e)
DEBUG ]: EGL: | with modifier INVALID (0xffffffffffffff)
DEBUG ]: EGL: GPU Supports Format NV24 (0x3432564e)
DEBUG ]: EGL: | with modifier INVALID (0xffffffffffffff)
DEBUG ]: EGL: GPU Supports Format NV42 (0x3234564e)
DEBUG ]: EGL: | with modifier INVALID (0xffffffffffffff)
DEBUG ]: EGL: GPU Supports Format AYUV (0x56555941)
DEBUG ]: EGL: | with modifier INVALID (0xffffffffffffff)
DEBUG ]: EGL: GPU Supports Format XYUV (0x56555958)
DEBUG ]: EGL: | with modifier INVALID (0xffffffffffffff)
DEBUG ]: EGL: GPU Supports Format Y410 (0x30313459)
DEBUG ]: EGL: | with modifier INVALID (0xffffffffffffff)
DEBUG ]: EGL: GPU Supports Format Y412 (0x32313459)
DEBUG ]: EGL: | with modifier INVALID (0xffffffffffffff)
DEBUG ]: EGL: GPU Supports Format Y416 (0x36313459)
DEBUG ]: EGL: | with modifier INVALID (0xffffffffffffff)
DEBUG ]: EGL: GPU Supports Format YUYV (0x56595559)
DEBUG ]: EGL: | with modifier INVALID (0xffffffffffffff)
DEBUG ]: EGL: GPU Supports Format YVYU (0x55595659)
DEBUG ]: EGL: | with modifier INVALID (0xffffffffffffff)
DEBUG ]: EGL: GPU Supports Format UYVY (0x59565955)
DEBUG ]: EGL: | with modifier INVALID (0xffffffffffffff)
DEBUG ]: EGL: GPU Supports Format VYUY (0x59555956)
DEBUG ]: EGL: | with modifier INVALID (0xffffffffffffff)
DEBUG ]: EGL: GPU Supports Format Y210 (0x30313259)
DEBUG ]: EGL: | with modifier INVALID (0xffffffffffffff)
DEBUG ]: EGL: GPU Supports Format Y212 (0x32313259)
DEBUG ]: EGL: | with modifier INVALID (0xffffffffffffff)
DEBUG ]: EGL: GPU Supports Format Y216 (0x36313259)
DEBUG ]: EGL: | with modifier INVALID (0xffffffffffffff)
DEBUG ]: EGL: 68 formats found in total. Some modifiers may be omitted as they are external-only.
DEBUG ]: Creating the HyprRenderer!
DEBUG ]: DRM driver information: virtio_gpu v0.1.0 from 0 description virtio GPU
DEBUG ]: Creating the ProtocolManager!
DEBUG ]: [IWaylandProtocol] Registered global [WLSeat]
DEBUG ]: [IWaylandProtocol] Registered global [WLDataDevice]
DEBUG ]: [IWaylandProtocol] Registered global [WLCompositor]
DEBUG ]: [IWaylandProtocol] Registered global [WLSubcompositor]
DEBUG ]: [IWaylandProtocol] Registered global [WLSHM]
DEBUG ]: [IWaylandProtocol] Registered global [Viewporter]
DEBUG ]: [IWaylandProtocol] Registered global [TearingControl]
DEBUG ]: [IWaylandProtocol] Registered global [FractionalScale]
DEBUG ]: [IWaylandProtocol] Registered global [XDGOutput]
DEBUG ]: [IWaylandProtocol] Registered global [CursorShape]
DEBUG ]: [IWaylandProtocol] Registered global [IdleInhibit]
DEBUG ]: [IWaylandProtocol] Registered global [RelativePointer]
DEBUG ]: [IWaylandProtocol] Registered global [XDGDecoration]
DEBUG ]: [IWaylandProtocol] Registered global [AlphaModifier]
DEBUG ]: [IWaylandProtocol] Registered global [GammaControl]
DEBUG ]: [IWaylandProtocol] Registered global [ForeignToplevel]
DEBUG ]: [IWaylandProtocol] Registered global [PointerGestures]
DEBUG ]: [IWaylandProtocol] Registered global [ForeignToplevelWlr]
DEBUG ]: [IWaylandProtocol] Registered global [ShortcutsInhibit]
DEBUG ]: [IWaylandProtocol] Registered global [TextInputV1]
DEBUG ]: [IWaylandProtocol] Registered global [TextInputV3]
DEBUG ]: [IWaylandProtocol] Registered global [PointerConstraints]
DEBUG ]: [IWaylandProtocol] Registered global [OutputPower]
DEBUG ]: [IWaylandProtocol] Registered global [XDGActivation]
DEBUG ]: [IWaylandProtocol] Registered global [IdleNotify]
DEBUG ]: [IWaylandProtocol] Registered global [IdleNotify]
DEBUG ]: [IWaylandProtocol] Registered global [SessionLock]
DEBUG ]: [IWaylandProtocol] Registered global [IMEv2]
DEBUG ]: [IWaylandProtocol] Registered global [VirtualKeyboard]
DEBUG ]: [IWaylandProtocol] Registered global [VirtualPointer]
DEBUG ]: [IWaylandProtocol] Registered global [OutputManagement]
DEBUG ]: [IWaylandProtocol] Registered global [ServerDecorationKDE]
DEBUG ]: [IWaylandProtocol] Registered global [FocusGrab]
DEBUG ]: [IWaylandProtocol] Registered global [TabletV2]
DEBUG ]: [IWaylandProtocol] Registered global [LayerShell]
DEBUG ]: [IWaylandProtocol] Registered global [Presentation]
DEBUG ]: [IWaylandProtocol] Registered global [XDGShell]
DEBUG ]: [IWaylandProtocol] Registered global [DataDeviceWlr]
DEBUG ]: [IWaylandProtocol] Registered global [PrimarySelection]
DEBUG ]: [IWaylandProtocol] Registered global [XWaylandShell]
DEBUG ]: [IWaylandProtocol] Registered global [ToplevelMapping]
DEBUG ]: [IWaylandProtocol] Registered global [GlobalShortcuts]
DEBUG ]: [IWaylandProtocol] Registered global [XDGDialog]
DEBUG ]: [IWaylandProtocol] Registered global [SinglePixel]
DEBUG ]: [IWaylandProtocol] Registered global [SecurityContext]
DEBUG ]: [IWaylandProtocol] Registered global [CTMControl]
DEBUG ]: [IWaylandProtocol] Registered global [InputCapture]
DEBUG ]: [IWaylandProtocol] Registered global [HyprlandSurface]
DEBUG ]: [IWaylandProtocol] Registered global [ContentType]
DEBUG ]: [IWaylandProtocol] Registered global [XDGTag]
DEBUG ]: [IWaylandProtocol] Registered global [XDGBell]
DEBUG ]: [IWaylandProtocol] Registered global [Hotkey]
DEBUG ]: [IWaylandProtocol] Registered global [ExtWorkspace]
DEBUG ]: [IWaylandProtocol] Registered global [ExtDataDevice]
DEBUG ]: [IWaylandProtocol] Registered global [PointerWarp]
DEBUG ]: [IWaylandProtocol] Registered global [Fifo]
DEBUG ]: [IWaylandProtocol] Registered global [XDGForeignExporter]
DEBUG ]: [IWaylandProtocol] Registered global [XDGForeignImporter]
DEBUG ]: [IWaylandProtocol] Registered global [BackgroundEffect]
DEBUG ]: [IWaylandProtocol] Registered global [CommitTiming]
DEBUG ]: [IWaylandProtocol] Registered global [Screencopy]
DEBUG ]: [IWaylandProtocol] Registered global [ToplevelExport]
DEBUG ]: [IWaylandProtocol] Registered global [OutputImageCaptureSource]
DEBUG ]: [IWaylandProtocol] Registered global [ForeignToplevelImageCaptureSource]
DEBUG ]: [IWaylandProtocol] Registered global [ImageCopyCapture]
DEBUG ]: [IWaylandProtocol] Registered global [ColorManagement]
DEBUG ]: [IWaylandProtocol] Registered global [DRMLease]
DEBUG ]: [IWaylandProtocol] Registered global [DRMSyncobj]
DEBUG ]: [CDRMSyncobjProtocol] CDRMSyncobjProtocol: using fd 21
DEBUG ]: DRM Syncobj Timeline support detected, enabling explicit sync protocol
DEBUG ]: [IWaylandProtocol] Registered global [MesaDRM]
DEBUG ]: [IWaylandProtocol] Registered global [LinuxDMABUF]
DEBUG ]: Creating the SeatManager!
DEBUG ]: Creating the SessionLockManager!
DEBUG ]: Creating CHyprCtl
DEBUG ]: Hypr socket started at /run/user/0/hypr/efb50993780079460b0cbed1363e2166a2de1d9f_1791090186_1037436881/.socket.sock
DEBUG ]: Creating the InputManager!
DEBUG ]: Creating the XWaylandManager!
DEBUG ]: Creating the Debug Overlay!
DEBUG ]: Creating the NotificationOverlay!
DEBUG ]: Creating the PluginSystem!
DEBUG ]: Creating the DecorationPositioner!
DEBUG ]: Creating the CursorManager!
DEBUG ]: [hc] CHyprcursorManager: attempting to find theme from env
DEBUG ]: [hc] themeNameFromEnv: env unset
DEBUG ]: [hc] CHyprcursorManager: attempting to find any theme
DEBUG ]: [hc] CHyprcursorManager: no themes matched
ERR ]: Hyprcursor failed loading theme "", falling back to Xcursor.
WARN ]: XCURSOR_SIZE size not set, defaulting to size 24
DEBUG ]: XCursor scanning theme default
DEBUG ]: XCursor parsing index.theme /usr/share/icons/default/index.theme
DEBUG ]: XCursor theme default inherits Adwaita
DEBUG ]: XCursor scanning theme Adwaita
DEBUG ]: XCursor using theme path /usr/share/icons/Adwaita/cursors
DEBUG ]: XCursor parsing index.theme /usr/share/icons/Adwaita/index.theme
DEBUG ]: XCursor theme Adwaita inherits AdwaitaLegacy
DEBUG ]: XCursor theme Adwaita inherits hicolor
DEBUG ]: XCursor scanning theme Adwaita
DEBUG ]: XCursor using theme path /usr/share/icons/Adwaita/cursors
DEBUG ]: XCursor parsing index.theme /usr/share/icons/Adwaita/index.theme
DEBUG ]: XCursor theme Adwaita inherits AdwaitaLegacy
DEBUG ]: XCursor theme Adwaita inherits hicolor
DEBUG ]: XCursor scanning theme AdwaitaLegacy
DEBUG ]: XCursor parsing index.theme /usr/share/icons/AdwaitaLegacy/index.theme
DEBUG ]: XCursor theme AdwaitaLegacy inherits hicolor
DEBUG ]: XCursor scanning theme hicolor
DEBUG ]: XCursor parsing index.theme /usr/share/icons/hicolor/index.theme
DEBUG ]: XCursor already has a shape default loaded, skipping
DEBUG ]: XCursor already has a shape context-menu loaded, skipping
DEBUG ]: XCursor already has a shape help loaded, skipping
DEBUG ]: XCursor already has a shape pointer loaded, skipping
DEBUG ]: XCursor already has a shape progress loaded, skipping
DEBUG ]: XCursor already has a shape wait loaded, skipping
DEBUG ]: XCursor failed to find a legacy shape with name plus, skipping
DEBUG ]: XCursor already has a shape crosshair loaded, skipping
DEBUG ]: XCursor already has a shape text loaded, skipping
DEBUG ]: XCursor already has a shape vertical-text loaded, skipping
DEBUG ]: XCursor failed to find a legacy shape with name dnd-link, skipping
DEBUG ]: XCursor failed to find a legacy shape with name dnd-copy, skipping
DEBUG ]: XCursor already has a shape move loaded, skipping
DEBUG ]: XCursor failed to find a legacy shape with name dnd-none, skipping
DEBUG ]: XCursor failed to find a legacy shape with name crossed_circle, skipping
DEBUG ]: XCursor already has a shape grab loaded, skipping
DEBUG ]: XCursor already has a shape grabbing loaded, skipping
DEBUG ]: XCursor already has a shape e-resize loaded, skipping
DEBUG ]: XCursor already has a shape n-resize loaded, skipping
DEBUG ]: XCursor already has a shape ne-resize loaded, skipping
DEBUG ]: XCursor already has a shape nw-resize loaded, skipping
DEBUG ]: XCursor already has a shape s-resize loaded, skipping
DEBUG ]: XCursor already has a shape se-resize loaded, skipping
DEBUG ]: XCursor already has a shape sw-resize loaded, skipping
DEBUG ]: XCursor already has a shape w-resize loaded, skipping
DEBUG ]: XCursor already has a shape ew-resize loaded, skipping
DEBUG ]: XCursor already has a shape ns-resize loaded, skipping
DEBUG ]: XCursor already has a shape nesw-resize loaded, skipping
DEBUG ]: XCursor already has a shape nwse-resize loaded, skipping
DEBUG ]: XCursor already has a shape col-resize loaded, skipping
DEBUG ]: XCursor already has a shape row-resize loaded, skipping
DEBUG ]: XCursor already has a shape all-scroll loaded, skipping
DEBUG ]: XCursor already has a shape zoom-in loaded, skipping
DEBUG ]: XCursor already has a shape zoom-out loaded, skipping
DEBUG ]: XCursor failed to find a legacy shape with name dnd-copy, skipping
DEBUG ]: XCursor already has a shape all-resize loaded, skipping
DEBUG ]: [hc] CHyprcursorManager: attempting to find theme from env
DEBUG ]: [hc] themeNameFromEnv: env unset
DEBUG ]: [hc] CHyprcursorManager: attempting to find any theme
DEBUG ]: [hc] CHyprcursorManager: no themes matched
ERR ]: Hyprcursor failed loading theme "", falling back to Xcursor.
WARN ]: XCURSOR_SIZE size not set, defaulting to size 24
DEBUG ]: XCursor scanning theme default
DEBUG ]: XCursor parsing index.theme /usr/share/icons/default/index.theme
DEBUG ]: XCursor theme default inherits Adwaita
DEBUG ]: XCursor scanning theme Adwaita
DEBUG ]: XCursor using theme path /usr/share/icons/Adwaita/cursors
DEBUG ]: XCursor parsing index.theme /usr/share/icons/Adwaita/index.theme
DEBUG ]: XCursor theme Adwaita inherits AdwaitaLegacy
DEBUG ]: XCursor theme Adwaita inherits hicolor
DEBUG ]: XCursor scanning theme Adwaita
DEBUG ]: XCursor using theme path /usr/share/icons/Adwaita/cursors
DEBUG ]: XCursor parsing index.theme /usr/share/icons/Adwaita/index.theme
DEBUG ]: XCursor theme Adwaita inherits AdwaitaLegacy
DEBUG ]: XCursor theme Adwaita inherits hicolor
DEBUG ]: XCursor scanning theme AdwaitaLegacy
DEBUG ]: XCursor parsing index.theme /usr/share/icons/AdwaitaLegacy/index.theme
DEBUG ]: XCursor theme AdwaitaLegacy inherits hicolor
DEBUG ]: XCursor scanning theme hicolor
DEBUG ]: XCursor parsing index.theme /usr/share/icons/hicolor/index.theme
DEBUG ]: XCursor already has a shape default loaded, skipping
DEBUG ]: XCursor already has a shape context-menu loaded, skipping
DEBUG ]: XCursor already has a shape help loaded, skipping
DEBUG ]: XCursor already has a shape pointer loaded, skipping
DEBUG ]: XCursor already has a shape progress loaded, skipping
DEBUG ]: XCursor already has a shape wait loaded, skipping
DEBUG ]: XCursor failed to find a legacy shape with name plus, skipping
DEBUG ]: XCursor already has a shape crosshair loaded, skipping
DEBUG ]: XCursor already has a shape text loaded, skipping
DEBUG ]: XCursor already has a shape vertical-text loaded, skipping
DEBUG ]: XCursor failed to find a legacy shape with name dnd-link, skipping
DEBUG ]: XCursor failed to find a legacy shape with name dnd-copy, skipping
DEBUG ]: XCursor already has a shape move loaded, skipping
DEBUG ]: XCursor failed to find a legacy shape with name dnd-none, skipping
DEBUG ]: XCursor failed to find a legacy shape with name crossed_circle, skipping
DEBUG ]: XCursor already has a shape grab loaded, skipping
DEBUG ]: XCursor already has a shape grabbing loaded, skipping
DEBUG ]: XCursor already has a shape e-resize loaded, skipping
DEBUG ]: XCursor already has a shape n-resize loaded, skipping
DEBUG ]: XCursor already has a shape ne-resize loaded, skipping
DEBUG ]: XCursor already has a shape nw-resize loaded, skipping
DEBUG ]: XCursor already has a shape s-resize loaded, skipping
DEBUG ]: XCursor already has a shape se-resize loaded, skipping
DEBUG ]: XCursor already has a shape sw-resize loaded, skipping
DEBUG ]: XCursor already has a shape w-resize loaded, skipping
DEBUG ]: XCursor already has a shape ew-resize loaded, skipping
DEBUG ]: XCursor already has a shape ns-resize loaded, skipping
DEBUG ]: XCursor already has a shape nesw-resize loaded, skipping
DEBUG ]: XCursor already has a shape nwse-resize loaded, skipping
DEBUG ]: XCursor already has a shape col-resize loaded, skipping
DEBUG ]: XCursor already has a shape row-resize loaded, skipping
DEBUG ]: XCursor already has a shape all-scroll loaded, skipping
DEBUG ]: XCursor already has a shape zoom-in loaded, skipping
DEBUG ]: XCursor already has a shape zoom-out loaded, skipping
DEBUG ]: XCursor failed to find a legacy shape with name dnd-copy, skipping
DEBUG ]: XCursor already has a shape all-resize loaded, skipping
DEBUG ]: Creating the VersionKeeper!
ERR ]: FsUtils::getDataHome: can't get data home: inaccessible / missing
DEBUG ]: Creating the DonationNag!
ERR ]: FsUtils::getDataHome: can't get data home: inaccessible / missing
DEBUG ]: Creating the WelcomeManager!
DEBUG ]: [welcome] skipping, not autogen
DEBUG ]: Creating the ANRManager!
DEBUG ]: Starting XWayland
DEBUG ]: Starting up the XWayland server
DEBUG ]: XWayland found a suitable display socket at DISPLAY: :0
DEBUG ]: [CMonitorStateTracker] New monitor: Virtual-1
DEBUG ]: Applying monitor rule for Virtual-1
WARN from aquamarine ]: GBM: Using modifier-less allocation
DEBUG from aquamarine ]: GBM: Allocated a new buffer with size [Vector2D: x: 1024, y: 768] and format XR24 with modifier 0xffffffffffffff : INVALID
WARN from aquamarine ]: GBM: Using modifier-less allocation
DEBUG from aquamarine ]: GBM: Allocated a new buffer with size [Vector2D: x: 1024, y: 768] and format XR24 with modifier 0xffffffffffffff : INVALID
WARN from aquamarine ]: GBM: Using modifier-less allocation
DEBUG from aquamarine ]: GBM: Allocated a new buffer with size [Vector2D: x: 1024, y: 768] and format XR24 with modifier 0xffffffffffffff : INVALID
DEBUG from aquamarine ]: Swapchain: Reconfigured a swapchain to [Vector2D: x: 1024, y: 768] XR24 of length 3
DEBUG ]: CMonitorState::ensureBufferPresent: no buffer or mismatched format, attaching one from the swapchain for modeset being possible
DEBUG ]: Monitor Virtual-1: requested 1024x768@60.00Hz, using available mode 1024x768@60.00Hz
DEBUG ]: output Virtual-1 succeeded basic test on format DRM_FORMAT_XRGB8888
DEBUG from aquamarine ]: drm: Modesetting Virtual-1 with 1024x768@60.00Hz
DEBUG ]: Starting ScreenshareManager
DEBUG ]: Monitor Virtual-1 -> destroyed all render data
ERR from aquamarine ]: Couldn't get the gamma_size prop
DEBUG ]: CMonitor::updateVCGTRamps: skipping, no gamma ramp for output
DEBUG ]: Monitor Virtual-1 data dump: res 1024x768@60.00Hz, scale 1.00, transform 0, pos -1x-1, 10b 0
DEBUG ]: Added new monitor with name Virtual-1 at [-1, -1] with size [1024, 768], pointer 55555dbe9df0
DEBUG ]: New monitor: WORKSPACEID 1, exists: 0
DEBUG ]: checking if we have seen this monitor before: Virtual-1
DEBUG ]: Monitor Virtual-1 was not on any workspace
DEBUG ]: [IWaylandProtocol] Registered global [WLOutput (Virtual-1)]
DEBUG ]: arrangeMonitors: 1 to arrange
DEBUG ]: arrangeMonitors: Virtual-1 explicit [0, 0]
DEBUG ]: arrangeMonitors: Virtual-1 xwayland [0, 0]
DEBUG ]: [CXDGOutputProtocol] updating all xdg_output heads
DEBUG ]: [CXDGOutputProtocol] updating all xdg_output heads
DEBUG ]: [executor] Executing systemctl --user import-environment DISPLAY WAYLAND_DISPLAY HYPRLAND_INSTANCE_SIGNATURE XDG_CURRENT_DESKTOP QT_QPA_PLATFORMTHEME PATH XDG_DATA_DIRS && hash dbus-update-activation-environment 2>/dev/null && dbus-update-activation-environment --systemd WAYLAND_DISPLAY XDG_CURRENT_DESKTOP HYPRLAND_INSTANCE_SIGNATURE QT_QPA_PLATFORMTHEME PATH XDG_DATA_DIRS
DEBUG ]: [executor] Process created with pid 168
WARN ]: [FallbackStateKeeper] Start fired, removing fallback timer
DEBUG ]: Framebuffer "Monitor Virtual-1 blur FB" created, status 36053
DEBUG ]: Shaders initialized successfully.
DEBUG ]: Framebuffer "Monitor Virtual-1 workbuffer" created, status 36053
DEBUG ]: compiling feature set 0 for quad.frag
DEBUG ]: compiling feature set 1 for surface.frag
DEBUG ]: compiling feature set 0 for passthru.frag
ERR from aquamarine ]: drm: Cannot commit when a page-flip is awaiting
ERR from aquamarine ]: drm: Cannot commit when a page-flip is awaiting
WARN ]: FIXME: color management protocol is enabled and outputs changed, check preferred image description changes
DEBUG ]: Hyprland init finished.
DEBUG ]: [executor] Executing systemctl --user import-environment DISPLAY WAYLAND_DISPLAY HYPRLAND_INSTANCE_SIGNATURE XDG_CURRENT_DESKTOP QT_QPA_PLATFORMTHEME PATH XDG_DATA_DIRS && hash dbus-update-activation-environment 2>/dev/null && dbus-update-activation-environment --systemd WAYLAND_DISPLAY XDG_CURRENT_DESKTOP HYPRLAND_INSTANCE_SIGNATURE QT_QPA_PLATFORMTHEME PATH XDG_DATA_DIRS
DEBUG ]: [executor] Process created with pid 171
DEBUG ]: Running on WAYLAND_DISPLAY: wayland-1
DEBUG ]: systemd integration is baked in but system itself is not booted à la systemd!
DEBUG ]: Hyprland is ready, running the event loop!
DEBUG from aquamarine ]: backend: poll fd 12 for implementation headless
DEBUG from aquamarine ]: backend: poll fd 20 for implementation drm
DEBUG from aquamarine ]: backend: poll fd 13 for session
DEBUG from aquamarine ]: backend: poll fd 14 for session
DEBUG from aquamarine ]: backend: poll fd 15 for session
DEBUG from aquamarine ]: backend: poll fd 22 for idle
DEBUG from aquamarine ]: udev: new udev change event for card0
DEBUG from aquamarine ]: udev: DRM device card0 changed
DEBUG from aquamarine ]: drm: Got a lease event for /dev/dri/card0
DEBUG from aquamarine ]: libinput: New device QEMU Virtio Tablet: 1575-3
DEBUG ]: New aquamarine pointer with name QEMU Virtio Tablet
DEBUG ]: New mouse has libinput sens 0.00 (0.00) with accel profile 0 (0)
DEBUG ]: Attached pointer qemu-virtio-tablet to global
DEBUG ]: Applied config to mouse qemu-virtio-tablet, sens 0.00
DEBUG ]: New mouse created, pointer AQ: 55555ebf06b0
DEBUG from aquamarine ]: libinput: New device QEMU Virtio Keyboard: 1575-1
DEBUG ]: New aquamarine keyboard with name QEMU Virtio Keyboard
DEBUG ]: ApplyConfigToKeyboard for "qemu-virtio-keyboard", hasconfig: 0
DEBUG ]: Attempting to create a keymap for layout us with variant  (rules: , model: , options: )
DEBUG ]: Updating keyboard 55555e37daa0's translation state from a provided keymap
DEBUG ]: xkb: LED index 0 (name Num Lock) got index 1
DEBUG ]: xkb: LED index 1 (name Caps Lock) got index 0
DEBUG ]: xkb: LED index 2 (name Scroll Lock) got index 2
DEBUG ]: xkb: Mod index 0 (name Shift) got index 0
DEBUG ]: xkb: Mod index 1 (name Lock) got index 1
DEBUG ]: xkb: Mod index 2 (name Control) got index 2
DEBUG ]: xkb: Mod index 3 (name Mod1) got index 3
DEBUG ]: xkb: Mod index 4 (name Mod2) got index 4
DEBUG ]: xkb: Mod index 5 (name Mod3) got index 5
DEBUG ]: xkb: Mod index 6 (name Mod4) got index 6
DEBUG ]: xkb: Mod index 7 (name Mod5) got index 7
DEBUG ]: Updating keymap fd for keyboard QEMU Virtio Keyboard
DEBUG ]: Updated keymap fd to 57, keymap V1 to: 59
DEBUG ]: Set the keyboard layout to us and variant to  for keyboard "qemu-virtio-keyboard"
DEBUG ]: New keyboard created, pointers Hypr: 55555e37daa0 and AQ: 55555e7e0240
DEBUG ]: ApplyConfigToKeyboard for "qemu-virtio-keyboard", hasconfig: 0
DEBUG ]: Not applying config to keyboard, it did not change.
DEBUG ]: Applied config to mouse qemu-virtio-tablet, sens 0.00
DEBUG ]: Hyprctl: new connection from pid 164
DEBUG ]: Hyprctl: new connection from pid 180
DEBUG ]: Hyprctl: new connection from pid 184
DEBUG ]: [CWLSeatProtocol] New seat resource bound at 55555e3060e0
DEBUG ]: [CXDGShellProtocol] New xdg_wm_base at 55555e83c380
DEBUG ]: [CXDGOutputProtocol] New xdg_output for Virtual-1: client 55555e7d55c0 (xwayland)
DEBUG ]: Hyprctl: new connection from pid 188
DEBUG ]: Hyprctl: new connection from pid 192
DEBUG ]: [CWLCompositorResource] New wl_surface with id 9 at 55555e5e9b30
DEBUG ]: [CXDGShellProtocol] New xdg_wm_base at 55555e625c90
DEBUG ]: [CWLSeatProtocol] New seat resource bound at 55555e5dd860
DEBUG ]: Hyprctl: new connection from pid 200
DEBUG ]: [CWLDataDeviceProtocol] New datamgr resource bound at 55555e8400f0
DEBUG ]: [CPrimarySelectionProtocol] New primary_seletion_manager at 55555e632680
DEBUG ]: [CXDGOutputProtocol] New xdg_output for Virtual-1: client 55555e30f430 (not xwayland)
DEBUG ]: [CSHMPool] Resizing a SHM pool from 2304 to 6912
DEBUG ]: [CSHMPool] Resizing a SHM pool from 6912 to 16128
DEBUG ]: [CSHMPool] Resizing a SHM pool from 16128 to 34560
DEBUG ]: [CSHMPool] Resizing a SHM pool from 34560 to 71424
DEBUG ]: [CSHMPool] Resizing a SHM pool from 71424 to 145152
DEBUG ]: [CSHMPool] Resizing a SHM pool from 145152 to 292608
DEBUG ]: [CSHMPool] Resizing a SHM pool from 292608 to 587520
DEBUG ]: [CWLSeatProtocol] New seat resource bound at 55555e5dd640
DEBUG ]: [CWLCompositorResource] New wl_surface with id 23 at 55555e7a20d0
DEBUG ]: [CPrimarySelectionManager] New primary selection data device bound at 55555e633600
DEBUG ]: [CWLDataDeviceManagerResource] New data device bound at 55555e627ce0
DEBUG ]: [CWLCompositorResource] New wl_surface with id 26 at 55555e7a28a0
WARN ]: [FallbackStateKeeper] Launch timeout of 2000ms exceeded, but we have monitors?!
DEBUG ]: Hyprctl: new connection from pid 205
DEBUG ]: [CDRMLeaseDeviceResource] Sending DRMFD 67 to new lease device
DEBUG ]: [CWLSeatProtocol] New seat resource bound at 55555e5dd3a0
DEBUG ]: [CWLCompositorResource] New wl_surface with id 21 at 55555e857360
DEBUG ]: XWayland is ready
DEBUG ]: xfixes version: 6.0
DEBUG ]: xres version: 1.2
DEBUG ]: [seatmgr] Rejecting a setCursor because the client ain't in focus
DEBUG ]: [xwm] New XSurface at 55555e5ebdf0 with xid of 2097153
DEBUG ]: [xwm] New XWayland window at 55555e856380 for surf 55555e5ebdf0
DEBUG ]: [xwm] New XSurface at 55555e7a08d0 with xid of 2097155
DEBUG ]: [xwm] New XWayland window at 55555e80ed90 for surf 55555e7a08d0
DEBUG ]: [CXDGWMBase] New xdg_surface at 55555e37c720
DEBUG ]: [CXDGSurfaceResource] xdg_surface 55555e625c90 gets a toplevel 55555e380b70
DEBUG ]: CWLSurface 55555e812260 called init()
DEBUG ]: Window 55555e812720 set class to es2gears
DEBUG ]: Window 55555e812720 set title to es2gears
DEBUG ]: Layout predicts size [Vector2D: x: 1024, y: 768] for [Window 55555e812720: title: "es2gears"]
DEBUG ]: Hyprctl: new connection from pid 209
DEBUG ]: [CXDGShellProtocol] New xdg_wm_base at 55555e639dc0
DEBUG ]: [CXDGSurfaceResource] xdg_surface 55555e37c720 requests geometry 0x0 1024x768
DEBUG ]: Hyprctl: new connection from pid 214
DEBUG ]: [CWLCompositorResource] New wl_region with id 20 at 55555e64f590
DEBUG ]: [CLinuxDMABUFParamsResource] Creating a dmabuf, with id 27: size [Vector2D: x: 300, y: 300], fmt XR30, planes 1
DEBUG ]: [CLinuxDMABUFParamsResource]  | plane 0: mod 72057594037927935 fd 65 stride 1200 offset 0
DEBUG ]: [CWLDataDeviceProtocol] CWLDataDeviceProtocol::onKeyboardFocus: cannot send selection to a client without a data_device
DEBUG ]: Set keyboard focus to surface 55555e5e9b30, with [Window 55555e812720: title: "es2gears"]
DEBUG ]: Map request dispatched, monitor Virtual-1, window pos: [21.00000, 21.00000], window size: [982.00000, 726.00000]
DEBUG ]: compiling feature set 16 for shadow.frag
DEBUG ]: compiling feature set 0 for surface.frag
DEBUG ]: compiling feature set 8 for border.frag
DEBUG ]: [CXDGSurfaceResource] xdg_surface 55555e37c720 requests geometry 0x0 982x726
DEBUG ]: [CWLCompositorResource] New wl_region with id 25 at 55555e64f590
DEBUG ]: [CLinuxDMABUFParamsResource] Creating a dmabuf, with id 28: size [Vector2D: x: 982, y: 726], fmt XR30, planes 1
DEBUG ]: [CLinuxDMABUFParamsResource]  | plane 0: mod 72057594037927935 fd 67 stride 3928 offset 0
DEBUG ]: Hyprctl: new connection from pid 218
DEBUG ]: [CWLCompositorResource] New wl_region with id 29 at 55555f46a820
DEBUG ]: [CLinuxDMABUFParamsResource] Creating a dmabuf, with id 25: size [Vector2D: x: 982, y: 726], fmt XR30, planes 1
DEBUG ]: [CLinuxDMABUFParamsResource]  | plane 0: mod 72057594037927935 fd 68 stride 3928 offset 0
DEBUG ]: [CWLCompositorResource] New wl_region with id 20 at 55555e7cb100
DEBUG ]: [CWLCompositorResource] New wl_region with id 20 at 55555e7cb100
DEBUG ]: [CWLCompositorResource] New wl_region with id 20 at 55555f46a820
DEBUG ]: [CWLCompositorResource] New wl_region with id 20 at 55555e5d5440
DEBUG ]: [CWLCompositorResource] New wl_region with id 20 at 55555e5e2d00
DEBUG ]: [CWLCompositorResource] New wl_region with id 20 at 55555e7cb100
DEBUG ]: [CWLCompositorResource] New wl_region with id 20 at 55555e5e8130
DEBUG ]: [CWLCompositorResource] New wl_region with id 20 at 55555e64f590
DEBUG ]: [CWLCompositorResource] New wl_region with id 20 at 55555e5d5440
DEBUG ]: [CWLCompositorResource] New wl_region with id 20 at 55555e5e8010
DEBUG ]: [CWLCompositorResource] New wl_region with id 20 at 55555e5e8130
DEBUG ]: [CWLCompositorResource] New wl_region with id 20 at 55555e7cb100
DEBUG ]: Hyprctl: new connection from pid 222
DEBUG ]: Removing last node (dwindle)
DEBUG ]: Hyprctl: dispatcher setfloating : address:0x55555e812720
DEBUG ]: [CXDGSurfaceResource] xdg_surface 55555e37c720 requests geometry 0x0 1024x768
DEBUG ]: [CWLCompositorResource] New wl_region with id 20 at 55555e5e7ef0
DEBUG ]: [CLinuxDMABUFParamsResource] Creating a dmabuf, with id 29: size [Vector2D: x: 1024, y: 768], fmt XR30, planes 1
DEBUG ]: [CLinuxDMABUFParamsResource]  | plane 0: mod 72057594037927935 fd 65 stride 4096 offset 0
DEBUG ]: [CWLCompositorResource] New wl_region with id 27 at 55555e5e8490
DEBUG ]: [CLinuxDMABUFParamsResource] Creating a dmabuf, with id 20: size [Vector2D: x: 1024, y: 768], fmt XR30, planes 1
DEBUG ]: [CLinuxDMABUFParamsResource]  | plane 0: mod 72057594037927935 fd 67 stride 4096 offset 0
DEBUG ]: [CWLCompositorResource] New wl_region with id 28 at 55555e5d5440
DEBUG ]: [CWLCompositorResource] New wl_region with id 28 at 55555e6140e0
DEBUG ]: [CWLCompositorResource] New wl_region with id 28 at 55555e613c60
DEBUG ]: [CWLCompositorResource] New wl_region with id 28 at 55555e613ea0
DEBUG ]: [CWLCompositorResource] New wl_region with id 28 at 55555e7ca1e0
DEBUG ]: [CWLCompositorResource] New wl_region with id 28 at 55555e6140e0
DEBUG ]: Hyprctl: new connection from pid 224
DEBUG ]: Hyprctl: dispatcher resizewindowpixel : exact 300 300,address:0x55555e812720
DEBUG ]: [CXDGSurfaceResource] xdg_surface 55555e37c720 requests geometry 0x0 300x300
DEBUG ]: [CWLCompositorResource] New wl_region with id 28 at 55555e5e8490
DEBUG ]: [CLinuxDMABUFParamsResource] Creating a dmabuf, with id 27: size [Vector2D: x: 300, y: 300], fmt XR30, planes 1
DEBUG ]: [CLinuxDMABUFParamsResource]  | plane 0: mod 72057594037927935 fd 68 stride 1200 offset 0
DEBUG ]: [CWLCompositorResource] New wl_region with id 25 at 55555e613c60
DEBUG ]: [CLinuxDMABUFParamsResource] Creating a dmabuf, with id 28: size [Vector2D: x: 300, y: 300], fmt XR30, planes 1
DEBUG ]: [CLinuxDMABUFParamsResource]  | plane 0: mod 72057594037927935 fd 65 stride 1200 offset 0
DEBUG ]: [CWLCompositorResource] New wl_region with id 29 at 55555e5e7680
DEBUG ]: [CLinuxDMABUFParamsResource] Creating a dmabuf, with id 25: size [Vector2D: x: 300, y: 300], fmt XR30, planes 1
DEBUG ]: [CLinuxDMABUFParamsResource]  | plane 0: mod 72057594037927935 fd 67 stride 1200 offset 0
DEBUG ]: [CWLCompositorResource] New wl_region with id 26 at 55555f311db0
DEBUG ]: [CWLCompositorResource] New wl_region with id 26 at 55555e613c60
DEBUG ]: [CWLCompositorResource] New wl_region with id 26 at 55555e6140e0
DEBUG ]: [CWLCompositorResource] New wl_region with id 26 at 55555f311db0
DEBUG ]: [CWLCompositorResource] New wl_region with id 26 at 55555e6140e0
DEBUG ]: [CWLCompositorResource] New wl_region with id 26 at 55555f311db0
DEBUG ]: [CWLCompositorResource] New wl_region with id 26 at 55555e6140e0
DEBUG ]: [CWLCompositorResource] New wl_region with id 26 at 55555f311db0
DEBUG ]: [CWLCompositorResource] New wl_region with id 26 at 55555e6140e0
DEBUG ]: [CWLCompositorResource] New wl_region with id 26 at 55555e613c60
DEBUG ]: [CWLCompositorResource] New wl_region with id 26 at 55555e6140e0
DEBUG ]: [CWLCompositorResource] New wl_region with id 26 at 55555e613c60
DEBUG ]: Hyprctl: new connection from pid 227
DEBUG ]: [CWLCompositorResource] New wl_region with id 26 at 55555e6140e0
DEBUG ]: [CWLCompositorResource] New wl_region with id 26 at 55555e613c60
DEBUG ]: [CWLCompositorResource] New wl_region with id 26 at 55555e6140e0
DEBUG ]: [CWLCompositorResource] New wl_region with id 26 at 55555e613c60
DEBUG ]: [CWLCompositorResource] New wl_region with id 26 at 55555e6140e0
DEBUG ]: [CWLCompositorResource] New wl_region with id 26 at 55555f311db0
DEBUG ]: [CWLCompositorResource] New wl_region with id 26 at 55555db2fcc0
DEBUG ]: [CWLCompositorResource] New wl_region with id 26 at 55555f45ff60
DEBUG ]: [CLinuxDMABUFParamsResource] Creating a dmabuf, with id 29: size [Vector2D: x: 300, y: 300], fmt XR30, planes 1
DEBUG ]: [CLinuxDMABUFParamsResource]  | plane 0: mod 72057594037927935 fd 68 stride 1200 offset 0
DEBUG ]: [CWLCompositorResource] New wl_region with id 20 at 55555f311db0
DEBUG ]: [CWLCompositorResource] New wl_region with id 27 at 55555f45ff60
DEBUG ]: [CWLCompositorResource] New wl_region with id 20 at 55555e861860
DEBUG ]: [CWLCompositorResource] New wl_region with id 27 at 55555e9e4990
DEBUG ]: [CWLCompositorResource] New wl_region with id 27 at 55555f311db0
DEBUG ]: [CWLCompositorResource] New wl_region with id 27 at 55555e861860
DEBUG ]: [CWLCompositorResource] New wl_region with id 27 at 55555f183c20
DEBUG ]: [CWLCompositorResource] New wl_region with id 27 at 55555e64f590
DEBUG ]: [CWLCompositorResource] New wl_region with id 27 at 55555e64f590
DEBUG ]: [CWLCompositorResource] New wl_region with id 27 at 55555f46a820
DEBUG ]: [CWLCompositorResource] New wl_region with id 20 at 55555f183c20
DEBUG ]: [CWLCompositorResource] New wl_region with id 27 at 55555f46a820
DEBUG ]: [CWLCompositorResource] New wl_region with id 20 at 55555e64f590
DEBUG ]: Hyprctl: new connection from pid 232
DEBUG ]: [CWLCompositorResource] New wl_region with id 27 at 55555e861860
DEBUG ]: [CWLCompositorResource] New wl_region with id 20 at 55555f183c20
DEBUG ]: [CWLCompositorResource] New wl_region with id 27 at 55555f46a820
DEBUG ]: [CWLCompositorResource] New wl_region with id 27 at 55555e64f590
DEBUG ]: [CWLCompositorResource] New wl_region with id 27 at 55555f183c20
DEBUG ]: [CWLCompositorResource] New wl_region with id 27 at 55555f45c8c0
DEBUG ]: [CWLCompositorResource] New wl_region with id 27 at 55555e64f590
DEBUG ]: [CWLCompositorResource] New wl_region with id 27 at 55555e861860
DEBUG ]: [CWLCompositorResource] New wl_region with id 27 at 55555e9e4990
DEBUG ]: [CWLCompositorResource] New wl_region with id 27 at 55555e613ea0
DEBUG ]: [CWLCompositorResource] New wl_region with id 20 at 55555e64f590
DEBUG ]: [CWLCompositorResource] New wl_region with id 27 at 55555e861860
DEBUG ]: [CWLCompositorResource] New wl_region with id 20 at 55555e9e4990
DEBUG ]: [CWLCompositorResource] New wl_region with id 27 at 55555f45c8c0
DEBUG ]: [CWLCompositorResource] New wl_region with id 20 at 55555e613ea0
DEBUG ]: [CWLCompositorResource] New wl_region with id 27 at 55555e6140e0
DEBUG ]: [CWLCompositorResource] New wl_region with id 20 at 55555e861860
DEBUG ]: [CWLCompositorResource] New wl_region with id 27 at 55555e9e4990
DEBUG ]: [CWLCompositorResource] New wl_region with id 27 at 55555e6140e0
DEBUG ]: [CWLCompositorResource] New wl_region with id 27 at 55555e613ea0
DEBUG ]: [CWLCompositorResource] New wl_region with id 27 at 55555e9e4950
DEBUG ]: Hyprctl: new connection from pid 237
DEBUG ]: [CWLCompositorResource] New wl_region with id 27 at 55555e9e4990
DEBUG ]: [CWLCompositorResource] New wl_region with id 27 at 55555e64f590
DEBUG ]: [CWLCompositorResource] New wl_region with id 27 at 55555f45c8c0
DEBUG ]: [CWLCompositorResource] New wl_region with id 27 at 55555e6140e0
DEBUG ]: [CWLCompositorResource] New wl_region with id 27 at 55555e9e4990
DEBUG ]: [CWLCompositorResource] New wl_region with id 27 at 55555e861860
DEBUG ]: [CWLCompositorResource] New wl_region with id 27 at 55555e64f590
DEBUG ]: [CWLCompositorResource] New wl_region with id 27 at 55555f45c8c0
DEBUG ]: [CWLCompositorResource] New wl_region with id 27 at 55555e6140e0
DEBUG ]: [CWLCompositorResource] New wl_region with id 27 at 55555e9e4990
DEBUG ]: [CWLCompositorResource] New wl_region with id 27 at 55555e861860
DEBUG ]: [CWLCompositorResource] New wl_region with id 27 at 55555e64f590
DEBUG ]: [CWLCompositorResource] New wl_region with id 27 at 55555f45c8c0
DEBUG ]: [CWLCompositorResource] New wl_region with id 27 at 55555e6140e0
DEBUG ]: [CWLCompositorResource] New wl_region with id 27 at 55555e9e4990
DEBUG ]: [CWLCompositorResource] New wl_region with id 27 at 55555e861860
DEBUG ]: [CWLCompositorResource] New wl_region with id 20 at 55555e64f590
DEBUG ]: [CWLCompositorResource] New wl_region with id 20 at 55555f45c8c0
DEBUG ]: [CWLCompositorResource] New wl_region with id 20 at 55555e6140e0
DEBUG ]: [CWLCompositorResource] New wl_region with id 20 at 55555e9e4990
DEBUG ]: Hyprctl: new connection from pid 242
DEBUG ]: [CWLCompositorResource] New wl_region with id 20 at 55555e861860
DEBUG ]: [CWLCompositorResource] New wl_region with id 20 at 55555e64f590
DEBUG ]: [CWLCompositorResource] New wl_region with id 20 at 55555f45c8c0
DEBUG ]: [CWLCompositorResource] New wl_region with id 20 at 55555e6140e0
DEBUG ]: [CWLCompositorResource] New wl_region with id 20 at 55555e9e4990
DEBUG ]: [CWLCompositorResource] New wl_region with id 20 at 55555e861860
DEBUG ]: [CWLCompositorResource] New wl_region with id 20 at 55555e64f590
DEBUG ]: [CWLCompositorResource] New wl_region with id 20 at 55555f45c8c0
DEBUG ]: [CWLCompositorResource] New wl_region with id 20 at 55555e6140e0
DEBUG ]: [CWLCompositorResource] New wl_region with id 20 at 55555e9e4990
DEBUG ]: [CWLCompositorResource] New wl_region with id 20 at 55555e861860
DEBUG ]: [CWLCompositorResource] New wl_region with id 20 at 55555e64f590
DEBUG ]: [CWLCompositorResource] New wl_region with id 20 at 55555f45c8c0
DEBUG ]: [CWLCompositorResource] New wl_region with id 20 at 55555f45c8c0
DEBUG ]: [CWLCompositorResource] New wl_region with id 29 at 55555e9e4990
DEBUG ]: [CLinuxDMABUFParamsResource] Creating a dmabuf, with id 26: size [Vector2D: x: 300, y: 300], fmt XR30, planes 1
DEBUG ]: [CLinuxDMABUFParamsResource]  | plane 0: mod 72057594037927935 fd 68 stride 1200 offset 0
DEBUG ]: [CWLCompositorResource] New wl_region with id 27 at 55555e861860
DEBUG ]: [CWLCompositorResource] New wl_region with id 20 at 55555e64f590
DEBUG ]: [CWLCompositorResource] New wl_region with id 27 at 55555e861aa0
DEBUG ]: [CWLCompositorResource] New wl_region with id 20 at 55555e7cccd0
DEBUG ]: [CWLCompositorResource] New wl_region with id 27 at 55555e861860
DEBUG ]: [CWLCompositorResource] New wl_region with id 20 at 55555e64f590
DEBUG ]: [CWLCompositorResource] New wl_region with id 27 at 55555e9e4990
DEBUG ]: [CWLCompositorResource] New wl_region with id 20 at 55555e9e4950
DEBUG ]: Hyprctl: new connection from pid 247
DEBUG ]: [CWLCompositorResource] New wl_region with id 27 at 55555e7ccf10
DEBUG ]: [CWLCompositorResource] New wl_region with id 20 at 55555e64f590
DEBUG ]: [CWLCompositorResource] New wl_region with id 20 at 55555e7cccd0
DEBUG ]: [CWLCompositorResource] New wl_region with id 20 at 55555e9e4950
DEBUG ]: [CWLCompositorResource] New wl_region with id 20 at 55555e7ccf10
DEBUG ]: [CWLCompositorResource] New wl_region with id 20 at 55555e613c60
DEBUG ]: [CWLCompositorResource] New wl_region with id 20 at 55555e9e4990
DEBUG ]: [CWLCompositorResource] New wl_region with id 20 at 55555e8287d0
DEBUG ]: [CWLCompositorResource] New wl_region with id 20 at 55555e5d7fc0
DEBUG ]: [CWLCompositorResource] New wl_region with id 27 at 55555e64f590
DEBUG ]: [CWLCompositorResource] New wl_region with id 20 at 55555e7cb100
DEBUG ]: [CWLCompositorResource] New wl_region with id 20 at 55555e9e4950
DEBUG ]: [CLinuxDMABUFParamsResource] Creating a dmabuf, with id 29: size [Vector2D: x: 300, y: 300], fmt XR30, planes 1
DEBUG ]: [CLinuxDMABUFParamsResource]  | plane 0: mod 72057594037927935 fd 65 stride 1200 offset 0
DEBUG ]: [CWLCompositorResource] New wl_region with id 27 at 55555f19ed20
DEBUG ]: [CWLCompositorResource] New wl_region with id 27 at 55555e5e7b00
DEBUG ]: [CWLCompositorResource] New wl_region with id 27 at 55555e9e4990
DEBUG ]: [CWLCompositorResource] New wl_region with id 27 at 55555e84ad90
DEBUG ]: [CWLCompositorResource] New wl_region with id 27 at 55555e8611a0
DEBUG ]: [CWLCompositorResource] New wl_region with id 27 at 55555f19ed20
DEBUG ]: [CWLCompositorResource] New wl_region with id 27 at 55555e828790
DEBUG ]: [CWLCompositorResource] New wl_region with id 27 at 55555e8287d0
DEBUG ]: Hyprctl: new connection from pid 252
DEBUG ]: [CWLCompositorResource] New wl_region with id 27 at 55555e84ad90
DEBUG ]: [CWLCompositorResource] New wl_region with id 27 at 55555e8611a0
DEBUG ]: [CWLCompositorResource] New wl_region with id 27 at 55555e9e4950
DEBUG ]: [CWLCompositorResource] New wl_region with id 27 at 55555e5e7b00
DEBUG ]: [CWLCompositorResource] New wl_region with id 27 at 55555e9e4990
DEBUG ]: [CWLCompositorResource] New wl_region with id 27 at 55555e84ad90
DEBUG ]: [CWLCompositorResource] New wl_region with id 28 at 55555e828790
DEBUG ]: [CWLCompositorResource] New wl_region with id 28 at 55555e5e7b00
DEBUG ]: [CWLCompositorResource] New wl_region with id 28 at 55555e8287d0
DEBUG ]: [CWLCompositorResource] New wl_region with id 27 at 55555e84ad90
DEBUG ]: [CWLCompositorResource] New wl_region with id 27 at 55555f45c8c0
DEBUG ]: [CWLCompositorResource] New wl_region with id 27 at 55555e9e4990
DEBUG ]: [CLinuxDMABUFParamsResource] Creating a dmabuf, with id 20: size [Vector2D: x: 300, y: 300], fmt XR30, planes 1
DEBUG ]: [CLinuxDMABUFParamsResource]  | plane 0: mod 72057594037927935 fd 68 stride 1200 offset 0
DEBUG ]: [CWLCompositorResource] New wl_region with id 28 at 55555e613c60
DEBUG ]: [CWLCompositorResource] New wl_region with id 28 at 55555e6140e0
DEBUG ]: [CWLCompositorResource] New wl_region with id 28 at 55555e9e4950
DEBUG ]: [CWLCompositorResource] New wl_region with id 28 at 55555e9e4990
DEBUG ]: [CWLCompositorResource] New wl_region with id 28 at 55555f311db0
DEBUG ]: [CWLCompositorResource] New wl_region with id 28 at 55555e84ad90
DEBUG ]: Hyprctl: new connection from pid 257
DEBUG ]: [CWLCompositorResource] New wl_region with id 28 at 55555e9e4950
DEBUG ]: [CWLCompositorResource] New wl_region with id 28 at 55555e613c60
DEBUG ]: [CWLCompositorResource] New wl_region with id 28 at 55555f311db0
DEBUG ]: [CWLCompositorResource] New wl_region with id 28 at 55555e84ad90
DEBUG ]: [CWLCompositorResource] New wl_region with id 28 at 55555e828790
DEBUG ]: [CWLCompositorResource] New wl_region with id 28 at 55555e8287d0
DEBUG ]: [CWLCompositorResource] New wl_region with id 28 at 55555e5e7b00
DEBUG ]: [CWLCompositorResource] New wl_region with id 28 at 55555f311db0
DEBUG ]: [CWLCompositorResource] New wl_region with id 28 at 55555e613c60
DEBUG ]: [CWLCompositorResource] New wl_region with id 28 at 55555f311db0
DEBUG ]: [CWLCompositorResource] New wl_region with id 28 at 55555e613c60
DEBUG ]: [CWLCompositorResource] New wl_region with id 28 at 55555e5e7b00
DEBUG ]: [CWLCompositorResource] New wl_region with id 28 at 55555f311db0
DEBUG ]: [CWLCompositorResource] New wl_region with id 28 at 55555e84ad90
DEBUG ]: [CWLCompositorResource] New wl_region with id 28 at 55555e6140e0
DEBUG ]: [CWLCompositorResource] New wl_region with id 28 at 55555e8287d0
DEBUG ]: [CWLCompositorResource] New wl_region with id 28 at 55555e64f590
DEBUG ]: [CWLCompositorResource] New wl_region with id 26 at 55555e9e4950
DEBUG ]: [CWLCompositorResource] New wl_region with id 28 at 55555e5e7b00
DEBUG ]: [CWLCompositorResource] New wl_region with id 26 at 55555f311db0
DEBUG ]: [CWLCompositorResource] New wl_region with id 28 at 55555e64f590
DEBUG ]: [CWLCompositorResource] New wl_region with id 26 at 55555e613ea0
DEBUG ]: [CWLCompositorResource] New wl_region with id 28 at 55555e613c60
DEBUG ]: [CWLCompositorResource] New wl_region with id 26 at 55555e5e5790
DEBUG ]: [CWLCompositorResource] New wl_region with id 28 at 55555e6140e0
DEBUG ]: [CWLCompositorResource] New wl_region with id 26 at 55555e9e4950
DEBUG ]: [CWLCompositorResource] New wl_region with id 28 at 55555e5e7b00
DEBUG ]: [CWLCompositorResource] New wl_region with id 26 at 55555e8287d0
DEBUG ]: [CWLCompositorResource] New wl_region with id 28 at 55555f311db0
DEBUG ]: [CWLCompositorResource] New wl_region with id 26 at 55555e5e8490
DEBUG ]: [CWLCompositorResource] New wl_region with id 26 at 55555e6147a0
DEBUG ]: [CLinuxDMABUFParamsResource] Creating a dmabuf, with id 25: size [Vector2D: x: 300, y: 300], fmt XR30, planes 1
DEBUG ]: [CLinuxDMABUFParamsResource]  | plane 0: mod 72057594037927935 fd 67 stride 1200 offset 0
DEBUG ]: [CWLCompositorResource] New wl_region with id 28 at 55555e8287d0
DEBUG ]: [CWLCompositorResource] New wl_region with id 26 at 55555e6140e0
DEBUG ]: [CWLCompositorResource] New wl_region with id 28 at 55555e5e78c0
DEBUG ]: [CWLCompositorResource] New wl_region with id 28 at 55555e6147a0
DEBUG ]: [CWLCompositorResource] New wl_region with id 28 at 55555e613ea0
DEBUG ]: [CWLCompositorResource] New wl_region with id 28 at 55555f311db0
DEBUG ]: [CWLCompositorResource] New wl_region with id 28 at 55555e9e4990
DEBUG ]: [CWLCompositorResource] New wl_region with id 28 at 55555e5d5440
DEBUG ]: [CWLCompositorResource] New wl_region with id 28 at 55555e613c60
DEBUG ]: [CWLCompositorResource] New wl_region with id 28 at 55555e828790
DEBUG ]: [CWLCompositorResource] New wl_region with id 28 at 55555e6140e0
DEBUG ]: [CWLCompositorResource] New wl_region with id 28 at 55555e5e78c0
DEBUG ]: [CWLCompositorResource] New wl_region with id 28 at 55555e5e8130
DEBUG ]: [CWLCompositorResource] New wl_region with id 28 at 55555e6147a0
DEBUG ]: [CWLCompositorResource] New wl_region with id 28 at 55555e5e5670
DEBUG ]: [CWLCompositorResource] New wl_region with id 28 at 55555e613ea0
DEBUG ]: [CWLCompositorResource] New wl_region with id 28 at 55555f311db0
DEBUG ]: [CWLCompositorResource] New wl_region with id 28 at 55555e9e4990
DEBUG ]: [CWLCompositorResource] New wl_region with id 28 at 55555e5d7fc0
DEBUG ]: [CWLCompositorResource] New wl_region with id 28 at 55555e5e5670
DEBUG ]: [CLinuxDMABUFParamsResource] Creating a dmabuf, with id 27: size [Vector2D: x: 300, y: 300], fmt XR30, planes 1
DEBUG ]: [CLinuxDMABUFParamsResource]  | plane 0: mod 72057594037927935 fd 65 stride 1200 offset 0
DEBUG ]: [CWLCompositorResource] New wl_region with id 26 at 55555f183c50
DEBUG ]: [CWLCompositorResource] New wl_region with id 29 at 55555f311db0
DEBUG ]: [CWLCompositorResource] New wl_region with id 26 at 55555e5d5440
DEBUG ]: [CWLCompositorResource] New wl_region with id 29 at 55555e5e7680
DEBUG ]: [CWLCompositorResource] New wl_region with id 26 at 55555e6140e0
DEBUG ]: [CWLCompositorResource] New wl_region with id 29 at 55555e7cb100
DEBUG ]: [CWLCompositorResource] New wl_region with id 26 at 55555e613ea0
DEBUG ]: [CWLCompositorResource] New wl_region with id 29 at 55555e5e78c0
DEBUG ]: [CWLCompositorResource] New wl_region with id 26 at 55555e9e4990
DEBUG ]: [CWLCompositorResource] New wl_region with id 29 at 55555e5e7ef0
DEBUG ]: [CWLCompositorResource] New wl_region with id 26 at 55555e5e8130
DEBUG ]: [CWLCompositorResource] New wl_region with id 29 at 55555e613c60
DEBUG ]: [CWLCompositorResource] New wl_region with id 26 at 55555f311db0
DEBUG ]: [CWLCompositorResource] New wl_region with id 29 at 55555e5d5440
DEBUG ]: [CWLCompositorResource] New wl_region with id 26 at 55555e5e7680
DEBUG ]: [CWLCompositorResource] New wl_region with id 29 at 55555e7cb100
DEBUG ]: [CWLCompositorResource] New wl_region with id 29 at 55555e613ea0
DEBUG ]: [CWLCompositorResource] New wl_region with id 29 at 55555e5e78c0
DEBUG ]: [CWLCompositorResource] New wl_region with id 29 at 55555e9e4950
DEBUG ]: [CWLCompositorResource] New wl_region with id 29 at 55555e9e4990
DEBUG ]: [CLinuxDMABUFParamsResource] Creating a dmabuf, with id 28: size [Vector2D: x: 300, y: 300], fmt XR30, planes 1
DEBUG ]: [CLinuxDMABUFParamsResource]  | plane 0: mod 72057594037927935 fd 67 stride 1200 offset 0
DEBUG ]: [CWLCompositorResource] New wl_region with id 25 at 55555e6140e0
DEBUG ]: [CWLCompositorResource] New wl_region with id 25 at 55555e6140e0
DEBUG ]: [CWLCompositorResource] New wl_region with id 26 at 55555e5e8490
DEBUG ]: [CWLCompositorResource] New wl_region with id 25 at 55555e5e78c0
DEBUG ]: [CWLCompositorResource] New wl_region with id 26 at 55555e84ad90
DEBUG ]: [CWLCompositorResource] New wl_region with id 25 at 55555e5e7680
DEBUG ]: [CWLCompositorResource] New wl_region with id 26 at 55555e5e7b00
DEBUG ]: [CWLCompositorResource] New wl_region with id 25 at 55555e613ea0
DEBUG ]: [CWLCompositorResource] New wl_region with id 26 at 55555e613c60
DEBUG ]: [CWLCompositorResource] New wl_region with id 25 at 55555e5e8130
DEBUG ]: [CWLCompositorResource] New wl_region with id 25 at 55555e6140e0
DEBUG ]: [CWLCompositorResource] New wl_region with id 25 at 55555e9e4990
DEBUG ]: [CWLCompositorResource] New wl_region with id 25 at 55555e84ad90
DEBUG ]: [CWLCompositorResource] New wl_region with id 25 at 55555f311db0
DEBUG ]: [CWLCompositorResource] New wl_region with id 25 at 55555e82d280
DEBUG ]: [CWLCompositorResource] New wl_region with id 25 at 55555e5e7b00
DEBUG ]: [CWLCompositorResource] New wl_region with id 25 at 55555e8287d0
DEBUG ]: [CWLCompositorResource] New wl_region with id 25 at 55555e5e78c0
DEBUG ]: [CWLCompositorResource] New wl_region with id 25 at 55555e613c60
DEBUG ]: [CWLCompositorResource] New wl_region with id 25 at 55555e5e8130
DEBUG ]: [CWLCompositorResource] New wl_region with id 25 at 55555e7cb100
DEBUG ]: [CWLCompositorResource] New wl_region with id 25 at 55555e6140e0
DEBUG ]: [CLinuxDMABUFParamsResource] Creating a dmabuf, with id 29: size [Vector2D: x: 300, y: 300], fmt XR30, planes 1
DEBUG ]: [CLinuxDMABUFParamsResource]  | plane 0: mod 72057594037927935 fd 67 stride 1200 offset 0
DEBUG ]: [CWLCompositorResource] New wl_region with id 26 at 55555e5e7680
DEBUG ]: [CWLCompositorResource] New wl_region with id 28 at 55555e9e4990
DEBUG ]: [CWLCompositorResource] New wl_region with id 26 at 55555e9e4950
DEBUG ]: [CWLCompositorResource] New wl_region with id 26 at 55555e84ad90
DEBUG ]: [CWLCompositorResource] New wl_region with id 26 at 55555e82d280
DEBUG ]: [CWLCompositorResource] New wl_region with id 26 at 55555e5e8490
DEBUG ]: [CWLCompositorResource] New wl_region with id 26 at 55555e5e7ef0
DEBUG ]: [CWLCompositorResource] New wl_region with id 26 at 55555e5e8130
DEBUG ]: [CWLCompositorResource] New wl_region with id 26 at 55555f311db0
DEBUG ]: [CWLCompositorResource] New wl_region with id 26 at 55555e5e59d0
DEBUG ]: [CWLCompositorResource] New wl_region with id 26 at 55555e9e4990
DEBUG ]: [CWLCompositorResource] New wl_region with id 26 at 55555e9e4950
DEBUG ]: [CWLCompositorResource] New wl_region with id 26 at 55555e5e78c0
DEBUG ]: [CWLCompositorResource] New wl_region with id 26 at 55555e84ad90
DEBUG ]: [CWLCompositorResource] New wl_region with id 26 at 55555e613c60
DEBUG ]: [CWLCompositorResource] New wl_region with id 26 at 55555e6140e0
DEBUG ]: [CWLCompositorResource] New wl_region with id 26 at 55555e82d280
DEBUG ]: [CWLCompositorResource] New wl_region with id 26 at 55555e5e8490
DEBUG ]: [CWLCompositorResource] New wl_region with id 26 at 55555e6147a0
DEBUG ]: [CWLCompositorResource] New wl_region with id 26 at 55555e5e8130
DEBUG ]: [CLinuxDMABUFParamsResource] Creating a dmabuf, with id 25: size [Vector2D: x: 300, y: 300], fmt XR30, planes 1
DEBUG ]: [CLinuxDMABUFParamsResource]  | plane 0: mod 72057594037927935 fd 65 stride 1200 offset 0
DEBUG ]: [CWLCompositorResource] New wl_region with id 28 at 55555f311db0
DEBUG ]: [CWLCompositorResource] New wl_region with id 28 at 55555e5d7fc0
DEBUG ]: [CWLCompositorResource] New wl_region with id 28 at 55555e5e8490
DEBUG ]: [CWLCompositorResource] New wl_region with id 28 at 55555e828790
DEBUG ]: [CWLCompositorResource] New wl_region with id 28 at 55555e5e8130
DEBUG ]: [CWLCompositorResource] New wl_region with id 28 at 55555e9e4990
DEBUG ]: [CWLCompositorResource] New wl_region with id 28 at 55555e5e7ef0
DEBUG ]: [CWLCompositorResource] New wl_region with id 28 at 55555e6140e0
DEBUG ]: [CWLCompositorResource] New wl_region with id 28 at 55555e82d700
DEBUG ]: [CWLCompositorResource] New wl_region with id 28 at 55555f311db0
DEBUG ]: [CWLCompositorResource] New wl_region with id 28 at 55555e64f590
DEBUG ]: [CWLCompositorResource] New wl_region with id 28 at 55555e9e4950
DEBUG ]: [CWLCompositorResource] New wl_region with id 28 at 55555e5d7fc0
DEBUG ]: [CWLCompositorResource] New wl_region with id 28 at 55555e82d280
DEBUG ]: [CWLCompositorResource] New wl_region with id 28 at 55555e5e8490
DEBUG ]: [CWLCompositorResource] New wl_region with id 28 at 55555e828790
DEBUG ]: [CWLCompositorResource] New wl_region with id 28 at 55555e5e8130
DEBUG ]: [CWLCompositorResource] New wl_region with id 28 at 55555e9e4990
DEBUG ]: [CWLCompositorResource] New wl_region with id 28 at 55555e9e4990
DEBUG ]: [CWLCompositorResource] New wl_region with id 27 at 55555e6140e0
DEBUG ]: [CWLCompositorResource] New wl_region with id 28 at 55555f311db0
DEBUG ]: [CWLCompositorResource] New wl_region with id 27 at 55555e64f590
DEBUG ]: [CWLCompositorResource] New wl_region with id 28 at 55555e9e4950
DEBUG ]: [CWLCompositorResource] New wl_region with id 27 at 55555e5d7fc0
DEBUG ]: [CWLCompositorResource] New wl_region with id 28 at 55555e9e4990
DEBUG ]: [CWLCompositorResource] New wl_region with id 27 at 55555e5e8490
DEBUG ]: [CWLCompositorResource] New wl_region with id 28 at 55555e828790
DEBUG ]: [CWLCompositorResource] New wl_region with id 27 at 55555e9e4950
DEBUG ]: [CWLCompositorResource] New wl_region with id 28 at 55555e5e8130
DEBUG ]: [CWLCompositorResource] New wl_region with id 28 at 55555e5e7ef0
DEBUG ]: [CWLCompositorResource] New wl_region with id 28 at 55555e6140e0
DEBUG ]: [CWLCompositorResource] New wl_region with id 28 at 55555f311db0
DEBUG ]: [CWLCompositorResource] New wl_region with id 28 at 55555e64f590
DEBUG ]: [CWLCompositorResource] New wl_region with id 28 at 55555e82d280
DEBUG ]: [CWLCompositorResource] New wl_region with id 28 at 55555e5d7fc0
DEBUG ]: [CWLCompositorResource] New wl_region with id 28 at 55555e9e4990
DEBUG ]: [CWLCompositorResource] New wl_region with id 28 at 55555e5e8490
DEBUG ]: [CWLCompositorResource] New wl_region with id 28 at 55555e647a10
DEBUG ]: [CWLCompositorResource] New wl_region with id 28 at 55555e9e4950
DEBUG ]: [CLinuxDMABUFParamsResource] Creating a dmabuf, with id 26: size [Vector2D: x: 300, y: 300], fmt XR30, planes 1
DEBUG ]: [CLinuxDMABUFParamsResource]  | plane 0: mod 72057594037927935 fd 68 stride 1200 offset 0
DEBUG ]: [CWLCompositorResource] New wl_region with id 27 at 55555e5e8130
DEBUG ]: [CWLCompositorResource] New wl_region with id 20 at 55555e5e7ef0
DEBUG ]: [CWLCompositorResource] New wl_region with id 27 at 55555e6140e0
DEBUG ]: [CWLCompositorResource] New wl_region with id 27 at 55555f311db0
DEBUG ]: [CWLCompositorResource] New wl_region with id 27 at 55555f45c8c0
DEBUG ]: [CWLCompositorResource] New wl_region with id 27 at 55555e5e7ef0
DEBUG ]: [CWLCompositorResource] New wl_region with id 27 at 55555e5e7680
DEBUG ]: [CWLCompositorResource] New wl_region with id 27 at 55555e6140e0
DEBUG ]: [CWLCompositorResource] New wl_region with id 27 at 55555e64f590
DEBUG ]: [CWLCompositorResource] New wl_region with id 27 at 55555e9e4950
DEBUG ]: [CWLCompositorResource] New wl_region with id 27 at 55555e5d7fc0
DEBUG ]: [CWLCompositorResource] New wl_region with id 27 at 55555f311db0
DEBUG ]: [CWLCompositorResource] New wl_region with id 27 at 55555e828790
DEBUG ]: [CWLCompositorResource] New wl_region with id 27 at 55555e9e4990
DEBUG ]: [CWLCompositorResource] New wl_region with id 27 at 55555e5e8490
DEBUG ]: [CWLCompositorResource] New wl_region with id 27 at 55555f311db0
DEBUG ]: [CWLCompositorResource] New wl_region with id 27 at 55555e5e7ef0
DEBUG ]: [CWLCompositorResource] New wl_region with id 27 at 55555e5e7680
DEBUG ]: [CWLCompositorResource] New wl_region with id 27 at 55555e5e7b00
DEBUG ]: [CWLCompositorResource] New wl_region with id 27 at 55555e64f590
DEBUG ]: [CLinuxDMABUFParamsResource] Creating a dmabuf, with id 28: size [Vector2D: x: 300, y: 300], fmt XR30, planes 1
DEBUG ]: [CLinuxDMABUFParamsResource]  | plane 0: mod 72057594037927935 fd 67 stride 1200 offset 0
DEBUG ]: [CWLCompositorResource] New wl_region with id 20 at 55555e9e4950
DEBUG ]: [CWLCompositorResource] New wl_region with id 29 at 55555e5d7fc0
DEBUG ]: [CWLCompositorResource] New wl_region with id 29 at 55555e7cb100
DEBUG ]: [CWLCompositorResource] New wl_region with id 20 at 55555e5e7680
DEBUG ]: [CWLCompositorResource] New wl_region with id 20 at 55555e8287d0
DEBUG ]: [CWLCompositorResource] New wl_region with id 20 at 55555e82d940
DEBUG ]: [CWLCompositorResource] New wl_region with id 20 at 55555e828790
DEBUG ]: [CWLCompositorResource] New wl_region with id 20 at 55555f311db0
DEBUG ]: [CWLCompositorResource] New wl_region with id 20 at 55555f45c8c0
DEBUG ]: [CWLCompositorResource] New wl_region with id 20 at 55555e64f590
DEBUG ]: [CWLCompositorResource] New wl_region with id 20 at 55555e828790
DEBUG ]: [CWLCompositorResource] New wl_region with id 20 at 55555e7cb100
DEBUG ]: [CWLCompositorResource] New wl_region with id 20 at 55555e5e7680
DEBUG ]: [CWLCompositorResource] New wl_region with id 20 at 55555e5e7ef0
DEBUG ]: [CWLCompositorResource] New wl_region with id 20 at 55555e8287d0
DEBUG ]: [CWLCompositorResource] New wl_region with id 20 at 55555e6140e0
DEBUG ]: [CWLCompositorResource] New wl_region with id 20 at 55555e8287d0
DEBUG ]: [CWLCompositorResource] New wl_region with id 20 at 55555e5d5440
DEBUG ]: [CWLCompositorResource] New wl_region with id 20 at 55555f311db0
DEBUG ]: [CWLCompositorResource] New wl_region with id 20 at 55555e64f590
DEBUG ]: [CWLCompositorResource] New wl_region with id 20 at 55555e6140e0
DEBUG ]: [CWLCompositorResource] New wl_region with id 20 at 55555e828790
DEBUG ]: [CWLCompositorResource] New wl_region with id 20 at 55555e5e6ad0
DEBUG ]: [CWLCompositorResource] New wl_region with id 20 at 55555e7cb100
DEBUG ]: [CWLCompositorResource] New wl_region with id 20 at 55555e5e7680
DEBUG ]: [CWLCompositorResource] New wl_region with id 20 at 55555e5e7ef0
DEBUG ]: [CWLCompositorResource] New wl_region with id 20 at 55555f45c8c0
DEBUG ]: [CWLCompositorResource] New wl_region with id 20 at 55555e9e4950
DEBUG ]: [CWLCompositorResource] New wl_region with id 20 at 55555e8287d0
DEBUG ]: [CWLCompositorResource] New wl_region with id 20 at 55555e5d5440
DEBUG ]: [CWLCompositorResource] New wl_region with id 20 at 55555f311db0
DEBUG ]: [CWLCompositorResource] New wl_region with id 20 at 55555e64f590
DEBUG ]: [CWLCompositorResource] New wl_region with id 20 at 55555e867150
DEBUG ]: [CWLCompositorResource] New wl_region with id 20 at 55555e9e4950
DEBUG ]: [CWLCompositorResource] New wl_region with id 20 at 55555e8287d0
DEBUG ]: [CWLCompositorResource] New wl_region with id 20 at 55555e84ad90
DEBUG ]: [CWLCompositorResource] New wl_region with id 20 at 55555e7ddd70
DEBUG ]: [CLinuxDMABUFParamsResource] Creating a dmabuf, with id 27: size [Vector2D: x: 300, y: 300], fmt XR30, planes 1
DEBUG ]: [CLinuxDMABUFParamsResource]  | plane 0: mod 72057594037927935 fd 65 stride 1200 offset 0
DEBUG ]: [CWLCompositorResource] New wl_region with id 29 at 55555f45c8c0
DEBUG ]: [CWLCompositorResource] New wl_region with id 29 at 55555e6147a0
DEBUG ]: [CWLCompositorResource] New wl_region with id 29 at 55555e8287d0
DEBUG ]: [CWLCompositorResource] New wl_region with id 29 at 55555f311db0
DEBUG ]: [CWLCompositorResource] New wl_region with id 29 at 55555e7ddd70
DEBUG ]: [CWLCompositorResource] New wl_region with id 29 at 55555e5e7ef0
DEBUG ]: [CWLCompositorResource] New wl_region with id 29 at 55555e6147a0
DEBUG ]: [CWLCompositorResource] New wl_region with id 29 at 55555e613c60
DEBUG ]: [CWLCompositorResource] New wl_region with id 29 at 55555e8287d0
DEBUG ]: [CWLCompositorResource] New wl_region with id 29 at 55555e5d7fc0
DEBUG ]: [CWLCompositorResource] New wl_region with id 29 at 55555f311db0
DEBUG ]: [CWLCompositorResource] New wl_region with id 29 at 55555e5e7ef0
DEBUG ]: [CWLCompositorResource] New wl_region with id 29 at 55555e7ddd70
DEBUG ]: [CWLCompositorResource] New wl_region with id 29 at 55555e6147a0
DEBUG ]: [CWLCompositorResource] New wl_region with id 29 at 55555e5e8130
DEBUG ]: [CWLCompositorResource] New wl_region with id 29 at 55555e613c60
DEBUG ]: [CWLCompositorResource] New wl_region with id 29 at 55555e8287d0
DEBUG ]: [CWLCompositorResource] New wl_region with id 29 at 55555e613ea0
DEBUG ]: [CWLCompositorResource] New wl_region with id 29 at 55555e82d280
DEBUG ]: [CWLCompositorResource] New wl_region with id 29 at 55555e647a10
DEBUG ]: [CLinuxDMABUFParamsResource] Creating a dmabuf, with id 20: size [Vector2D: x: 300, y: 300], fmt XR30, planes 1
DEBUG ]: [CLinuxDMABUFParamsResource]  | plane 0: mod 72057594037927935 fd 68 stride 1200 offset 0
DEBUG ]: [CWLCompositorResource] New wl_region with id 25 at 55555e9e4950
DEBUG ]: [CWLCompositorResource] New wl_region with id 26 at 55555e6140e0
DEBUG ]: [CWLCompositorResource] New wl_region with id 25 at 55555f45c8c0
DEBUG ]: [CWLCompositorResource] New wl_region with id 26 at 55555e647a10
DEBUG ]: [CWLCompositorResource] New wl_region with id 25 at 55555e5e78c0
DEBUG ]: [CWLCompositorResource] New wl_region with id 26 at 55555e613ea0
DEBUG ]: [CWLCompositorResource] New wl_region with id 25 at 55555e613c60
DEBUG ]: [CWLCompositorResource] New wl_region with id 26 at 55555e5e8130
DEBUG ]: [CWLCompositorResource] New wl_region with id 25 at 55555e6147a0
DEBUG ]: [CWLCompositorResource] New wl_region with id 26 at 55555e7ddd70
DEBUG ]: [CWLCompositorResource] New wl_region with id 25 at 55555e5e7ef0
DEBUG ]: [CWLCompositorResource] New wl_region with id 26 at 55555e5d5440
DEBUG ]: [CWLCompositorResource] New wl_region with id 25 at 55555e7ca1e0
DEBUG ]: [CWLCompositorResource] New wl_region with id 26 at 55555e5e7680
DEBUG ]: [CWLCompositorResource] New wl_region with id 26 at 55555e9e4950
DEBUG ]: [CWLCompositorResource] New wl_region with id 26 at 55555e5d5440
DEBUG ]: [CWLCompositorResource] New wl_region with id 26 at 55555e5e7ef0
DEBUG ]: [CWLCompositorResource] New wl_region with id 26 at 55555e7ddd70
DEBUG ]: [CWLCompositorResource] New wl_region with id 26 at 55555e64f590
DEBUG ]: [CWLCompositorResource] New wl_region with id 26 at 55555e84ad90
DEBUG ]: [CLinuxDMABUFParamsResource] Creating a dmabuf, with id 29: size [Vector2D: x: 300, y: 300], fmt XR30, planes 1
DEBUG ]: [CLinuxDMABUFParamsResource]  | plane 0: mod 72057594037927935 fd 65 stride 1200 offset 0
DEBUG ]: [CWLCompositorResource] New wl_region with id 27 at 55555e613ea0
DEBUG ]: [CWLCompositorResource] New wl_region with id 27 at 55555e5e8130
DEBUG ]: [CWLCompositorResource] New wl_region with id 25 at 55555e5e78c0
DEBUG ]: [CWLCompositorResource] New wl_region with id 25 at 55555e867150
DEBUG ]: [CWLCompositorResource] New wl_region with id 25 at 55555f45c8c0
DEBUG ]: [CWLCompositorResource] New wl_region with id 25 at 55555e6140e0
DEBUG ]: [CWLCompositorResource] New wl_region with id 25 at 55555e7ca1e0
DEBUG ]: [CWLCompositorResource] New wl_region with id 25 at 55555e867150
DEBUG ]: [CWLCompositorResource] New wl_region with id 25 at 55555e5e8130
DEBUG ]: [CWLCompositorResource] New wl_region with id 25 at 55555e613ea0
DEBUG ]: [CWLCompositorResource] New wl_region with id 25 at 55555e613c60
DEBUG ]: [CWLCompositorResource] New wl_region with id 25 at 55555e84ad90
DEBUG ]: [CWLCompositorResource] New wl_region with id 25 at 55555e837d80
DEBUG ]: [CWLCompositorResource] New wl_region with id 25 at 55555e7ddd70
DEBUG ]: [CWLCompositorResource] New wl_region with id 25 at 55555e5e7ef0
DEBUG ]: [CWLCompositorResource] New wl_region with id 25 at 55555e5d5440
DEBUG ]: [CWLCompositorResource] New wl_region with id 25 at 55555e9e4950
DEBUG ]: [CWLCompositorResource] New wl_region with id 25 at 55555e9e4950
DEBUG ]: [CWLCompositorResource] New wl_region with id 25 at 55555f45c8c0
DEBUG ]: [CWLCompositorResource] New wl_region with id 25 at 55555e5d5440
DEBUG ]: [CWLCompositorResource] New wl_region with id 25 at 55555e64f590
DEBUG ]: [CWLCompositorResource] New wl_region with id 25 at 55555e5e78c0
DEBUG ]: [CLinuxDMABUFParamsResource] Creating a dmabuf, with id 26: size [Vector2D: x: 300, y: 300], fmt XR30, planes 1
DEBUG ]: [CLinuxDMABUFParamsResource]  | plane 0: mod 72057594037927935 fd 65 stride 1200 offset 0
DEBUG ]: [CWLCompositorResource] New wl_region with id 29 at 55555e837d80
DEBUG ]: [CWLCompositorResource] New wl_region with id 29 at 55555e84ad90
DEBUG ]: [CWLCompositorResource] New wl_region with id 29 at 55555e613c60
DEBUG ]: [CWLCompositorResource] New wl_region with id 29 at 55555e613c60
DEBUG ]: [CWLCompositorResource] New wl_region with id 29 at 55555e5e8130
DEBUG ]: [CWLCompositorResource] New wl_region with id 29 at 55555e5e8130
DEBUG ]: [CWLCompositorResource] New wl_region with id 29 at 55555e7ca1e0
DEBUG ]: [CWLCompositorResource] New wl_region with id 29 at 55555e6140e0
DEBUG ]: [CWLCompositorResource] New wl_region with id 29 at 55555e5e7680
DEBUG ]: [CWLCompositorResource] New wl_region with id 29 at 55555e5e8130
DEBUG ]: [CWLCompositorResource] New wl_region with id 29 at 55555e867150
DEBUG ]: [CWLCompositorResource] New wl_region with id 29 at 55555e613c60
DEBUG ]: [CWLCompositorResource] New wl_region with id 29 at 55555e613ea0
DEBUG ]: [CWLCompositorResource] New wl_region with id 29 at 55555e84ad90
DEBUG ]: [CWLCompositorResource] New wl_region with id 29 at 55555e837d80
DEBUG ]: [CWLCompositorResource] New wl_region with id 29 at 55555e5e7ef0
DEBUG ]: [CWLCompositorResource] New wl_region with id 29 at 55555e5e7ef0
DEBUG ]: [CWLCompositorResource] New wl_region with id 29 at 55555e5d5440
DEBUG ]: [CWLCompositorResource] New wl_region with id 29 at 55555e82d280
DEBUG ]: [CWLCompositorResource] New wl_region with id 29 at 55555e7cb100
DEBUG ]: [CLinuxDMABUFParamsResource] Creating a dmabuf, with id 25: size [Vector2D: x: 300, y: 300], fmt XR30, planes 1
DEBUG ]: [CLinuxDMABUFParamsResource]  | plane 0: mod 72057594037927935 fd 68 stride 1200 offset 0
DEBUG ]: [CWLCompositorResource] New wl_region with id 20 at 55555e9e4950
DEBUG ]: [CWLCompositorResource] New wl_region with id 20 at 55555e9e4950
DEBUG ]: [CWLCompositorResource] New wl_region with id 20 at 55555e6147a0
DEBUG ]: [CWLCompositorResource] New wl_region with id 20 at 55555e6147a0
DEBUG ]: [CWLCompositorResource] New wl_region with id 20 at 55555e5e7ef0
DEBUG ]: [CWLCompositorResource] New wl_region with id 20 at 55555e7ddd70
DEBUG ]: [CWLCompositorResource] New wl_region with id 20 at 55555e837d80
DEBUG ]: [CWLCompositorResource] New wl_region with id 20 at 55555e84ad90
DEBUG ]: [CWLCompositorResource] New wl_region with id 20 at 55555e613ea0
DEBUG ]: [CWLCompositorResource] New wl_region with id 20 at 55555e613c60
DEBUG ]: [CWLCompositorResource] New wl_region with id 20 at 55555e7cb100
DEBUG ]: [CWLCompositorResource] New wl_region with id 20 at 55555e84ad90
DEBUG ]: [CWLCompositorResource] New wl_region with id 20 at 55555e837d80
DEBUG ]: [CWLCompositorResource] New wl_region with id 20 at 55555e7ddd70
DEBUG ]: [CWLCompositorResource] New wl_region with id 20 at 55555e7ca1e0
DEBUG ]: [CWLCompositorResource] New wl_region with id 20 at 55555e6147a0
DEBUG ]: [CWLCompositorResource] New wl_region with id 20 at 55555e5e78c0
DEBUG ]: [CWLCompositorResource] New wl_region with id 20 at 55555e9e4950
DEBUG ]: [CWLCompositorResource] New wl_region with id 20 at 55555e64f590
DEBUG ]: [CWLCompositorResource] New wl_region with id 20 at 55555e867150
DEBUG ]: [CLinuxDMABUFParamsResource] Creating a dmabuf, with id 29: size [Vector2D: x: 300, y: 300], fmt XR30, planes 1
DEBUG ]: [CLinuxDMABUFParamsResource]  | plane 0: mod 72057594037927935 fd 65 stride 1200 offset 0
DEBUG ]: [CWLCompositorResource] New wl_region with id 30 at 55555e613ea0
DEBUG ]: [CWLCompositorResource] New wl_region with id 30 at 55555e5d5440
DEBUG ]: [CWLCompositorResource] New wl_region with id 30 at 55555e6147a0
DEBUG ]: [CWLCompositorResource] New wl_region with id 30 at 55555e7ca1e0
DEBUG ]: [CWLCompositorResource] New wl_region with id 30 at 55555e7ca1e0
DEBUG ]: [CWLCompositorResource] New wl_region with id 30 at 55555e837d80
DEBUG ]: [CWLCompositorResource] New wl_region with id 30 at 55555e84ad90
DEBUG ]: [CWLCompositorResource] New wl_region with id 30 at 55555e7cb100
DEBUG ]: [CWLCompositorResource] New wl_region with id 27 at 55555e613c60
DEBUG ]: [CWLCompositorResource] New wl_region with id 30 at 55555e64f590
DEBUG ]: [CWLCompositorResource] New wl_region with id 27 at 55555e84ad90
DEBUG ]: [CWLCompositorResource] New wl_region with id 27 at 55555e5e7ef0
DEBUG ]: [CWLCompositorResource] New wl_region with id 27 at 55555e7ca1e0
DEBUG ]: [CWLCompositorResource] New wl_region with id 27 at 55555e7ddd70
DEBUG ]: [CWLCompositorResource] New wl_region with id 27 at 55555e6147a0
DEBUG ]: [CWLCompositorResource] New wl_region with id 27 at 55555e837d80
DEBUG ]: [CWLCompositorResource] New wl_region with id 27 at 55555e9e4950
DEBUG ]: [CWLCompositorResource] New wl_region with id 27 at 55555e5e78c0
DEBUG ]: [CWLCompositorResource] New wl_region with id 27 at 55555e7cb100
DEBUG ]: [CWLCompositorResource] New wl_region with id 27 at 55555e9e4990
DEBUG ]: [CWLCompositorResource] New wl_region with id 27 at 55555e5e8490
DEBUG ]: [CLinuxDMABUFParamsResource] Creating a dmabuf, with id 26: size [Vector2D: x: 300, y: 300], fmt XR30, planes 1
DEBUG ]: [CLinuxDMABUFParamsResource]  | plane 0: mod 72057594037927935 fd 67 stride 1200 offset 0
DEBUG ]: [CWLCompositorResource] New wl_region with id 30 at 55555e5d5440
DEBUG ]: [CWLCompositorResource] New wl_region with id 28 at 55555e6147a0
DEBUG ]: [CWLCompositorResource] New wl_region with id 30 at 55555e7ddd70
DEBUG ]: [CWLCompositorResource] New wl_region with id 28 at 55555e7ca1e0
DEBUG ]: [CWLCompositorResource] New wl_region with id 30 at 55555e5e7ef0
DEBUG ]: [CWLCompositorResource] New wl_region with id 28 at 55555e613ea0
DEBUG ]: [CWLCompositorResource] New wl_region with id 30 at 55555e64f590
DEBUG ]: [CWLCompositorResource] New wl_region with id 28 at 55555e613c60
DEBUG ]: [CWLCompositorResource] New wl_region with id 30 at 55555e84ad90
DEBUG ]: [CWLCompositorResource] New wl_region with id 28 at 55555e613ea0
DEBUG ]: [CWLCompositorResource] New wl_region with id 30 at 55555e5e7ef0
DEBUG ]: [CWLCompositorResource] New wl_region with id 28 at 55555e7ca1e0
DEBUG ]: [CWLCompositorResource] New wl_region with id 28 at 55555e5e78c0
DEBUG ]: [CWLCompositorResource] New wl_region with id 28 at 55555e6147a0
DEBUG ]: [CWLCompositorResource] New wl_region with id 28 at 55555e5d5440
DEBUG ]: [CWLCompositorResource] New wl_region with id 28 at 55555e5e8490
DEBUG ]: [CWLCompositorResource] New wl_region with id 28 at 55555e64f590
DEBUG ]: [CWLCompositorResource] New wl_region with id 28 at 55555e6147a0
DEBUG ]: [CWLCompositorResource] New wl_region with id 28 at 55555e5e7680
DEBUG ]: [CWLCompositorResource] New wl_region with id 28 at 55555e82d280
DEBUG ]: [CLinuxDMABUFParamsResource] Creating a dmabuf, with id 27: size [Vector2D: x: 300, y: 300], fmt XR30, planes 1
DEBUG ]: [CLinuxDMABUFParamsResource]  | plane 0: mod 72057594037927935 fd 68 stride 1200 offset 0
DEBUG ]: [CWLCompositorResource] New wl_region with id 30 at 55555e6147a0
DEBUG ]: [CWLCompositorResource] New wl_region with id 30 at 55555e7ddd70
DEBUG ]: [CWLCompositorResource] New wl_region with id 30 at 55555e5e78c0
DEBUG ]: [CWLCompositorResource] New wl_region with id 30 at 55555e837d80
DEBUG ]: [CWLCompositorResource] New wl_region with id 30 at 55555e5e7ef0
DEBUG ]: [CWLCompositorResource] New wl_region with id 30 at 55555e613ea0
DEBUG ]: [CWLCompositorResource] New wl_region with id 30 at 55555e84ad90
DEBUG ]: [CWLCompositorResource] New wl_region with id 30 at 55555e613c60
DEBUG ]: [CWLCompositorResource] New wl_region with id 30 at 55555e6140e0
DEBUG ]: Hyprctl: new connection from pid 301
DEBUG ]: Hyprctl: dispatcher closewindow : address:0x55555e812720
WARN ]: [/usr/src/debug/hyprland/Hyprland-0.56.2/src/protocols/XDGShell.cpp:506] wl_surface destroyed before its xdg_surface role object
DEBUG ]: [Window 55555e812720: title: "es2gears", class: es2gears] unmapped
DEBUG ]: renderer: making a snapshot of 55555e812720
DEBUG ]: Framebuffer "window snapshot" created, status 36053
DEBUG ]: renderer: cleared a snapshot of 55555e812720
DEBUG ]: renderer: rendered a snapshot of 55555e812720
DEBUG ]: renderer: made a snapshot of 55555e812720
WARN ]: ITarget: assignToSpace with a null space?
DEBUG ]: On closed window, new focused candidate is [Window nullptr]
DEBUG ]: [Window 55555e812720: title: "es2gears", class: es2gears] destroyed, queueing.
DEBUG ]: CWLSurface 55555e812260 called destroy()
DEBUG ]: Cleanup: removed 1 fadeouts
DEBUG ]: Hyprctl: new connection from pid 304
DEBUG ]: Hyprland is stopping!
DEBUG ]: Hyprctl: dispatcher exit : 
DEBUG ]: Kicked off the event loop! :(
DEBUG ]: [executor] Executing systemctl --user unset-environment DISPLAY WAYLAND_DISPLAY HYPRLAND_INSTANCE_SIGNATURE XDG_CURRENT_DESKTOP QT_QPA_PLATFORMTHEME PATH XDG_DATA_DIRS && hash dbus-update-activation-environment 2>/dev/null && dbus-update-activation-environment --systemd WAYLAND_DISPLAY XDG_CURRENT_DESKTOP HYPRLAND_INSTANCE_SIGNATURE QT_QPA_PLATFORMTHEME PATH XDG_DATA_DIRS
DEBUG ]: [executor] Process created with pid 305
DEBUG ]: Monitor Virtual-1 -> destroyed all render data
DEBUG ]: Disconnecting XCB connection 55555e7fe690
DEBUG ]: Destroying workspace ID 1
DEBUG ]: Hyprland has reached the end.
