+ git rev-parse HEAD
347dc59d60fa7e77cec58b14a36bcc8adb88db8d
+ python3 -m py_compile tools/virgl-pairs/native.py tools/virgl-pairs/receipt.py tools/virgl-pairs/cold.py
+ node --check renderer/virgl-command/state.mjs
+ node --check renderer/virgl-shader/tests/pairs.mjs
+ node --check renderer/virgl-command/tests/flat-pairs.mjs
+ node --check tools/verify-virgl-pairs.mjs
+ VIRGL_COMPONENT_EVIDENCE_DIR=/Users/blamy/.codex/worktrees/mips-throughput/wasm-vm/evidence/virgl-raw-bits/worker/regression/regression/components
+ bash tools/verify-virgl-components.sh
+ git rev-parse HEAD
347dc59d60fa7e77cec58b14a36bcc8adb88db8d
+ python3 -m py_compile tools/virgl-components/native.py tools/virgl-components/receipt.py tools/virgl-components/cold.py
+ node --check renderer/virgl-shader/tests/components.mjs
+ node --check tools/verify-virgl-components.mjs
+ VIRGL_CAPTURED_SHADER_EVIDENCE_DIR=/Users/blamy/.codex/worktrees/mips-throughput/wasm-vm/evidence/virgl-raw-bits/worker/regression/regression/components/regression
+ bash tools/verify-virgl-captured-shaders.sh
+ git rev-parse HEAD
347dc59d60fa7e77cec58b14a36bcc8adb88db8d
+ python3 -m py_compile tools/virgl-captured-shaders/native.py tools/virgl-captured-shaders/receipt.py tools/virgl-contract/verify.py
+ python3 -m unittest discover -s tools/virgl-contract -p 'test_*.py' -v
test_caps_precise_and_depth_overclaims_rejected (test_verify.ContractGate) ... ok
test_component_execution_scope_cannot_move_between_originals (test_verify.ContractGate) ... ok
test_flat_execution_scope_is_bound_to_original_fragment (test_verify.ContractGate) ... ok
test_missing_opcode_and_false_support_rejected (test_verify.ContractGate) ... ok
test_stale_source_and_duplicate_json_fail (test_verify.ContractGate) ... ok
test_unqualified_browser_and_insufficient_ubo_rejected (test_verify.ContractGate) ... ok

----------------------------------------------------------------------
Ran 6 tests in 0.034s

OK
+ node --check tools/lib/virgl-browser-runner.mjs
+ node --check tools/verify-virgl-shader.mjs
+ node --check tools/verify-virgl-captured-shaders.mjs
+ node --check renderer/virgl-shader/tests/captured-textured-scene.mjs
+ bash renderer/virgl-shader/build.sh guard-check
Pinned virglrenderer 1.3.0: 70 source/generated SHA-256 hashes match
+ bash renderer/virgl-shader/build.sh native
Pinned virglrenderer 1.3.0: 70 source/generated SHA-256 hashes match
+ bash renderer/virgl-shader/build.sh sanitize
Pinned virglrenderer 1.3.0: 70 source/generated SHA-256 hashes match
vendor/src/vrend/vrend_shader.c:4717:13: warning: 'sprintf' is deprecated: This function is provided for compatibility reasons only.  Due to security concerns inherent in the design of sprintf(3), it is highly recommended that you use snprintf(3) instead. [-Wdeprecated-declarations]
 4717 |             sprintf(arrayname, "[addr%d]", src->DimIndirect.Index);
      |             ^
/Applications/Xcode.app/Contents/Developer/Platforms/MacOSX.platform/Developer/SDKs/MacOSX.sdk/usr/include/_stdio.h:278:1: note: 'sprintf' has been explicitly marked deprecated here
  278 | __deprecated_msg("This function is provided for compatibility reasons only.  Due to security concerns inherent in the design of sprintf(3), it is highly recommended that you use snprintf(3) instead.")
      | ^
/Applications/Xcode.app/Contents/Developer/Platforms/MacOSX.platform/Developer/SDKs/MacOSX.sdk/usr/include/sys/cdefs.h:227:48: note: expanded from macro '__deprecated_msg'
  227 |         #define __deprecated_msg(_msg) __attribute__((__deprecated__(_msg)))
      |                                                       ^
vendor/src/vrend/vrend_shader.c:4719:13: warning: 'sprintf' is deprecated: This function is provided for compatibility reasons only.  Due to security concerns inherent in the design of sprintf(3), it is highly recommended that you use snprintf(3) instead. [-Wdeprecated-declarations]
 4719 |             sprintf(arrayname, "[%d]", src->Dimension.Index);
      |             ^
/Applications/Xcode.app/Contents/Developer/Platforms/MacOSX.platform/Developer/SDKs/MacOSX.sdk/usr/include/_stdio.h:278:1: note: 'sprintf' has been explicitly marked deprecated here
  278 | __deprecated_msg("This function is provided for compatibility reasons only.  Due to security concerns inherent in the design of sprintf(3), it is highly recommended that you use snprintf(3) instead.")
      | ^
/Applications/Xcode.app/Contents/Developer/Platforms/MacOSX.platform/Developer/SDKs/MacOSX.sdk/usr/include/sys/cdefs.h:227:48: note: expanded from macro '__deprecated_msg'
  227 |         #define __deprecated_msg(_msg) __attribute__((__deprecated__(_msg)))
      |                                                       ^
vendor/src/vrend/vrend_shader.c:7349:16: warning: 'sprintf' is deprecated: This function is provided for compatibility reasons only.  Due to security concerns inherent in the design of sprintf(3), it is highly recommended that you use snprintf(3) instead. [-Wdeprecated-declarations]
 7349 |                sprintf(prefix, "layout(location = %d)", ctx->outputs[i].sid);
      |                ^
/Applications/Xcode.app/Contents/Developer/Platforms/MacOSX.platform/Developer/SDKs/MacOSX.sdk/usr/include/_stdio.h:278:1: note: 'sprintf' has been explicitly marked deprecated here
  278 | __deprecated_msg("This function is provided for compatibility reasons only.  Due to security concerns inherent in the design of sprintf(3), it is highly recommended that you use snprintf(3) instead.")
      | ^
/Applications/Xcode.app/Contents/Developer/Platforms/MacOSX.platform/Developer/SDKs/MacOSX.sdk/usr/include/sys/cdefs.h:227:48: note: expanded from macro '__deprecated_msg'
  227 |         #define __deprecated_msg(_msg) __attribute__((__deprecated__(_msg)))
      |                                                       ^
3 warnings generated.
seed=63dc19b1 mutations=1024 recovery=1024 passed
seed=e687af04 mutations=1024 recovery=1024 passed
seed=591ef830 mutations=1024 recovery=1024 passed
seed=1ad290c7 mutations=1024 recovery=1024 passed
PASS calls=8769 mutations_accepted=1 mutations_rejected=4095 bounded_errors_and_recovery=true
+ bash renderer/virgl-shader/build.sh captured-sanitize
Pinned virglrenderer 1.3.0: 70 source/generated SHA-256 hashes match
vendor/src/vrend/vrend_shader.c:4717:13: warning: 'sprintf' is deprecated: This function is provided for compatibility reasons only.  Due to security concerns inherent in the design of sprintf(3), it is highly recommended that you use snprintf(3) instead. [-Wdeprecated-declarations]
 4717 |             sprintf(arrayname, "[addr%d]", src->DimIndirect.Index);
      |             ^
/Applications/Xcode.app/Contents/Developer/Platforms/MacOSX.platform/Developer/SDKs/MacOSX.sdk/usr/include/_stdio.h:278:1: note: 'sprintf' has been explicitly marked deprecated here
  278 | __deprecated_msg("This function is provided for compatibility reasons only.  Due to security concerns inherent in the design of sprintf(3), it is highly recommended that you use snprintf(3) instead.")
      | ^
/Applications/Xcode.app/Contents/Developer/Platforms/MacOSX.platform/Developer/SDKs/MacOSX.sdk/usr/include/sys/cdefs.h:227:48: note: expanded from macro '__deprecated_msg'
  227 |         #define __deprecated_msg(_msg) __attribute__((__deprecated__(_msg)))
      |                                                       ^
vendor/src/vrend/vrend_shader.c:4719:13: warning: 'sprintf' is deprecated: This function is provided for compatibility reasons only.  Due to security concerns inherent in the design of sprintf(3), it is highly recommended that you use snprintf(3) instead. [-Wdeprecated-declarations]
 4719 |             sprintf(arrayname, "[%d]", src->Dimension.Index);
      |             ^
/Applications/Xcode.app/Contents/Developer/Platforms/MacOSX.platform/Developer/SDKs/MacOSX.sdk/usr/include/_stdio.h:278:1: note: 'sprintf' has been explicitly marked deprecated here
  278 | __deprecated_msg("This function is provided for compatibility reasons only.  Due to security concerns inherent in the design of sprintf(3), it is highly recommended that you use snprintf(3) instead.")
      | ^
/Applications/Xcode.app/Contents/Developer/Platforms/MacOSX.platform/Developer/SDKs/MacOSX.sdk/usr/include/sys/cdefs.h:227:48: note: expanded from macro '__deprecated_msg'
  227 |         #define __deprecated_msg(_msg) __attribute__((__deprecated__(_msg)))
      |                                                       ^
vendor/src/vrend/vrend_shader.c:7349:16: warning: 'sprintf' is deprecated: This function is provided for compatibility reasons only.  Due to security concerns inherent in the design of sprintf(3), it is highly recommended that you use snprintf(3) instead. [-Wdeprecated-declarations]
 7349 |                sprintf(prefix, "layout(location = %d)", ctx->outputs[i].sid);
      |                ^
/Applications/Xcode.app/Contents/Developer/Platforms/MacOSX.platform/Developer/SDKs/MacOSX.sdk/usr/include/_stdio.h:278:1: note: 'sprintf' has been explicitly marked deprecated here
  278 | __deprecated_msg("This function is provided for compatibility reasons only.  Due to security concerns inherent in the design of sprintf(3), it is highly recommended that you use snprintf(3) instead.")
      | ^
/Applications/Xcode.app/Contents/Developer/Platforms/MacOSX.platform/Developer/SDKs/MacOSX.sdk/usr/include/sys/cdefs.h:227:48: note: expanded from macro '__deprecated_msg'
  227 |         #define __deprecated_msg(_msg) __attribute__((__deprecated__(_msg)))
      |                                                       ^
3 warnings generated.
+ python3 tools/virgl-captured-shaders/native.py --binary renderer/virgl-shader/build/captured-sanitize/captured-test --output /Users/blamy/.codex/worktrees/mips-throughput/wasm-vm/evidence/virgl-raw-bits/worker/regression/regression/components/regression/native
captured_stage=0 bytes=256 accepted=true
captured_stage=1 bytes=261 accepted=true
negative=reversed-temp-range rejected recovery=2
negative=oversized-temp-range rejected recovery=2
negative=negative-temp-range rejected recovery=2
negative=overflow-temp-range rejected recovery=2
negative=long-temp-range rejected recovery=2
negative=missing-temp-range-end rejected recovery=2
negative=bad-temp-range-separator rejected recovery=2
negative=nested-temp-range rejected recovery=2
negative=overlapping-temp-ranges rejected recovery=2
negative=range-overlaps-prior-scalar rejected recovery=2
negative=scalar-overlaps-prior-range rejected recovery=2
negative=duplicate-temp-range rejected recovery=2
negative=overlapping-const-range rejected recovery=2
negative=input-range-remains-rejected rejected recovery=2
negative=output-range-remains-rejected rejected recovery=2
negative=address-register-remains-rejected rejected recovery=2
negative=sampler-range-remains-rejected rejected recovery=2
negative=view-range-remains-rejected rejected recovery=2
negative=generic-declaration-mask-x rejected recovery=2
negative=generic-declaration-mask-y rejected recovery=2
negative=generic-declaration-mask-z rejected recovery=2
negative=generic-declaration-mask-w rejected recovery=2
negative=generic-xyz-full-write-undeclared-w rejected recovery=2
negative=generic-declaration-mask-xyzw rejected recovery=2
negative=generic-declaration-mask-yx rejected recovery=2
negative=generic-declaration-mask-xyy rejected recovery=2
negative=attribute-mask rejected recovery=2
negative=position-mask rejected recovery=2
negative=temporary-mask rejected recovery=2
negative=constant-mask rejected recovery=2
negative=color-mask rejected recovery=2
negative=sampler-mask rejected recovery=2
negative=view-mask rejected recovery=2
negative=partial-temp-write-xy-then-unwritten-read rejected recovery=2
negative=partial-temp-write-z-then-unwritten-read rejected recovery=2
negative=partial-temp-write-w-then-unwritten-read rejected recovery=2
negative=partial-temp-write-xyzw rejected recovery=2
negative=incomplete-output-mask-x rejected recovery=2
negative=incomplete-output-mask-y rejected recovery=2
negative=unsupported-output-mask-zw rejected recovery=2
negative=incomplete-output-mask-xyz rejected recovery=2
negative=unsupported-output-mask-xyzw rejected recovery=2
negative=unsupported-output-mask-xx rejected recovery=2
negative=unsupported-output-mask-yx rejected recovery=2
negative=masked-add-output-missing-second-source-lanes rejected recovery=2
negative=masked-mul-output-missing-second-source-lanes rejected recovery=2
negative=masked-mad-output rejected recovery=2
negative=masked-tex-output rejected recovery=2
negative=read-unwritten-range-first rejected recovery=2
negative=read-unwritten-range-last rejected recovery=2
negative=write-undeclared-output-component rejected recovery=2
negative=missing-position-w rejected recovery=2
negative=missing-position-z rejected recovery=2
negative=missing-position-xy rejected recovery=2
negative=missing-generic-xy rejected recovery=2
negative=missing-full-generic-w rejected recovery=2
negative=missing-color-w rejected recovery=2
negative=implicit-undeclared-generic-components rejected recovery=2
negative=swizzled-undeclared-generic-z rejected recovery=2
negative=swizzled-undeclared-generic-w rejected recovery=2
negative=consumed-swizzle-lane-remains-bounded rejected recovery=2
negative=malformed-swizzle-x rejected recovery=2
negative=malformed-swizzle-xy rejected recovery=2
negative=malformed-swizzle-xyz rejected recovery=2
negative=malformed-swizzle-xyzwx rejected recovery=2
negative=malformed-swizzle-qxyz rejected recovery=2
negative=malformed-swizzle-rgba rejected recovery=2
negative=malformed-swizzle-XYZW rejected recovery=2
negative=malformed-swizzle-empty rejected recovery=2
negative=swizzled-sampler rejected recovery=2
negative=uint32-overflow rejected recovery=2
negative=uint32-long rejected recovery=2
negative=uint32-long-leading-zeroes rejected recovery=2
negative=uint32-negative rejected recovery=2
negative=uint32-plus-sign rejected recovery=2
negative=uint32-hex rejected recovery=2
negative=uint32-exponent rejected recovery=2
negative=uint32-decimal-point rejected recovery=2
negative=uint32-text-nan rejected recovery=2
negative=uint32-qnan rejected recovery=2
negative=uint32-negative-qnan rejected recovery=2
negative=uint32-infinity rejected recovery=2
negative=uint32-negative-infinity rejected recovery=2
negative=uint32-subnormal-min rejected recovery=2
negative=uint32-subnormal-max rejected recovery=2
negative=uint32-negative-subnormal-min rejected recovery=2
negative=uint32-negative-subnormal-max rejected recovery=2
negative=uint32-above-float-limit rejected recovery=2
negative=uint32-below-negative-float-limit rejected recovery=2
negative=uint32-max-finite rejected recovery=2
negative=uint32-too-few-lanes rejected recovery=2
negative=uint32-too-many-lanes rejected recovery=2
negative=signed-integer-immediate rejected recovery=2
negative=property-zero rejected recovery=2
negative=property-two rejected recovery=2
negative=property-negative rejected recovery=2
negative=property-overflow rejected recovery=2
negative=property-leading-zero rejected recovery=2
negative=property-missing rejected recovery=2
negative=property-trailing rejected recovery=2
negative=property-equals rejected recovery=2
negative=duplicate-fragment-property rejected recovery=2
negative=vertex-fragment-property rejected recovery=2
negative=property-after-instruction rejected recovery=2
negative=unknown-property rejected recovery=2
negative=interpolation-linear rejected recovery=2
negative=unsupported-flat-centroid rejected recovery=2
negative=precise-remains-rejected rejected recovery=2
negative=loop-remains-rejected rejected recovery=2
negative=integer-opcode-remains-rejected rejected recovery=2
negative=indirect-source-remains-rejected rejected recovery=2
negative=key-override-remains-rejected rejected recovery=2
positive=temp-ranges count=36 singleton-and-endpoint-use=true
positive=source-swizzles count=256
positive=uint32-float-boundaries count=8
positive=component-masks count=2
truncations=517 complete_end_prefixes_accepted=2 recovery=1034
seed=18a9e24d captured_mutations=2048 recovery=4096 passed
seed=4c907fb3 captured_mutations=2048 recovery=4096 passed
seed=c31e7d82 captured_mutations=2048 recovery=4096 passed
seed=9b4260a5 captured_mutations=2048 recovery=4096 passed
mutations_accepted=4 mutations_rejected=8188
PASS calls=27371 positive_boundaries=302 negative_boundaries=112 exact_captured_recoveries=18246 sanitizer_suite=true
+ bash renderer/virgl-shader/build.sh wasm
Pinned virglrenderer 1.3.0: 70 source/generated SHA-256 hashes match
+ node tools/verify-virgl-shader.mjs --output /Users/blamy/.codex/worktrees/mips-throughput/wasm-vm/evidence/virgl-raw-bits/worker/regression/regression/components/regression/literal
E6-T10a: 9 hardware WebGL2 draws, 4336 exact pixels; 13 rejection cases and 416 recoveries passed.
+ node tools/verify-virgl-captured-shaders.mjs --output /Users/blamy/.codex/worktrees/mips-throughput/wasm-vm/evidence/virgl-raw-bits/worker/regression/regression/components/regression/captured
E6-T10d: 2 unmodified captured shaders, 3 indexed hardware draws, 768 exact pixels; 112 grammar attacks and 1792 valid recoveries passed. Guest 3D remains disabled.
+ node tools/verify-virgl-captured-shaders.mjs --output /Users/blamy/.codex/worktrees/mips-throughput/wasm-vm/evidence/virgl-raw-bits/worker/regression/regression/components/regression/sabotage --sabotage texture-texel
page.evaluate: Error: original-texture phase=0 pixel(4,4): expected [255,0,0,255], observed [0,0,0,255]
    at require (http://127.0.0.1:61484/renderer/virgl-shader/tests/captured-textured-scene.mjs:14:65)
    at equal (http://127.0.0.1:61484/renderer/virgl-shader/tests/captured-textured-scene.mjs:15:44)
    at renderPhases (http://127.0.0.1:61484/renderer/virgl-shader/tests/captured-textured-scene.mjs:204:11)
    at async runAcceptance (http://127.0.0.1:61484/renderer/virgl-shader/tests/captured-textured-scene.mjs:243:3)
    at async eval (eval at evaluate (:234:30), <anonymous>:3:14)
    at async <anonymous>:260:30
    at runVirglBrowser (/Users/blamy/.codex/worktrees/mips-throughput/wasm-vm/tools/lib/virgl-browser-runner.mjs:145:57)
    at /Users/blamy/.codex/worktrees/mips-throughput/wasm-vm/async file:/Users/blamy/.codex/worktrees/mips-throughput/wasm-vm/tools/verify-virgl-captured-shaders.mjs:9:1
+ node tools/verify-virgl-contract-browser.mjs --output /Users/blamy/.codex/worktrees/mips-throughput/wasm-vm/evidence/virgl-raw-bits/worker/regression/regression/components/regression/contract/browser
E6-T10c: 9 translated literal draws, 4336 exact pixels; actual WebGL2 limits and 4 explicit GLSL API probes passed. Guest 3D remains disabled.
+ python3 tools/virgl-contract/verify.py --browser-report /Users/blamy/.codex/worktrees/mips-throughput/wasm-vm/evidence/virgl-raw-bits/worker/regression/regression/components/regression/contract/browser/report.json --output /Users/blamy/.codex/worktrees/mips-throughput/wasm-vm/evidence/virgl-raw-bits/worker/regression/regression/components/regression/contract/receipt.json
{"featureCounts": {"apiCalls": 17, "objects": 8, "opcodes": 33, "resourceFormats": 9, "shaderInstructions": 37, "shaderStageCounts": 2}, "shaderOutcomes": {"translated": 12, "unsupported-feature": 7}, "status": "passed", "vertexFormats": {"29": 10, "30": 6}}
+ python3 tools/virgl-captured-shaders/receipt.py /Users/blamy/.codex/worktrees/mips-throughput/wasm-vm/evidence/virgl-raw-bits/worker/regression/regression/components/regression
E6-T10d acceptance passed: 2 captured shaders / 3 phases / 768 pixels; literal, native, Wasm, corpus and sabotage gates passed.
+ bash renderer/virgl-shader/build.sh component-sanitize
Pinned virglrenderer 1.3.0: 70 source/generated SHA-256 hashes match
vendor/src/vrend/vrend_shader.c:4717:13: warning: 'sprintf' is deprecated: This function is provided for compatibility reasons only.  Due to security concerns inherent in the design of sprintf(3), it is highly recommended that you use snprintf(3) instead. [-Wdeprecated-declarations]
 4717 |             sprintf(arrayname, "[addr%d]", src->DimIndirect.Index);
      |             ^
/Applications/Xcode.app/Contents/Developer/Platforms/MacOSX.platform/Developer/SDKs/MacOSX.sdk/usr/include/_stdio.h:278:1: note: 'sprintf' has been explicitly marked deprecated here
  278 | __deprecated_msg("This function is provided for compatibility reasons only.  Due to security concerns inherent in the design of sprintf(3), it is highly recommended that you use snprintf(3) instead.")
      | ^
/Applications/Xcode.app/Contents/Developer/Platforms/MacOSX.platform/Developer/SDKs/MacOSX.sdk/usr/include/sys/cdefs.h:227:48: note: expanded from macro '__deprecated_msg'
  227 |         #define __deprecated_msg(_msg) __attribute__((__deprecated__(_msg)))
      |                                                       ^
vendor/src/vrend/vrend_shader.c:4719:13: warning: 'sprintf' is deprecated: This function is provided for compatibility reasons only.  Due to security concerns inherent in the design of sprintf(3), it is highly recommended that you use snprintf(3) instead. [-Wdeprecated-declarations]
 4719 |             sprintf(arrayname, "[%d]", src->Dimension.Index);
      |             ^
/Applications/Xcode.app/Contents/Developer/Platforms/MacOSX.platform/Developer/SDKs/MacOSX.sdk/usr/include/_stdio.h:278:1: note: 'sprintf' has been explicitly marked deprecated here
  278 | __deprecated_msg("This function is provided for compatibility reasons only.  Due to security concerns inherent in the design of sprintf(3), it is highly recommended that you use snprintf(3) instead.")
      | ^
/Applications/Xcode.app/Contents/Developer/Platforms/MacOSX.platform/Developer/SDKs/MacOSX.sdk/usr/include/sys/cdefs.h:227:48: note: expanded from macro '__deprecated_msg'
  227 |         #define __deprecated_msg(_msg) __attribute__((__deprecated__(_msg)))
      |                                                       ^
vendor/src/vrend/vrend_shader.c:7349:16: warning: 'sprintf' is deprecated: This function is provided for compatibility reasons only.  Due to security concerns inherent in the design of sprintf(3), it is highly recommended that you use snprintf(3) instead. [-Wdeprecated-declarations]
 7349 |                sprintf(prefix, "layout(location = %d)", ctx->outputs[i].sid);
      |                ^
/Applications/Xcode.app/Contents/Developer/Platforms/MacOSX.platform/Developer/SDKs/MacOSX.sdk/usr/include/_stdio.h:278:1: note: 'sprintf' has been explicitly marked deprecated here
  278 | __deprecated_msg("This function is provided for compatibility reasons only.  Due to security concerns inherent in the design of sprintf(3), it is highly recommended that you use snprintf(3) instead.")
      | ^
/Applications/Xcode.app/Contents/Developer/Platforms/MacOSX.platform/Developer/SDKs/MacOSX.sdk/usr/include/sys/cdefs.h:227:48: note: expanded from macro '__deprecated_msg'
  227 |         #define __deprecated_msg(_msg) __attribute__((__deprecated__(_msg)))
      |                                                       ^
3 warnings generated.
+ python3 tools/virgl-components/native.py --binary renderer/virgl-shader/build/component-sanitize/component-test --output /Users/blamy/.codex/worktrees/mips-throughput/wasm-vm/evidence/virgl-raw-bits/worker/regression/regression/components/native
ORIGINAL 0 {"ok":true,"glsl":"#version 300 es\u000aprecision highp float;\u000aprecision highp int;\u000a smooth    in  vec4 vso_g0;\u000alayout (location=0) out vec4 fsout_c0;\u000a vec4 temp0;\u000a vec4 temp1;\u000a vec4 temp2;\u000a vec4 temp3;\u000a vec4 temp4;\u000a vec4 temp5;\u000a vec4 temp6;\u000auniform highp  sampler2D fssamp0;\u000avoid main(void)\u000a{\u000atemp1.xy = vec2(((vso_g0.yzxx).xy));\u000atemp2 = vec4((texture(fssamp0,  vec4(temp1).xyxx .xy)));\u000atemp0.x = float(((vso_g0.xxxx).x));\u000atemp0.y = float((uintBitsToFloat(uvec4(1065353216U,1065353216U,1065353216U,1065353216U)).y));\u000afsout_c0 = vec4((( vec4(temp0).xxxy  *  vec4(temp2) )));\u000a}\u000a","metadata":{"profile":"virgl-webgl2-straight-line-v5","stage":"fragment","inputs":[{"index":0,"name":"vso_g0","type":"vec4","semantic":"GENERIC","semanticIndex":0,"componentMask":7,"interpolation":"smooth"}],"outputs":[{"index":0,"name":"fsout_c0","type":"vec4","semantic":"COLOR","semanticIndex":0,"componentMask":15,"writtenMask":15}],"attributes":[],"uniforms":[],"samplers":[{"index":0,"name":"fssamp0","type":"sampler2D"}],"uniformBlocks":[]}}
ORIGINAL 1 {"ok":true,"glsl":"#version 300 es\u000aprecision highp float;\u000aprecision highp int;\u000a smooth    in  vec4 vso_g0;\u000alayout (location=0) out vec4 fsout_c0;\u000a vec4 temp0;\u000a vec4 temp1;\u000a vec4 temp2;\u000a vec4 temp3;\u000a vec4 temp4;\u000a vec4 temp5;\u000a vec4 temp6;\u000auniform highp  sampler2D fssamp0;\u000avoid main(void)\u000a{\u000atemp1.xy = vec2(((vso_g0.yzxx).xy));\u000atemp2 = vec4((texture(fssamp0,  vec4(temp1).xyxx .xy)));\u000atemp0.x = float(((vso_g0.xxxx).x));\u000atemp0.y = float((uintBitsToFloat(uvec4(1065353216U,1065353216U,1065353216U,1065353216U)).y));\u000afsout_c0 = vec4((( vec4(temp2)  *  vec4(temp0).xxxy )));\u000a}\u000a","metadata":{"profile":"virgl-webgl2-straight-line-v5","stage":"fragment","inputs":[{"index":0,"name":"vso_g0","type":"vec4","semantic":"GENERIC","semanticIndex":0,"componentMask":7,"interpolation":"smooth"}],"outputs":[{"index":0,"name":"fsout_c0","type":"vec4","semantic":"COLOR","semanticIndex":0,"componentMask":15,"writtenMask":15}],"attributes":[],"uniforms":[],"samplers":[{"index":0,"name":"fssamp0","type":"sampler2D"}],"uniformBlocks":[]}}
ORIGINAL 2 {"ok":true,"glsl":"#version 300 es\u000aprecision highp float;\u000aprecision highp int;\u000ain vec4 in_0;\u000ain vec4 in_1;\u000a   out  vec4 vso_g0;\u000a vec4 temp0;\u000a vec4 temp1;\u000a vec4 temp2;\u000a vec4 temp3;\u000a vec4 temp4;\u000a vec4 temp5;\u000a vec4 temp6;\u000auniform uvec4 vsconst0[3];\u000alayout (std140) uniform VirglBlock {\u000a\u0009vec4 clipp[8];\u000a\u0009uint stipple_pattern[32];\u000a\u0009float winsys_adjust_y;\u000a\u0009float alpha_ref_val;\u000a\u0009bool clip_plane_enabled;\u000a\u0009int drawid_base;\u000a};\u000avoid main(void)\u000a{\u000atemp0.xyz = vec3(((uintBitsToFloat(vsconst0[0].xyzz) * (in_0.xxxx))).xyz);\u000atemp1.xyz = vec3(((uintBitsToFloat(vsconst0[1].xyzz) * (in_0.yyyx))).xyz);\u000atemp2.xyz = vec3((( vec4(temp0).xyzx  + uintBitsToFloat(vsconst0[2].xyzx))).xyz);\u000agl_Position.xyz = vec3((( vec4(temp2).xyzx  +  vec4(temp1).xyzx )).xyz);\u000agl_Position.w = float((uintBitsToFloat(uvec4(1065353216U,1065353216U,1065353216U,1065353216U)).w));\u000avso_g0.xy = vec2(((in_1.xyxx).xy));\u000agl_Position.y = gl_Position.y * winsys_adjust_y;\u000a}\u000a","metadata":{"profile":"virgl-webgl2-straight-line-v5","stage":"vertex","inputs":[{"index":0,"name":"in_0","type":"vec4","semantic":"ATTRIBUTE","semanticIndex":0,"componentMask":15},{"index":1,"name":"in_1","type":"vec4","semantic":"ATTRIBUTE","semanticIndex":0,"componentMask":15}],"outputs":[{"index":0,"name":"gl_Position","type":"vec4","semantic":"POSITION","semanticIndex":0,"componentMask":15,"writtenMask":15},{"index":1,"name":"vso_g0","type":"vec4","semantic":"GENERIC","semanticIndex":0,"componentMask":3,"writtenMask":3,"interpolation":"smooth"}],"attributes":[{"index":0,"name":"in_0","type":"vec4","semantic":"ATTRIBUTE","semanticIndex":0,"componentMask":15},{"index":1,"name":"in_1","type":"vec4","semantic":"ATTRIBUTE","semanticIndex":0,"componentMask":15}],"uniforms":[{"name":"vsconst0","type":"uvec4[]","count":3,"encoding":"float32-bits"}],"samplers":[],"uniformBlocks":[{"name":"VirglBlock","byteLength":656,"members":[{"name":"winsys_adjust_y","offset":640,"type":"float","default":1}]}]}}
ORIGINAL 3 {"ok":true,"glsl":"#version 300 es\u000aprecision highp float;\u000aprecision highp int;\u000ain vec4 in_0;\u000a vec4 temp0;\u000a vec4 temp1;\u000a vec4 temp2;\u000a vec4 temp3;\u000a vec4 temp4;\u000a vec4 temp5;\u000a vec4 temp6;\u000a vec4 temp7;\u000a vec4 temp8;\u000a vec4 temp9;\u000auniform uvec4 vsconst0[4];\u000alayout (std140) uniform VirglBlock {\u000a\u0009vec4 clipp[8];\u000a\u0009uint stipple_pattern[32];\u000a\u0009float winsys_adjust_y;\u000a\u0009float alpha_ref_val;\u000a\u0009bool clip_plane_enabled;\u000a\u0009int drawid_base;\u000a};\u000avoid main(void)\u000a{\u000atemp0 = vec4(((uintBitsToFloat(vsconst0[0]) * (in_0.xxxx))));\u000atemp1 = vec4(((uintBitsToFloat(vsconst0[1]) * (in_0.yyyy))));\u000atemp2 = vec4((( vec4(temp1)  +  vec4(temp0) )));\u000atemp3 = vec4(((uintBitsToFloat(vsconst0[2]) * (in_0.zzzz))));\u000atemp4 = vec4((( vec4(temp3)  +  vec4(temp2) )));\u000atemp5 = vec4(((uintBitsToFloat(vsconst0[3]) * (in_0.wwww))));\u000agl_Position = vec4((( vec4(temp5)  +  vec4(temp4) )));\u000agl_Position.y = gl_Position.y * winsys_adjust_y;\u000a}\u000a","metadata":{"profile":"virgl-webgl2-straight-line-v5","stage":"vertex","inputs":[{"index":0,"name":"in_0","type":"vec4","semantic":"ATTRIBUTE","semanticIndex":0,"componentMask":15}],"outputs":[{"index":0,"name":"gl_Position","type":"vec4","semantic":"POSITION","semanticIndex":0,"componentMask":15,"writtenMask":15}],"attributes":[{"index":0,"name":"in_0","type":"vec4","semantic":"ATTRIBUTE","semanticIndex":0,"componentMask":15}],"uniforms":[{"name":"vsconst0","type":"uvec4[]","count":4,"encoding":"float32-bits"}],"samplers":[],"uniformBlocks":[{"name":"VirglBlock","byteLength":656,"members":[{"name":"winsys_adjust_y","offset":640,"type":"float","default":1}]}]}}
BOUNDARY 0 {"ok":true,"glsl":"#version 300 es\u000aprecision highp float;\u000aprecision highp int;\u000ain vec4 in_0;\u000a vec4 temp0;\u000alayout (std140) uniform VirglBlock {\u000a\u0009vec4 clipp[8];\u000a\u0009uint stipple_pattern[32];\u000a\u0009float winsys_adjust_y;\u000a\u0009float alpha_ref_val;\u000a\u0009bool clip_plane_enabled;\u000a\u0009int drawid_base;\u000a};\u000avoid main(void)\u000a{\u000atemp0 = vec4(((in_0)));\u000atemp0 = vec4(( vec4(temp0) ));\u000agl_Position = vec4(( vec4(temp0) ));\u000agl_Position.y = gl_Position.y * winsys_adjust_y;\u000a}\u000a","metadata":{"profile":"virgl-webgl2-straight-line-v5","stage":"vertex","inputs":[{"index":0,"name":"in_0","type":"vec4","semantic":"ATTRIBUTE","semanticIndex":0,"componentMask":15}],"outputs":[{"index":0,"name":"gl_Position","type":"vec4","semantic":"POSITION","semanticIndex":0,"componentMask":15,"writtenMask":15}],"attributes":[{"index":0,"name":"in_0","type":"vec4","semantic":"ATTRIBUTE","semanticIndex":0,"componentMask":15}],"uniforms":[],"samplers":[],"uniformBlocks":[{"name":"VirglBlock","byteLength":656,"members":[{"name":"winsys_adjust_y","offset":640,"type":"float","default":1}]}]}}
BOUNDARY 1 {"ok":true,"glsl":"#version 300 es\u000aprecision highp float;\u000aprecision highp int;\u000ain vec4 in_0;\u000a vec4 temp0;\u000a vec4 temp1;\u000alayout (std140) uniform VirglBlock {\u000a\u0009vec4 clipp[8];\u000a\u0009uint stipple_pattern[32];\u000a\u0009float winsys_adjust_y;\u000a\u0009float alpha_ref_val;\u000a\u0009bool clip_plane_enabled;\u000a\u0009int drawid_base;\u000a};\u000avoid main(void)\u000a{\u000atemp0 = vec4(((in_0)));\u000atemp1 = vec4(( vec4(temp0) ));\u000agl_Position = vec4(( vec4(temp1) ));\u000agl_Position.y = gl_Position.y * winsys_adjust_y;\u000a}\u000a","metadata":{"profile":"virgl-webgl2-straight-line-v5","stage":"vertex","inputs":[{"index":0,"name":"in_0","type":"vec4","semantic":"ATTRIBUTE","semanticIndex":0,"componentMask":15}],"outputs":[{"index":0,"name":"gl_Position","type":"vec4","semantic":"POSITION","semanticIndex":0,"componentMask":15,"writtenMask":15}],"attributes":[{"index":0,"name":"in_0","type":"vec4","semantic":"ATTRIBUTE","semanticIndex":0,"componentMask":15}],"uniforms":[],"samplers":[],"uniformBlocks":[{"name":"VirglBlock","byteLength":656,"members":[{"name":"winsys_adjust_y","offset":640,"type":"float","default":1}]}]}}
BOUNDARY 2 {"ok":true,"glsl":"#version 300 es\u000aprecision highp float;\u000aprecision highp int;\u000ain vec4 in_0;\u000a vec4 temp0;\u000a vec4 temp1;\u000a vec4 temp2;\u000alayout (std140) uniform VirglBlock {\u000a\u0009vec4 clipp[8];\u000a\u0009uint stipple_pattern[32];\u000a\u0009float winsys_adjust_y;\u000a\u0009float alpha_ref_val;\u000a\u0009bool clip_plane_enabled;\u000a\u0009int drawid_base;\u000a};\u000avoid main(void)\u000a{\u000atemp0 = vec4(((in_0)));\u000atemp2 = vec4(( vec4(temp0) ));\u000agl_Position = vec4(( vec4(temp2) ));\u000agl_Position.y = gl_Position.y * winsys_adjust_y;\u000a}\u000a","metadata":{"profile":"virgl-webgl2-straight-line-v5","stage":"vertex","inputs":[{"index":0,"name":"in_0","type":"vec4","semantic":"ATTRIBUTE","semanticIndex":0,"componentMask":15}],"outputs":[{"index":0,"name":"gl_Position","type":"vec4","semantic":"POSITION","semanticIndex":0,"componentMask":15,"writtenMask":15}],"attributes":[{"index":0,"name":"in_0","type":"vec4","semantic":"ATTRIBUTE","semanticIndex":0,"componentMask":15}],"uniforms":[],"samplers":[],"uniformBlocks":[{"name":"VirglBlock","byteLength":656,"members":[{"name":"winsys_adjust_y","offset":640,"type":"float","default":1}]}]}}
BOUNDARY 3 {"ok":true,"glsl":"#version 300 es\u000aprecision highp float;\u000aprecision highp int;\u000ain vec4 in_0;\u000a vec4 temp0;\u000a vec4 temp1;\u000a vec4 temp2;\u000a vec4 temp3;\u000alayout (std140) uniform VirglBlock {\u000a\u0009vec4 clipp[8];\u000a\u0009uint stipple_pattern[32];\u000a\u0009float winsys_adjust_y;\u000a\u0009float alpha_ref_val;\u000a\u0009bool clip_plane_enabled;\u000a\u0009int drawid_base;\u000a};\u000avoid main(void)\u000a{\u000atemp0 = vec4(((in_0)));\u000atemp3 = vec4(( vec4(temp0) ));\u000agl_Position = vec4(( vec4(temp3) ));\u000agl_Position.y = gl_Position.y * winsys_adjust_y;\u000a}\u000a","metadata":{"profile":"virgl-webgl2-straight-line-v5","stage":"vertex","inputs":[{"index":0,"name":"in_0","type":"vec4","semantic":"ATTRIBUTE","semanticIndex":0,"componentMask":15}],"outputs":[{"index":0,"name":"gl_Position","type":"vec4","semantic":"POSITION","semanticIndex":0,"componentMask":15,"writtenMask":15}],"attributes":[{"index":0,"name":"in_0","type":"vec4","semantic":"ATTRIBUTE","semanticIndex":0,"componentMask":15}],"uniforms":[],"samplers":[],"uniformBlocks":[{"name":"VirglBlock","byteLength":656,"members":[{"name":"winsys_adjust_y","offset":640,"type":"float","default":1}]}]}}
BOUNDARY 4 {"ok":true,"glsl":"#version 300 es\u000aprecision highp float;\u000aprecision highp int;\u000ain vec4 in_0;\u000a vec4 temp0;\u000a vec4 temp1;\u000a vec4 temp2;\u000a vec4 temp3;\u000a vec4 temp4;\u000alayout (std140) uniform VirglBlock {\u000a\u0009vec4 clipp[8];\u000a\u0009uint stipple_pattern[32];\u000a\u0009float winsys_adjust_y;\u000a\u0009float alpha_ref_val;\u000a\u0009bool clip_plane_enabled;\u000a\u0009int drawid_base;\u000a};\u000avoid main(void)\u000a{\u000atemp0 = vec4(((in_0)));\u000atemp4 = vec4(( vec4(temp0) ));\u000agl_Position = vec4(( vec4(temp4) ));\u000agl_Position.y = gl_Position.y * winsys_adjust_y;\u000a}\u000a","metadata":{"profile":"virgl-webgl2-straight-line-v5","stage":"vertex","inputs":[{"index":0,"name":"in_0","type":"vec4","semantic":"ATTRIBUTE","semanticIndex":0,"componentMask":15}],"outputs":[{"index":0,"name":"gl_Position","type":"vec4","semantic":"POSITION","semanticIndex":0,"componentMask":15,"writtenMask":15}],"attributes":[{"index":0,"name":"in_0","type":"vec4","semantic":"ATTRIBUTE","semanticIndex":0,"componentMask":15}],"uniforms":[],"samplers":[],"uniformBlocks":[{"name":"VirglBlock","byteLength":656,"members":[{"name":"winsys_adjust_y","offset":640,"type":"float","default":1}]}]}}
BOUNDARY 5 {"ok":true,"glsl":"#version 300 es\u000aprecision highp float;\u000aprecision highp int;\u000ain vec4 in_0;\u000a vec4 temp0;\u000a vec4 temp1;\u000a vec4 temp2;\u000a vec4 temp3;\u000a vec4 temp4;\u000a vec4 temp5;\u000alayout (std140) uniform VirglBlock {\u000a\u0009vec4 clipp[8];\u000a\u0009uint stipple_pattern[32];\u000a\u0009float winsys_adjust_y;\u000a\u0009float alpha_ref_val;\u000a\u0009bool clip_plane_enabled;\u000a\u0009int drawid_base;\u000a};\u000avoid main(void)\u000a{\u000atemp0 = vec4(((in_0)));\u000atemp5 = vec4(( vec4(temp0) ));\u000agl_Position = vec4(( vec4(temp5) ));\u000agl_Position.y = gl_Position.y * winsys_adjust_y;\u000a}\u000a","metadata":{"profile":"virgl-webgl2-straight-line-v5","stage":"vertex","inputs":[{"index":0,"name":"in_0","type":"vec4","semantic":"ATTRIBUTE","semanticIndex":0,"componentMask":15}],"outputs":[{"index":0,"name":"gl_Position","type":"vec4","semantic":"POSITION","semanticIndex":0,"componentMask":15,"writtenMask":15}],"attributes":[{"index":0,"name":"in_0","type":"vec4","semantic":"ATTRIBUTE","semanticIndex":0,"componentMask":15}],"uniforms":[],"samplers":[],"uniformBlocks":[{"name":"VirglBlock","byteLength":656,"members":[{"name":"winsys_adjust_y","offset":640,"type":"float","default":1}]}]}}
BOUNDARY 6 {"ok":true,"glsl":"#version 300 es\u000aprecision highp float;\u000aprecision highp int;\u000ain vec4 in_0;\u000a vec4 temp0;\u000a vec4 temp1;\u000a vec4 temp2;\u000a vec4 temp3;\u000a vec4 temp4;\u000a vec4 temp5;\u000a vec4 temp6;\u000alayout (std140) uniform VirglBlock {\u000a\u0009vec4 clipp[8];\u000a\u0009uint stipple_pattern[32];\u000a\u0009float winsys_adjust_y;\u000a\u0009float alpha_ref_val;\u000a\u0009bool clip_plane_enabled;\u000a\u0009int drawid_base;\u000a};\u000avoid main(void)\u000a{\u000atemp0 = vec4(((in_0)));\u000atemp6 = vec4(( vec4(temp0) ));\u000agl_Position = vec4(( vec4(temp6) ));\u000agl_Position.y = gl_Position.y * winsys_adjust_y;\u000a}\u000a","metadata":{"profile":"virgl-webgl2-straight-line-v5","stage":"vertex","inputs":[{"index":0,"name":"in_0","type":"vec4","semantic":"ATTRIBUTE","semanticIndex":0,"componentMask":15}],"outputs":[{"index":0,"name":"gl_Position","type":"vec4","semantic":"POSITION","semanticIndex":0,"componentMask":15,"writtenMask":15}],"attributes":[{"index":0,"name":"in_0","type":"vec4","semantic":"ATTRIBUTE","semanticIndex":0,"componentMask":15}],"uniforms":[],"samplers":[],"uniformBlocks":[{"name":"VirglBlock","byteLength":656,"members":[{"name":"winsys_adjust_y","offset":640,"type":"float","default":1}]}]}}
BOUNDARY 7 {"ok":true,"glsl":"#version 300 es\u000aprecision highp float;\u000aprecision highp int;\u000ain vec4 in_0;\u000a vec4 temp0;\u000a vec4 temp1;\u000a vec4 temp2;\u000a vec4 temp3;\u000a vec4 temp4;\u000a vec4 temp5;\u000a vec4 temp6;\u000a vec4 temp7;\u000alayout (std140) uniform VirglBlock {\u000a\u0009vec4 clipp[8];\u000a\u0009uint stipple_pattern[32];\u000a\u0009float winsys_adjust_y;\u000a\u0009float alpha_ref_val;\u000a\u0009bool clip_plane_enabled;\u000a\u0009int drawid_base;\u000a};\u000avoid main(void)\u000a{\u000atemp0 = vec4(((in_0)));\u000atemp7 = vec4(( vec4(temp0) ));\u000agl_Position = vec4(( vec4(temp7) ));\u000agl_Position.y = gl_Position.y * winsys_adjust_y;\u000a}\u000a","metadata":{"profile":"virgl-webgl2-straight-line-v5","stage":"vertex","inputs":[{"index":0,"name":"in_0","type":"vec4","semantic":"ATTRIBUTE","semanticIndex":0,"componentMask":15}],"outputs":[{"index":0,"name":"gl_Position","type":"vec4","semantic":"POSITION","semanticIndex":0,"componentMask":15,"writtenMask":15}],"attributes":[{"index":0,"name":"in_0","type":"vec4","semantic":"ATTRIBUTE","semanticIndex":0,"componentMask":15}],"uniforms":[],"samplers":[],"uniformBlocks":[{"name":"VirglBlock","byteLength":656,"members":[{"name":"winsys_adjust_y","offset":640,"type":"float","default":1}]}]}}
BOUNDARY 8 {"ok":true,"glsl":"#version 300 es\u000aprecision highp float;\u000aprecision highp int;\u000ain vec4 in_0;\u000a vec4 temp0;\u000a vec4 temp1;\u000a vec4 temp2;\u000a vec4 temp3;\u000a vec4 temp4;\u000a vec4 temp5;\u000a vec4 temp6;\u000a vec4 temp7;\u000a vec4 temp8;\u000alayout (std140) uniform VirglBlock {\u000a\u0009vec4 clipp[8];\u000a\u0009uint stipple_pattern[32];\u000a\u0009float winsys_adjust_y;\u000a\u0009float alpha_ref_val;\u000a\u0009bool clip_plane_enabled;\u000a\u0009int drawid_base;\u000a};\u000avoid main(void)\u000a{\u000atemp0 = vec4(((in_0)));\u000atemp8 = vec4(( vec4(temp0) ));\u000agl_Position = vec4(( vec4(temp8) ));\u000agl_Position.y = gl_Position.y * winsys_adjust_y;\u000a}\u000a","metadata":{"profile":"virgl-webgl2-straight-line-v5","stage":"vertex","inputs":[{"index":0,"name":"in_0","type":"vec4","semantic":"ATTRIBUTE","semanticIndex":0,"componentMask":15}],"outputs":[{"index":0,"name":"gl_Position","type":"vec4","semantic":"POSITION","semanticIndex":0,"componentMask":15,"writtenMask":15}],"attributes":[{"index":0,"name":"in_0","type":"vec4","semantic":"ATTRIBUTE","semanticIndex":0,"componentMask":15}],"uniforms":[],"samplers":[],"uniformBlocks":[{"name":"VirglBlock","byteLength":656,"members":[{"name":"winsys_adjust_y","offset":640,"type":"float","default":1}]}]}}
BOUNDARY 9 {"ok":true,"glsl":"#version 300 es\u000aprecision highp float;\u000aprecision highp int;\u000ain vec4 in_0;\u000a vec4 temp0;\u000a vec4 temp1;\u000a vec4 temp2;\u000a vec4 temp3;\u000a vec4 temp4;\u000a vec4 temp5;\u000a vec4 temp6;\u000a vec4 temp7;\u000a vec4 temp8;\u000a vec4 temp9;\u000alayout (std140) uniform VirglBlock {\u000a\u0009vec4 clipp[8];\u000a\u0009uint stipple_pattern[32];\u000a\u0009float winsys_adjust_y;\u000a\u0009float alpha_ref_val;\u000a\u0009bool clip_plane_enabled;\u000a\u0009int drawid_base;\u000a};\u000avoid main(void)\u000a{\u000atemp0 = vec4(((in_0)));\u000atemp9 = vec4(( vec4(temp0) ));\u000agl_Position = vec4(( vec4(temp9) ));\u000agl_Position.y = gl_Position.y * winsys_adjust_y;\u000a}\u000a","metadata":{"profile":"virgl-webgl2-straight-line-v5","stage":"vertex","inputs":[{"index":0,"name":"in_0","type":"vec4","semantic":"ATTRIBUTE","semanticIndex":0,"componentMask":15}],"outputs":[{"index":0,"name":"gl_Position","type":"vec4","semantic":"POSITION","semanticIndex":0,"componentMask":15,"writtenMask":15}],"attributes":[{"index":0,"name":"in_0","type":"vec4","semantic":"ATTRIBUTE","semanticIndex":0,"componentMask":15}],"uniforms":[],"samplers":[],"uniformBlocks":[{"name":"VirglBlock","byteLength":656,"members":[{"name":"winsys_adjust_y","offset":640,"type":"float","default":1}]}]}}
BOUNDARY 10 {"ok":true,"glsl":"#version 300 es\u000aprecision highp float;\u000aprecision highp int;\u000ain vec4 in_0;\u000a vec4 temp1;\u000alayout (std140) uniform VirglBlock {\u000a\u0009vec4 clipp[8];\u000a\u0009uint stipple_pattern[32];\u000a\u0009float winsys_adjust_y;\u000a\u0009float alpha_ref_val;\u000a\u0009bool clip_plane_enabled;\u000a\u0009int drawid_base;\u000a};\u000avoid main(void)\u000a{\u000atemp1 = vec4(((in_0)));\u000atemp1 = vec4(( vec4(temp1) ));\u000agl_Position = vec4(( vec4(temp1) ));\u000agl_Position.y = gl_Position.y * winsys_adjust_y;\u000a}\u000a","metadata":{"profile":"virgl-webgl2-straight-line-v5","stage":"vertex","inputs":[{"index":0,"name":"in_0","type":"vec4","semantic":"ATTRIBUTE","semanticIndex":0,"componentMask":15}],"outputs":[{"index":0,"name":"gl_Position","type":"vec4","semantic":"POSITION","semanticIndex":0,"componentMask":15,"writtenMask":15}],"attributes":[{"index":0,"name":"in_0","type":"vec4","semantic":"ATTRIBUTE","semanticIndex":0,"componentMask":15}],"uniforms":[],"samplers":[],"uniformBlocks":[{"name":"VirglBlock","byteLength":656,"members":[{"name":"winsys_adjust_y","offset":640,"type":"float","default":1}]}]}}
BOUNDARY 11 {"ok":true,"glsl":"#version 300 es\u000aprecision highp float;\u000aprecision highp int;\u000ain vec4 in_0;\u000a vec4 temp1;\u000a vec4 temp2;\u000alayout (std140) uniform VirglBlock {\u000a\u0009vec4 clipp[8];\u000a\u0009uint stipple_pattern[32];\u000a\u0009float winsys_adjust_y;\u000a\u0009float alpha_ref_val;\u000a\u0009bool clip_plane_enabled;\u000a\u0009int drawid_base;\u000a};\u000avoid main(void)\u000a{\u000atemp1 = vec4(((in_0)));\u000atemp2 = vec4(( vec4(temp1) ));\u000agl_Position = vec4(( vec4(temp2) ));\u000agl_Position.y = gl_Position.y * winsys_adjust_y;\u000a}\u000a","metadata":{"profile":"virgl-webgl2-straight-line-v5","stage":"vertex","inputs":[{"index":0,"name":"in_0","type":"vec4","semantic":"ATTRIBUTE","semanticIndex":0,"componentMask":15}],"outputs":[{"index":0,"name":"gl_Position","type":"vec4","semantic":"POSITION","semanticIndex":0,"componentMask":15,"writtenMask":15}],"attributes":[{"index":0,"name":"in_0","type":"vec4","semantic":"ATTRIBUTE","semanticIndex":0,"componentMask":15}],"uniforms":[],"samplers":[],"uniformBlocks":[{"name":"VirglBlock","byteLength":656,"members":[{"name":"winsys_adjust_y","offset":640,"type":"float","default":1}]}]}}
BOUNDARY 12 {"ok":true,"glsl":"#version 300 es\u000aprecision highp float;\u000aprecision highp int;\u000ain vec4 in_0;\u000a vec4 temp1;\u000a vec4 temp2;\u000a vec4 temp3;\u000alayout (std140) uniform VirglBlock {\u000a\u0009vec4 clipp[8];\u000a\u0009uint stipple_pattern[32];\u000a\u0009float winsys_adjust_y;\u000a\u0009float alpha_ref_val;\u000a\u0009bool clip_plane_enabled;\u000a\u0009int drawid_base;\u000a};\u000avoid main(void)\u000a{\u000atemp1 = vec4(((in_0)));\u000atemp3 = vec4(( vec4(temp1) ));\u000agl_Position = vec4(( vec4(temp3) ));\u000agl_Position.y = gl_Position.y * winsys_adjust_y;\u000a}\u000a","metadata":{"profile":"virgl-webgl2-straight-line-v5","stage":"vertex","inputs":[{"index":0,"name":"in_0","type":"vec4","semantic":"ATTRIBUTE","semanticIndex":0,"componentMask":15}],"outputs":[{"index":0,"name":"gl_Position","type":"vec4","semantic":"POSITION","semanticIndex":0,"componentMask":15,"writtenMask":15}],"attributes":[{"index":0,"name":"in_0","type":"vec4","semantic":"ATTRIBUTE","semanticIndex":0,"componentMask":15}],"uniforms":[],"samplers":[],"uniformBlocks":[{"name":"VirglBlock","byteLength":656,"members":[{"name":"winsys_adjust_y","offset":640,"type":"float","default":1}]}]}}
BOUNDARY 13 {"ok":true,"glsl":"#version 300 es\u000aprecision highp float;\u000aprecision highp int;\u000ain vec4 in_0;\u000a vec4 temp1;\u000a vec4 temp2;\u000a vec4 temp3;\u000a vec4 temp4;\u000alayout (std140) uniform VirglBlock {\u000a\u0009vec4 clipp[8];\u000a\u0009uint stipple_pattern[32];\u000a\u0009float winsys_adjust_y;\u000a\u0009float alpha_ref_val;\u000a\u0009bool clip_plane_enabled;\u000a\u0009int drawid_base;\u000a};\u000avoid main(void)\u000a{\u000atemp1 = vec4(((in_0)));\u000atemp4 = vec4(( vec4(temp1) ));\u000agl_Position = vec4(( vec4(temp4) ));\u000agl_Position.y = gl_Position.y * winsys_adjust_y;\u000a}\u000a","metadata":{"profile":"virgl-webgl2-straight-line-v5","stage":"vertex","inputs":[{"index":0,"name":"in_0","type":"vec4","semantic":"ATTRIBUTE","semanticIndex":0,"componentMask":15}],"outputs":[{"index":0,"name":"gl_Position","type":"vec4","semantic":"POSITION","semanticIndex":0,"componentMask":15,"writtenMask":15}],"attributes":[{"index":0,"name":"in_0","type":"vec4","semantic":"ATTRIBUTE","semanticIndex":0,"componentMask":15}],"uniforms":[],"samplers":[],"uniformBlocks":[{"name":"VirglBlock","byteLength":656,"members":[{"name":"winsys_adjust_y","offset":640,"type":"float","default":1}]}]}}
BOUNDARY 14 {"ok":true,"glsl":"#version 300 es\u000aprecision highp float;\u000aprecision highp int;\u000ain vec4 in_0;\u000a vec4 temp1;\u000a vec4 temp2;\u000a vec4 temp3;\u000a vec4 temp4;\u000a vec4 temp5;\u000alayout (std140) uniform VirglBlock {\u000a\u0009vec4 clipp[8];\u000a\u0009uint stipple_pattern[32];\u000a\u0009float winsys_adjust_y;\u000a\u0009float alpha_ref_val;\u000a\u0009bool clip_plane_enabled;\u000a\u0009int drawid_base;\u000a};\u000avoid main(void)\u000a{\u000atemp1 = vec4(((in_0)));\u000atemp5 = vec4(( vec4(temp1) ));\u000agl_Position = vec4(( vec4(temp5) ));\u000agl_Position.y = gl_Position.y * winsys_adjust_y;\u000a}\u000a","metadata":{"profile":"virgl-webgl2-straight-line-v5","stage":"vertex","inputs":[{"index":0,"name":"in_0","type":"vec4","semantic":"ATTRIBUTE","semanticIndex":0,"componentMask":15}],"outputs":[{"index":0,"name":"gl_Position","type":"vec4","semantic":"POSITION","semanticIndex":0,"componentMask":15,"writtenMask":15}],"attributes":[{"index":0,"name":"in_0","type":"vec4","semantic":"ATTRIBUTE","semanticIndex":0,"componentMask":15}],"uniforms":[],"samplers":[],"uniformBlocks":[{"name":"VirglBlock","byteLength":656,"members":[{"name":"winsys_adjust_y","offset":640,"type":"float","default":1}]}]}}
BOUNDARY 15 {"ok":true,"glsl":"#version 300 es\u000aprecision highp float;\u000aprecision highp int;\u000ain vec4 in_0;\u000a vec4 temp1;\u000a vec4 temp2;\u000a vec4 temp3;\u000a vec4 temp4;\u000a vec4 temp5;\u000a vec4 temp6;\u000alayout (std140) uniform VirglBlock {\u000a\u0009vec4 clipp[8];\u000a\u0009uint stipple_pattern[32];\u000a\u0009float winsys_adjust_y;\u000a\u0009float alpha_ref_val;\u000a\u0009bool clip_plane_enabled;\u000a\u0009int drawid_base;\u000a};\u000avoid main(void)\u000a{\u000atemp1 = vec4(((in_0)));\u000atemp6 = vec4(( vec4(temp1) ));\u000agl_Position = vec4(( vec4(temp6) ));\u000agl_Position.y = gl_Position.y * winsys_adjust_y;\u000a}\u000a","metadata":{"profile":"virgl-webgl2-straight-line-v5","stage":"vertex","inputs":[{"index":0,"name":"in_0","type":"vec4","semantic":"ATTRIBUTE","semanticIndex":0,"componentMask":15}],"outputs":[{"index":0,"name":"gl_Position","type":"vec4","semantic":"POSITION","semanticIndex":0,"componentMask":15,"writtenMask":15}],"attributes":[{"index":0,"name":"in_0","type":"vec4","semantic":"ATTRIBUTE","semanticIndex":0,"componentMask":15}],"uniforms":[],"samplers":[],"uniformBlocks":[{"name":"VirglBlock","byteLength":656,"members":[{"name":"winsys_adjust_y","offset":640,"type":"float","default":1}]}]}}
BOUNDARY 16 {"ok":true,"glsl":"#version 300 es\u000aprecision highp float;\u000aprecision highp int;\u000ain vec4 in_0;\u000a vec4 temp1;\u000a vec4 temp2;\u000a vec4 temp3;\u000a vec4 temp4;\u000a vec4 temp5;\u000a vec4 temp6;\u000a vec4 temp7;\u000alayout (std140) uniform VirglBlock {\u000a\u0009vec4 clipp[8];\u000a\u0009uint stipple_pattern[32];\u000a\u0009float winsys_adjust_y;\u000a\u0009float alpha_ref_val;\u000a\u0009bool clip_plane_enabled;\u000a\u0009int drawid_base;\u000a};\u000avoid main(void)\u000a{\u000atemp1 = vec4(((in_0)));\u000atemp7 = vec4(( vec4(temp1) ));\u000agl_Position = vec4(( vec4(temp7) ));\u000agl_Position.y = gl_Position.y * winsys_adjust_y;\u000a}\u000a","metadata":{"profile":"virgl-webgl2-straight-line-v5","stage":"vertex","inputs":[{"index":0,"name":"in_0","type":"vec4","semantic":"ATTRIBUTE","semanticIndex":0,"componentMask":15}],"outputs":[{"index":0,"name":"gl_Position","type":"vec4","semantic":"POSITION","semanticIndex":0,"componentMask":15,"writtenMask":15}],"attributes":[{"index":0,"name":"in_0","type":"vec4","semantic":"ATTRIBUTE","semanticIndex":0,"componentMask":15}],"uniforms":[],"samplers":[],"uniformBlocks":[{"name":"VirglBlock","byteLength":656,"members":[{"name":"winsys_adjust_y","offset":640,"type":"float","default":1}]}]}}
BOUNDARY 17 {"ok":true,"glsl":"#version 300 es\u000aprecision highp float;\u000aprecision highp int;\u000ain vec4 in_0;\u000a vec4 temp1;\u000a vec4 temp2;\u000a vec4 temp3;\u000a vec4 temp4;\u000a vec4 temp5;\u000a vec4 temp6;\u000a vec4 temp7;\u000a vec4 temp8;\u000alayout (std140) uniform VirglBlock {\u000a\u0009vec4 clipp[8];\u000a\u0009uint stipple_pattern[32];\u000a\u0009float winsys_adjust_y;\u000a\u0009float alpha_ref_val;\u000a\u0009bool clip_plane_enabled;\u000a\u0009int drawid_base;\u000a};\u000avoid main(void)\u000a{\u000atemp1 = vec4(((in_0)));\u000atemp8 = vec4(( vec4(temp1) ));\u000agl_Position = vec4(( vec4(temp8) ));\u000agl_Position.y = gl_Position.y * winsys_adjust_y;\u000a}\u000a","metadata":{"profile":"virgl-webgl2-straight-line-v5","stage":"vertex","inputs":[{"index":0,"name":"in_0","type":"vec4","semantic":"ATTRIBUTE","semanticIndex":0,"componentMask":15}],"outputs":[{"index":0,"name":"gl_Position","type":"vec4","semantic":"POSITION","semanticIndex":0,"componentMask":15,"writtenMask":15}],"attributes":[{"index":0,"name":"in_0","type":"vec4","semantic":"ATTRIBUTE","semanticIndex":0,"componentMask":15}],"uniforms":[],"samplers":[],"uniformBlocks":[{"name":"VirglBlock","byteLength":656,"members":[{"name":"winsys_adjust_y","offset":640,"type":"float","default":1}]}]}}
BOUNDARY 18 {"ok":true,"glsl":"#version 300 es\u000aprecision highp float;\u000aprecision highp int;\u000ain vec4 in_0;\u000a vec4 temp1;\u000a vec4 temp2;\u000a vec4 temp3;\u000a vec4 temp4;\u000a vec4 temp5;\u000a vec4 temp6;\u000a vec4 temp7;\u000a vec4 temp8;\u000a vec4 temp9;\u000alayout (std140) uniform VirglBlock {\u000a\u0009vec4 clipp[8];\u000a\u0009uint stipple_pattern[32];\u000a\u0009float winsys_adjust_y;\u000a\u0009float alpha_ref_val;\u000a\u0009bool clip_plane_enabled;\u000a\u0009int drawid_base;\u000a};\u000avoid main(void)\u000a{\u000atemp1 = vec4(((in_0)));\u000atemp9 = vec4(( vec4(temp1) ));\u000agl_Position = vec4(( vec4(temp9) ));\u000agl_Position.y = gl_Position.y * winsys_adjust_y;\u000a}\u000a","metadata":{"profile":"virgl-webgl2-straight-line-v5","stage":"vertex","inputs":[{"index":0,"name":"in_0","type":"vec4","semantic":"ATTRIBUTE","semanticIndex":0,"componentMask":15}],"outputs":[{"index":0,"name":"gl_Position","type":"vec4","semantic":"POSITION","semanticIndex":0,"componentMask":15,"writtenMask":15}],"attributes":[{"index":0,"name":"in_0","type":"vec4","semantic":"ATTRIBUTE","semanticIndex":0,"componentMask":15}],"uniforms":[],"samplers":[],"uniformBlocks":[{"name":"VirglBlock","byteLength":656,"members":[{"name":"winsys_adjust_y","offset":640,"type":"float","default":1}]}]}}
BOUNDARY 19 {"ok":true,"glsl":"#version 300 es\u000aprecision highp float;\u000aprecision highp int;\u000ain vec4 in_0;\u000a vec4 temp2;\u000alayout (std140) uniform VirglBlock {\u000a\u0009vec4 clipp[8];\u000a\u0009uint stipple_pattern[32];\u000a\u0009float winsys_adjust_y;\u000a\u0009float alpha_ref_val;\u000a\u0009bool clip_plane_enabled;\u000a\u0009int drawid_base;\u000a};\u000avoid main(void)\u000a{\u000atemp2 = vec4(((in_0)));\u000atemp2 = vec4(( vec4(temp2) ));\u000agl_Position = vec4(( vec4(temp2) ));\u000agl_Position.y = gl_Position.y * winsys_adjust_y;\u000a}\u000a","metadata":{"profile":"virgl-webgl2-straight-line-v5","stage":"vertex","inputs":[{"index":0,"name":"in_0","type":"vec4","semantic":"ATTRIBUTE","semanticIndex":0,"componentMask":15}],"outputs":[{"index":0,"name":"gl_Position","type":"vec4","semantic":"POSITION","semanticIndex":0,"componentMask":15,"writtenMask":15}],"attributes":[{"index":0,"name":"in_0","type":"vec4","semantic":"ATTRIBUTE","semanticIndex":0,"componentMask":15}],"uniforms":[],"samplers":[],"uniformBlocks":[{"name":"VirglBlock","byteLength":656,"members":[{"name":"winsys_adjust_y","offset":640,"type":"float","default":1}]}]}}
BOUNDARY 20 {"ok":true,"glsl":"#version 300 es\u000aprecision highp float;\u000aprecision highp int;\u000ain vec4 in_0;\u000a vec4 temp2;\u000a vec4 temp3;\u000alayout (std140) uniform VirglBlock {\u000a\u0009vec4 clipp[8];\u000a\u0009uint stipple_pattern[32];\u000a\u0009float winsys_adjust_y;\u000a\u0009float alpha_ref_val;\u000a\u0009bool clip_plane_enabled;\u000a\u0009int drawid_base;\u000a};\u000avoid main(void)\u000a{\u000atemp2 = vec4(((in_0)));\u000atemp3 = vec4(( vec4(temp2) ));\u000agl_Position = vec4(( vec4(temp3) ));\u000agl_Position.y = gl_Position.y * winsys_adjust_y;\u000a}\u000a","metadata":{"profile":"virgl-webgl2-straight-line-v5","stage":"vertex","inputs":[{"index":0,"name":"in_0","type":"vec4","semantic":"ATTRIBUTE","semanticIndex":0,"componentMask":15}],"outputs":[{"index":0,"name":"gl_Position","type":"vec4","semantic":"POSITION","semanticIndex":0,"componentMask":15,"writtenMask":15}],"attributes":[{"index":0,"name":"in_0","type":"vec4","semantic":"ATTRIBUTE","semanticIndex":0,"componentMask":15}],"uniforms":[],"samplers":[],"uniformBlocks":[{"name":"VirglBlock","byteLength":656,"members":[{"name":"winsys_adjust_y","offset":640,"type":"float","default":1}]}]}}
BOUNDARY 21 {"ok":true,"glsl":"#version 300 es\u000aprecision highp float;\u000aprecision highp int;\u000ain vec4 in_0;\u000a vec4 temp2;\u000a vec4 temp3;\u000a vec4 temp4;\u000alayout (std140) uniform VirglBlock {\u000a\u0009vec4 clipp[8];\u000a\u0009uint stipple_pattern[32];\u000a\u0009float winsys_adjust_y;\u000a\u0009float alpha_ref_val;\u000a\u0009bool clip_plane_enabled;\u000a\u0009int drawid_base;\u000a};\u000avoid main(void)\u000a{\u000atemp2 = vec4(((in_0)));\u000atemp4 = vec4(( vec4(temp2) ));\u000agl_Position = vec4(( vec4(temp4) ));\u000agl_Position.y = gl_Position.y * winsys_adjust_y;\u000a}\u000a","metadata":{"profile":"virgl-webgl2-straight-line-v5","stage":"vertex","inputs":[{"index":0,"name":"in_0","type":"vec4","semantic":"ATTRIBUTE","semanticIndex":0,"componentMask":15}],"outputs":[{"index":0,"name":"gl_Position","type":"vec4","semantic":"POSITION","semanticIndex":0,"componentMask":15,"writtenMask":15}],"attributes":[{"index":0,"name":"in_0","type":"vec4","semantic":"ATTRIBUTE","semanticIndex":0,"componentMask":15}],"uniforms":[],"samplers":[],"uniformBlocks":[{"name":"VirglBlock","byteLength":656,"members":[{"name":"winsys_adjust_y","offset":640,"type":"float","default":1}]}]}}
BOUNDARY 22 {"ok":true,"glsl":"#version 300 es\u000aprecision highp float;\u000aprecision highp int;\u000ain vec4 in_0;\u000a vec4 temp2;\u000a vec4 temp3;\u000a vec4 temp4;\u000a vec4 temp5;\u000alayout (std140) uniform VirglBlock {\u000a\u0009vec4 clipp[8];\u000a\u0009uint stipple_pattern[32];\u000a\u0009float winsys_adjust_y;\u000a\u0009float alpha_ref_val;\u000a\u0009bool clip_plane_enabled;\u000a\u0009int drawid_base;\u000a};\u000avoid main(void)\u000a{\u000atemp2 = vec4(((in_0)));\u000atemp5 = vec4(( vec4(temp2) ));\u000agl_Position = vec4(( vec4(temp5) ));\u000agl_Position.y = gl_Position.y * winsys_adjust_y;\u000a}\u000a","metadata":{"profile":"virgl-webgl2-straight-line-v5","stage":"vertex","inputs":[{"index":0,"name":"in_0","type":"vec4","semantic":"ATTRIBUTE","semanticIndex":0,"componentMask":15}],"outputs":[{"index":0,"name":"gl_Position","type":"vec4","semantic":"POSITION","semanticIndex":0,"componentMask":15,"writtenMask":15}],"attributes":[{"index":0,"name":"in_0","type":"vec4","semantic":"ATTRIBUTE","semanticIndex":0,"componentMask":15}],"uniforms":[],"samplers":[],"uniformBlocks":[{"name":"VirglBlock","byteLength":656,"members":[{"name":"winsys_adjust_y","offset":640,"type":"float","default":1}]}]}}
BOUNDARY 23 {"ok":true,"glsl":"#version 300 es\u000aprecision highp float;\u000aprecision highp int;\u000ain vec4 in_0;\u000a vec4 temp2;\u000a vec4 temp3;\u000a vec4 temp4;\u000a vec4 temp5;\u000a vec4 temp6;\u000alayout (std140) uniform VirglBlock {\u000a\u0009vec4 clipp[8];\u000a\u0009uint stipple_pattern[32];\u000a\u0009float winsys_adjust_y;\u000a\u0009float alpha_ref_val;\u000a\u0009bool clip_plane_enabled;\u000a\u0009int drawid_base;\u000a};\u000avoid main(void)\u000a{\u000atemp2 = vec4(((in_0)));\u000atemp6 = vec4(( vec4(temp2) ));\u000agl_Position = vec4(( vec4(temp6) ));\u000agl_Position.y = gl_Position.y * winsys_adjust_y;\u000a}\u000a","metadata":{"profile":"virgl-webgl2-straight-line-v5","stage":"vertex","inputs":[{"index":0,"name":"in_0","type":"vec4","semantic":"ATTRIBUTE","semanticIndex":0,"componentMask":15}],"outputs":[{"index":0,"name":"gl_Position","type":"vec4","semantic":"POSITION","semanticIndex":0,"componentMask":15,"writtenMask":15}],"attributes":[{"index":0,"name":"in_0","type":"vec4","semantic":"ATTRIBUTE","semanticIndex":0,"componentMask":15}],"uniforms":[],"samplers":[],"uniformBlocks":[{"name":"VirglBlock","byteLength":656,"members":[{"name":"winsys_adjust_y","offset":640,"type":"float","default":1}]}]}}
BOUNDARY 24 {"ok":true,"glsl":"#version 300 es\u000aprecision highp float;\u000aprecision highp int;\u000ain vec4 in_0;\u000a vec4 temp2;\u000a vec4 temp3;\u000a vec4 temp4;\u000a vec4 temp5;\u000a vec4 temp6;\u000a vec4 temp7;\u000alayout (std140) uniform VirglBlock {\u000a\u0009vec4 clipp[8];\u000a\u0009uint stipple_pattern[32];\u000a\u0009float winsys_adjust_y;\u000a\u0009float alpha_ref_val;\u000a\u0009bool clip_plane_enabled;\u000a\u0009int drawid_base;\u000a};\u000avoid main(void)\u000a{\u000atemp2 = vec4(((in_0)));\u000atemp7 = vec4(( vec4(temp2) ));\u000agl_Position = vec4(( vec4(temp7) ));\u000agl_Position.y = gl_Position.y * winsys_adjust_y;\u000a}\u000a","metadata":{"profile":"virgl-webgl2-straight-line-v5","stage":"vertex","inputs":[{"index":0,"name":"in_0","type":"vec4","semantic":"ATTRIBUTE","semanticIndex":0,"componentMask":15}],"outputs":[{"index":0,"name":"gl_Position","type":"vec4","semantic":"POSITION","semanticIndex":0,"componentMask":15,"writtenMask":15}],"attributes":[{"index":0,"name":"in_0","type":"vec4","semantic":"ATTRIBUTE","semanticIndex":0,"componentMask":15}],"uniforms":[],"samplers":[],"uniformBlocks":[{"name":"VirglBlock","byteLength":656,"members":[{"name":"winsys_adjust_y","offset":640,"type":"float","default":1}]}]}}
BOUNDARY 25 {"ok":true,"glsl":"#version 300 es\u000aprecision highp float;\u000aprecision highp int;\u000ain vec4 in_0;\u000a vec4 temp2;\u000a vec4 temp3;\u000a vec4 temp4;\u000a vec4 temp5;\u000a vec4 temp6;\u000a vec4 temp7;\u000a vec4 temp8;\u000alayout (std140) uniform VirglBlock {\u000a\u0009vec4 clipp[8];\u000a\u0009uint stipple_pattern[32];\u000a\u0009float winsys_adjust_y;\u000a\u0009float alpha_ref_val;\u000a\u0009bool clip_plane_enabled;\u000a\u0009int drawid_base;\u000a};\u000avoid main(void)\u000a{\u000atemp2 = vec4(((in_0)));\u000atemp8 = vec4(( vec4(temp2) ));\u000agl_Position = vec4(( vec4(temp8) ));\u000agl_Position.y = gl_Position.y * winsys_adjust_y;\u000a}\u000a","metadata":{"profile":"virgl-webgl2-straight-line-v5","stage":"vertex","inputs":[{"index":0,"name":"in_0","type":"vec4","semantic":"ATTRIBUTE","semanticIndex":0,"componentMask":15}],"outputs":[{"index":0,"name":"gl_Position","type":"vec4","semantic":"POSITION","semanticIndex":0,"componentMask":15,"writtenMask":15}],"attributes":[{"index":0,"name":"in_0","type":"vec4","semantic":"ATTRIBUTE","semanticIndex":0,"componentMask":15}],"uniforms":[],"samplers":[],"uniformBlocks":[{"name":"VirglBlock","byteLength":656,"members":[{"name":"winsys_adjust_y","offset":640,"type":"float","default":1}]}]}}
BOUNDARY 26 {"ok":true,"glsl":"#version 300 es\u000aprecision highp float;\u000aprecision highp int;\u000ain vec4 in_0;\u000a vec4 temp2;\u000a vec4 temp3;\u000a vec4 temp4;\u000a vec4 temp5;\u000a vec4 temp6;\u000a vec4 temp7;\u000a vec4 temp8;\u000a vec4 temp9;\u000alayout (std140) uniform VirglBlock {\u000a\u0009vec4 clipp[8];\u000a\u0009uint stipple_pattern[32];\u000a\u0009float winsys_adjust_y;\u000a\u0009float alpha_ref_val;\u000a\u0009bool clip_plane_enabled;\u000a\u0009int drawid_base;\u000a};\u000avoid main(void)\u000a{\u000atemp2 = vec4(((in_0)));\u000atemp9 = vec4(( vec4(temp2) ));\u000agl_Position = vec4(( vec4(temp9) ));\u000agl_Position.y = gl_Position.y * winsys_adjust_y;\u000a}\u000a","metadata":{"profile":"virgl-webgl2-straight-line-v5","stage":"vertex","inputs":[{"index":0,"name":"in_0","type":"vec4","semantic":"ATTRIBUTE","semanticIndex":0,"componentMask":15}],"outputs":[{"index":0,"name":"gl_Position","type":"vec4","semantic":"POSITION","semanticIndex":0,"componentMask":15,"writtenMask":15}],"attributes":[{"index":0,"name":"in_0","type":"vec4","semantic":"ATTRIBUTE","semanticIndex":0,"componentMask":15}],"uniforms":[],"samplers":[],"uniformBlocks":[{"name":"VirglBlock","byteLength":656,"members":[{"name":"winsys_adjust_y","offset":640,"type":"float","default":1}]}]}}
BOUNDARY 27 {"ok":true,"glsl":"#version 300 es\u000aprecision highp float;\u000aprecision highp int;\u000ain vec4 in_0;\u000a vec4 temp3;\u000alayout (std140) uniform VirglBlock {\u000a\u0009vec4 clipp[8];\u000a\u0009uint stipple_pattern[32];\u000a\u0009float winsys_adjust_y;\u000a\u0009float alpha_ref_val;\u000a\u0009bool clip_plane_enabled;\u000a\u0009int drawid_base;\u000a};\u000avoid main(void)\u000a{\u000atemp3 = vec4(((in_0)));\u000atemp3 = vec4(( vec4(temp3) ));\u000agl_Position = vec4(( vec4(temp3) ));\u000agl_Position.y = gl_Position.y * winsys_adjust_y;\u000a}\u000a","metadata":{"profile":"virgl-webgl2-straight-line-v5","stage":"vertex","inputs":[{"index":0,"name":"in_0","type":"vec4","semantic":"ATTRIBUTE","semanticIndex":0,"componentMask":15}],"outputs":[{"index":0,"name":"gl_Position","type":"vec4","semantic":"POSITION","semanticIndex":0,"componentMask":15,"writtenMask":15}],"attributes":[{"index":0,"name":"in_0","type":"vec4","semantic":"ATTRIBUTE","semanticIndex":0,"componentMask":15}],"uniforms":[],"samplers":[],"uniformBlocks":[{"name":"VirglBlock","byteLength":656,"members":[{"name":"winsys_adjust_y","offset":640,"type":"float","default":1}]}]}}
BOUNDARY 28 {"ok":true,"glsl":"#version 300 es\u000aprecision highp float;\u000aprecision highp int;\u000ain vec4 in_0;\u000a vec4 temp3;\u000a vec4 temp4;\u000alayout (std140) uniform VirglBlock {\u000a\u0009vec4 clipp[8];\u000a\u0009uint stipple_pattern[32];\u000a\u0009float winsys_adjust_y;\u000a\u0009float alpha_ref_val;\u000a\u0009bool clip_plane_enabled;\u000a\u0009int drawid_base;\u000a};\u000avoid main(void)\u000a{\u000atemp3 = vec4(((in_0)));\u000atemp4 = vec4(( vec4(temp3) ));\u000agl_Position = vec4(( vec4(temp4) ));\u000agl_Position.y = gl_Position.y * winsys_adjust_y;\u000a}\u000a","metadata":{"profile":"virgl-webgl2-straight-line-v5","stage":"vertex","inputs":[{"index":0,"name":"in_0","type":"vec4","semantic":"ATTRIBUTE","semanticIndex":0,"componentMask":15}],"outputs":[{"index":0,"name":"gl_Position","type":"vec4","semantic":"POSITION","semanticIndex":0,"componentMask":15,"writtenMask":15}],"attributes":[{"index":0,"name":"in_0","type":"vec4","semantic":"ATTRIBUTE","semanticIndex":0,"componentMask":15}],"uniforms":[],"samplers":[],"uniformBlocks":[{"name":"VirglBlock","byteLength":656,"members":[{"name":"winsys_adjust_y","offset":640,"type":"float","default":1}]}]}}
BOUNDARY 29 {"ok":true,"glsl":"#version 300 es\u000aprecision highp float;\u000aprecision highp int;\u000ain vec4 in_0;\u000a vec4 temp3;\u000a vec4 temp4;\u000a vec4 temp5;\u000alayout (std140) uniform VirglBlock {\u000a\u0009vec4 clipp[8];\u000a\u0009uint stipple_pattern[32];\u000a\u0009float winsys_adjust_y;\u000a\u0009float alpha_ref_val;\u000a\u0009bool clip_plane_enabled;\u000a\u0009int drawid_base;\u000a};\u000avoid main(void)\u000a{\u000atemp3 = vec4(((in_0)));\u000atemp5 = vec4(( vec4(temp3) ));\u000agl_Position = vec4(( vec4(temp5) ));\u000agl_Position.y = gl_Position.y * winsys_adjust_y;\u000a}\u000a","metadata":{"profile":"virgl-webgl2-straight-line-v5","stage":"vertex","inputs":[{"index":0,"name":"in_0","type":"vec4","semantic":"ATTRIBUTE","semanticIndex":0,"componentMask":15}],"outputs":[{"index":0,"name":"gl_Position","type":"vec4","semantic":"POSITION","semanticIndex":0,"componentMask":15,"writtenMask":15}],"attributes":[{"index":0,"name":"in_0","type":"vec4","semantic":"ATTRIBUTE","semanticIndex":0,"componentMask":15}],"uniforms":[],"samplers":[],"uniformBlocks":[{"name":"VirglBlock","byteLength":656,"members":[{"name":"winsys_adjust_y","offset":640,"type":"float","default":1}]}]}}
BOUNDARY 30 {"ok":true,"glsl":"#version 300 es\u000aprecision highp float;\u000aprecision highp int;\u000ain vec4 in_0;\u000a vec4 temp3;\u000a vec4 temp4;\u000a vec4 temp5;\u000a vec4 temp6;\u000alayout (std140) uniform VirglBlock {\u000a\u0009vec4 clipp[8];\u000a\u0009uint stipple_pattern[32];\u000a\u0009float winsys_adjust_y;\u000a\u0009float alpha_ref_val;\u000a\u0009bool clip_plane_enabled;\u000a\u0009int drawid_base;\u000a};\u000avoid main(void)\u000a{\u000atemp3 = vec4(((in_0)));\u000atemp6 = vec4(( vec4(temp3) ));\u000agl_Position = vec4(( vec4(temp6) ));\u000agl_Position.y = gl_Position.y * winsys_adjust_y;\u000a}\u000a","metadata":{"profile":"virgl-webgl2-straight-line-v5","stage":"vertex","inputs":[{"index":0,"name":"in_0","type":"vec4","semantic":"ATTRIBUTE","semanticIndex":0,"componentMask":15}],"outputs":[{"index":0,"name":"gl_Position","type":"vec4","semantic":"POSITION","semanticIndex":0,"componentMask":15,"writtenMask":15}],"attributes":[{"index":0,"name":"in_0","type":"vec4","semantic":"ATTRIBUTE","semanticIndex":0,"componentMask":15}],"uniforms":[],"samplers":[],"uniformBlocks":[{"name":"VirglBlock","byteLength":656,"members":[{"name":"winsys_adjust_y","offset":640,"type":"float","default":1}]}]}}
BOUNDARY 31 {"ok":true,"glsl":"#version 300 es\u000aprecision highp float;\u000aprecision highp int;\u000ain vec4 in_0;\u000a vec4 temp3;\u000a vec4 temp4;\u000a vec4 temp5;\u000a vec4 temp6;\u000a vec4 temp7;\u000alayout (std140) uniform VirglBlock {\u000a\u0009vec4 clipp[8];\u000a\u0009uint stipple_pattern[32];\u000a\u0009float winsys_adjust_y;\u000a\u0009float alpha_ref_val;\u000a\u0009bool clip_plane_enabled;\u000a\u0009int drawid_base;\u000a};\u000avoid main(void)\u000a{\u000atemp3 = vec4(((in_0)));\u000atemp7 = vec4(( vec4(temp3) ));\u000agl_Position = vec4(( vec4(temp7) ));\u000agl_Position.y = gl_Position.y * winsys_adjust_y;\u000a}\u000a","metadata":{"profile":"virgl-webgl2-straight-line-v5","stage":"vertex","inputs":[{"index":0,"name":"in_0","type":"vec4","semantic":"ATTRIBUTE","semanticIndex":0,"componentMask":15}],"outputs":[{"index":0,"name":"gl_Position","type":"vec4","semantic":"POSITION","semanticIndex":0,"componentMask":15,"writtenMask":15}],"attributes":[{"index":0,"name":"in_0","type":"vec4","semantic":"ATTRIBUTE","semanticIndex":0,"componentMask":15}],"uniforms":[],"samplers":[],"uniformBlocks":[{"name":"VirglBlock","byteLength":656,"members":[{"name":"winsys_adjust_y","offset":640,"type":"float","default":1}]}]}}
BOUNDARY 32 {"ok":true,"glsl":"#version 300 es\u000aprecision highp float;\u000aprecision highp int;\u000ain vec4 in_0;\u000a vec4 temp3;\u000a vec4 temp4;\u000a vec4 temp5;\u000a vec4 temp6;\u000a vec4 temp7;\u000a vec4 temp8;\u000alayout (std140) uniform VirglBlock {\u000a\u0009vec4 clipp[8];\u000a\u0009uint stipple_pattern[32];\u000a\u0009float winsys_adjust_y;\u000a\u0009float alpha_ref_val;\u000a\u0009bool clip_plane_enabled;\u000a\u0009int drawid_base;\u000a};\u000avoid main(void)\u000a{\u000atemp3 = vec4(((in_0)));\u000atemp8 = vec4(( vec4(temp3) ));\u000agl_Position = vec4(( vec4(temp8) ));\u000agl_Position.y = gl_Position.y * winsys_adjust_y;\u000a}\u000a","metadata":{"profile":"virgl-webgl2-straight-line-v5","stage":"vertex","inputs":[{"index":0,"name":"in_0","type":"vec4","semantic":"ATTRIBUTE","semanticIndex":0,"componentMask":15}],"outputs":[{"index":0,"name":"gl_Position","type":"vec4","semantic":"POSITION","semanticIndex":0,"componentMask":15,"writtenMask":15}],"attributes":[{"index":0,"name":"in_0","type":"vec4","semantic":"ATTRIBUTE","semanticIndex":0,"componentMask":15}],"uniforms":[],"samplers":[],"uniformBlocks":[{"name":"VirglBlock","byteLength":656,"members":[{"name":"winsys_adjust_y","offset":640,"type":"float","default":1}]}]}}
BOUNDARY 33 {"ok":true,"glsl":"#version 300 es\u000aprecision highp float;\u000aprecision highp int;\u000ain vec4 in_0;\u000a vec4 temp3;\u000a vec4 temp4;\u000a vec4 temp5;\u000a vec4 temp6;\u000a vec4 temp7;\u000a vec4 temp8;\u000a vec4 temp9;\u000alayout (std140) uniform VirglBlock {\u000a\u0009vec4 clipp[8];\u000a\u0009uint stipple_pattern[32];\u000a\u0009float winsys_adjust_y;\u000a\u0009float alpha_ref_val;\u000a\u0009bool clip_plane_enabled;\u000a\u0009int drawid_base;\u000a};\u000avoid main(void)\u000a{\u000atemp3 = vec4(((in_0)));\u000atemp9 = vec4(( vec4(temp3) ));\u000agl_Position = vec4(( vec4(temp9) ));\u000agl_Position.y = gl_Position.y * winsys_adjust_y;\u000a}\u000a","metadata":{"profile":"virgl-webgl2-straight-line-v5","stage":"vertex","inputs":[{"index":0,"name":"in_0","type":"vec4","semantic":"ATTRIBUTE","semanticIndex":0,"componentMask":15}],"outputs":[{"index":0,"name":"gl_Position","type":"vec4","semantic":"POSITION","semanticIndex":0,"componentMask":15,"writtenMask":15}],"attributes":[{"index":0,"name":"in_0","type":"vec4","semantic":"ATTRIBUTE","semanticIndex":0,"componentMask":15}],"uniforms":[],"samplers":[],"uniformBlocks":[{"name":"VirglBlock","byteLength":656,"members":[{"name":"winsys_adjust_y","offset":640,"type":"float","default":1}]}]}}
BOUNDARY 34 {"ok":true,"glsl":"#version 300 es\u000aprecision highp float;\u000aprecision highp int;\u000ain vec4 in_0;\u000a vec4 temp4;\u000alayout (std140) uniform VirglBlock {\u000a\u0009vec4 clipp[8];\u000a\u0009uint stipple_pattern[32];\u000a\u0009float winsys_adjust_y;\u000a\u0009float alpha_ref_val;\u000a\u0009bool clip_plane_enabled;\u000a\u0009int drawid_base;\u000a};\u000avoid main(void)\u000a{\u000atemp4 = vec4(((in_0)));\u000atemp4 = vec4(( vec4(temp4) ));\u000agl_Position = vec4(( vec4(temp4) ));\u000agl_Position.y = gl_Position.y * winsys_adjust_y;\u000a}\u000a","metadata":{"profile":"virgl-webgl2-straight-line-v5","stage":"vertex","inputs":[{"index":0,"name":"in_0","type":"vec4","semantic":"ATTRIBUTE","semanticIndex":0,"componentMask":15}],"outputs":[{"index":0,"name":"gl_Position","type":"vec4","semantic":"POSITION","semanticIndex":0,"componentMask":15,"writtenMask":15}],"attributes":[{"index":0,"name":"in_0","type":"vec4","semantic":"ATTRIBUTE","semanticIndex":0,"componentMask":15}],"uniforms":[],"samplers":[],"uniformBlocks":[{"name":"VirglBlock","byteLength":656,"members":[{"name":"winsys_adjust_y","offset":640,"type":"float","default":1}]}]}}
BOUNDARY 35 {"ok":true,"glsl":"#version 300 es\u000aprecision highp float;\u000aprecision highp int;\u000ain vec4 in_0;\u000a vec4 temp4;\u000a vec4 temp5;\u000alayout (std140) uniform VirglBlock {\u000a\u0009vec4 clipp[8];\u000a\u0009uint stipple_pattern[32];\u000a\u0009float winsys_adjust_y;\u000a\u0009float alpha_ref_val;\u000a\u0009bool clip_plane_enabled;\u000a\u0009int drawid_base;\u000a};\u000avoid main(void)\u000a{\u000atemp4 = vec4(((in_0)));\u000atemp5 = vec4(( vec4(temp4) ));\u000agl_Position = vec4(( vec4(temp5) ));\u000agl_Position.y = gl_Position.y * winsys_adjust_y;\u000a}\u000a","metadata":{"profile":"virgl-webgl2-straight-line-v5","stage":"vertex","inputs":[{"index":0,"name":"in_0","type":"vec4","semantic":"ATTRIBUTE","semanticIndex":0,"componentMask":15}],"outputs":[{"index":0,"name":"gl_Position","type":"vec4","semantic":"POSITION","semanticIndex":0,"componentMask":15,"writtenMask":15}],"attributes":[{"index":0,"name":"in_0","type":"vec4","semantic":"ATTRIBUTE","semanticIndex":0,"componentMask":15}],"uniforms":[],"samplers":[],"uniformBlocks":[{"name":"VirglBlock","byteLength":656,"members":[{"name":"winsys_adjust_y","offset":640,"type":"float","default":1}]}]}}
BOUNDARY 36 {"ok":true,"glsl":"#version 300 es\u000aprecision highp float;\u000aprecision highp int;\u000ain vec4 in_0;\u000a vec4 temp4;\u000a vec4 temp5;\u000a vec4 temp6;\u000alayout (std140) uniform VirglBlock {\u000a\u0009vec4 clipp[8];\u000a\u0009uint stipple_pattern[32];\u000a\u0009float winsys_adjust_y;\u000a\u0009float alpha_ref_val;\u000a\u0009bool clip_plane_enabled;\u000a\u0009int drawid_base;\u000a};\u000avoid main(void)\u000a{\u000atemp4 = vec4(((in_0)));\u000atemp6 = vec4(( vec4(temp4) ));\u000agl_Position = vec4(( vec4(temp6) ));\u000agl_Position.y = gl_Position.y * winsys_adjust_y;\u000a}\u000a","metadata":{"profile":"virgl-webgl2-straight-line-v5","stage":"vertex","inputs":[{"index":0,"name":"in_0","type":"vec4","semantic":"ATTRIBUTE","semanticIndex":0,"componentMask":15}],"outputs":[{"index":0,"name":"gl_Position","type":"vec4","semantic":"POSITION","semanticIndex":0,"componentMask":15,"writtenMask":15}],"attributes":[{"index":0,"name":"in_0","type":"vec4","semantic":"ATTRIBUTE","semanticIndex":0,"componentMask":15}],"uniforms":[],"samplers":[],"uniformBlocks":[{"name":"VirglBlock","byteLength":656,"members":[{"name":"winsys_adjust_y","offset":640,"type":"float","default":1}]}]}}
BOUNDARY 37 {"ok":true,"glsl":"#version 300 es\u000aprecision highp float;\u000aprecision highp int;\u000ain vec4 in_0;\u000a vec4 temp4;\u000a vec4 temp5;\u000a vec4 temp6;\u000a vec4 temp7;\u000alayout (std140) uniform VirglBlock {\u000a\u0009vec4 clipp[8];\u000a\u0009uint stipple_pattern[32];\u000a\u0009float winsys_adjust_y;\u000a\u0009float alpha_ref_val;\u000a\u0009bool clip_plane_enabled;\u000a\u0009int drawid_base;\u000a};\u000avoid main(void)\u000a{\u000atemp4 = vec4(((in_0)));\u000atemp7 = vec4(( vec4(temp4) ));\u000agl_Position = vec4(( vec4(temp7) ));\u000agl_Position.y = gl_Position.y * winsys_adjust_y;\u000a}\u000a","metadata":{"profile":"virgl-webgl2-straight-line-v5","stage":"vertex","inputs":[{"index":0,"name":"in_0","type":"vec4","semantic":"ATTRIBUTE","semanticIndex":0,"componentMask":15}],"outputs":[{"index":0,"name":"gl_Position","type":"vec4","semantic":"POSITION","semanticIndex":0,"componentMask":15,"writtenMask":15}],"attributes":[{"index":0,"name":"in_0","type":"vec4","semantic":"ATTRIBUTE","semanticIndex":0,"componentMask":15}],"uniforms":[],"samplers":[],"uniformBlocks":[{"name":"VirglBlock","byteLength":656,"members":[{"name":"winsys_adjust_y","offset":640,"type":"float","default":1}]}]}}
BOUNDARY 38 {"ok":true,"glsl":"#version 300 es\u000aprecision highp float;\u000aprecision highp int;\u000ain vec4 in_0;\u000a vec4 temp4;\u000a vec4 temp5;\u000a vec4 temp6;\u000a vec4 temp7;\u000a vec4 temp8;\u000alayout (std140) uniform VirglBlock {\u000a\u0009vec4 clipp[8];\u000a\u0009uint stipple_pattern[32];\u000a\u0009float winsys_adjust_y;\u000a\u0009float alpha_ref_val;\u000a\u0009bool clip_plane_enabled;\u000a\u0009int drawid_base;\u000a};\u000avoid main(void)\u000a{\u000atemp4 = vec4(((in_0)));\u000atemp8 = vec4(( vec4(temp4) ));\u000agl_Position = vec4(( vec4(temp8) ));\u000agl_Position.y = gl_Position.y * winsys_adjust_y;\u000a}\u000a","metadata":{"profile":"virgl-webgl2-straight-line-v5","stage":"vertex","inputs":[{"index":0,"name":"in_0","type":"vec4","semantic":"ATTRIBUTE","semanticIndex":0,"componentMask":15}],"outputs":[{"index":0,"name":"gl_Position","type":"vec4","semantic":"POSITION","semanticIndex":0,"componentMask":15,"writtenMask":15}],"attributes":[{"index":0,"name":"in_0","type":"vec4","semantic":"ATTRIBUTE","semanticIndex":0,"componentMask":15}],"uniforms":[],"samplers":[],"uniformBlocks":[{"name":"VirglBlock","byteLength":656,"members":[{"name":"winsys_adjust_y","offset":640,"type":"float","default":1}]}]}}
BOUNDARY 39 {"ok":true,"glsl":"#version 300 es\u000aprecision highp float;\u000aprecision highp int;\u000ain vec4 in_0;\u000a vec4 temp4;\u000a vec4 temp5;\u000a vec4 temp6;\u000a vec4 temp7;\u000a vec4 temp8;\u000a vec4 temp9;\u000alayout (std140) uniform VirglBlock {\u000a\u0009vec4 clipp[8];\u000a\u0009uint stipple_pattern[32];\u000a\u0009float winsys_adjust_y;\u000a\u0009float alpha_ref_val;\u000a\u0009bool clip_plane_enabled;\u000a\u0009int drawid_base;\u000a};\u000avoid main(void)\u000a{\u000atemp4 = vec4(((in_0)));\u000atemp9 = vec4(( vec4(temp4) ));\u000agl_Position = vec4(( vec4(temp9) ));\u000agl_Position.y = gl_Position.y * winsys_adjust_y;\u000a}\u000a","metadata":{"profile":"virgl-webgl2-straight-line-v5","stage":"vertex","inputs":[{"index":0,"name":"in_0","type":"vec4","semantic":"ATTRIBUTE","semanticIndex":0,"componentMask":15}],"outputs":[{"index":0,"name":"gl_Position","type":"vec4","semantic":"POSITION","semanticIndex":0,"componentMask":15,"writtenMask":15}],"attributes":[{"index":0,"name":"in_0","type":"vec4","semantic":"ATTRIBUTE","semanticIndex":0,"componentMask":15}],"uniforms":[],"samplers":[],"uniformBlocks":[{"name":"VirglBlock","byteLength":656,"members":[{"name":"winsys_adjust_y","offset":640,"type":"float","default":1}]}]}}
BOUNDARY 40 {"ok":true,"glsl":"#version 300 es\u000aprecision highp float;\u000aprecision highp int;\u000ain vec4 in_0;\u000a vec4 temp5;\u000alayout (std140) uniform VirglBlock {\u000a\u0009vec4 clipp[8];\u000a\u0009uint stipple_pattern[32];\u000a\u0009float winsys_adjust_y;\u000a\u0009float alpha_ref_val;\u000a\u0009bool clip_plane_enabled;\u000a\u0009int drawid_base;\u000a};\u000avoid main(void)\u000a{\u000atemp5 = vec4(((in_0)));\u000atemp5 = vec4(( vec4(temp5) ));\u000agl_Position = vec4(( vec4(temp5) ));\u000agl_Position.y = gl_Position.y * winsys_adjust_y;\u000a}\u000a","metadata":{"profile":"virgl-webgl2-straight-line-v5","stage":"vertex","inputs":[{"index":0,"name":"in_0","type":"vec4","semantic":"ATTRIBUTE","semanticIndex":0,"componentMask":15}],"outputs":[{"index":0,"name":"gl_Position","type":"vec4","semantic":"POSITION","semanticIndex":0,"componentMask":15,"writtenMask":15}],"attributes":[{"index":0,"name":"in_0","type":"vec4","semantic":"ATTRIBUTE","semanticIndex":0,"componentMask":15}],"uniforms":[],"samplers":[],"uniformBlocks":[{"name":"VirglBlock","byteLength":656,"members":[{"name":"winsys_adjust_y","offset":640,"type":"float","default":1}]}]}}
BOUNDARY 41 {"ok":true,"glsl":"#version 300 es\u000aprecision highp float;\u000aprecision highp int;\u000ain vec4 in_0;\u000a vec4 temp5;\u000a vec4 temp6;\u000alayout (std140) uniform VirglBlock {\u000a\u0009vec4 clipp[8];\u000a\u0009uint stipple_pattern[32];\u000a\u0009float winsys_adjust_y;\u000a\u0009float alpha_ref_val;\u000a\u0009bool clip_plane_enabled;\u000a\u0009int drawid_base;\u000a};\u000avoid main(void)\u000a{\u000atemp5 = vec4(((in_0)));\u000atemp6 = vec4(( vec4(temp5) ));\u000agl_Position = vec4(( vec4(temp6) ));\u000agl_Position.y = gl_Position.y * winsys_adjust_y;\u000a}\u000a","metadata":{"profile":"virgl-webgl2-straight-line-v5","stage":"vertex","inputs":[{"index":0,"name":"in_0","type":"vec4","semantic":"ATTRIBUTE","semanticIndex":0,"componentMask":15}],"outputs":[{"index":0,"name":"gl_Position","type":"vec4","semantic":"POSITION","semanticIndex":0,"componentMask":15,"writtenMask":15}],"attributes":[{"index":0,"name":"in_0","type":"vec4","semantic":"ATTRIBUTE","semanticIndex":0,"componentMask":15}],"uniforms":[],"samplers":[],"uniformBlocks":[{"name":"VirglBlock","byteLength":656,"members":[{"name":"winsys_adjust_y","offset":640,"type":"float","default":1}]}]}}
BOUNDARY 42 {"ok":true,"glsl":"#version 300 es\u000aprecision highp float;\u000aprecision highp int;\u000ain vec4 in_0;\u000a vec4 temp5;\u000a vec4 temp6;\u000a vec4 temp7;\u000alayout (std140) uniform VirglBlock {\u000a\u0009vec4 clipp[8];\u000a\u0009uint stipple_pattern[32];\u000a\u0009float winsys_adjust_y;\u000a\u0009float alpha_ref_val;\u000a\u0009bool clip_plane_enabled;\u000a\u0009int drawid_base;\u000a};\u000avoid main(void)\u000a{\u000atemp5 = vec4(((in_0)));\u000atemp7 = vec4(( vec4(temp5) ));\u000agl_Position = vec4(( vec4(temp7) ));\u000agl_Position.y = gl_Position.y * winsys_adjust_y;\u000a}\u000a","metadata":{"profile":"virgl-webgl2-straight-line-v5","stage":"vertex","inputs":[{"index":0,"name":"in_0","type":"vec4","semantic":"ATTRIBUTE","semanticIndex":0,"componentMask":15}],"outputs":[{"index":0,"name":"gl_Position","type":"vec4","semantic":"POSITION","semanticIndex":0,"componentMask":15,"writtenMask":15}],"attributes":[{"index":0,"name":"in_0","type":"vec4","semantic":"ATTRIBUTE","semanticIndex":0,"componentMask":15}],"uniforms":[],"samplers":[],"uniformBlocks":[{"name":"VirglBlock","byteLength":656,"members":[{"name":"winsys_adjust_y","offset":640,"type":"float","default":1}]}]}}
BOUNDARY 43 {"ok":true,"glsl":"#version 300 es\u000aprecision highp float;\u000aprecision highp int;\u000ain vec4 in_0;\u000a vec4 temp5;\u000a vec4 temp6;\u000a vec4 temp7;\u000a vec4 temp8;\u000alayout (std140) uniform VirglBlock {\u000a\u0009vec4 clipp[8];\u000a\u0009uint stipple_pattern[32];\u000a\u0009float winsys_adjust_y;\u000a\u0009float alpha_ref_val;\u000a\u0009bool clip_plane_enabled;\u000a\u0009int drawid_base;\u000a};\u000avoid main(void)\u000a{\u000atemp5 = vec4(((in_0)));\u000atemp8 = vec4(( vec4(temp5) ));\u000agl_Position = vec4(( vec4(temp8) ));\u000agl_Position.y = gl_Position.y * winsys_adjust_y;\u000a}\u000a","metadata":{"profile":"virgl-webgl2-straight-line-v5","stage":"vertex","inputs":[{"index":0,"name":"in_0","type":"vec4","semantic":"ATTRIBUTE","semanticIndex":0,"componentMask":15}],"outputs":[{"index":0,"name":"gl_Position","type":"vec4","semantic":"POSITION","semanticIndex":0,"componentMask":15,"writtenMask":15}],"attributes":[{"index":0,"name":"in_0","type":"vec4","semantic":"ATTRIBUTE","semanticIndex":0,"componentMask":15}],"uniforms":[],"samplers":[],"uniformBlocks":[{"name":"VirglBlock","byteLength":656,"members":[{"name":"winsys_adjust_y","offset":640,"type":"float","default":1}]}]}}
BOUNDARY 44 {"ok":true,"glsl":"#version 300 es\u000aprecision highp float;\u000aprecision highp int;\u000ain vec4 in_0;\u000a vec4 temp5;\u000a vec4 temp6;\u000a vec4 temp7;\u000a vec4 temp8;\u000a vec4 temp9;\u000alayout (std140) uniform VirglBlock {\u000a\u0009vec4 clipp[8];\u000a\u0009uint stipple_pattern[32];\u000a\u0009float winsys_adjust_y;\u000a\u0009float alpha_ref_val;\u000a\u0009bool clip_plane_enabled;\u000a\u0009int drawid_base;\u000a};\u000avoid main(void)\u000a{\u000atemp5 = vec4(((in_0)));\u000atemp9 = vec4(( vec4(temp5) ));\u000agl_Position = vec4(( vec4(temp9) ));\u000agl_Position.y = gl_Position.y * winsys_adjust_y;\u000a}\u000a","metadata":{"profile":"virgl-webgl2-straight-line-v5","stage":"vertex","inputs":[{"index":0,"name":"in_0","type":"vec4","semantic":"ATTRIBUTE","semanticIndex":0,"componentMask":15}],"outputs":[{"index":0,"name":"gl_Position","type":"vec4","semantic":"POSITION","semanticIndex":0,"componentMask":15,"writtenMask":15}],"attributes":[{"index":0,"name":"in_0","type":"vec4","semantic":"ATTRIBUTE","semanticIndex":0,"componentMask":15}],"uniforms":[],"samplers":[],"uniformBlocks":[{"name":"VirglBlock","byteLength":656,"members":[{"name":"winsys_adjust_y","offset":640,"type":"float","default":1}]}]}}
BOUNDARY 45 {"ok":true,"glsl":"#version 300 es\u000aprecision highp float;\u000aprecision highp int;\u000ain vec4 in_0;\u000a vec4 temp6;\u000alayout (std140) uniform VirglBlock {\u000a\u0009vec4 clipp[8];\u000a\u0009uint stipple_pattern[32];\u000a\u0009float winsys_adjust_y;\u000a\u0009float alpha_ref_val;\u000a\u0009bool clip_plane_enabled;\u000a\u0009int drawid_base;\u000a};\u000avoid main(void)\u000a{\u000atemp6 = vec4(((in_0)));\u000atemp6 = vec4(( vec4(temp6) ));\u000agl_Position = vec4(( vec4(temp6) ));\u000agl_Position.y = gl_Position.y * winsys_adjust_y;\u000a}\u000a","metadata":{"profile":"virgl-webgl2-straight-line-v5","stage":"vertex","inputs":[{"index":0,"name":"in_0","type":"vec4","semantic":"ATTRIBUTE","semanticIndex":0,"componentMask":15}],"outputs":[{"index":0,"name":"gl_Position","type":"vec4","semantic":"POSITION","semanticIndex":0,"componentMask":15,"writtenMask":15}],"attributes":[{"index":0,"name":"in_0","type":"vec4","semantic":"ATTRIBUTE","semanticIndex":0,"componentMask":15}],"uniforms":[],"samplers":[],"uniformBlocks":[{"name":"VirglBlock","byteLength":656,"members":[{"name":"winsys_adjust_y","offset":640,"type":"float","default":1}]}]}}
BOUNDARY 46 {"ok":true,"glsl":"#version 300 es\u000aprecision highp float;\u000aprecision highp int;\u000ain vec4 in_0;\u000a vec4 temp6;\u000a vec4 temp7;\u000alayout (std140) uniform VirglBlock {\u000a\u0009vec4 clipp[8];\u000a\u0009uint stipple_pattern[32];\u000a\u0009float winsys_adjust_y;\u000a\u0009float alpha_ref_val;\u000a\u0009bool clip_plane_enabled;\u000a\u0009int drawid_base;\u000a};\u000avoid main(void)\u000a{\u000atemp6 = vec4(((in_0)));\u000atemp7 = vec4(( vec4(temp6) ));\u000agl_Position = vec4(( vec4(temp7) ));\u000agl_Position.y = gl_Position.y * winsys_adjust_y;\u000a}\u000a","metadata":{"profile":"virgl-webgl2-straight-line-v5","stage":"vertex","inputs":[{"index":0,"name":"in_0","type":"vec4","semantic":"ATTRIBUTE","semanticIndex":0,"componentMask":15}],"outputs":[{"index":0,"name":"gl_Position","type":"vec4","semantic":"POSITION","semanticIndex":0,"componentMask":15,"writtenMask":15}],"attributes":[{"index":0,"name":"in_0","type":"vec4","semantic":"ATTRIBUTE","semanticIndex":0,"componentMask":15}],"uniforms":[],"samplers":[],"uniformBlocks":[{"name":"VirglBlock","byteLength":656,"members":[{"name":"winsys_adjust_y","offset":640,"type":"float","default":1}]}]}}
BOUNDARY 47 {"ok":true,"glsl":"#version 300 es\u000aprecision highp float;\u000aprecision highp int;\u000ain vec4 in_0;\u000a vec4 temp6;\u000a vec4 temp7;\u000a vec4 temp8;\u000alayout (std140) uniform VirglBlock {\u000a\u0009vec4 clipp[8];\u000a\u0009uint stipple_pattern[32];\u000a\u0009float winsys_adjust_y;\u000a\u0009float alpha_ref_val;\u000a\u0009bool clip_plane_enabled;\u000a\u0009int drawid_base;\u000a};\u000avoid main(void)\u000a{\u000atemp6 = vec4(((in_0)));\u000atemp8 = vec4(( vec4(temp6) ));\u000agl_Position = vec4(( vec4(temp8) ));\u000agl_Position.y = gl_Position.y * winsys_adjust_y;\u000a}\u000a","metadata":{"profile":"virgl-webgl2-straight-line-v5","stage":"vertex","inputs":[{"index":0,"name":"in_0","type":"vec4","semantic":"ATTRIBUTE","semanticIndex":0,"componentMask":15}],"outputs":[{"index":0,"name":"gl_Position","type":"vec4","semantic":"POSITION","semanticIndex":0,"componentMask":15,"writtenMask":15}],"attributes":[{"index":0,"name":"in_0","type":"vec4","semantic":"ATTRIBUTE","semanticIndex":0,"componentMask":15}],"uniforms":[],"samplers":[],"uniformBlocks":[{"name":"VirglBlock","byteLength":656,"members":[{"name":"winsys_adjust_y","offset":640,"type":"float","default":1}]}]}}
BOUNDARY 48 {"ok":true,"glsl":"#version 300 es\u000aprecision highp float;\u000aprecision highp int;\u000ain vec4 in_0;\u000a vec4 temp6;\u000a vec4 temp7;\u000a vec4 temp8;\u000a vec4 temp9;\u000alayout (std140) uniform VirglBlock {\u000a\u0009vec4 clipp[8];\u000a\u0009uint stipple_pattern[32];\u000a\u0009float winsys_adjust_y;\u000a\u0009float alpha_ref_val;\u000a\u0009bool clip_plane_enabled;\u000a\u0009int drawid_base;\u000a};\u000avoid main(void)\u000a{\u000atemp6 = vec4(((in_0)));\u000atemp9 = vec4(( vec4(temp6) ));\u000agl_Position = vec4(( vec4(temp9) ));\u000agl_Position.y = gl_Position.y * winsys_adjust_y;\u000a}\u000a","metadata":{"profile":"virgl-webgl2-straight-line-v5","stage":"vertex","inputs":[{"index":0,"name":"in_0","type":"vec4","semantic":"ATTRIBUTE","semanticIndex":0,"componentMask":15}],"outputs":[{"index":0,"name":"gl_Position","type":"vec4","semantic":"POSITION","semanticIndex":0,"componentMask":15,"writtenMask":15}],"attributes":[{"index":0,"name":"in_0","type":"vec4","semantic":"ATTRIBUTE","semanticIndex":0,"componentMask":15}],"uniforms":[],"samplers":[],"uniformBlocks":[{"name":"VirglBlock","byteLength":656,"members":[{"name":"winsys_adjust_y","offset":640,"type":"float","default":1}]}]}}
BOUNDARY 49 {"ok":true,"glsl":"#version 300 es\u000aprecision highp float;\u000aprecision highp int;\u000ain vec4 in_0;\u000a vec4 temp7;\u000alayout (std140) uniform VirglBlock {\u000a\u0009vec4 clipp[8];\u000a\u0009uint stipple_pattern[32];\u000a\u0009float winsys_adjust_y;\u000a\u0009float alpha_ref_val;\u000a\u0009bool clip_plane_enabled;\u000a\u0009int drawid_base;\u000a};\u000avoid main(void)\u000a{\u000atemp7 = vec4(((in_0)));\u000atemp7 = vec4(( vec4(temp7) ));\u000agl_Position = vec4(( vec4(temp7) ));\u000agl_Position.y = gl_Position.y * winsys_adjust_y;\u000a}\u000a","metadata":{"profile":"virgl-webgl2-straight-line-v5","stage":"vertex","inputs":[{"index":0,"name":"in_0","type":"vec4","semantic":"ATTRIBUTE","semanticIndex":0,"componentMask":15}],"outputs":[{"index":0,"name":"gl_Position","type":"vec4","semantic":"POSITION","semanticIndex":0,"componentMask":15,"writtenMask":15}],"attributes":[{"index":0,"name":"in_0","type":"vec4","semantic":"ATTRIBUTE","semanticIndex":0,"componentMask":15}],"uniforms":[],"samplers":[],"uniformBlocks":[{"name":"VirglBlock","byteLength":656,"members":[{"name":"winsys_adjust_y","offset":640,"type":"float","default":1}]}]}}
BOUNDARY 50 {"ok":true,"glsl":"#version 300 es\u000aprecision highp float;\u000aprecision highp int;\u000ain vec4 in_0;\u000a vec4 temp7;\u000a vec4 temp8;\u000alayout (std140) uniform VirglBlock {\u000a\u0009vec4 clipp[8];\u000a\u0009uint stipple_pattern[32];\u000a\u0009float winsys_adjust_y;\u000a\u0009float alpha_ref_val;\u000a\u0009bool clip_plane_enabled;\u000a\u0009int drawid_base;\u000a};\u000avoid main(void)\u000a{\u000atemp7 = vec4(((in_0)));\u000atemp8 = vec4(( vec4(temp7) ));\u000agl_Position = vec4(( vec4(temp8) ));\u000agl_Position.y = gl_Position.y * winsys_adjust_y;\u000a}\u000a","metadata":{"profile":"virgl-webgl2-straight-line-v5","stage":"vertex","inputs":[{"index":0,"name":"in_0","type":"vec4","semantic":"ATTRIBUTE","semanticIndex":0,"componentMask":15}],"outputs":[{"index":0,"name":"gl_Position","type":"vec4","semantic":"POSITION","semanticIndex":0,"componentMask":15,"writtenMask":15}],"attributes":[{"index":0,"name":"in_0","type":"vec4","semantic":"ATTRIBUTE","semanticIndex":0,"componentMask":15}],"uniforms":[],"samplers":[],"uniformBlocks":[{"name":"VirglBlock","byteLength":656,"members":[{"name":"winsys_adjust_y","offset":640,"type":"float","default":1}]}]}}
BOUNDARY 51 {"ok":true,"glsl":"#version 300 es\u000aprecision highp float;\u000aprecision highp int;\u000ain vec4 in_0;\u000a vec4 temp7;\u000a vec4 temp8;\u000a vec4 temp9;\u000alayout (std140) uniform VirglBlock {\u000a\u0009vec4 clipp[8];\u000a\u0009uint stipple_pattern[32];\u000a\u0009float winsys_adjust_y;\u000a\u0009float alpha_ref_val;\u000a\u0009bool clip_plane_enabled;\u000a\u0009int drawid_base;\u000a};\u000avoid main(void)\u000a{\u000atemp7 = vec4(((in_0)));\u000atemp9 = vec4(( vec4(temp7) ));\u000agl_Position = vec4(( vec4(temp9) ));\u000agl_Position.y = gl_Position.y * winsys_adjust_y;\u000a}\u000a","metadata":{"profile":"virgl-webgl2-straight-line-v5","stage":"vertex","inputs":[{"index":0,"name":"in_0","type":"vec4","semantic":"ATTRIBUTE","semanticIndex":0,"componentMask":15}],"outputs":[{"index":0,"name":"gl_Position","type":"vec4","semantic":"POSITION","semanticIndex":0,"componentMask":15,"writtenMask":15}],"attributes":[{"index":0,"name":"in_0","type":"vec4","semantic":"ATTRIBUTE","semanticIndex":0,"componentMask":15}],"uniforms":[],"samplers":[],"uniformBlocks":[{"name":"VirglBlock","byteLength":656,"members":[{"name":"winsys_adjust_y","offset":640,"type":"float","default":1}]}]}}
BOUNDARY 52 {"ok":true,"glsl":"#version 300 es\u000aprecision highp float;\u000aprecision highp int;\u000ain vec4 in_0;\u000a vec4 temp8;\u000alayout (std140) uniform VirglBlock {\u000a\u0009vec4 clipp[8];\u000a\u0009uint stipple_pattern[32];\u000a\u0009float winsys_adjust_y;\u000a\u0009float alpha_ref_val;\u000a\u0009bool clip_plane_enabled;\u000a\u0009int drawid_base;\u000a};\u000avoid main(void)\u000a{\u000atemp8 = vec4(((in_0)));\u000atemp8 = vec4(( vec4(temp8) ));\u000agl_Position = vec4(( vec4(temp8) ));\u000agl_Position.y = gl_Position.y * winsys_adjust_y;\u000a}\u000a","metadata":{"profile":"virgl-webgl2-straight-line-v5","stage":"vertex","inputs":[{"index":0,"name":"in_0","type":"vec4","semantic":"ATTRIBUTE","semanticIndex":0,"componentMask":15}],"outputs":[{"index":0,"name":"gl_Position","type":"vec4","semantic":"POSITION","semanticIndex":0,"componentMask":15,"writtenMask":15}],"attributes":[{"index":0,"name":"in_0","type":"vec4","semantic":"ATTRIBUTE","semanticIndex":0,"componentMask":15}],"uniforms":[],"samplers":[],"uniformBlocks":[{"name":"VirglBlock","byteLength":656,"members":[{"name":"winsys_adjust_y","offset":640,"type":"float","default":1}]}]}}
BOUNDARY 53 {"ok":true,"glsl":"#version 300 es\u000aprecision highp float;\u000aprecision highp int;\u000ain vec4 in_0;\u000a vec4 temp8;\u000a vec4 temp9;\u000alayout (std140) uniform VirglBlock {\u000a\u0009vec4 clipp[8];\u000a\u0009uint stipple_pattern[32];\u000a\u0009float winsys_adjust_y;\u000a\u0009float alpha_ref_val;\u000a\u0009bool clip_plane_enabled;\u000a\u0009int drawid_base;\u000a};\u000avoid main(void)\u000a{\u000atemp8 = vec4(((in_0)));\u000atemp9 = vec4(( vec4(temp8) ));\u000agl_Position = vec4(( vec4(temp9) ));\u000agl_Position.y = gl_Position.y * winsys_adjust_y;\u000a}\u000a","metadata":{"profile":"virgl-webgl2-straight-line-v5","stage":"vertex","inputs":[{"index":0,"name":"in_0","type":"vec4","semantic":"ATTRIBUTE","semanticIndex":0,"componentMask":15}],"outputs":[{"index":0,"name":"gl_Position","type":"vec4","semantic":"POSITION","semanticIndex":0,"componentMask":15,"writtenMask":15}],"attributes":[{"index":0,"name":"in_0","type":"vec4","semantic":"ATTRIBUTE","semanticIndex":0,"componentMask":15}],"uniforms":[],"samplers":[],"uniformBlocks":[{"name":"VirglBlock","byteLength":656,"members":[{"name":"winsys_adjust_y","offset":640,"type":"float","default":1}]}]}}
BOUNDARY 54 {"ok":true,"glsl":"#version 300 es\u000aprecision highp float;\u000aprecision highp int;\u000ain vec4 in_0;\u000a vec4 temp9;\u000alayout (std140) uniform VirglBlock {\u000a\u0009vec4 clipp[8];\u000a\u0009uint stipple_pattern[32];\u000a\u0009float winsys_adjust_y;\u000a\u0009float alpha_ref_val;\u000a\u0009bool clip_plane_enabled;\u000a\u0009int drawid_base;\u000a};\u000avoid main(void)\u000a{\u000atemp9 = vec4(((in_0)));\u000atemp9 = vec4(( vec4(temp9) ));\u000agl_Position = vec4(( vec4(temp9) ));\u000agl_Position.y = gl_Position.y * winsys_adjust_y;\u000a}\u000a","metadata":{"profile":"virgl-webgl2-straight-line-v5","stage":"vertex","inputs":[{"index":0,"name":"in_0","type":"vec4","semantic":"ATTRIBUTE","semanticIndex":0,"componentMask":15}],"outputs":[{"index":0,"name":"gl_Position","type":"vec4","semantic":"POSITION","semanticIndex":0,"componentMask":15,"writtenMask":15}],"attributes":[{"index":0,"name":"in_0","type":"vec4","semantic":"ATTRIBUTE","semanticIndex":0,"componentMask":15}],"uniforms":[],"samplers":[],"uniformBlocks":[{"name":"VirglBlock","byteLength":656,"members":[{"name":"winsys_adjust_y","offset":640,"type":"float","default":1}]}]}}
BOUNDARY 55 {"ok":true,"glsl":"#version 300 es\u000aprecision highp float;\u000aprecision highp int;\u000ain vec4 in_0;\u000auniform uvec4 vsconst0[1];\u000alayout (std140) uniform VirglBlock {\u000a\u0009vec4 clipp[8];\u000a\u0009uint stipple_pattern[32];\u000a\u0009float winsys_adjust_y;\u000a\u0009float alpha_ref_val;\u000a\u0009bool clip_plane_enabled;\u000a\u0009int drawid_base;\u000a};\u000avoid main(void)\u000a{\u000agl_Position = vec4(((uintBitsToFloat(vsconst0[0]) + uintBitsToFloat(vsconst0[0]))));\u000agl_Position.y = gl_Position.y * winsys_adjust_y;\u000a}\u000a","metadata":{"profile":"virgl-webgl2-straight-line-v5","stage":"vertex","inputs":[{"index":0,"name":"in_0","type":"vec4","semantic":"ATTRIBUTE","semanticIndex":0,"componentMask":15}],"outputs":[{"index":0,"name":"gl_Position","type":"vec4","semantic":"POSITION","semanticIndex":0,"componentMask":15,"writtenMask":15}],"attributes":[{"index":0,"name":"in_0","type":"vec4","semantic":"ATTRIBUTE","semanticIndex":0,"componentMask":15}],"uniforms":[{"name":"vsconst0","type":"uvec4[]","count":1,"encoding":"float32-bits"}],"samplers":[],"uniformBlocks":[{"name":"VirglBlock","byteLength":656,"members":[{"name":"winsys_adjust_y","offset":640,"type":"float","default":1}]}]}}
BOUNDARY 56 {"ok":true,"glsl":"#version 300 es\u000aprecision highp float;\u000aprecision highp int;\u000ain vec4 in_0;\u000auniform uvec4 vsconst0[2];\u000alayout (std140) uniform VirglBlock {\u000a\u0009vec4 clipp[8];\u000a\u0009uint stipple_pattern[32];\u000a\u0009float winsys_adjust_y;\u000a\u0009float alpha_ref_val;\u000a\u0009bool clip_plane_enabled;\u000a\u0009int drawid_base;\u000a};\u000avoid main(void)\u000a{\u000agl_Position = vec4(((uintBitsToFloat(vsconst0[0]) + uintBitsToFloat(vsconst0[1]))));\u000agl_Position.y = gl_Position.y * winsys_adjust_y;\u000a}\u000a","metadata":{"profile":"virgl-webgl2-straight-line-v5","stage":"vertex","inputs":[{"index":0,"name":"in_0","type":"vec4","semantic":"ATTRIBUTE","semanticIndex":0,"componentMask":15}],"outputs":[{"index":0,"name":"gl_Position","type":"vec4","semantic":"POSITION","semanticIndex":0,"componentMask":15,"writtenMask":15}],"attributes":[{"index":0,"name":"in_0","type":"vec4","semantic":"ATTRIBUTE","semanticIndex":0,"componentMask":15}],"uniforms":[{"name":"vsconst0","type":"uvec4[]","count":2,"encoding":"float32-bits"}],"samplers":[],"uniformBlocks":[{"name":"VirglBlock","byteLength":656,"members":[{"name":"winsys_adjust_y","offset":640,"type":"float","default":1}]}]}}
BOUNDARY 57 {"ok":true,"glsl":"#version 300 es\u000aprecision highp float;\u000aprecision highp int;\u000ain vec4 in_0;\u000auniform uvec4 vsconst0[3];\u000alayout (std140) uniform VirglBlock {\u000a\u0009vec4 clipp[8];\u000a\u0009uint stipple_pattern[32];\u000a\u0009float winsys_adjust_y;\u000a\u0009float alpha_ref_val;\u000a\u0009bool clip_plane_enabled;\u000a\u0009int drawid_base;\u000a};\u000avoid main(void)\u000a{\u000agl_Position = vec4(((uintBitsToFloat(vsconst0[0]) + uintBitsToFloat(vsconst0[2]))));\u000agl_Position.y = gl_Position.y * winsys_adjust_y;\u000a}\u000a","metadata":{"profile":"virgl-webgl2-straight-line-v5","stage":"vertex","inputs":[{"index":0,"name":"in_0","type":"vec4","semantic":"ATTRIBUTE","semanticIndex":0,"componentMask":15}],"outputs":[{"index":0,"name":"gl_Position","type":"vec4","semantic":"POSITION","semanticIndex":0,"componentMask":15,"writtenMask":15}],"attributes":[{"index":0,"name":"in_0","type":"vec4","semantic":"ATTRIBUTE","semanticIndex":0,"componentMask":15}],"uniforms":[{"name":"vsconst0","type":"uvec4[]","count":3,"encoding":"float32-bits"}],"samplers":[],"uniformBlocks":[{"name":"VirglBlock","byteLength":656,"members":[{"name":"winsys_adjust_y","offset":640,"type":"float","default":1}]}]}}
BOUNDARY 58 {"ok":true,"glsl":"#version 300 es\u000aprecision highp float;\u000aprecision highp int;\u000ain vec4 in_0;\u000auniform uvec4 vsconst0[4];\u000alayout (std140) uniform VirglBlock {\u000a\u0009vec4 clipp[8];\u000a\u0009uint stipple_pattern[32];\u000a\u0009float winsys_adjust_y;\u000a\u0009float alpha_ref_val;\u000a\u0009bool clip_plane_enabled;\u000a\u0009int drawid_base;\u000a};\u000avoid main(void)\u000a{\u000agl_Position = vec4(((uintBitsToFloat(vsconst0[0]) + uintBitsToFloat(vsconst0[3]))));\u000agl_Position.y = gl_Position.y * winsys_adjust_y;\u000a}\u000a","metadata":{"profile":"virgl-webgl2-straight-line-v5","stage":"vertex","inputs":[{"index":0,"name":"in_0","type":"vec4","semantic":"ATTRIBUTE","semanticIndex":0,"componentMask":15}],"outputs":[{"index":0,"name":"gl_Position","type":"vec4","semantic":"POSITION","semanticIndex":0,"componentMask":15,"writtenMask":15}],"attributes":[{"index":0,"name":"in_0","type":"vec4","semantic":"ATTRIBUTE","semanticIndex":0,"componentMask":15}],"uniforms":[{"name":"vsconst0","type":"uvec4[]","count":4,"encoding":"float32-bits"}],"samplers":[],"uniformBlocks":[{"name":"VirglBlock","byteLength":656,"members":[{"name":"winsys_adjust_y","offset":640,"type":"float","default":1}]}]}}
BOUNDARY 59 {"ok":true,"glsl":"#version 300 es\u000aprecision highp float;\u000aprecision highp int;\u000ain vec4 in_0;\u000auniform uvec4 vsconst0[5];\u000alayout (std140) uniform VirglBlock {\u000a\u0009vec4 clipp[8];\u000a\u0009uint stipple_pattern[32];\u000a\u0009float winsys_adjust_y;\u000a\u0009float alpha_ref_val;\u000a\u0009bool clip_plane_enabled;\u000a\u0009int drawid_base;\u000a};\u000avoid main(void)\u000a{\u000agl_Position = vec4(((uintBitsToFloat(vsconst0[0]) + uintBitsToFloat(vsconst0[4]))));\u000agl_Position.y = gl_Position.y * winsys_adjust_y;\u000a}\u000a","metadata":{"profile":"virgl-webgl2-straight-line-v5","stage":"vertex","inputs":[{"index":0,"name":"in_0","type":"vec4","semantic":"ATTRIBUTE","semanticIndex":0,"componentMask":15}],"outputs":[{"index":0,"name":"gl_Position","type":"vec4","semantic":"POSITION","semanticIndex":0,"componentMask":15,"writtenMask":15}],"attributes":[{"index":0,"name":"in_0","type":"vec4","semantic":"ATTRIBUTE","semanticIndex":0,"componentMask":15}],"uniforms":[{"name":"vsconst0","type":"uvec4[]","count":5,"encoding":"float32-bits"}],"samplers":[],"uniformBlocks":[{"name":"VirglBlock","byteLength":656,"members":[{"name":"winsys_adjust_y","offset":640,"type":"float","default":1}]}]}}
BOUNDARY 60 {"ok":true,"glsl":"#version 300 es\u000aprecision highp float;\u000aprecision highp int;\u000ain vec4 in_0;\u000auniform uvec4 vsconst0[6];\u000alayout (std140) uniform VirglBlock {\u000a\u0009vec4 clipp[8];\u000a\u0009uint stipple_pattern[32];\u000a\u0009float winsys_adjust_y;\u000a\u0009float alpha_ref_val;\u000a\u0009bool clip_plane_enabled;\u000a\u0009int drawid_base;\u000a};\u000avoid main(void)\u000a{\u000agl_Position = vec4(((uintBitsToFloat(vsconst0[0]) + uintBitsToFloat(vsconst0[5]))));\u000agl_Position.y = gl_Position.y * winsys_adjust_y;\u000a}\u000a","metadata":{"profile":"virgl-webgl2-straight-line-v5","stage":"vertex","inputs":[{"index":0,"name":"in_0","type":"vec4","semantic":"ATTRIBUTE","semanticIndex":0,"componentMask":15}],"outputs":[{"index":0,"name":"gl_Position","type":"vec4","semantic":"POSITION","semanticIndex":0,"componentMask":15,"writtenMask":15}],"attributes":[{"index":0,"name":"in_0","type":"vec4","semantic":"ATTRIBUTE","semanticIndex":0,"componentMask":15}],"uniforms":[{"name":"vsconst0","type":"uvec4[]","count":6,"encoding":"float32-bits"}],"samplers":[],"uniformBlocks":[{"name":"VirglBlock","byteLength":656,"members":[{"name":"winsys_adjust_y","offset":640,"type":"float","default":1}]}]}}
BOUNDARY 61 {"ok":true,"glsl":"#version 300 es\u000aprecision highp float;\u000aprecision highp int;\u000ain vec4 in_0;\u000auniform uvec4 vsconst0[7];\u000alayout (std140) uniform VirglBlock {\u000a\u0009vec4 clipp[8];\u000a\u0009uint stipple_pattern[32];\u000a\u0009float winsys_adjust_y;\u000a\u0009float alpha_ref_val;\u000a\u0009bool clip_plane_enabled;\u000a\u0009int drawid_base;\u000a};\u000avoid main(void)\u000a{\u000agl_Position = vec4(((uintBitsToFloat(vsconst0[0]) + uintBitsToFloat(vsconst0[6]))));\u000agl_Position.y = gl_Position.y * winsys_adjust_y;\u000a}\u000a","metadata":{"profile":"virgl-webgl2-straight-line-v5","stage":"vertex","inputs":[{"index":0,"name":"in_0","type":"vec4","semantic":"ATTRIBUTE","semanticIndex":0,"componentMask":15}],"outputs":[{"index":0,"name":"gl_Position","type":"vec4","semantic":"POSITION","semanticIndex":0,"componentMask":15,"writtenMask":15}],"attributes":[{"index":0,"name":"in_0","type":"vec4","semantic":"ATTRIBUTE","semanticIndex":0,"componentMask":15}],"uniforms":[{"name":"vsconst0","type":"uvec4[]","count":7,"encoding":"float32-bits"}],"samplers":[],"uniformBlocks":[{"name":"VirglBlock","byteLength":656,"members":[{"name":"winsys_adjust_y","offset":640,"type":"float","default":1}]}]}}
BOUNDARY 62 {"ok":true,"glsl":"#version 300 es\u000aprecision highp float;\u000aprecision highp int;\u000ain vec4 in_0;\u000auniform uvec4 vsconst0[8];\u000alayout (std140) uniform VirglBlock {\u000a\u0009vec4 clipp[8];\u000a\u0009uint stipple_pattern[32];\u000a\u0009float winsys_adjust_y;\u000a\u0009float alpha_ref_val;\u000a\u0009bool clip_plane_enabled;\u000a\u0009int drawid_base;\u000a};\u000avoid main(void)\u000a{\u000agl_Position = vec4(((uintBitsToFloat(vsconst0[0]) + uintBitsToFloat(vsconst0[7]))));\u000agl_Position.y = gl_Position.y * winsys_adjust_y;\u000a}\u000a","metadata":{"profile":"virgl-webgl2-straight-line-v5","stage":"vertex","inputs":[{"index":0,"name":"in_0","type":"vec4","semantic":"ATTRIBUTE","semanticIndex":0,"componentMask":15}],"outputs":[{"index":0,"name":"gl_Position","type":"vec4","semantic":"POSITION","semanticIndex":0,"componentMask":15,"writtenMask":15}],"attributes":[{"index":0,"name":"in_0","type":"vec4","semantic":"ATTRIBUTE","semanticIndex":0,"componentMask":15}],"uniforms":[{"name":"vsconst0","type":"uvec4[]","count":8,"encoding":"float32-bits"}],"samplers":[],"uniformBlocks":[{"name":"VirglBlock","byteLength":656,"members":[{"name":"winsys_adjust_y","offset":640,"type":"float","default":1}]}]}}
BOUNDARY 63 {"ok":true,"glsl":"#version 300 es\u000aprecision highp float;\u000aprecision highp int;\u000ain vec4 in_0;\u000auniform uvec4 vsconst0[2];\u000alayout (std140) uniform VirglBlock {\u000a\u0009vec4 clipp[8];\u000a\u0009uint stipple_pattern[32];\u000a\u0009float winsys_adjust_y;\u000a\u0009float alpha_ref_val;\u000a\u0009bool clip_plane_enabled;\u000a\u0009int drawid_base;\u000a};\u000avoid main(void)\u000a{\u000agl_Position = vec4(((uintBitsToFloat(vsconst0[1]) + uintBitsToFloat(vsconst0[1]))));\u000agl_Position.y = gl_Position.y * winsys_adjust_y;\u000a}\u000a","metadata":{"profile":"virgl-webgl2-straight-line-v5","stage":"vertex","inputs":[{"index":0,"name":"in_0","type":"vec4","semantic":"ATTRIBUTE","semanticIndex":0,"componentMask":15}],"outputs":[{"index":0,"name":"gl_Position","type":"vec4","semantic":"POSITION","semanticIndex":0,"componentMask":15,"writtenMask":15}],"attributes":[{"index":0,"name":"in_0","type":"vec4","semantic":"ATTRIBUTE","semanticIndex":0,"componentMask":15}],"uniforms":[{"name":"vsconst0","type":"uvec4[]","count":2,"encoding":"float32-bits"}],"samplers":[],"uniformBlocks":[{"name":"VirglBlock","byteLength":656,"members":[{"name":"winsys_adjust_y","offset":640,"type":"float","default":1}]}]}}
BOUNDARY 64 {"ok":true,"glsl":"#version 300 es\u000aprecision highp float;\u000aprecision highp int;\u000ain vec4 in_0;\u000auniform uvec4 vsconst0[3];\u000alayout (std140) uniform VirglBlock {\u000a\u0009vec4 clipp[8];\u000a\u0009uint stipple_pattern[32];\u000a\u0009float winsys_adjust_y;\u000a\u0009float alpha_ref_val;\u000a\u0009bool clip_plane_enabled;\u000a\u0009int drawid_base;\u000a};\u000avoid main(void)\u000a{\u000agl_Position = vec4(((uintBitsToFloat(vsconst0[1]) + uintBitsToFloat(vsconst0[2]))));\u000agl_Position.y = gl_Position.y * winsys_adjust_y;\u000a}\u000a","metadata":{"profile":"virgl-webgl2-straight-line-v5","stage":"vertex","inputs":[{"index":0,"name":"in_0","type":"vec4","semantic":"ATTRIBUTE","semanticIndex":0,"componentMask":15}],"outputs":[{"index":0,"name":"gl_Position","type":"vec4","semantic":"POSITION","semanticIndex":0,"componentMask":15,"writtenMask":15}],"attributes":[{"index":0,"name":"in_0","type":"vec4","semantic":"ATTRIBUTE","semanticIndex":0,"componentMask":15}],"uniforms":[{"name":"vsconst0","type":"uvec4[]","count":3,"encoding":"float32-bits"}],"samplers":[],"uniformBlocks":[{"name":"VirglBlock","byteLength":656,"members":[{"name":"winsys_adjust_y","offset":640,"type":"float","default":1}]}]}}
BOUNDARY 65 {"ok":true,"glsl":"#version 300 es\u000aprecision highp float;\u000aprecision highp int;\u000ain vec4 in_0;\u000auniform uvec4 vsconst0[4];\u000alayout (std140) uniform VirglBlock {\u000a\u0009vec4 clipp[8];\u000a\u0009uint stipple_pattern[32];\u000a\u0009float winsys_adjust_y;\u000a\u0009float alpha_ref_val;\u000a\u0009bool clip_plane_enabled;\u000a\u0009int drawid_base;\u000a};\u000avoid main(void)\u000a{\u000agl_Position = vec4(((uintBitsToFloat(vsconst0[1]) + uintBitsToFloat(vsconst0[3]))));\u000agl_Position.y = gl_Position.y * winsys_adjust_y;\u000a}\u000a","metadata":{"profile":"virgl-webgl2-straight-line-v5","stage":"vertex","inputs":[{"index":0,"name":"in_0","type":"vec4","semantic":"ATTRIBUTE","semanticIndex":0,"componentMask":15}],"outputs":[{"index":0,"name":"gl_Position","type":"vec4","semantic":"POSITION","semanticIndex":0,"componentMask":15,"writtenMask":15}],"attributes":[{"index":0,"name":"in_0","type":"vec4","semantic":"ATTRIBUTE","semanticIndex":0,"componentMask":15}],"uniforms":[{"name":"vsconst0","type":"uvec4[]","count":4,"encoding":"float32-bits"}],"samplers":[],"uniformBlocks":[{"name":"VirglBlock","byteLength":656,"members":[{"name":"winsys_adjust_y","offset":640,"type":"float","default":1}]}]}}
BOUNDARY 66 {"ok":true,"glsl":"#version 300 es\u000aprecision highp float;\u000aprecision highp int;\u000ain vec4 in_0;\u000auniform uvec4 vsconst0[5];\u000alayout (std140) uniform VirglBlock {\u000a\u0009vec4 clipp[8];\u000a\u0009uint stipple_pattern[32];\u000a\u0009float winsys_adjust_y;\u000a\u0009float alpha_ref_val;\u000a\u0009bool clip_plane_enabled;\u000a\u0009int drawid_base;\u000a};\u000avoid main(void)\u000a{\u000agl_Position = vec4(((uintBitsToFloat(vsconst0[1]) + uintBitsToFloat(vsconst0[4]))));\u000agl_Position.y = gl_Position.y * winsys_adjust_y;\u000a}\u000a","metadata":{"profile":"virgl-webgl2-straight-line-v5","stage":"vertex","inputs":[{"index":0,"name":"in_0","type":"vec4","semantic":"ATTRIBUTE","semanticIndex":0,"componentMask":15}],"outputs":[{"index":0,"name":"gl_Position","type":"vec4","semantic":"POSITION","semanticIndex":0,"componentMask":15,"writtenMask":15}],"attributes":[{"index":0,"name":"in_0","type":"vec4","semantic":"ATTRIBUTE","semanticIndex":0,"componentMask":15}],"uniforms":[{"name":"vsconst0","type":"uvec4[]","count":5,"encoding":"float32-bits"}],"samplers":[],"uniformBlocks":[{"name":"VirglBlock","byteLength":656,"members":[{"name":"winsys_adjust_y","offset":640,"type":"float","default":1}]}]}}
BOUNDARY 67 {"ok":true,"glsl":"#version 300 es\u000aprecision highp float;\u000aprecision highp int;\u000ain vec4 in_0;\u000auniform uvec4 vsconst0[6];\u000alayout (std140) uniform VirglBlock {\u000a\u0009vec4 clipp[8];\u000a\u0009uint stipple_pattern[32];\u000a\u0009float winsys_adjust_y;\u000a\u0009float alpha_ref_val;\u000a\u0009bool clip_plane_enabled;\u000a\u0009int drawid_base;\u000a};\u000avoid main(void)\u000a{\u000agl_Position = vec4(((uintBitsToFloat(vsconst0[1]) + uintBitsToFloat(vsconst0[5]))));\u000agl_Position.y = gl_Position.y * winsys_adjust_y;\u000a}\u000a","metadata":{"profile":"virgl-webgl2-straight-line-v5","stage":"vertex","inputs":[{"index":0,"name":"in_0","type":"vec4","semantic":"ATTRIBUTE","semanticIndex":0,"componentMask":15}],"outputs":[{"index":0,"name":"gl_Position","type":"vec4","semantic":"POSITION","semanticIndex":0,"componentMask":15,"writtenMask":15}],"attributes":[{"index":0,"name":"in_0","type":"vec4","semantic":"ATTRIBUTE","semanticIndex":0,"componentMask":15}],"uniforms":[{"name":"vsconst0","type":"uvec4[]","count":6,"encoding":"float32-bits"}],"samplers":[],"uniformBlocks":[{"name":"VirglBlock","byteLength":656,"members":[{"name":"winsys_adjust_y","offset":640,"type":"float","default":1}]}]}}
BOUNDARY 68 {"ok":true,"glsl":"#version 300 es\u000aprecision highp float;\u000aprecision highp int;\u000ain vec4 in_0;\u000auniform uvec4 vsconst0[7];\u000alayout (std140) uniform VirglBlock {\u000a\u0009vec4 clipp[8];\u000a\u0009uint stipple_pattern[32];\u000a\u0009float winsys_adjust_y;\u000a\u0009float alpha_ref_val;\u000a\u0009bool clip_plane_enabled;\u000a\u0009int drawid_base;\u000a};\u000avoid main(void)\u000a{\u000agl_Position = vec4(((uintBitsToFloat(vsconst0[1]) + uintBitsToFloat(vsconst0[6]))));\u000agl_Position.y = gl_Position.y * winsys_adjust_y;\u000a}\u000a","metadata":{"profile":"virgl-webgl2-straight-line-v5","stage":"vertex","inputs":[{"index":0,"name":"in_0","type":"vec4","semantic":"ATTRIBUTE","semanticIndex":0,"componentMask":15}],"outputs":[{"index":0,"name":"gl_Position","type":"vec4","semantic":"POSITION","semanticIndex":0,"componentMask":15,"writtenMask":15}],"attributes":[{"index":0,"name":"in_0","type":"vec4","semantic":"ATTRIBUTE","semanticIndex":0,"componentMask":15}],"uniforms":[{"name":"vsconst0","type":"uvec4[]","count":7,"encoding":"float32-bits"}],"samplers":[],"uniformBlocks":[{"name":"VirglBlock","byteLength":656,"members":[{"name":"winsys_adjust_y","offset":640,"type":"float","default":1}]}]}}
BOUNDARY 69 {"ok":true,"glsl":"#version 300 es\u000aprecision highp float;\u000aprecision highp int;\u000ain vec4 in_0;\u000auniform uvec4 vsconst0[8];\u000alayout (std140) uniform VirglBlock {\u000a\u0009vec4 clipp[8];\u000a\u0009uint stipple_pattern[32];\u000a\u0009float winsys_adjust_y;\u000a\u0009float alpha_ref_val;\u000a\u0009bool clip_plane_enabled;\u000a\u0009int drawid_base;\u000a};\u000avoid main(void)\u000a{\u000agl_Position = vec4(((uintBitsToFloat(vsconst0[1]) + uintBitsToFloat(vsconst0[7]))));\u000agl_Position.y = gl_Position.y * winsys_adjust_y;\u000a}\u000a","metadata":{"profile":"virgl-webgl2-straight-line-v5","stage":"vertex","inputs":[{"index":0,"name":"in_0","type":"vec4","semantic":"ATTRIBUTE","semanticIndex":0,"componentMask":15}],"outputs":[{"index":0,"name":"gl_Position","type":"vec4","semantic":"POSITION","semanticIndex":0,"componentMask":15,"writtenMask":15}],"attributes":[{"index":0,"name":"in_0","type":"vec4","semantic":"ATTRIBUTE","semanticIndex":0,"componentMask":15}],"uniforms":[{"name":"vsconst0","type":"uvec4[]","count":8,"encoding":"float32-bits"}],"samplers":[],"uniformBlocks":[{"name":"VirglBlock","byteLength":656,"members":[{"name":"winsys_adjust_y","offset":640,"type":"float","default":1}]}]}}
BOUNDARY 70 {"ok":true,"glsl":"#version 300 es\u000aprecision highp float;\u000aprecision highp int;\u000ain vec4 in_0;\u000auniform uvec4 vsconst0[3];\u000alayout (std140) uniform VirglBlock {\u000a\u0009vec4 clipp[8];\u000a\u0009uint stipple_pattern[32];\u000a\u0009float winsys_adjust_y;\u000a\u0009float alpha_ref_val;\u000a\u0009bool clip_plane_enabled;\u000a\u0009int drawid_base;\u000a};\u000avoid main(void)\u000a{\u000agl_Position = vec4(((uintBitsToFloat(vsconst0[2]) + uintBitsToFloat(vsconst0[2]))));\u000agl_Position.y = gl_Position.y * winsys_adjust_y;\u000a}\u000a","metadata":{"profile":"virgl-webgl2-straight-line-v5","stage":"vertex","inputs":[{"index":0,"name":"in_0","type":"vec4","semantic":"ATTRIBUTE","semanticIndex":0,"componentMask":15}],"outputs":[{"index":0,"name":"gl_Position","type":"vec4","semantic":"POSITION","semanticIndex":0,"componentMask":15,"writtenMask":15}],"attributes":[{"index":0,"name":"in_0","type":"vec4","semantic":"ATTRIBUTE","semanticIndex":0,"componentMask":15}],"uniforms":[{"name":"vsconst0","type":"uvec4[]","count":3,"encoding":"float32-bits"}],"samplers":[],"uniformBlocks":[{"name":"VirglBlock","byteLength":656,"members":[{"name":"winsys_adjust_y","offset":640,"type":"float","default":1}]}]}}
BOUNDARY 71 {"ok":true,"glsl":"#version 300 es\u000aprecision highp float;\u000aprecision highp int;\u000ain vec4 in_0;\u000auniform uvec4 vsconst0[4];\u000alayout (std140) uniform VirglBlock {\u000a\u0009vec4 clipp[8];\u000a\u0009uint stipple_pattern[32];\u000a\u0009float winsys_adjust_y;\u000a\u0009float alpha_ref_val;\u000a\u0009bool clip_plane_enabled;\u000a\u0009int drawid_base;\u000a};\u000avoid main(void)\u000a{\u000agl_Position = vec4(((uintBitsToFloat(vsconst0[2]) + uintBitsToFloat(vsconst0[3]))));\u000agl_Position.y = gl_Position.y * winsys_adjust_y;\u000a}\u000a","metadata":{"profile":"virgl-webgl2-straight-line-v5","stage":"vertex","inputs":[{"index":0,"name":"in_0","type":"vec4","semantic":"ATTRIBUTE","semanticIndex":0,"componentMask":15}],"outputs":[{"index":0,"name":"gl_Position","type":"vec4","semantic":"POSITION","semanticIndex":0,"componentMask":15,"writtenMask":15}],"attributes":[{"index":0,"name":"in_0","type":"vec4","semantic":"ATTRIBUTE","semanticIndex":0,"componentMask":15}],"uniforms":[{"name":"vsconst0","type":"uvec4[]","count":4,"encoding":"float32-bits"}],"samplers":[],"uniformBlocks":[{"name":"VirglBlock","byteLength":656,"members":[{"name":"winsys_adjust_y","offset":640,"type":"float","default":1}]}]}}
BOUNDARY 72 {"ok":true,"glsl":"#version 300 es\u000aprecision highp float;\u000aprecision highp int;\u000ain vec4 in_0;\u000auniform uvec4 vsconst0[5];\u000alayout (std140) uniform VirglBlock {\u000a\u0009vec4 clipp[8];\u000a\u0009uint stipple_pattern[32];\u000a\u0009float winsys_adjust_y;\u000a\u0009float alpha_ref_val;\u000a\u0009bool clip_plane_enabled;\u000a\u0009int drawid_base;\u000a};\u000avoid main(void)\u000a{\u000agl_Position = vec4(((uintBitsToFloat(vsconst0[2]) + uintBitsToFloat(vsconst0[4]))));\u000agl_Position.y = gl_Position.y * winsys_adjust_y;\u000a}\u000a","metadata":{"profile":"virgl-webgl2-straight-line-v5","stage":"vertex","inputs":[{"index":0,"name":"in_0","type":"vec4","semantic":"ATTRIBUTE","semanticIndex":0,"componentMask":15}],"outputs":[{"index":0,"name":"gl_Position","type":"vec4","semantic":"POSITION","semanticIndex":0,"componentMask":15,"writtenMask":15}],"attributes":[{"index":0,"name":"in_0","type":"vec4","semantic":"ATTRIBUTE","semanticIndex":0,"componentMask":15}],"uniforms":[{"name":"vsconst0","type":"uvec4[]","count":5,"encoding":"float32-bits"}],"samplers":[],"uniformBlocks":[{"name":"VirglBlock","byteLength":656,"members":[{"name":"winsys_adjust_y","offset":640,"type":"float","default":1}]}]}}
BOUNDARY 73 {"ok":true,"glsl":"#version 300 es\u000aprecision highp float;\u000aprecision highp int;\u000ain vec4 in_0;\u000auniform uvec4 vsconst0[6];\u000alayout (std140) uniform VirglBlock {\u000a\u0009vec4 clipp[8];\u000a\u0009uint stipple_pattern[32];\u000a\u0009float winsys_adjust_y;\u000a\u0009float alpha_ref_val;\u000a\u0009bool clip_plane_enabled;\u000a\u0009int drawid_base;\u000a};\u000avoid main(void)\u000a{\u000agl_Position = vec4(((uintBitsToFloat(vsconst0[2]) + uintBitsToFloat(vsconst0[5]))));\u000agl_Position.y = gl_Position.y * winsys_adjust_y;\u000a}\u000a","metadata":{"profile":"virgl-webgl2-straight-line-v5","stage":"vertex","inputs":[{"index":0,"name":"in_0","type":"vec4","semantic":"ATTRIBUTE","semanticIndex":0,"componentMask":15}],"outputs":[{"index":0,"name":"gl_Position","type":"vec4","semantic":"POSITION","semanticIndex":0,"componentMask":15,"writtenMask":15}],"attributes":[{"index":0,"name":"in_0","type":"vec4","semantic":"ATTRIBUTE","semanticIndex":0,"componentMask":15}],"uniforms":[{"name":"vsconst0","type":"uvec4[]","count":6,"encoding":"float32-bits"}],"samplers":[],"uniformBlocks":[{"name":"VirglBlock","byteLength":656,"members":[{"name":"winsys_adjust_y","offset":640,"type":"float","default":1}]}]}}
BOUNDARY 74 {"ok":true,"glsl":"#version 300 es\u000aprecision highp float;\u000aprecision highp int;\u000ain vec4 in_0;\u000auniform uvec4 vsconst0[7];\u000alayout (std140) uniform VirglBlock {\u000a\u0009vec4 clipp[8];\u000a\u0009uint stipple_pattern[32];\u000a\u0009float winsys_adjust_y;\u000a\u0009float alpha_ref_val;\u000a\u0009bool clip_plane_enabled;\u000a\u0009int drawid_base;\u000a};\u000avoid main(void)\u000a{\u000agl_Position = vec4(((uintBitsToFloat(vsconst0[2]) + uintBitsToFloat(vsconst0[6]))));\u000agl_Position.y = gl_Position.y * winsys_adjust_y;\u000a}\u000a","metadata":{"profile":"virgl-webgl2-straight-line-v5","stage":"vertex","inputs":[{"index":0,"name":"in_0","type":"vec4","semantic":"ATTRIBUTE","semanticIndex":0,"componentMask":15}],"outputs":[{"index":0,"name":"gl_Position","type":"vec4","semantic":"POSITION","semanticIndex":0,"componentMask":15,"writtenMask":15}],"attributes":[{"index":0,"name":"in_0","type":"vec4","semantic":"ATTRIBUTE","semanticIndex":0,"componentMask":15}],"uniforms":[{"name":"vsconst0","type":"uvec4[]","count":7,"encoding":"float32-bits"}],"samplers":[],"uniformBlocks":[{"name":"VirglBlock","byteLength":656,"members":[{"name":"winsys_adjust_y","offset":640,"type":"float","default":1}]}]}}
BOUNDARY 75 {"ok":true,"glsl":"#version 300 es\u000aprecision highp float;\u000aprecision highp int;\u000ain vec4 in_0;\u000auniform uvec4 vsconst0[8];\u000alayout (std140) uniform VirglBlock {\u000a\u0009vec4 clipp[8];\u000a\u0009uint stipple_pattern[32];\u000a\u0009float winsys_adjust_y;\u000a\u0009float alpha_ref_val;\u000a\u0009bool clip_plane_enabled;\u000a\u0009int drawid_base;\u000a};\u000avoid main(void)\u000a{\u000agl_Position = vec4(((uintBitsToFloat(vsconst0[2]) + uintBitsToFloat(vsconst0[7]))));\u000agl_Position.y = gl_Position.y * winsys_adjust_y;\u000a}\u000a","metadata":{"profile":"virgl-webgl2-straight-line-v5","stage":"vertex","inputs":[{"index":0,"name":"in_0","type":"vec4","semantic":"ATTRIBUTE","semanticIndex":0,"componentMask":15}],"outputs":[{"index":0,"name":"gl_Position","type":"vec4","semantic":"POSITION","semanticIndex":0,"componentMask":15,"writtenMask":15}],"attributes":[{"index":0,"name":"in_0","type":"vec4","semantic":"ATTRIBUTE","semanticIndex":0,"componentMask":15}],"uniforms":[{"name":"vsconst0","type":"uvec4[]","count":8,"encoding":"float32-bits"}],"samplers":[],"uniformBlocks":[{"name":"VirglBlock","byteLength":656,"members":[{"name":"winsys_adjust_y","offset":640,"type":"float","default":1}]}]}}
BOUNDARY 76 {"ok":true,"glsl":"#version 300 es\u000aprecision highp float;\u000aprecision highp int;\u000ain vec4 in_0;\u000auniform uvec4 vsconst0[4];\u000alayout (std140) uniform VirglBlock {\u000a\u0009vec4 clipp[8];\u000a\u0009uint stipple_pattern[32];\u000a\u0009float winsys_adjust_y;\u000a\u0009float alpha_ref_val;\u000a\u0009bool clip_plane_enabled;\u000a\u0009int drawid_base;\u000a};\u000avoid main(void)\u000a{\u000agl_Position = vec4(((uintBitsToFloat(vsconst0[3]) + uintBitsToFloat(vsconst0[3]))));\u000agl_Position.y = gl_Position.y * winsys_adjust_y;\u000a}\u000a","metadata":{"profile":"virgl-webgl2-straight-line-v5","stage":"vertex","inputs":[{"index":0,"name":"in_0","type":"vec4","semantic":"ATTRIBUTE","semanticIndex":0,"componentMask":15}],"outputs":[{"index":0,"name":"gl_Position","type":"vec4","semantic":"POSITION","semanticIndex":0,"componentMask":15,"writtenMask":15}],"attributes":[{"index":0,"name":"in_0","type":"vec4","semantic":"ATTRIBUTE","semanticIndex":0,"componentMask":15}],"uniforms":[{"name":"vsconst0","type":"uvec4[]","count":4,"encoding":"float32-bits"}],"samplers":[],"uniformBlocks":[{"name":"VirglBlock","byteLength":656,"members":[{"name":"winsys_adjust_y","offset":640,"type":"float","default":1}]}]}}
BOUNDARY 77 {"ok":true,"glsl":"#version 300 es\u000aprecision highp float;\u000aprecision highp int;\u000ain vec4 in_0;\u000auniform uvec4 vsconst0[5];\u000alayout (std140) uniform VirglBlock {\u000a\u0009vec4 clipp[8];\u000a\u0009uint stipple_pattern[32];\u000a\u0009float winsys_adjust_y;\u000a\u0009float alpha_ref_val;\u000a\u0009bool clip_plane_enabled;\u000a\u0009int drawid_base;\u000a};\u000avoid main(void)\u000a{\u000agl_Position = vec4(((uintBitsToFloat(vsconst0[3]) + uintBitsToFloat(vsconst0[4]))));\u000agl_Position.y = gl_Position.y * winsys_adjust_y;\u000a}\u000a","metadata":{"profile":"virgl-webgl2-straight-line-v5","stage":"vertex","inputs":[{"index":0,"name":"in_0","type":"vec4","semantic":"ATTRIBUTE","semanticIndex":0,"componentMask":15}],"outputs":[{"index":0,"name":"gl_Position","type":"vec4","semantic":"POSITION","semanticIndex":0,"componentMask":15,"writtenMask":15}],"attributes":[{"index":0,"name":"in_0","type":"vec4","semantic":"ATTRIBUTE","semanticIndex":0,"componentMask":15}],"uniforms":[{"name":"vsconst0","type":"uvec4[]","count":5,"encoding":"float32-bits"}],"samplers":[],"uniformBlocks":[{"name":"VirglBlock","byteLength":656,"members":[{"name":"winsys_adjust_y","offset":640,"type":"float","default":1}]}]}}
BOUNDARY 78 {"ok":true,"glsl":"#version 300 es\u000aprecision highp float;\u000aprecision highp int;\u000ain vec4 in_0;\u000auniform uvec4 vsconst0[6];\u000alayout (std140) uniform VirglBlock {\u000a\u0009vec4 clipp[8];\u000a\u0009uint stipple_pattern[32];\u000a\u0009float winsys_adjust_y;\u000a\u0009float alpha_ref_val;\u000a\u0009bool clip_plane_enabled;\u000a\u0009int drawid_base;\u000a};\u000avoid main(void)\u000a{\u000agl_Position = vec4(((uintBitsToFloat(vsconst0[3]) + uintBitsToFloat(vsconst0[5]))));\u000agl_Position.y = gl_Position.y * winsys_adjust_y;\u000a}\u000a","metadata":{"profile":"virgl-webgl2-straight-line-v5","stage":"vertex","inputs":[{"index":0,"name":"in_0","type":"vec4","semantic":"ATTRIBUTE","semanticIndex":0,"componentMask":15}],"outputs":[{"index":0,"name":"gl_Position","type":"vec4","semantic":"POSITION","semanticIndex":0,"componentMask":15,"writtenMask":15}],"attributes":[{"index":0,"name":"in_0","type":"vec4","semantic":"ATTRIBUTE","semanticIndex":0,"componentMask":15}],"uniforms":[{"name":"vsconst0","type":"uvec4[]","count":6,"encoding":"float32-bits"}],"samplers":[],"uniformBlocks":[{"name":"VirglBlock","byteLength":656,"members":[{"name":"winsys_adjust_y","offset":640,"type":"float","default":1}]}]}}
BOUNDARY 79 {"ok":true,"glsl":"#version 300 es\u000aprecision highp float;\u000aprecision highp int;\u000ain vec4 in_0;\u000auniform uvec4 vsconst0[7];\u000alayout (std140) uniform VirglBlock {\u000a\u0009vec4 clipp[8];\u000a\u0009uint stipple_pattern[32];\u000a\u0009float winsys_adjust_y;\u000a\u0009float alpha_ref_val;\u000a\u0009bool clip_plane_enabled;\u000a\u0009int drawid_base;\u000a};\u000avoid main(void)\u000a{\u000agl_Position = vec4(((uintBitsToFloat(vsconst0[3]) + uintBitsToFloat(vsconst0[6]))));\u000agl_Position.y = gl_Position.y * winsys_adjust_y;\u000a}\u000a","metadata":{"profile":"virgl-webgl2-straight-line-v5","stage":"vertex","inputs":[{"index":0,"name":"in_0","type":"vec4","semantic":"ATTRIBUTE","semanticIndex":0,"componentMask":15}],"outputs":[{"index":0,"name":"gl_Position","type":"vec4","semantic":"POSITION","semanticIndex":0,"componentMask":15,"writtenMask":15}],"attributes":[{"index":0,"name":"in_0","type":"vec4","semantic":"ATTRIBUTE","semanticIndex":0,"componentMask":15}],"uniforms":[{"name":"vsconst0","type":"uvec4[]","count":7,"encoding":"float32-bits"}],"samplers":[],"uniformBlocks":[{"name":"VirglBlock","byteLength":656,"members":[{"name":"winsys_adjust_y","offset":640,"type":"float","default":1}]}]}}
BOUNDARY 80 {"ok":true,"glsl":"#version 300 es\u000aprecision highp float;\u000aprecision highp int;\u000ain vec4 in_0;\u000auniform uvec4 vsconst0[8];\u000alayout (std140) uniform VirglBlock {\u000a\u0009vec4 clipp[8];\u000a\u0009uint stipple_pattern[32];\u000a\u0009float winsys_adjust_y;\u000a\u0009float alpha_ref_val;\u000a\u0009bool clip_plane_enabled;\u000a\u0009int drawid_base;\u000a};\u000avoid main(void)\u000a{\u000agl_Position = vec4(((uintBitsToFloat(vsconst0[3]) + uintBitsToFloat(vsconst0[7]))));\u000agl_Position.y = gl_Position.y * winsys_adjust_y;\u000a}\u000a","metadata":{"profile":"virgl-webgl2-straight-line-v5","stage":"vertex","inputs":[{"index":0,"name":"in_0","type":"vec4","semantic":"ATTRIBUTE","semanticIndex":0,"componentMask":15}],"outputs":[{"index":0,"name":"gl_Position","type":"vec4","semantic":"POSITION","semanticIndex":0,"componentMask":15,"writtenMask":15}],"attributes":[{"index":0,"name":"in_0","type":"vec4","semantic":"ATTRIBUTE","semanticIndex":0,"componentMask":15}],"uniforms":[{"name":"vsconst0","type":"uvec4[]","count":8,"encoding":"float32-bits"}],"samplers":[],"uniformBlocks":[{"name":"VirglBlock","byteLength":656,"members":[{"name":"winsys_adjust_y","offset":640,"type":"float","default":1}]}]}}
BOUNDARY 81 {"ok":true,"glsl":"#version 300 es\u000aprecision highp float;\u000aprecision highp int;\u000ain vec4 in_0;\u000auniform uvec4 vsconst0[5];\u000alayout (std140) uniform VirglBlock {\u000a\u0009vec4 clipp[8];\u000a\u0009uint stipple_pattern[32];\u000a\u0009float winsys_adjust_y;\u000a\u0009float alpha_ref_val;\u000a\u0009bool clip_plane_enabled;\u000a\u0009int drawid_base;\u000a};\u000avoid main(void)\u000a{\u000agl_Position = vec4(((uintBitsToFloat(vsconst0[4]) + uintBitsToFloat(vsconst0[4]))));\u000agl_Position.y = gl_Position.y * winsys_adjust_y;\u000a}\u000a","metadata":{"profile":"virgl-webgl2-straight-line-v5","stage":"vertex","inputs":[{"index":0,"name":"in_0","type":"vec4","semantic":"ATTRIBUTE","semanticIndex":0,"componentMask":15}],"outputs":[{"index":0,"name":"gl_Position","type":"vec4","semantic":"POSITION","semanticIndex":0,"componentMask":15,"writtenMask":15}],"attributes":[{"index":0,"name":"in_0","type":"vec4","semantic":"ATTRIBUTE","semanticIndex":0,"componentMask":15}],"uniforms":[{"name":"vsconst0","type":"uvec4[]","count":5,"encoding":"float32-bits"}],"samplers":[],"uniformBlocks":[{"name":"VirglBlock","byteLength":656,"members":[{"name":"winsys_adjust_y","offset":640,"type":"float","default":1}]}]}}
BOUNDARY 82 {"ok":true,"glsl":"#version 300 es\u000aprecision highp float;\u000aprecision highp int;\u000ain vec4 in_0;\u000auniform uvec4 vsconst0[6];\u000alayout (std140) uniform VirglBlock {\u000a\u0009vec4 clipp[8];\u000a\u0009uint stipple_pattern[32];\u000a\u0009float winsys_adjust_y;\u000a\u0009float alpha_ref_val;\u000a\u0009bool clip_plane_enabled;\u000a\u0009int drawid_base;\u000a};\u000avoid main(void)\u000a{\u000agl_Position = vec4(((uintBitsToFloat(vsconst0[4]) + uintBitsToFloat(vsconst0[5]))));\u000agl_Position.y = gl_Position.y * winsys_adjust_y;\u000a}\u000a","metadata":{"profile":"virgl-webgl2-straight-line-v5","stage":"vertex","inputs":[{"index":0,"name":"in_0","type":"vec4","semantic":"ATTRIBUTE","semanticIndex":0,"componentMask":15}],"outputs":[{"index":0,"name":"gl_Position","type":"vec4","semantic":"POSITION","semanticIndex":0,"componentMask":15,"writtenMask":15}],"attributes":[{"index":0,"name":"in_0","type":"vec4","semantic":"ATTRIBUTE","semanticIndex":0,"componentMask":15}],"uniforms":[{"name":"vsconst0","type":"uvec4[]","count":6,"encoding":"float32-bits"}],"samplers":[],"uniformBlocks":[{"name":"VirglBlock","byteLength":656,"members":[{"name":"winsys_adjust_y","offset":640,"type":"float","default":1}]}]}}
BOUNDARY 83 {"ok":true,"glsl":"#version 300 es\u000aprecision highp float;\u000aprecision highp int;\u000ain vec4 in_0;\u000auniform uvec4 vsconst0[7];\u000alayout (std140) uniform VirglBlock {\u000a\u0009vec4 clipp[8];\u000a\u0009uint stipple_pattern[32];\u000a\u0009float winsys_adjust_y;\u000a\u0009float alpha_ref_val;\u000a\u0009bool clip_plane_enabled;\u000a\u0009int drawid_base;\u000a};\u000avoid main(void)\u000a{\u000agl_Position = vec4(((uintBitsToFloat(vsconst0[4]) + uintBitsToFloat(vsconst0[6]))));\u000agl_Position.y = gl_Position.y * winsys_adjust_y;\u000a}\u000a","metadata":{"profile":"virgl-webgl2-straight-line-v5","stage":"vertex","inputs":[{"index":0,"name":"in_0","type":"vec4","semantic":"ATTRIBUTE","semanticIndex":0,"componentMask":15}],"outputs":[{"index":0,"name":"gl_Position","type":"vec4","semantic":"POSITION","semanticIndex":0,"componentMask":15,"writtenMask":15}],"attributes":[{"index":0,"name":"in_0","type":"vec4","semantic":"ATTRIBUTE","semanticIndex":0,"componentMask":15}],"uniforms":[{"name":"vsconst0","type":"uvec4[]","count":7,"encoding":"float32-bits"}],"samplers":[],"uniformBlocks":[{"name":"VirglBlock","byteLength":656,"members":[{"name":"winsys_adjust_y","offset":640,"type":"float","default":1}]}]}}
BOUNDARY 84 {"ok":true,"glsl":"#version 300 es\u000aprecision highp float;\u000aprecision highp int;\u000ain vec4 in_0;\u000auniform uvec4 vsconst0[8];\u000alayout (std140) uniform VirglBlock {\u000a\u0009vec4 clipp[8];\u000a\u0009uint stipple_pattern[32];\u000a\u0009float winsys_adjust_y;\u000a\u0009float alpha_ref_val;\u000a\u0009bool clip_plane_enabled;\u000a\u0009int drawid_base;\u000a};\u000avoid main(void)\u000a{\u000agl_Position = vec4(((uintBitsToFloat(vsconst0[4]) + uintBitsToFloat(vsconst0[7]))));\u000agl_Position.y = gl_Position.y * winsys_adjust_y;\u000a}\u000a","metadata":{"profile":"virgl-webgl2-straight-line-v5","stage":"vertex","inputs":[{"index":0,"name":"in_0","type":"vec4","semantic":"ATTRIBUTE","semanticIndex":0,"componentMask":15}],"outputs":[{"index":0,"name":"gl_Position","type":"vec4","semantic":"POSITION","semanticIndex":0,"componentMask":15,"writtenMask":15}],"attributes":[{"index":0,"name":"in_0","type":"vec4","semantic":"ATTRIBUTE","semanticIndex":0,"componentMask":15}],"uniforms":[{"name":"vsconst0","type":"uvec4[]","count":8,"encoding":"float32-bits"}],"samplers":[],"uniformBlocks":[{"name":"VirglBlock","byteLength":656,"members":[{"name":"winsys_adjust_y","offset":640,"type":"float","default":1}]}]}}
BOUNDARY 85 {"ok":true,"glsl":"#version 300 es\u000aprecision highp float;\u000aprecision highp int;\u000ain vec4 in_0;\u000auniform uvec4 vsconst0[6];\u000alayout (std140) uniform VirglBlock {\u000a\u0009vec4 clipp[8];\u000a\u0009uint stipple_pattern[32];\u000a\u0009float winsys_adjust_y;\u000a\u0009float alpha_ref_val;\u000a\u0009bool clip_plane_enabled;\u000a\u0009int drawid_base;\u000a};\u000avoid main(void)\u000a{\u000agl_Position = vec4(((uintBitsToFloat(vsconst0[5]) + uintBitsToFloat(vsconst0[5]))));\u000agl_Position.y = gl_Position.y * winsys_adjust_y;\u000a}\u000a","metadata":{"profile":"virgl-webgl2-straight-line-v5","stage":"vertex","inputs":[{"index":0,"name":"in_0","type":"vec4","semantic":"ATTRIBUTE","semanticIndex":0,"componentMask":15}],"outputs":[{"index":0,"name":"gl_Position","type":"vec4","semantic":"POSITION","semanticIndex":0,"componentMask":15,"writtenMask":15}],"attributes":[{"index":0,"name":"in_0","type":"vec4","semantic":"ATTRIBUTE","semanticIndex":0,"componentMask":15}],"uniforms":[{"name":"vsconst0","type":"uvec4[]","count":6,"encoding":"float32-bits"}],"samplers":[],"uniformBlocks":[{"name":"VirglBlock","byteLength":656,"members":[{"name":"winsys_adjust_y","offset":640,"type":"float","default":1}]}]}}
BOUNDARY 86 {"ok":true,"glsl":"#version 300 es\u000aprecision highp float;\u000aprecision highp int;\u000ain vec4 in_0;\u000auniform uvec4 vsconst0[7];\u000alayout (std140) uniform VirglBlock {\u000a\u0009vec4 clipp[8];\u000a\u0009uint stipple_pattern[32];\u000a\u0009float winsys_adjust_y;\u000a\u0009float alpha_ref_val;\u000a\u0009bool clip_plane_enabled;\u000a\u0009int drawid_base;\u000a};\u000avoid main(void)\u000a{\u000agl_Position = vec4(((uintBitsToFloat(vsconst0[5]) + uintBitsToFloat(vsconst0[6]))));\u000agl_Position.y = gl_Position.y * winsys_adjust_y;\u000a}\u000a","metadata":{"profile":"virgl-webgl2-straight-line-v5","stage":"vertex","inputs":[{"index":0,"name":"in_0","type":"vec4","semantic":"ATTRIBUTE","semanticIndex":0,"componentMask":15}],"outputs":[{"index":0,"name":"gl_Position","type":"vec4","semantic":"POSITION","semanticIndex":0,"componentMask":15,"writtenMask":15}],"attributes":[{"index":0,"name":"in_0","type":"vec4","semantic":"ATTRIBUTE","semanticIndex":0,"componentMask":15}],"uniforms":[{"name":"vsconst0","type":"uvec4[]","count":7,"encoding":"float32-bits"}],"samplers":[],"uniformBlocks":[{"name":"VirglBlock","byteLength":656,"members":[{"name":"winsys_adjust_y","offset":640,"type":"float","default":1}]}]}}
BOUNDARY 87 {"ok":true,"glsl":"#version 300 es\u000aprecision highp float;\u000aprecision highp int;\u000ain vec4 in_0;\u000auniform uvec4 vsconst0[8];\u000alayout (std140) uniform VirglBlock {\u000a\u0009vec4 clipp[8];\u000a\u0009uint stipple_pattern[32];\u000a\u0009float winsys_adjust_y;\u000a\u0009float alpha_ref_val;\u000a\u0009bool clip_plane_enabled;\u000a\u0009int drawid_base;\u000a};\u000avoid main(void)\u000a{\u000agl_Position = vec4(((uintBitsToFloat(vsconst0[5]) + uintBitsToFloat(vsconst0[7]))));\u000agl_Position.y = gl_Position.y * winsys_adjust_y;\u000a}\u000a","metadata":{"profile":"virgl-webgl2-straight-line-v5","stage":"vertex","inputs":[{"index":0,"name":"in_0","type":"vec4","semantic":"ATTRIBUTE","semanticIndex":0,"componentMask":15}],"outputs":[{"index":0,"name":"gl_Position","type":"vec4","semantic":"POSITION","semanticIndex":0,"componentMask":15,"writtenMask":15}],"attributes":[{"index":0,"name":"in_0","type":"vec4","semantic":"ATTRIBUTE","semanticIndex":0,"componentMask":15}],"uniforms":[{"name":"vsconst0","type":"uvec4[]","count":8,"encoding":"float32-bits"}],"samplers":[],"uniformBlocks":[{"name":"VirglBlock","byteLength":656,"members":[{"name":"winsys_adjust_y","offset":640,"type":"float","default":1}]}]}}
BOUNDARY 88 {"ok":true,"glsl":"#version 300 es\u000aprecision highp float;\u000aprecision highp int;\u000ain vec4 in_0;\u000auniform uvec4 vsconst0[7];\u000alayout (std140) uniform VirglBlock {\u000a\u0009vec4 clipp[8];\u000a\u0009uint stipple_pattern[32];\u000a\u0009float winsys_adjust_y;\u000a\u0009float alpha_ref_val;\u000a\u0009bool clip_plane_enabled;\u000a\u0009int drawid_base;\u000a};\u000avoid main(void)\u000a{\u000agl_Position = vec4(((uintBitsToFloat(vsconst0[6]) + uintBitsToFloat(vsconst0[6]))));\u000agl_Position.y = gl_Position.y * winsys_adjust_y;\u000a}\u000a","metadata":{"profile":"virgl-webgl2-straight-line-v5","stage":"vertex","inputs":[{"index":0,"name":"in_0","type":"vec4","semantic":"ATTRIBUTE","semanticIndex":0,"componentMask":15}],"outputs":[{"index":0,"name":"gl_Position","type":"vec4","semantic":"POSITION","semanticIndex":0,"componentMask":15,"writtenMask":15}],"attributes":[{"index":0,"name":"in_0","type":"vec4","semantic":"ATTRIBUTE","semanticIndex":0,"componentMask":15}],"uniforms":[{"name":"vsconst0","type":"uvec4[]","count":7,"encoding":"float32-bits"}],"samplers":[],"uniformBlocks":[{"name":"VirglBlock","byteLength":656,"members":[{"name":"winsys_adjust_y","offset":640,"type":"float","default":1}]}]}}
BOUNDARY 89 {"ok":true,"glsl":"#version 300 es\u000aprecision highp float;\u000aprecision highp int;\u000ain vec4 in_0;\u000auniform uvec4 vsconst0[8];\u000alayout (std140) uniform VirglBlock {\u000a\u0009vec4 clipp[8];\u000a\u0009uint stipple_pattern[32];\u000a\u0009float winsys_adjust_y;\u000a\u0009float alpha_ref_val;\u000a\u0009bool clip_plane_enabled;\u000a\u0009int drawid_base;\u000a};\u000avoid main(void)\u000a{\u000agl_Position = vec4(((uintBitsToFloat(vsconst0[6]) + uintBitsToFloat(vsconst0[7]))));\u000agl_Position.y = gl_Position.y * winsys_adjust_y;\u000a}\u000a","metadata":{"profile":"virgl-webgl2-straight-line-v5","stage":"vertex","inputs":[{"index":0,"name":"in_0","type":"vec4","semantic":"ATTRIBUTE","semanticIndex":0,"componentMask":15}],"outputs":[{"index":0,"name":"gl_Position","type":"vec4","semantic":"POSITION","semanticIndex":0,"componentMask":15,"writtenMask":15}],"attributes":[{"index":0,"name":"in_0","type":"vec4","semantic":"ATTRIBUTE","semanticIndex":0,"componentMask":15}],"uniforms":[{"name":"vsconst0","type":"uvec4[]","count":8,"encoding":"float32-bits"}],"samplers":[],"uniformBlocks":[{"name":"VirglBlock","byteLength":656,"members":[{"name":"winsys_adjust_y","offset":640,"type":"float","default":1}]}]}}
BOUNDARY 90 {"ok":true,"glsl":"#version 300 es\u000aprecision highp float;\u000aprecision highp int;\u000ain vec4 in_0;\u000auniform uvec4 vsconst0[8];\u000alayout (std140) uniform VirglBlock {\u000a\u0009vec4 clipp[8];\u000a\u0009uint stipple_pattern[32];\u000a\u0009float winsys_adjust_y;\u000a\u0009float alpha_ref_val;\u000a\u0009bool clip_plane_enabled;\u000a\u0009int drawid_base;\u000a};\u000avoid main(void)\u000a{\u000agl_Position = vec4(((uintBitsToFloat(vsconst0[7]) + uintBitsToFloat(vsconst0[7]))));\u000agl_Position.y = gl_Position.y * winsys_adjust_y;\u000a}\u000a","metadata":{"profile":"virgl-webgl2-straight-line-v5","stage":"vertex","inputs":[{"index":0,"name":"in_0","type":"vec4","semantic":"ATTRIBUTE","semanticIndex":0,"componentMask":15}],"outputs":[{"index":0,"name":"gl_Position","type":"vec4","semantic":"POSITION","semanticIndex":0,"componentMask":15,"writtenMask":15}],"attributes":[{"index":0,"name":"in_0","type":"vec4","semantic":"ATTRIBUTE","semanticIndex":0,"componentMask":15}],"uniforms":[{"name":"vsconst0","type":"uvec4[]","count":8,"encoding":"float32-bits"}],"samplers":[],"uniformBlocks":[{"name":"VirglBlock","byteLength":656,"members":[{"name":"winsys_adjust_y","offset":640,"type":"float","default":1}]}]}}
BOUNDARY 91 {"ok":true,"glsl":"#version 300 es\u000aprecision highp float;\u000aprecision highp int;\u000ain vec4 in_0;\u000a vec4 temp9;\u000alayout (std140) uniform VirglBlock {\u000a\u0009vec4 clipp[8];\u000a\u0009uint stipple_pattern[32];\u000a\u0009float winsys_adjust_y;\u000a\u0009float alpha_ref_val;\u000a\u0009bool clip_plane_enabled;\u000a\u0009int drawid_base;\u000a};\u000avoid main(void)\u000a{\u000atemp9.x = float(((in_0.wwww).x));\u000agl_Position.x = float(( vec4(temp9).xyyy .x));\u000agl_Position = vec4(((in_0)));\u000agl_Position.y = gl_Position.y * winsys_adjust_y;\u000a}\u000a","metadata":{"profile":"virgl-webgl2-straight-line-v5","stage":"vertex","inputs":[{"index":0,"name":"in_0","type":"vec4","semantic":"ATTRIBUTE","semanticIndex":0,"componentMask":15}],"outputs":[{"index":0,"name":"gl_Position","type":"vec4","semantic":"POSITION","semanticIndex":0,"componentMask":15,"writtenMask":15}],"attributes":[{"index":0,"name":"in_0","type":"vec4","semantic":"ATTRIBUTE","semanticIndex":0,"componentMask":15}],"uniforms":[],"samplers":[],"uniformBlocks":[{"name":"VirglBlock","byteLength":656,"members":[{"name":"winsys_adjust_y","offset":640,"type":"float","default":1}]}]}}
BOUNDARY 92 {"ok":false,"error":{"code":"parse-error","message":"TGSI is malformed or outside the documented straight-line profile."}}
BOUNDARY 93 {"ok":false,"error":{"code":"parse-error","message":"TGSI is malformed or outside the documented straight-line profile."}}
BOUNDARY 94 {"ok":false,"error":{"code":"parse-error","message":"TGSI is malformed or outside the documented straight-line profile."}}
BOUNDARY 95 {"ok":true,"glsl":"#version 300 es\u000aprecision highp float;\u000aprecision highp int;\u000ain vec4 in_0;\u000a vec4 temp9;\u000alayout (std140) uniform VirglBlock {\u000a\u0009vec4 clipp[8];\u000a\u0009uint stipple_pattern[32];\u000a\u0009float winsys_adjust_y;\u000a\u0009float alpha_ref_val;\u000a\u0009bool clip_plane_enabled;\u000a\u0009int drawid_base;\u000a};\u000avoid main(void)\u000a{\u000atemp9.x = float(((in_0.wwww).x));\u000agl_Position.y = float(( vec4(temp9).yxyy .y));\u000agl_Position = vec4(((in_0)));\u000agl_Position.y = gl_Position.y * winsys_adjust_y;\u000a}\u000a","metadata":{"profile":"virgl-webgl2-straight-line-v5","stage":"vertex","inputs":[{"index":0,"name":"in_0","type":"vec4","semantic":"ATTRIBUTE","semanticIndex":0,"componentMask":15}],"outputs":[{"index":0,"name":"gl_Position","type":"vec4","semantic":"POSITION","semanticIndex":0,"componentMask":15,"writtenMask":15}],"attributes":[{"index":0,"name":"in_0","type":"vec4","semantic":"ATTRIBUTE","semanticIndex":0,"componentMask":15}],"uniforms":[],"samplers":[],"uniformBlocks":[{"name":"VirglBlock","byteLength":656,"members":[{"name":"winsys_adjust_y","offset":640,"type":"float","default":1}]}]}}
BOUNDARY 96 {"ok":false,"error":{"code":"parse-error","message":"TGSI is malformed or outside the documented straight-line profile."}}
BOUNDARY 97 {"ok":false,"error":{"code":"parse-error","message":"TGSI is malformed or outside the documented straight-line profile."}}
BOUNDARY 98 {"ok":false,"error":{"code":"parse-error","message":"TGSI is malformed or outside the documented straight-line profile."}}
BOUNDARY 99 {"ok":true,"glsl":"#version 300 es\u000aprecision highp float;\u000aprecision highp int;\u000ain vec4 in_0;\u000a vec4 temp9;\u000alayout (std140) uniform VirglBlock {\u000a\u0009vec4 clipp[8];\u000a\u0009uint stipple_pattern[32];\u000a\u0009float winsys_adjust_y;\u000a\u0009float alpha_ref_val;\u000a\u0009bool clip_plane_enabled;\u000a\u0009int drawid_base;\u000a};\u000avoid main(void)\u000a{\u000atemp9.x = float(((in_0.wwww).x));\u000agl_Position.z = float(( vec4(temp9).yyxy .z));\u000agl_Position = vec4(((in_0)));\u000agl_Position.y = gl_Position.y * winsys_adjust_y;\u000a}\u000a","metadata":{"profile":"virgl-webgl2-straight-line-v5","stage":"vertex","inputs":[{"index":0,"name":"in_0","type":"vec4","semantic":"ATTRIBUTE","semanticIndex":0,"componentMask":15}],"outputs":[{"index":0,"name":"gl_Position","type":"vec4","semantic":"POSITION","semanticIndex":0,"componentMask":15,"writtenMask":15}],"attributes":[{"index":0,"name":"in_0","type":"vec4","semantic":"ATTRIBUTE","semanticIndex":0,"componentMask":15}],"uniforms":[],"samplers":[],"uniformBlocks":[{"name":"VirglBlock","byteLength":656,"members":[{"name":"winsys_adjust_y","offset":640,"type":"float","default":1}]}]}}
BOUNDARY 100 {"ok":false,"error":{"code":"parse-error","message":"TGSI is malformed or outside the documented straight-line profile."}}
BOUNDARY 101 {"ok":false,"error":{"code":"parse-error","message":"TGSI is malformed or outside the documented straight-line profile."}}
BOUNDARY 102 {"ok":false,"error":{"code":"parse-error","message":"TGSI is malformed or outside the documented straight-line profile."}}
BOUNDARY 103 {"ok":true,"glsl":"#version 300 es\u000aprecision highp float;\u000aprecision highp int;\u000ain vec4 in_0;\u000a vec4 temp9;\u000alayout (std140) uniform VirglBlock {\u000a\u0009vec4 clipp[8];\u000a\u0009uint stipple_pattern[32];\u000a\u0009float winsys_adjust_y;\u000a\u0009float alpha_ref_val;\u000a\u0009bool clip_plane_enabled;\u000a\u0009int drawid_base;\u000a};\u000avoid main(void)\u000a{\u000atemp9.x = float(((in_0.wwww).x));\u000agl_Position.w = float(( vec4(temp9).yyyx .w));\u000agl_Position = vec4(((in_0)));\u000agl_Position.y = gl_Position.y * winsys_adjust_y;\u000a}\u000a","metadata":{"profile":"virgl-webgl2-straight-line-v5","stage":"vertex","inputs":[{"index":0,"name":"in_0","type":"vec4","semantic":"ATTRIBUTE","semanticIndex":0,"componentMask":15}],"outputs":[{"index":0,"name":"gl_Position","type":"vec4","semantic":"POSITION","semanticIndex":0,"componentMask":15,"writtenMask":15}],"attributes":[{"index":0,"name":"in_0","type":"vec4","semantic":"ATTRIBUTE","semanticIndex":0,"componentMask":15}],"uniforms":[],"samplers":[],"uniformBlocks":[{"name":"VirglBlock","byteLength":656,"members":[{"name":"winsys_adjust_y","offset":640,"type":"float","default":1}]}]}}
BOUNDARY 104 {"ok":false,"error":{"code":"parse-error","message":"TGSI is malformed or outside the documented straight-line profile."}}
BOUNDARY 105 {"ok":false,"error":{"code":"parse-error","message":"TGSI is malformed or outside the documented straight-line profile."}}
BOUNDARY 106 {"ok":false,"error":{"code":"parse-error","message":"TGSI is malformed or outside the documented straight-line profile."}}
BOUNDARY 107 {"ok":false,"error":{"code":"parse-error","message":"TGSI is malformed or outside the documented straight-line profile."}}
BOUNDARY 108 {"ok":true,"glsl":"#version 300 es\u000aprecision highp float;\u000aprecision highp int;\u000ain vec4 in_0;\u000a vec4 temp9;\u000alayout (std140) uniform VirglBlock {\u000a\u0009vec4 clipp[8];\u000a\u0009uint stipple_pattern[32];\u000a\u0009float winsys_adjust_y;\u000a\u0009float alpha_ref_val;\u000a\u0009bool clip_plane_enabled;\u000a\u0009int drawid_base;\u000a};\u000avoid main(void)\u000a{\u000atemp9.y = float(((in_0.wwww).y));\u000agl_Position.x = float(( vec4(temp9).yzzz .x));\u000agl_Position = vec4(((in_0)));\u000agl_Position.y = gl_Position.y * winsys_adjust_y;\u000a}\u000a","metadata":{"profile":"virgl-webgl2-straight-line-v5","stage":"vertex","inputs":[{"index":0,"name":"in_0","type":"vec4","semantic":"ATTRIBUTE","semanticIndex":0,"componentMask":15}],"outputs":[{"index":0,"name":"gl_Position","type":"vec4","semantic":"POSITION","semanticIndex":0,"componentMask":15,"writtenMask":15}],"attributes":[{"index":0,"name":"in_0","type":"vec4","semantic":"ATTRIBUTE","semanticIndex":0,"componentMask":15}],"uniforms":[],"samplers":[],"uniformBlocks":[{"name":"VirglBlock","byteLength":656,"members":[{"name":"winsys_adjust_y","offset":640,"type":"float","default":1}]}]}}
BOUNDARY 109 {"ok":false,"error":{"code":"parse-error","message":"TGSI is malformed or outside the documented straight-line profile."}}
BOUNDARY 110 {"ok":false,"error":{"code":"parse-error","message":"TGSI is malformed or outside the documented straight-line profile."}}
BOUNDARY 111 {"ok":false,"error":{"code":"parse-error","message":"TGSI is malformed or outside the documented straight-line profile."}}
BOUNDARY 112 {"ok":true,"glsl":"#version 300 es\u000aprecision highp float;\u000aprecision highp int;\u000ain vec4 in_0;\u000a vec4 temp9;\u000alayout (std140) uniform VirglBlock {\u000a\u0009vec4 clipp[8];\u000a\u0009uint stipple_pattern[32];\u000a\u0009float winsys_adjust_y;\u000a\u0009float alpha_ref_val;\u000a\u0009bool clip_plane_enabled;\u000a\u0009int drawid_base;\u000a};\u000avoid main(void)\u000a{\u000atemp9.y = float(((in_0.wwww).y));\u000agl_Position.y = float(( vec4(temp9).zyzz .y));\u000agl_Position = vec4(((in_0)));\u000agl_Position.y = gl_Position.y * winsys_adjust_y;\u000a}\u000a","metadata":{"profile":"virgl-webgl2-straight-line-v5","stage":"vertex","inputs":[{"index":0,"name":"in_0","type":"vec4","semantic":"ATTRIBUTE","semanticIndex":0,"componentMask":15}],"outputs":[{"index":0,"name":"gl_Position","type":"vec4","semantic":"POSITION","semanticIndex":0,"componentMask":15,"writtenMask":15}],"attributes":[{"index":0,"name":"in_0","type":"vec4","semantic":"ATTRIBUTE","semanticIndex":0,"componentMask":15}],"uniforms":[],"samplers":[],"uniformBlocks":[{"name":"VirglBlock","byteLength":656,"members":[{"name":"winsys_adjust_y","offset":640,"type":"float","default":1}]}]}}
BOUNDARY 113 {"ok":false,"error":{"code":"parse-error","message":"TGSI is malformed or outside the documented straight-line profile."}}
BOUNDARY 114 {"ok":false,"error":{"code":"parse-error","message":"TGSI is malformed or outside the documented straight-line profile."}}
BOUNDARY 115 {"ok":false,"error":{"code":"parse-error","message":"TGSI is malformed or outside the documented straight-line profile."}}
BOUNDARY 116 {"ok":true,"glsl":"#version 300 es\u000aprecision highp float;\u000aprecision highp int;\u000ain vec4 in_0;\u000a vec4 temp9;\u000alayout (std140) uniform VirglBlock {\u000a\u0009vec4 clipp[8];\u000a\u0009uint stipple_pattern[32];\u000a\u0009float winsys_adjust_y;\u000a\u0009float alpha_ref_val;\u000a\u0009bool clip_plane_enabled;\u000a\u0009int drawid_base;\u000a};\u000avoid main(void)\u000a{\u000atemp9.y = float(((in_0.wwww).y));\u000agl_Position.z = float(( vec4(temp9).zzyz .z));\u000agl_Position = vec4(((in_0)));\u000agl_Position.y = gl_Position.y * winsys_adjust_y;\u000a}\u000a","metadata":{"profile":"virgl-webgl2-straight-line-v5","stage":"vertex","inputs":[{"index":0,"name":"in_0","type":"vec4","semantic":"ATTRIBUTE","semanticIndex":0,"componentMask":15}],"outputs":[{"index":0,"name":"gl_Position","type":"vec4","semantic":"POSITION","semanticIndex":0,"componentMask":15,"writtenMask":15}],"attributes":[{"index":0,"name":"in_0","type":"vec4","semantic":"ATTRIBUTE","semanticIndex":0,"componentMask":15}],"uniforms":[],"samplers":[],"uniformBlocks":[{"name":"VirglBlock","byteLength":656,"members":[{"name":"winsys_adjust_y","offset":640,"type":"float","default":1}]}]}}
BOUNDARY 117 {"ok":false,"error":{"code":"parse-error","message":"TGSI is malformed or outside the documented straight-line profile."}}
BOUNDARY 118 {"ok":false,"error":{"code":"parse-error","message":"TGSI is malformed or outside the documented straight-line profile."}}
BOUNDARY 119 {"ok":false,"error":{"code":"parse-error","message":"TGSI is malformed or outside the documented straight-line profile."}}
BOUNDARY 120 {"ok":true,"glsl":"#version 300 es\u000aprecision highp float;\u000aprecision highp int;\u000ain vec4 in_0;\u000a vec4 temp9;\u000alayout (std140) uniform VirglBlock {\u000a\u0009vec4 clipp[8];\u000a\u0009uint stipple_pattern[32];\u000a\u0009float winsys_adjust_y;\u000a\u0009float alpha_ref_val;\u000a\u0009bool clip_plane_enabled;\u000a\u0009int drawid_base;\u000a};\u000avoid main(void)\u000a{\u000atemp9.y = float(((in_0.wwww).y));\u000agl_Position.w = float(( vec4(temp9).zzzy .w));\u000agl_Position = vec4(((in_0)));\u000agl_Position.y = gl_Position.y * winsys_adjust_y;\u000a}\u000a","metadata":{"profile":"virgl-webgl2-straight-line-v5","stage":"vertex","inputs":[{"index":0,"name":"in_0","type":"vec4","semantic":"ATTRIBUTE","semanticIndex":0,"componentMask":15}],"outputs":[{"index":0,"name":"gl_Position","type":"vec4","semantic":"POSITION","semanticIndex":0,"componentMask":15,"writtenMask":15}],"attributes":[{"index":0,"name":"in_0","type":"vec4","semantic":"ATTRIBUTE","semanticIndex":0,"componentMask":15}],"uniforms":[],"samplers":[],"uniformBlocks":[{"name":"VirglBlock","byteLength":656,"members":[{"name":"winsys_adjust_y","offset":640,"type":"float","default":1}]}]}}
BOUNDARY 121 {"ok":false,"error":{"code":"parse-error","message":"TGSI is malformed or outside the documented straight-line profile."}}
BOUNDARY 122 {"ok":false,"error":{"code":"parse-error","message":"TGSI is malformed or outside the documented straight-line profile."}}
BOUNDARY 123 {"ok":false,"error":{"code":"parse-error","message":"TGSI is malformed or outside the documented straight-line profile."}}
BOUNDARY 124 {"ok":false,"error":{"code":"parse-error","message":"TGSI is malformed or outside the documented straight-line profile."}}
BOUNDARY 125 {"ok":true,"glsl":"#version 300 es\u000aprecision highp float;\u000aprecision highp int;\u000ain vec4 in_0;\u000a vec4 temp9;\u000alayout (std140) uniform VirglBlock {\u000a\u0009vec4 clipp[8];\u000a\u0009uint stipple_pattern[32];\u000a\u0009float winsys_adjust_y;\u000a\u0009float alpha_ref_val;\u000a\u0009bool clip_plane_enabled;\u000a\u0009int drawid_base;\u000a};\u000avoid main(void)\u000a{\u000atemp9.z = float(((in_0.wwww).z));\u000agl_Position.x = float(( vec4(temp9).zwww .x));\u000agl_Position = vec4(((in_0)));\u000agl_Position.y = gl_Position.y * winsys_adjust_y;\u000a}\u000a","metadata":{"profile":"virgl-webgl2-straight-line-v5","stage":"vertex","inputs":[{"index":0,"name":"in_0","type":"vec4","semantic":"ATTRIBUTE","semanticIndex":0,"componentMask":15}],"outputs":[{"index":0,"name":"gl_Position","type":"vec4","semantic":"POSITION","semanticIndex":0,"componentMask":15,"writtenMask":15}],"attributes":[{"index":0,"name":"in_0","type":"vec4","semantic":"ATTRIBUTE","semanticIndex":0,"componentMask":15}],"uniforms":[],"samplers":[],"uniformBlocks":[{"name":"VirglBlock","byteLength":656,"members":[{"name":"winsys_adjust_y","offset":640,"type":"float","default":1}]}]}}
BOUNDARY 126 {"ok":false,"error":{"code":"parse-error","message":"TGSI is malformed or outside the documented straight-line profile."}}
BOUNDARY 127 {"ok":false,"error":{"code":"parse-error","message":"TGSI is malformed or outside the documented straight-line profile."}}
BOUNDARY 128 {"ok":false,"error":{"code":"parse-error","message":"TGSI is malformed or outside the documented straight-line profile."}}
BOUNDARY 129 {"ok":true,"glsl":"#version 300 es\u000aprecision highp float;\u000aprecision highp int;\u000ain vec4 in_0;\u000a vec4 temp9;\u000alayout (std140) uniform VirglBlock {\u000a\u0009vec4 clipp[8];\u000a\u0009uint stipple_pattern[32];\u000a\u0009float winsys_adjust_y;\u000a\u0009float alpha_ref_val;\u000a\u0009bool clip_plane_enabled;\u000a\u0009int drawid_base;\u000a};\u000avoid main(void)\u000a{\u000atemp9.z = float(((in_0.wwww).z));\u000agl_Position.y = float(( vec4(temp9).wzww .y));\u000agl_Position = vec4(((in_0)));\u000agl_Position.y = gl_Position.y * winsys_adjust_y;\u000a}\u000a","metadata":{"profile":"virgl-webgl2-straight-line-v5","stage":"vertex","inputs":[{"index":0,"name":"in_0","type":"vec4","semantic":"ATTRIBUTE","semanticIndex":0,"componentMask":15}],"outputs":[{"index":0,"name":"gl_Position","type":"vec4","semantic":"POSITION","semanticIndex":0,"componentMask":15,"writtenMask":15}],"attributes":[{"index":0,"name":"in_0","type":"vec4","semantic":"ATTRIBUTE","semanticIndex":0,"componentMask":15}],"uniforms":[],"samplers":[],"uniformBlocks":[{"name":"VirglBlock","byteLength":656,"members":[{"name":"winsys_adjust_y","offset":640,"type":"float","default":1}]}]}}
BOUNDARY 130 {"ok":false,"error":{"code":"parse-error","message":"TGSI is malformed or outside the documented straight-line profile."}}
BOUNDARY 131 {"ok":false,"error":{"code":"parse-error","message":"TGSI is malformed or outside the documented straight-line profile."}}
BOUNDARY 132 {"ok":false,"error":{"code":"parse-error","message":"TGSI is malformed or outside the documented straight-line profile."}}
BOUNDARY 133 {"ok":true,"glsl":"#version 300 es\u000aprecision highp float;\u000aprecision highp int;\u000ain vec4 in_0;\u000a vec4 temp9;\u000alayout (std140) uniform VirglBlock {\u000a\u0009vec4 clipp[8];\u000a\u0009uint stipple_pattern[32];\u000a\u0009float winsys_adjust_y;\u000a\u0009float alpha_ref_val;\u000a\u0009bool clip_plane_enabled;\u000a\u0009int drawid_base;\u000a};\u000avoid main(void)\u000a{\u000atemp9.z = float(((in_0.wwww).z));\u000agl_Position.z = float(( vec4(temp9).wwzw .z));\u000agl_Position = vec4(((in_0)));\u000agl_Position.y = gl_Position.y * winsys_adjust_y;\u000a}\u000a","metadata":{"profile":"virgl-webgl2-straight-line-v5","stage":"vertex","inputs":[{"index":0,"name":"in_0","type":"vec4","semantic":"ATTRIBUTE","semanticIndex":0,"componentMask":15}],"outputs":[{"index":0,"name":"gl_Position","type":"vec4","semantic":"POSITION","semanticIndex":0,"componentMask":15,"writtenMask":15}],"attributes":[{"index":0,"name":"in_0","type":"vec4","semantic":"ATTRIBUTE","semanticIndex":0,"componentMask":15}],"uniforms":[],"samplers":[],"uniformBlocks":[{"name":"VirglBlock","byteLength":656,"members":[{"name":"winsys_adjust_y","offset":640,"type":"float","default":1}]}]}}
BOUNDARY 134 {"ok":false,"error":{"code":"parse-error","message":"TGSI is malformed or outside the documented straight-line profile."}}
BOUNDARY 135 {"ok":false,"error":{"code":"parse-error","message":"TGSI is malformed or outside the documented straight-line profile."}}
BOUNDARY 136 {"ok":false,"error":{"code":"parse-error","message":"TGSI is malformed or outside the documented straight-line profile."}}
BOUNDARY 137 {"ok":true,"glsl":"#version 300 es\u000aprecision highp float;\u000aprecision highp int;\u000ain vec4 in_0;\u000a vec4 temp9;\u000alayout (std140) uniform VirglBlock {\u000a\u0009vec4 clipp[8];\u000a\u0009uint stipple_pattern[32];\u000a\u0009float winsys_adjust_y;\u000a\u0009float alpha_ref_val;\u000a\u0009bool clip_plane_enabled;\u000a\u0009int drawid_base;\u000a};\u000avoid main(void)\u000a{\u000atemp9.z = float(((in_0.wwww).z));\u000agl_Position.w = float(( vec4(temp9).wwwz .w));\u000agl_Position = vec4(((in_0)));\u000agl_Position.y = gl_Position.y * winsys_adjust_y;\u000a}\u000a","metadata":{"profile":"virgl-webgl2-straight-line-v5","stage":"vertex","inputs":[{"index":0,"name":"in_0","type":"vec4","semantic":"ATTRIBUTE","semanticIndex":0,"componentMask":15}],"outputs":[{"index":0,"name":"gl_Position","type":"vec4","semantic":"POSITION","semanticIndex":0,"componentMask":15,"writtenMask":15}],"attributes":[{"index":0,"name":"in_0","type":"vec4","semantic":"ATTRIBUTE","semanticIndex":0,"componentMask":15}],"uniforms":[],"samplers":[],"uniformBlocks":[{"name":"VirglBlock","byteLength":656,"members":[{"name":"winsys_adjust_y","offset":640,"type":"float","default":1}]}]}}
BOUNDARY 138 {"ok":false,"error":{"code":"parse-error","message":"TGSI is malformed or outside the documented straight-line profile."}}
BOUNDARY 139 {"ok":false,"error":{"code":"parse-error","message":"TGSI is malformed or outside the documented straight-line profile."}}
BOUNDARY 140 {"ok":false,"error":{"code":"parse-error","message":"TGSI is malformed or outside the documented straight-line profile."}}
BOUNDARY 141 {"ok":false,"error":{"code":"parse-error","message":"TGSI is malformed or outside the documented straight-line profile."}}
BOUNDARY 142 {"ok":true,"glsl":"#version 300 es\u000aprecision highp float;\u000aprecision highp int;\u000ain vec4 in_0;\u000a vec4 temp9;\u000alayout (std140) uniform VirglBlock {\u000a\u0009vec4 clipp[8];\u000a\u0009uint stipple_pattern[32];\u000a\u0009float winsys_adjust_y;\u000a\u0009float alpha_ref_val;\u000a\u0009bool clip_plane_enabled;\u000a\u0009int drawid_base;\u000a};\u000avoid main(void)\u000a{\u000atemp9.w = float(((in_0.wwww).w));\u000agl_Position.x = float(( vec4(temp9).wxxx .x));\u000agl_Position = vec4(((in_0)));\u000agl_Position.y = gl_Position.y * winsys_adjust_y;\u000a}\u000a","metadata":{"profile":"virgl-webgl2-straight-line-v5","stage":"vertex","inputs":[{"index":0,"name":"in_0","type":"vec4","semantic":"ATTRIBUTE","semanticIndex":0,"componentMask":15}],"outputs":[{"index":0,"name":"gl_Position","type":"vec4","semantic":"POSITION","semanticIndex":0,"componentMask":15,"writtenMask":15}],"attributes":[{"index":0,"name":"in_0","type":"vec4","semantic":"ATTRIBUTE","semanticIndex":0,"componentMask":15}],"uniforms":[],"samplers":[],"uniformBlocks":[{"name":"VirglBlock","byteLength":656,"members":[{"name":"winsys_adjust_y","offset":640,"type":"float","default":1}]}]}}
BOUNDARY 143 {"ok":false,"error":{"code":"parse-error","message":"TGSI is malformed or outside the documented straight-line profile."}}
BOUNDARY 144 {"ok":false,"error":{"code":"parse-error","message":"TGSI is malformed or outside the documented straight-line profile."}}
BOUNDARY 145 {"ok":false,"error":{"code":"parse-error","message":"TGSI is malformed or outside the documented straight-line profile."}}
BOUNDARY 146 {"ok":true,"glsl":"#version 300 es\u000aprecision highp float;\u000aprecision highp int;\u000ain vec4 in_0;\u000a vec4 temp9;\u000alayout (std140) uniform VirglBlock {\u000a\u0009vec4 clipp[8];\u000a\u0009uint stipple_pattern[32];\u000a\u0009float winsys_adjust_y;\u000a\u0009float alpha_ref_val;\u000a\u0009bool clip_plane_enabled;\u000a\u0009int drawid_base;\u000a};\u000avoid main(void)\u000a{\u000atemp9.w = float(((in_0.wwww).w));\u000agl_Position.y = float(( vec4(temp9).xwxx .y));\u000agl_Position = vec4(((in_0)));\u000agl_Position.y = gl_Position.y * winsys_adjust_y;\u000a}\u000a","metadata":{"profile":"virgl-webgl2-straight-line-v5","stage":"vertex","inputs":[{"index":0,"name":"in_0","type":"vec4","semantic":"ATTRIBUTE","semanticIndex":0,"componentMask":15}],"outputs":[{"index":0,"name":"gl_Position","type":"vec4","semantic":"POSITION","semanticIndex":0,"componentMask":15,"writtenMask":15}],"attributes":[{"index":0,"name":"in_0","type":"vec4","semantic":"ATTRIBUTE","semanticIndex":0,"componentMask":15}],"uniforms":[],"samplers":[],"uniformBlocks":[{"name":"VirglBlock","byteLength":656,"members":[{"name":"winsys_adjust_y","offset":640,"type":"float","default":1}]}]}}
BOUNDARY 147 {"ok":false,"error":{"code":"parse-error","message":"TGSI is malformed or outside the documented straight-line profile."}}
BOUNDARY 148 {"ok":false,"error":{"code":"parse-error","message":"TGSI is malformed or outside the documented straight-line profile."}}
BOUNDARY 149 {"ok":false,"error":{"code":"parse-error","message":"TGSI is malformed or outside the documented straight-line profile."}}
BOUNDARY 150 {"ok":true,"glsl":"#version 300 es\u000aprecision highp float;\u000aprecision highp int;\u000ain vec4 in_0;\u000a vec4 temp9;\u000alayout (std140) uniform VirglBlock {\u000a\u0009vec4 clipp[8];\u000a\u0009uint stipple_pattern[32];\u000a\u0009float winsys_adjust_y;\u000a\u0009float alpha_ref_val;\u000a\u0009bool clip_plane_enabled;\u000a\u0009int drawid_base;\u000a};\u000avoid main(void)\u000a{\u000atemp9.w = float(((in_0.wwww).w));\u000agl_Position.z = float(( vec4(temp9).xxwx .z));\u000agl_Position = vec4(((in_0)));\u000agl_Position.y = gl_Position.y * winsys_adjust_y;\u000a}\u000a","metadata":{"profile":"virgl-webgl2-straight-line-v5","stage":"vertex","inputs":[{"index":0,"name":"in_0","type":"vec4","semantic":"ATTRIBUTE","semanticIndex":0,"componentMask":15}],"outputs":[{"index":0,"name":"gl_Position","type":"vec4","semantic":"POSITION","semanticIndex":0,"componentMask":15,"writtenMask":15}],"attributes":[{"index":0,"name":"in_0","type":"vec4","semantic":"ATTRIBUTE","semanticIndex":0,"componentMask":15}],"uniforms":[],"samplers":[],"uniformBlocks":[{"name":"VirglBlock","byteLength":656,"members":[{"name":"winsys_adjust_y","offset":640,"type":"float","default":1}]}]}}
BOUNDARY 151 {"ok":false,"error":{"code":"parse-error","message":"TGSI is malformed or outside the documented straight-line profile."}}
BOUNDARY 152 {"ok":false,"error":{"code":"parse-error","message":"TGSI is malformed or outside the documented straight-line profile."}}
BOUNDARY 153 {"ok":false,"error":{"code":"parse-error","message":"TGSI is malformed or outside the documented straight-line profile."}}
BOUNDARY 154 {"ok":true,"glsl":"#version 300 es\u000aprecision highp float;\u000aprecision highp int;\u000ain vec4 in_0;\u000a vec4 temp9;\u000alayout (std140) uniform VirglBlock {\u000a\u0009vec4 clipp[8];\u000a\u0009uint stipple_pattern[32];\u000a\u0009float winsys_adjust_y;\u000a\u0009float alpha_ref_val;\u000a\u0009bool clip_plane_enabled;\u000a\u0009int drawid_base;\u000a};\u000avoid main(void)\u000a{\u000atemp9.w = float(((in_0.wwww).w));\u000agl_Position.w = float(( vec4(temp9).xxxw .w));\u000agl_Position = vec4(((in_0)));\u000agl_Position.y = gl_Position.y * winsys_adjust_y;\u000a}\u000a","metadata":{"profile":"virgl-webgl2-straight-line-v5","stage":"vertex","inputs":[{"index":0,"name":"in_0","type":"vec4","semantic":"ATTRIBUTE","semanticIndex":0,"componentMask":15}],"outputs":[{"index":0,"name":"gl_Position","type":"vec4","semantic":"POSITION","semanticIndex":0,"componentMask":15,"writtenMask":15}],"attributes":[{"index":0,"name":"in_0","type":"vec4","semantic":"ATTRIBUTE","semanticIndex":0,"componentMask":15}],"uniforms":[],"samplers":[],"uniformBlocks":[{"name":"VirglBlock","byteLength":656,"members":[{"name":"winsys_adjust_y","offset":640,"type":"float","default":1}]}]}}
BOUNDARY 155 {"ok":true,"glsl":"#version 300 es\u000aprecision highp float;\u000aprecision highp int;\u000ain vec4 in_0;\u000a vec4 temp9;\u000alayout (std140) uniform VirglBlock {\u000a\u0009vec4 clipp[8];\u000a\u0009uint stipple_pattern[32];\u000a\u0009float winsys_adjust_y;\u000a\u0009float alpha_ref_val;\u000a\u0009bool clip_plane_enabled;\u000a\u0009int drawid_base;\u000a};\u000avoid main(void)\u000a{\u000atemp9.x = float(((in_0.wzyx).x));\u000agl_Position = vec4(( vec4(temp9).xxxx ));\u000agl_Position.y = gl_Position.y * winsys_adjust_y;\u000a}\u000a","metadata":{"profile":"virgl-webgl2-straight-line-v5","stage":"vertex","inputs":[{"index":0,"name":"in_0","type":"vec4","semantic":"ATTRIBUTE","semanticIndex":0,"componentMask":15}],"outputs":[{"index":0,"name":"gl_Position","type":"vec4","semantic":"POSITION","semanticIndex":0,"componentMask":15,"writtenMask":15}],"attributes":[{"index":0,"name":"in_0","type":"vec4","semantic":"ATTRIBUTE","semanticIndex":0,"componentMask":15}],"uniforms":[],"samplers":[],"uniformBlocks":[{"name":"VirglBlock","byteLength":656,"members":[{"name":"winsys_adjust_y","offset":640,"type":"float","default":1}]}]}}
BOUNDARY 156 {"ok":true,"glsl":"#version 300 es\u000aprecision highp float;\u000aprecision highp int;\u000ain vec4 in_0;\u000alayout (std140) uniform VirglBlock {\u000a\u0009vec4 clipp[8];\u000a\u0009uint stipple_pattern[32];\u000a\u0009float winsys_adjust_y;\u000a\u0009float alpha_ref_val;\u000a\u0009bool clip_plane_enabled;\u000a\u0009int drawid_base;\u000a};\u000avoid main(void)\u000a{\u000agl_Position.x = float(((in_0.wzyx).x));\u000agl_Position = vec4(((in_0)));\u000agl_Position.y = gl_Position.y * winsys_adjust_y;\u000a}\u000a","metadata":{"profile":"virgl-webgl2-straight-line-v5","stage":"vertex","inputs":[{"index":0,"name":"in_0","type":"vec4","semantic":"ATTRIBUTE","semanticIndex":0,"componentMask":15}],"outputs":[{"index":0,"name":"gl_Position","type":"vec4","semantic":"POSITION","semanticIndex":0,"componentMask":15,"writtenMask":15}],"attributes":[{"index":0,"name":"in_0","type":"vec4","semantic":"ATTRIBUTE","semanticIndex":0,"componentMask":15}],"uniforms":[],"samplers":[],"uniformBlocks":[{"name":"VirglBlock","byteLength":656,"members":[{"name":"winsys_adjust_y","offset":640,"type":"float","default":1}]}]}}
BOUNDARY 157 {"ok":true,"glsl":"#version 300 es\u000aprecision highp float;\u000aprecision highp int;\u000ain vec4 in_0;\u000a vec4 temp9;\u000alayout (std140) uniform VirglBlock {\u000a\u0009vec4 clipp[8];\u000a\u0009uint stipple_pattern[32];\u000a\u0009float winsys_adjust_y;\u000a\u0009float alpha_ref_val;\u000a\u0009bool clip_plane_enabled;\u000a\u0009int drawid_base;\u000a};\u000avoid main(void)\u000a{\u000atemp9.y = float(((in_0.wzyx).y));\u000agl_Position = vec4(( vec4(temp9).yyyy ));\u000agl_Position.y = gl_Position.y * winsys_adjust_y;\u000a}\u000a","metadata":{"profile":"virgl-webgl2-straight-line-v5","stage":"vertex","inputs":[{"index":0,"name":"in_0","type":"vec4","semantic":"ATTRIBUTE","semanticIndex":0,"componentMask":15}],"outputs":[{"index":0,"name":"gl_Position","type":"vec4","semantic":"POSITION","semanticIndex":0,"componentMask":15,"writtenMask":15}],"attributes":[{"index":0,"name":"in_0","type":"vec4","semantic":"ATTRIBUTE","semanticIndex":0,"componentMask":15}],"uniforms":[],"samplers":[],"uniformBlocks":[{"name":"VirglBlock","byteLength":656,"members":[{"name":"winsys_adjust_y","offset":640,"type":"float","default":1}]}]}}
BOUNDARY 158 {"ok":true,"glsl":"#version 300 es\u000aprecision highp float;\u000aprecision highp int;\u000ain vec4 in_0;\u000alayout (std140) uniform VirglBlock {\u000a\u0009vec4 clipp[8];\u000a\u0009uint stipple_pattern[32];\u000a\u0009float winsys_adjust_y;\u000a\u0009float alpha_ref_val;\u000a\u0009bool clip_plane_enabled;\u000a\u0009int drawid_base;\u000a};\u000avoid main(void)\u000a{\u000agl_Position.y = float(((in_0.wzyx).y));\u000agl_Position = vec4(((in_0)));\u000agl_Position.y = gl_Position.y * winsys_adjust_y;\u000a}\u000a","metadata":{"profile":"virgl-webgl2-straight-line-v5","stage":"vertex","inputs":[{"index":0,"name":"in_0","type":"vec4","semantic":"ATTRIBUTE","semanticIndex":0,"componentMask":15}],"outputs":[{"index":0,"name":"gl_Position","type":"vec4","semantic":"POSITION","semanticIndex":0,"componentMask":15,"writtenMask":15}],"attributes":[{"index":0,"name":"in_0","type":"vec4","semantic":"ATTRIBUTE","semanticIndex":0,"componentMask":15}],"uniforms":[],"samplers":[],"uniformBlocks":[{"name":"VirglBlock","byteLength":656,"members":[{"name":"winsys_adjust_y","offset":640,"type":"float","default":1}]}]}}
BOUNDARY 159 {"ok":true,"glsl":"#version 300 es\u000aprecision highp float;\u000aprecision highp int;\u000ain vec4 in_0;\u000a vec4 temp9;\u000alayout (std140) uniform VirglBlock {\u000a\u0009vec4 clipp[8];\u000a\u0009uint stipple_pattern[32];\u000a\u0009float winsys_adjust_y;\u000a\u0009float alpha_ref_val;\u000a\u0009bool clip_plane_enabled;\u000a\u0009int drawid_base;\u000a};\u000avoid main(void)\u000a{\u000atemp9.z = float(((in_0.wzyx).z));\u000agl_Position = vec4(( vec4(temp9).zzzz ));\u000agl_Position.y = gl_Position.y * winsys_adjust_y;\u000a}\u000a","metadata":{"profile":"virgl-webgl2-straight-line-v5","stage":"vertex","inputs":[{"index":0,"name":"in_0","type":"vec4","semantic":"ATTRIBUTE","semanticIndex":0,"componentMask":15}],"outputs":[{"index":0,"name":"gl_Position","type":"vec4","semantic":"POSITION","semanticIndex":0,"componentMask":15,"writtenMask":15}],"attributes":[{"index":0,"name":"in_0","type":"vec4","semantic":"ATTRIBUTE","semanticIndex":0,"componentMask":15}],"uniforms":[],"samplers":[],"uniformBlocks":[{"name":"VirglBlock","byteLength":656,"members":[{"name":"winsys_adjust_y","offset":640,"type":"float","default":1}]}]}}
BOUNDARY 160 {"ok":true,"glsl":"#version 300 es\u000aprecision highp float;\u000aprecision highp int;\u000ain vec4 in_0;\u000alayout (std140) uniform VirglBlock {\u000a\u0009vec4 clipp[8];\u000a\u0009uint stipple_pattern[32];\u000a\u0009float winsys_adjust_y;\u000a\u0009float alpha_ref_val;\u000a\u0009bool clip_plane_enabled;\u000a\u0009int drawid_base;\u000a};\u000avoid main(void)\u000a{\u000agl_Position.z = float(((in_0.wzyx).z));\u000agl_Position = vec4(((in_0)));\u000agl_Position.y = gl_Position.y * winsys_adjust_y;\u000a}\u000a","metadata":{"profile":"virgl-webgl2-straight-line-v5","stage":"vertex","inputs":[{"index":0,"name":"in_0","type":"vec4","semantic":"ATTRIBUTE","semanticIndex":0,"componentMask":15}],"outputs":[{"index":0,"name":"gl_Position","type":"vec4","semantic":"POSITION","semanticIndex":0,"componentMask":15,"writtenMask":15}],"attributes":[{"index":0,"name":"in_0","type":"vec4","semantic":"ATTRIBUTE","semanticIndex":0,"componentMask":15}],"uniforms":[],"samplers":[],"uniformBlocks":[{"name":"VirglBlock","byteLength":656,"members":[{"name":"winsys_adjust_y","offset":640,"type":"float","default":1}]}]}}
BOUNDARY 161 {"ok":true,"glsl":"#version 300 es\u000aprecision highp float;\u000aprecision highp int;\u000ain vec4 in_0;\u000a vec4 temp9;\u000alayout (std140) uniform VirglBlock {\u000a\u0009vec4 clipp[8];\u000a\u0009uint stipple_pattern[32];\u000a\u0009float winsys_adjust_y;\u000a\u0009float alpha_ref_val;\u000a\u0009bool clip_plane_enabled;\u000a\u0009int drawid_base;\u000a};\u000avoid main(void)\u000a{\u000atemp9.w = float(((in_0.wzyx).w));\u000agl_Position = vec4(( vec4(temp9).wwww ));\u000agl_Position.y = gl_Position.y * winsys_adjust_y;\u000a}\u000a","metadata":{"profile":"virgl-webgl2-straight-line-v5","stage":"vertex","inputs":[{"index":0,"name":"in_0","type":"vec4","semantic":"ATTRIBUTE","semanticIndex":0,"componentMask":15}],"outputs":[{"index":0,"name":"gl_Position","type":"vec4","semantic":"POSITION","semanticIndex":0,"componentMask":15,"writtenMask":15}],"attributes":[{"index":0,"name":"in_0","type":"vec4","semantic":"ATTRIBUTE","semanticIndex":0,"componentMask":15}],"uniforms":[],"samplers":[],"uniformBlocks":[{"name":"VirglBlock","byteLength":656,"members":[{"name":"winsys_adjust_y","offset":640,"type":"float","default":1}]}]}}
BOUNDARY 162 {"ok":true,"glsl":"#version 300 es\u000aprecision highp float;\u000aprecision highp int;\u000ain vec4 in_0;\u000alayout (std140) uniform VirglBlock {\u000a\u0009vec4 clipp[8];\u000a\u0009uint stipple_pattern[32];\u000a\u0009float winsys_adjust_y;\u000a\u0009float alpha_ref_val;\u000a\u0009bool clip_plane_enabled;\u000a\u0009int drawid_base;\u000a};\u000avoid main(void)\u000a{\u000agl_Position.w = float(((in_0.wzyx).w));\u000agl_Position = vec4(((in_0)));\u000agl_Position.y = gl_Position.y * winsys_adjust_y;\u000a}\u000a","metadata":{"profile":"virgl-webgl2-straight-line-v5","stage":"vertex","inputs":[{"index":0,"name":"in_0","type":"vec4","semantic":"ATTRIBUTE","semanticIndex":0,"componentMask":15}],"outputs":[{"index":0,"name":"gl_Position","type":"vec4","semantic":"POSITION","semanticIndex":0,"componentMask":15,"writtenMask":15}],"attributes":[{"index":0,"name":"in_0","type":"vec4","semantic":"ATTRIBUTE","semanticIndex":0,"componentMask":15}],"uniforms":[],"samplers":[],"uniformBlocks":[{"name":"VirglBlock","byteLength":656,"members":[{"name":"winsys_adjust_y","offset":640,"type":"float","default":1}]}]}}
BOUNDARY 163 {"ok":true,"glsl":"#version 300 es\u000aprecision highp float;\u000aprecision highp int;\u000ain vec4 in_0;\u000a vec4 temp9;\u000alayout (std140) uniform VirglBlock {\u000a\u0009vec4 clipp[8];\u000a\u0009uint stipple_pattern[32];\u000a\u0009float winsys_adjust_y;\u000a\u0009float alpha_ref_val;\u000a\u0009bool clip_plane_enabled;\u000a\u0009int drawid_base;\u000a};\u000avoid main(void)\u000a{\u000atemp9.xy = vec2(((in_0.wzyx).xy));\u000agl_Position = vec4(( vec4(temp9).xxxx ));\u000agl_Position.y = gl_Position.y * winsys_adjust_y;\u000a}\u000a","metadata":{"profile":"virgl-webgl2-straight-line-v5","stage":"vertex","inputs":[{"index":0,"name":"in_0","type":"vec4","semantic":"ATTRIBUTE","semanticIndex":0,"componentMask":15}],"outputs":[{"index":0,"name":"gl_Position","type":"vec4","semantic":"POSITION","semanticIndex":0,"componentMask":15,"writtenMask":15}],"attributes":[{"index":0,"name":"in_0","type":"vec4","semantic":"ATTRIBUTE","semanticIndex":0,"componentMask":15}],"uniforms":[],"samplers":[],"uniformBlocks":[{"name":"VirglBlock","byteLength":656,"members":[{"name":"winsys_adjust_y","offset":640,"type":"float","default":1}]}]}}
BOUNDARY 164 {"ok":true,"glsl":"#version 300 es\u000aprecision highp float;\u000aprecision highp int;\u000ain vec4 in_0;\u000alayout (std140) uniform VirglBlock {\u000a\u0009vec4 clipp[8];\u000a\u0009uint stipple_pattern[32];\u000a\u0009float winsys_adjust_y;\u000a\u0009float alpha_ref_val;\u000a\u0009bool clip_plane_enabled;\u000a\u0009int drawid_base;\u000a};\u000avoid main(void)\u000a{\u000agl_Position.xy = vec2(((in_0.wzyx).xy));\u000agl_Position = vec4(((in_0)));\u000agl_Position.y = gl_Position.y * winsys_adjust_y;\u000a}\u000a","metadata":{"profile":"virgl-webgl2-straight-line-v5","stage":"vertex","inputs":[{"index":0,"name":"in_0","type":"vec4","semantic":"ATTRIBUTE","semanticIndex":0,"componentMask":15}],"outputs":[{"index":0,"name":"gl_Position","type":"vec4","semantic":"POSITION","semanticIndex":0,"componentMask":15,"writtenMask":15}],"attributes":[{"index":0,"name":"in_0","type":"vec4","semantic":"ATTRIBUTE","semanticIndex":0,"componentMask":15}],"uniforms":[],"samplers":[],"uniformBlocks":[{"name":"VirglBlock","byteLength":656,"members":[{"name":"winsys_adjust_y","offset":640,"type":"float","default":1}]}]}}
BOUNDARY 165 {"ok":true,"glsl":"#version 300 es\u000aprecision highp float;\u000aprecision highp int;\u000ain vec4 in_0;\u000a vec4 temp9;\u000alayout (std140) uniform VirglBlock {\u000a\u0009vec4 clipp[8];\u000a\u0009uint stipple_pattern[32];\u000a\u0009float winsys_adjust_y;\u000a\u0009float alpha_ref_val;\u000a\u0009bool clip_plane_enabled;\u000a\u0009int drawid_base;\u000a};\u000avoid main(void)\u000a{\u000atemp9.xyz = vec3(((in_0.wzyx).xyz));\u000agl_Position = vec4(( vec4(temp9).xxxx ));\u000agl_Position.y = gl_Position.y * winsys_adjust_y;\u000a}\u000a","metadata":{"profile":"virgl-webgl2-straight-line-v5","stage":"vertex","inputs":[{"index":0,"name":"in_0","type":"vec4","semantic":"ATTRIBUTE","semanticIndex":0,"componentMask":15}],"outputs":[{"index":0,"name":"gl_Position","type":"vec4","semantic":"POSITION","semanticIndex":0,"componentMask":15,"writtenMask":15}],"attributes":[{"index":0,"name":"in_0","type":"vec4","semantic":"ATTRIBUTE","semanticIndex":0,"componentMask":15}],"uniforms":[],"samplers":[],"uniformBlocks":[{"name":"VirglBlock","byteLength":656,"members":[{"name":"winsys_adjust_y","offset":640,"type":"float","default":1}]}]}}
BOUNDARY 166 {"ok":true,"glsl":"#version 300 es\u000aprecision highp float;\u000aprecision highp int;\u000ain vec4 in_0;\u000alayout (std140) uniform VirglBlock {\u000a\u0009vec4 clipp[8];\u000a\u0009uint stipple_pattern[32];\u000a\u0009float winsys_adjust_y;\u000a\u0009float alpha_ref_val;\u000a\u0009bool clip_plane_enabled;\u000a\u0009int drawid_base;\u000a};\u000avoid main(void)\u000a{\u000agl_Position.xyz = vec3(((in_0.wzyx).xyz));\u000agl_Position = vec4(((in_0)));\u000agl_Position.y = gl_Position.y * winsys_adjust_y;\u000a}\u000a","metadata":{"profile":"virgl-webgl2-straight-line-v5","stage":"vertex","inputs":[{"index":0,"name":"in_0","type":"vec4","semantic":"ATTRIBUTE","semanticIndex":0,"componentMask":15}],"outputs":[{"index":0,"name":"gl_Position","type":"vec4","semantic":"POSITION","semanticIndex":0,"componentMask":15,"writtenMask":15}],"attributes":[{"index":0,"name":"in_0","type":"vec4","semantic":"ATTRIBUTE","semanticIndex":0,"componentMask":15}],"uniforms":[],"samplers":[],"uniformBlocks":[{"name":"VirglBlock","byteLength":656,"members":[{"name":"winsys_adjust_y","offset":640,"type":"float","default":1}]}]}}
BOUNDARY 167 {"ok":true,"glsl":"#version 300 es\u000aprecision highp float;\u000aprecision highp int;\u000ain vec4 in_0;\u000a vec4 temp9;\u000alayout (std140) uniform VirglBlock {\u000a\u0009vec4 clipp[8];\u000a\u0009uint stipple_pattern[32];\u000a\u0009float winsys_adjust_y;\u000a\u0009float alpha_ref_val;\u000a\u0009bool clip_plane_enabled;\u000a\u0009int drawid_base;\u000a};\u000avoid main(void)\u000a{\u000atemp9.x = float((((in_0.wzyx) + (in_0.wzyx))).x);\u000agl_Position = vec4(( vec4(temp9).xxxx ));\u000agl_Position.y = gl_Position.y * winsys_adjust_y;\u000a}\u000a","metadata":{"profile":"virgl-webgl2-straight-line-v5","stage":"vertex","inputs":[{"index":0,"name":"in_0","type":"vec4","semantic":"ATTRIBUTE","semanticIndex":0,"componentMask":15}],"outputs":[{"index":0,"name":"gl_Position","type":"vec4","semantic":"POSITION","semanticIndex":0,"componentMask":15,"writtenMask":15}],"attributes":[{"index":0,"name":"in_0","type":"vec4","semantic":"ATTRIBUTE","semanticIndex":0,"componentMask":15}],"uniforms":[],"samplers":[],"uniformBlocks":[{"name":"VirglBlock","byteLength":656,"members":[{"name":"winsys_adjust_y","offset":640,"type":"float","default":1}]}]}}
BOUNDARY 168 {"ok":true,"glsl":"#version 300 es\u000aprecision highp float;\u000aprecision highp int;\u000ain vec4 in_0;\u000alayout (std140) uniform VirglBlock {\u000a\u0009vec4 clipp[8];\u000a\u0009uint stipple_pattern[32];\u000a\u0009float winsys_adjust_y;\u000a\u0009float alpha_ref_val;\u000a\u0009bool clip_plane_enabled;\u000a\u0009int drawid_base;\u000a};\u000avoid main(void)\u000a{\u000agl_Position.x = float((((in_0.wzyx) + (in_0.wzyx))).x);\u000agl_Position = vec4(((in_0)));\u000agl_Position.y = gl_Position.y * winsys_adjust_y;\u000a}\u000a","metadata":{"profile":"virgl-webgl2-straight-line-v5","stage":"vertex","inputs":[{"index":0,"name":"in_0","type":"vec4","semantic":"ATTRIBUTE","semanticIndex":0,"componentMask":15}],"outputs":[{"index":0,"name":"gl_Position","type":"vec4","semantic":"POSITION","semanticIndex":0,"componentMask":15,"writtenMask":15}],"attributes":[{"index":0,"name":"in_0","type":"vec4","semantic":"ATTRIBUTE","semanticIndex":0,"componentMask":15}],"uniforms":[],"samplers":[],"uniformBlocks":[{"name":"VirglBlock","byteLength":656,"members":[{"name":"winsys_adjust_y","offset":640,"type":"float","default":1}]}]}}
BOUNDARY 169 {"ok":true,"glsl":"#version 300 es\u000aprecision highp float;\u000aprecision highp int;\u000ain vec4 in_0;\u000a vec4 temp9;\u000alayout (std140) uniform VirglBlock {\u000a\u0009vec4 clipp[8];\u000a\u0009uint stipple_pattern[32];\u000a\u0009float winsys_adjust_y;\u000a\u0009float alpha_ref_val;\u000a\u0009bool clip_plane_enabled;\u000a\u0009int drawid_base;\u000a};\u000avoid main(void)\u000a{\u000atemp9.y = float((((in_0.wzyx) + (in_0.wzyx))).y);\u000agl_Position = vec4(( vec4(temp9).yyyy ));\u000agl_Position.y = gl_Position.y * winsys_adjust_y;\u000a}\u000a","metadata":{"profile":"virgl-webgl2-straight-line-v5","stage":"vertex","inputs":[{"index":0,"name":"in_0","type":"vec4","semantic":"ATTRIBUTE","semanticIndex":0,"componentMask":15}],"outputs":[{"index":0,"name":"gl_Position","type":"vec4","semantic":"POSITION","semanticIndex":0,"componentMask":15,"writtenMask":15}],"attributes":[{"index":0,"name":"in_0","type":"vec4","semantic":"ATTRIBUTE","semanticIndex":0,"componentMask":15}],"uniforms":[],"samplers":[],"uniformBlocks":[{"name":"VirglBlock","byteLength":656,"members":[{"name":"winsys_adjust_y","offset":640,"type":"float","default":1}]}]}}
BOUNDARY 170 {"ok":true,"glsl":"#version 300 es\u000aprecision highp float;\u000aprecision highp int;\u000ain vec4 in_0;\u000alayout (std140) uniform VirglBlock {\u000a\u0009vec4 clipp[8];\u000a\u0009uint stipple_pattern[32];\u000a\u0009float winsys_adjust_y;\u000a\u0009float alpha_ref_val;\u000a\u0009bool clip_plane_enabled;\u000a\u0009int drawid_base;\u000a};\u000avoid main(void)\u000a{\u000agl_Position.y = float((((in_0.wzyx) + (in_0.wzyx))).y);\u000agl_Position = vec4(((in_0)));\u000agl_Position.y = gl_Position.y * winsys_adjust_y;\u000a}\u000a","metadata":{"profile":"virgl-webgl2-straight-line-v5","stage":"vertex","inputs":[{"index":0,"name":"in_0","type":"vec4","semantic":"ATTRIBUTE","semanticIndex":0,"componentMask":15}],"outputs":[{"index":0,"name":"gl_Position","type":"vec4","semantic":"POSITION","semanticIndex":0,"componentMask":15,"writtenMask":15}],"attributes":[{"index":0,"name":"in_0","type":"vec4","semantic":"ATTRIBUTE","semanticIndex":0,"componentMask":15}],"uniforms":[],"samplers":[],"uniformBlocks":[{"name":"VirglBlock","byteLength":656,"members":[{"name":"winsys_adjust_y","offset":640,"type":"float","default":1}]}]}}
BOUNDARY 171 {"ok":true,"glsl":"#version 300 es\u000aprecision highp float;\u000aprecision highp int;\u000ain vec4 in_0;\u000a vec4 temp9;\u000alayout (std140) uniform VirglBlock {\u000a\u0009vec4 clipp[8];\u000a\u0009uint stipple_pattern[32];\u000a\u0009float winsys_adjust_y;\u000a\u0009float alpha_ref_val;\u000a\u0009bool clip_plane_enabled;\u000a\u0009int drawid_base;\u000a};\u000avoid main(void)\u000a{\u000atemp9.z = float((((in_0.wzyx) + (in_0.wzyx))).z);\u000agl_Position = vec4(( vec4(temp9).zzzz ));\u000agl_Position.y = gl_Position.y * winsys_adjust_y;\u000a}\u000a","metadata":{"profile":"virgl-webgl2-straight-line-v5","stage":"vertex","inputs":[{"index":0,"name":"in_0","type":"vec4","semantic":"ATTRIBUTE","semanticIndex":0,"componentMask":15}],"outputs":[{"index":0,"name":"gl_Position","type":"vec4","semantic":"POSITION","semanticIndex":0,"componentMask":15,"writtenMask":15}],"attributes":[{"index":0,"name":"in_0","type":"vec4","semantic":"ATTRIBUTE","semanticIndex":0,"componentMask":15}],"uniforms":[],"samplers":[],"uniformBlocks":[{"name":"VirglBlock","byteLength":656,"members":[{"name":"winsys_adjust_y","offset":640,"type":"float","default":1}]}]}}
BOUNDARY 172 {"ok":true,"glsl":"#version 300 es\u000aprecision highp float;\u000aprecision highp int;\u000ain vec4 in_0;\u000alayout (std140) uniform VirglBlock {\u000a\u0009vec4 clipp[8];\u000a\u0009uint stipple_pattern[32];\u000a\u0009float winsys_adjust_y;\u000a\u0009float alpha_ref_val;\u000a\u0009bool clip_plane_enabled;\u000a\u0009int drawid_base;\u000a};\u000avoid main(void)\u000a{\u000agl_Position.z = float((((in_0.wzyx) + (in_0.wzyx))).z);\u000agl_Position = vec4(((in_0)));\u000agl_Position.y = gl_Position.y * winsys_adjust_y;\u000a}\u000a","metadata":{"profile":"virgl-webgl2-straight-line-v5","stage":"vertex","inputs":[{"index":0,"name":"in_0","type":"vec4","semantic":"ATTRIBUTE","semanticIndex":0,"componentMask":15}],"outputs":[{"index":0,"name":"gl_Position","type":"vec4","semantic":"POSITION","semanticIndex":0,"componentMask":15,"writtenMask":15}],"attributes":[{"index":0,"name":"in_0","type":"vec4","semantic":"ATTRIBUTE","semanticIndex":0,"componentMask":15}],"uniforms":[],"samplers":[],"uniformBlocks":[{"name":"VirglBlock","byteLength":656,"members":[{"name":"winsys_adjust_y","offset":640,"type":"float","default":1}]}]}}
BOUNDARY 173 {"ok":true,"glsl":"#version 300 es\u000aprecision highp float;\u000aprecision highp int;\u000ain vec4 in_0;\u000a vec4 temp9;\u000alayout (std140) uniform VirglBlock {\u000a\u0009vec4 clipp[8];\u000a\u0009uint stipple_pattern[32];\u000a\u0009float winsys_adjust_y;\u000a\u0009float alpha_ref_val;\u000a\u0009bool clip_plane_enabled;\u000a\u0009int drawid_base;\u000a};\u000avoid main(void)\u000a{\u000atemp9.w = float((((in_0.wzyx) + (in_0.wzyx))).w);\u000agl_Position = vec4(( vec4(temp9).wwww ));\u000agl_Position.y = gl_Position.y * winsys_adjust_y;\u000a}\u000a","metadata":{"profile":"virgl-webgl2-straight-line-v5","stage":"vertex","inputs":[{"index":0,"name":"in_0","type":"vec4","semantic":"ATTRIBUTE","semanticIndex":0,"componentMask":15}],"outputs":[{"index":0,"name":"gl_Position","type":"vec4","semantic":"POSITION","semanticIndex":0,"componentMask":15,"writtenMask":15}],"attributes":[{"index":0,"name":"in_0","type":"vec4","semantic":"ATTRIBUTE","semanticIndex":0,"componentMask":15}],"uniforms":[],"samplers":[],"uniformBlocks":[{"name":"VirglBlock","byteLength":656,"members":[{"name":"winsys_adjust_y","offset":640,"type":"float","default":1}]}]}}
BOUNDARY 174 {"ok":true,"glsl":"#version 300 es\u000aprecision highp float;\u000aprecision highp int;\u000ain vec4 in_0;\u000alayout (std140) uniform VirglBlock {\u000a\u0009vec4 clipp[8];\u000a\u0009uint stipple_pattern[32];\u000a\u0009float winsys_adjust_y;\u000a\u0009float alpha_ref_val;\u000a\u0009bool clip_plane_enabled;\u000a\u0009int drawid_base;\u000a};\u000avoid main(void)\u000a{\u000agl_Position.w = float((((in_0.wzyx) + (in_0.wzyx))).w);\u000agl_Position = vec4(((in_0)));\u000agl_Position.y = gl_Position.y * winsys_adjust_y;\u000a}\u000a","metadata":{"profile":"virgl-webgl2-straight-line-v5","stage":"vertex","inputs":[{"index":0,"name":"in_0","type":"vec4","semantic":"ATTRIBUTE","semanticIndex":0,"componentMask":15}],"outputs":[{"index":0,"name":"gl_Position","type":"vec4","semantic":"POSITION","semanticIndex":0,"componentMask":15,"writtenMask":15}],"attributes":[{"index":0,"name":"in_0","type":"vec4","semantic":"ATTRIBUTE","semanticIndex":0,"componentMask":15}],"uniforms":[],"samplers":[],"uniformBlocks":[{"name":"VirglBlock","byteLength":656,"members":[{"name":"winsys_adjust_y","offset":640,"type":"float","default":1}]}]}}
BOUNDARY 175 {"ok":true,"glsl":"#version 300 es\u000aprecision highp float;\u000aprecision highp int;\u000ain vec4 in_0;\u000a vec4 temp9;\u000alayout (std140) uniform VirglBlock {\u000a\u0009vec4 clipp[8];\u000a\u0009uint stipple_pattern[32];\u000a\u0009float winsys_adjust_y;\u000a\u0009float alpha_ref_val;\u000a\u0009bool clip_plane_enabled;\u000a\u0009int drawid_base;\u000a};\u000avoid main(void)\u000a{\u000atemp9.xy = vec2((((in_0.wzyx) + (in_0.wzyx))).xy);\u000agl_Position = vec4(( vec4(temp9).xxxx ));\u000agl_Position.y = gl_Position.y * winsys_adjust_y;\u000a}\u000a","metadata":{"profile":"virgl-webgl2-straight-line-v5","stage":"vertex","inputs":[{"index":0,"name":"in_0","type":"vec4","semantic":"ATTRIBUTE","semanticIndex":0,"componentMask":15}],"outputs":[{"index":0,"name":"gl_Position","type":"vec4","semantic":"POSITION","semanticIndex":0,"componentMask":15,"writtenMask":15}],"attributes":[{"index":0,"name":"in_0","type":"vec4","semantic":"ATTRIBUTE","semanticIndex":0,"componentMask":15}],"uniforms":[],"samplers":[],"uniformBlocks":[{"name":"VirglBlock","byteLength":656,"members":[{"name":"winsys_adjust_y","offset":640,"type":"float","default":1}]}]}}
BOUNDARY 176 {"ok":true,"glsl":"#version 300 es\u000aprecision highp float;\u000aprecision highp int;\u000ain vec4 in_0;\u000alayout (std140) uniform VirglBlock {\u000a\u0009vec4 clipp[8];\u000a\u0009uint stipple_pattern[32];\u000a\u0009float winsys_adjust_y;\u000a\u0009float alpha_ref_val;\u000a\u0009bool clip_plane_enabled;\u000a\u0009int drawid_base;\u000a};\u000avoid main(void)\u000a{\u000agl_Position.xy = vec2((((in_0.wzyx) + (in_0.wzyx))).xy);\u000agl_Position = vec4(((in_0)));\u000agl_Position.y = gl_Position.y * winsys_adjust_y;\u000a}\u000a","metadata":{"profile":"virgl-webgl2-straight-line-v5","stage":"vertex","inputs":[{"index":0,"name":"in_0","type":"vec4","semantic":"ATTRIBUTE","semanticIndex":0,"componentMask":15}],"outputs":[{"index":0,"name":"gl_Position","type":"vec4","semantic":"POSITION","semanticIndex":0,"componentMask":15,"writtenMask":15}],"attributes":[{"index":0,"name":"in_0","type":"vec4","semantic":"ATTRIBUTE","semanticIndex":0,"componentMask":15}],"uniforms":[],"samplers":[],"uniformBlocks":[{"name":"VirglBlock","byteLength":656,"members":[{"name":"winsys_adjust_y","offset":640,"type":"float","default":1}]}]}}
BOUNDARY 177 {"ok":true,"glsl":"#version 300 es\u000aprecision highp float;\u000aprecision highp int;\u000ain vec4 in_0;\u000a vec4 temp9;\u000alayout (std140) uniform VirglBlock {\u000a\u0009vec4 clipp[8];\u000a\u0009uint stipple_pattern[32];\u000a\u0009float winsys_adjust_y;\u000a\u0009float alpha_ref_val;\u000a\u0009bool clip_plane_enabled;\u000a\u0009int drawid_base;\u000a};\u000avoid main(void)\u000a{\u000atemp9.xyz = vec3((((in_0.wzyx) + (in_0.wzyx))).xyz);\u000agl_Position = vec4(( vec4(temp9).xxxx ));\u000agl_Position.y = gl_Position.y * winsys_adjust_y;\u000a}\u000a","metadata":{"profile":"virgl-webgl2-straight-line-v5","stage":"vertex","inputs":[{"index":0,"name":"in_0","type":"vec4","semantic":"ATTRIBUTE","semanticIndex":0,"componentMask":15}],"outputs":[{"index":0,"name":"gl_Position","type":"vec4","semantic":"POSITION","semanticIndex":0,"componentMask":15,"writtenMask":15}],"attributes":[{"index":0,"name":"in_0","type":"vec4","semantic":"ATTRIBUTE","semanticIndex":0,"componentMask":15}],"uniforms":[],"samplers":[],"uniformBlocks":[{"name":"VirglBlock","byteLength":656,"members":[{"name":"winsys_adjust_y","offset":640,"type":"float","default":1}]}]}}
BOUNDARY 178 {"ok":true,"glsl":"#version 300 es\u000aprecision highp float;\u000aprecision highp int;\u000ain vec4 in_0;\u000alayout (std140) uniform VirglBlock {\u000a\u0009vec4 clipp[8];\u000a\u0009uint stipple_pattern[32];\u000a\u0009float winsys_adjust_y;\u000a\u0009float alpha_ref_val;\u000a\u0009bool clip_plane_enabled;\u000a\u0009int drawid_base;\u000a};\u000avoid main(void)\u000a{\u000agl_Position.xyz = vec3((((in_0.wzyx) + (in_0.wzyx))).xyz);\u000agl_Position = vec4(((in_0)));\u000agl_Position.y = gl_Position.y * winsys_adjust_y;\u000a}\u000a","metadata":{"profile":"virgl-webgl2-straight-line-v5","stage":"vertex","inputs":[{"index":0,"name":"in_0","type":"vec4","semantic":"ATTRIBUTE","semanticIndex":0,"componentMask":15}],"outputs":[{"index":0,"name":"gl_Position","type":"vec4","semantic":"POSITION","semanticIndex":0,"componentMask":15,"writtenMask":15}],"attributes":[{"index":0,"name":"in_0","type":"vec4","semantic":"ATTRIBUTE","semanticIndex":0,"componentMask":15}],"uniforms":[],"samplers":[],"uniformBlocks":[{"name":"VirglBlock","byteLength":656,"members":[{"name":"winsys_adjust_y","offset":640,"type":"float","default":1}]}]}}
BOUNDARY 179 {"ok":true,"glsl":"#version 300 es\u000aprecision highp float;\u000aprecision highp int;\u000ain vec4 in_0;\u000a vec4 temp9;\u000alayout (std140) uniform VirglBlock {\u000a\u0009vec4 clipp[8];\u000a\u0009uint stipple_pattern[32];\u000a\u0009float winsys_adjust_y;\u000a\u0009float alpha_ref_val;\u000a\u0009bool clip_plane_enabled;\u000a\u0009int drawid_base;\u000a};\u000avoid main(void)\u000a{\u000atemp9.x = float((((in_0.wzyx) * (in_0.wzyx))).x);\u000agl_Position = vec4(( vec4(temp9).xxxx ));\u000agl_Position.y = gl_Position.y * winsys_adjust_y;\u000a}\u000a","metadata":{"profile":"virgl-webgl2-straight-line-v5","stage":"vertex","inputs":[{"index":0,"name":"in_0","type":"vec4","semantic":"ATTRIBUTE","semanticIndex":0,"componentMask":15}],"outputs":[{"index":0,"name":"gl_Position","type":"vec4","semantic":"POSITION","semanticIndex":0,"componentMask":15,"writtenMask":15}],"attributes":[{"index":0,"name":"in_0","type":"vec4","semantic":"ATTRIBUTE","semanticIndex":0,"componentMask":15}],"uniforms":[],"samplers":[],"uniformBlocks":[{"name":"VirglBlock","byteLength":656,"members":[{"name":"winsys_adjust_y","offset":640,"type":"float","default":1}]}]}}
BOUNDARY 180 {"ok":true,"glsl":"#version 300 es\u000aprecision highp float;\u000aprecision highp int;\u000ain vec4 in_0;\u000alayout (std140) uniform VirglBlock {\u000a\u0009vec4 clipp[8];\u000a\u0009uint stipple_pattern[32];\u000a\u0009float winsys_adjust_y;\u000a\u0009float alpha_ref_val;\u000a\u0009bool clip_plane_enabled;\u000a\u0009int drawid_base;\u000a};\u000avoid main(void)\u000a{\u000agl_Position.x = float((((in_0.wzyx) * (in_0.wzyx))).x);\u000agl_Position = vec4(((in_0)));\u000agl_Position.y = gl_Position.y * winsys_adjust_y;\u000a}\u000a","metadata":{"profile":"virgl-webgl2-straight-line-v5","stage":"vertex","inputs":[{"index":0,"name":"in_0","type":"vec4","semantic":"ATTRIBUTE","semanticIndex":0,"componentMask":15}],"outputs":[{"index":0,"name":"gl_Position","type":"vec4","semantic":"POSITION","semanticIndex":0,"componentMask":15,"writtenMask":15}],"attributes":[{"index":0,"name":"in_0","type":"vec4","semantic":"ATTRIBUTE","semanticIndex":0,"componentMask":15}],"uniforms":[],"samplers":[],"uniformBlocks":[{"name":"VirglBlock","byteLength":656,"members":[{"name":"winsys_adjust_y","offset":640,"type":"float","default":1}]}]}}
BOUNDARY 181 {"ok":true,"glsl":"#version 300 es\u000aprecision highp float;\u000aprecision highp int;\u000ain vec4 in_0;\u000a vec4 temp9;\u000alayout (std140) uniform VirglBlock {\u000a\u0009vec4 clipp[8];\u000a\u0009uint stipple_pattern[32];\u000a\u0009float winsys_adjust_y;\u000a\u0009float alpha_ref_val;\u000a\u0009bool clip_plane_enabled;\u000a\u0009int drawid_base;\u000a};\u000avoid main(void)\u000a{\u000atemp9.y = float((((in_0.wzyx) * (in_0.wzyx))).y);\u000agl_Position = vec4(( vec4(temp9).yyyy ));\u000agl_Position.y = gl_Position.y * winsys_adjust_y;\u000a}\u000a","metadata":{"profile":"virgl-webgl2-straight-line-v5","stage":"vertex","inputs":[{"index":0,"name":"in_0","type":"vec4","semantic":"ATTRIBUTE","semanticIndex":0,"componentMask":15}],"outputs":[{"index":0,"name":"gl_Position","type":"vec4","semantic":"POSITION","semanticIndex":0,"componentMask":15,"writtenMask":15}],"attributes":[{"index":0,"name":"in_0","type":"vec4","semantic":"ATTRIBUTE","semanticIndex":0,"componentMask":15}],"uniforms":[],"samplers":[],"uniformBlocks":[{"name":"VirglBlock","byteLength":656,"members":[{"name":"winsys_adjust_y","offset":640,"type":"float","default":1}]}]}}
BOUNDARY 182 {"ok":true,"glsl":"#version 300 es\u000aprecision highp float;\u000aprecision highp int;\u000ain vec4 in_0;\u000alayout (std140) uniform VirglBlock {\u000a\u0009vec4 clipp[8];\u000a\u0009uint stipple_pattern[32];\u000a\u0009float winsys_adjust_y;\u000a\u0009float alpha_ref_val;\u000a\u0009bool clip_plane_enabled;\u000a\u0009int drawid_base;\u000a};\u000avoid main(void)\u000a{\u000agl_Position.y = float((((in_0.wzyx) * (in_0.wzyx))).y);\u000agl_Position = vec4(((in_0)));\u000agl_Position.y = gl_Position.y * winsys_adjust_y;\u000a}\u000a","metadata":{"profile":"virgl-webgl2-straight-line-v5","stage":"vertex","inputs":[{"index":0,"name":"in_0","type":"vec4","semantic":"ATTRIBUTE","semanticIndex":0,"componentMask":15}],"outputs":[{"index":0,"name":"gl_Position","type":"vec4","semantic":"POSITION","semanticIndex":0,"componentMask":15,"writtenMask":15}],"attributes":[{"index":0,"name":"in_0","type":"vec4","semantic":"ATTRIBUTE","semanticIndex":0,"componentMask":15}],"uniforms":[],"samplers":[],"uniformBlocks":[{"name":"VirglBlock","byteLength":656,"members":[{"name":"winsys_adjust_y","offset":640,"type":"float","default":1}]}]}}
BOUNDARY 183 {"ok":true,"glsl":"#version 300 es\u000aprecision highp float;\u000aprecision highp int;\u000ain vec4 in_0;\u000a vec4 temp9;\u000alayout (std140) uniform VirglBlock {\u000a\u0009vec4 clipp[8];\u000a\u0009uint stipple_pattern[32];\u000a\u0009float winsys_adjust_y;\u000a\u0009float alpha_ref_val;\u000a\u0009bool clip_plane_enabled;\u000a\u0009int drawid_base;\u000a};\u000avoid main(void)\u000a{\u000atemp9.z = float((((in_0.wzyx) * (in_0.wzyx))).z);\u000agl_Position = vec4(( vec4(temp9).zzzz ));\u000agl_Position.y = gl_Position.y * winsys_adjust_y;\u000a}\u000a","metadata":{"profile":"virgl-webgl2-straight-line-v5","stage":"vertex","inputs":[{"index":0,"name":"in_0","type":"vec4","semantic":"ATTRIBUTE","semanticIndex":0,"componentMask":15}],"outputs":[{"index":0,"name":"gl_Position","type":"vec4","semantic":"POSITION","semanticIndex":0,"componentMask":15,"writtenMask":15}],"attributes":[{"index":0,"name":"in_0","type":"vec4","semantic":"ATTRIBUTE","semanticIndex":0,"componentMask":15}],"uniforms":[],"samplers":[],"uniformBlocks":[{"name":"VirglBlock","byteLength":656,"members":[{"name":"winsys_adjust_y","offset":640,"type":"float","default":1}]}]}}
BOUNDARY 184 {"ok":true,"glsl":"#version 300 es\u000aprecision highp float;\u000aprecision highp int;\u000ain vec4 in_0;\u000alayout (std140) uniform VirglBlock {\u000a\u0009vec4 clipp[8];\u000a\u0009uint stipple_pattern[32];\u000a\u0009float winsys_adjust_y;\u000a\u0009float alpha_ref_val;\u000a\u0009bool clip_plane_enabled;\u000a\u0009int drawid_base;\u000a};\u000avoid main(void)\u000a{\u000agl_Position.z = float((((in_0.wzyx) * (in_0.wzyx))).z);\u000agl_Position = vec4(((in_0)));\u000agl_Position.y = gl_Position.y * winsys_adjust_y;\u000a}\u000a","metadata":{"profile":"virgl-webgl2-straight-line-v5","stage":"vertex","inputs":[{"index":0,"name":"in_0","type":"vec4","semantic":"ATTRIBUTE","semanticIndex":0,"componentMask":15}],"outputs":[{"index":0,"name":"gl_Position","type":"vec4","semantic":"POSITION","semanticIndex":0,"componentMask":15,"writtenMask":15}],"attributes":[{"index":0,"name":"in_0","type":"vec4","semantic":"ATTRIBUTE","semanticIndex":0,"componentMask":15}],"uniforms":[],"samplers":[],"uniformBlocks":[{"name":"VirglBlock","byteLength":656,"members":[{"name":"winsys_adjust_y","offset":640,"type":"float","default":1}]}]}}
BOUNDARY 185 {"ok":true,"glsl":"#version 300 es\u000aprecision highp float;\u000aprecision highp int;\u000ain vec4 in_0;\u000a vec4 temp9;\u000alayout (std140) uniform VirglBlock {\u000a\u0009vec4 clipp[8];\u000a\u0009uint stipple_pattern[32];\u000a\u0009float winsys_adjust_y;\u000a\u0009float alpha_ref_val;\u000a\u0009bool clip_plane_enabled;\u000a\u0009int drawid_base;\u000a};\u000avoid main(void)\u000a{\u000atemp9.w = float((((in_0.wzyx) * (in_0.wzyx))).w);\u000agl_Position = vec4(( vec4(temp9).wwww ));\u000agl_Position.y = gl_Position.y * winsys_adjust_y;\u000a}\u000a","metadata":{"profile":"virgl-webgl2-straight-line-v5","stage":"vertex","inputs":[{"index":0,"name":"in_0","type":"vec4","semantic":"ATTRIBUTE","semanticIndex":0,"componentMask":15}],"outputs":[{"index":0,"name":"gl_Position","type":"vec4","semantic":"POSITION","semanticIndex":0,"componentMask":15,"writtenMask":15}],"attributes":[{"index":0,"name":"in_0","type":"vec4","semantic":"ATTRIBUTE","semanticIndex":0,"componentMask":15}],"uniforms":[],"samplers":[],"uniformBlocks":[{"name":"VirglBlock","byteLength":656,"members":[{"name":"winsys_adjust_y","offset":640,"type":"float","default":1}]}]}}
BOUNDARY 186 {"ok":true,"glsl":"#version 300 es\u000aprecision highp float;\u000aprecision highp int;\u000ain vec4 in_0;\u000alayout (std140) uniform VirglBlock {\u000a\u0009vec4 clipp[8];\u000a\u0009uint stipple_pattern[32];\u000a\u0009float winsys_adjust_y;\u000a\u0009float alpha_ref_val;\u000a\u0009bool clip_plane_enabled;\u000a\u0009int drawid_base;\u000a};\u000avoid main(void)\u000a{\u000agl_Position.w = float((((in_0.wzyx) * (in_0.wzyx))).w);\u000agl_Position = vec4(((in_0)));\u000agl_Position.y = gl_Position.y * winsys_adjust_y;\u000a}\u000a","metadata":{"profile":"virgl-webgl2-straight-line-v5","stage":"vertex","inputs":[{"index":0,"name":"in_0","type":"vec4","semantic":"ATTRIBUTE","semanticIndex":0,"componentMask":15}],"outputs":[{"index":0,"name":"gl_Position","type":"vec4","semantic":"POSITION","semanticIndex":0,"componentMask":15,"writtenMask":15}],"attributes":[{"index":0,"name":"in_0","type":"vec4","semantic":"ATTRIBUTE","semanticIndex":0,"componentMask":15}],"uniforms":[],"samplers":[],"uniformBlocks":[{"name":"VirglBlock","byteLength":656,"members":[{"name":"winsys_adjust_y","offset":640,"type":"float","default":1}]}]}}
BOUNDARY 187 {"ok":true,"glsl":"#version 300 es\u000aprecision highp float;\u000aprecision highp int;\u000ain vec4 in_0;\u000a vec4 temp9;\u000alayout (std140) uniform VirglBlock {\u000a\u0009vec4 clipp[8];\u000a\u0009uint stipple_pattern[32];\u000a\u0009float winsys_adjust_y;\u000a\u0009float alpha_ref_val;\u000a\u0009bool clip_plane_enabled;\u000a\u0009int drawid_base;\u000a};\u000avoid main(void)\u000a{\u000atemp9.xy = vec2((((in_0.wzyx) * (in_0.wzyx))).xy);\u000agl_Position = vec4(( vec4(temp9).xxxx ));\u000agl_Position.y = gl_Position.y * winsys_adjust_y;\u000a}\u000a","metadata":{"profile":"virgl-webgl2-straight-line-v5","stage":"vertex","inputs":[{"index":0,"name":"in_0","type":"vec4","semantic":"ATTRIBUTE","semanticIndex":0,"componentMask":15}],"outputs":[{"index":0,"name":"gl_Position","type":"vec4","semantic":"POSITION","semanticIndex":0,"componentMask":15,"writtenMask":15}],"attributes":[{"index":0,"name":"in_0","type":"vec4","semantic":"ATTRIBUTE","semanticIndex":0,"componentMask":15}],"uniforms":[],"samplers":[],"uniformBlocks":[{"name":"VirglBlock","byteLength":656,"members":[{"name":"winsys_adjust_y","offset":640,"type":"float","default":1}]}]}}
BOUNDARY 188 {"ok":true,"glsl":"#version 300 es\u000aprecision highp float;\u000aprecision highp int;\u000ain vec4 in_0;\u000alayout (std140) uniform VirglBlock {\u000a\u0009vec4 clipp[8];\u000a\u0009uint stipple_pattern[32];\u000a\u0009float winsys_adjust_y;\u000a\u0009float alpha_ref_val;\u000a\u0009bool clip_plane_enabled;\u000a\u0009int drawid_base;\u000a};\u000avoid main(void)\u000a{\u000agl_Position.xy = vec2((((in_0.wzyx) * (in_0.wzyx))).xy);\u000agl_Position = vec4(((in_0)));\u000agl_Position.y = gl_Position.y * winsys_adjust_y;\u000a}\u000a","metadata":{"profile":"virgl-webgl2-straight-line-v5","stage":"vertex","inputs":[{"index":0,"name":"in_0","type":"vec4","semantic":"ATTRIBUTE","semanticIndex":0,"componentMask":15}],"outputs":[{"index":0,"name":"gl_Position","type":"vec4","semantic":"POSITION","semanticIndex":0,"componentMask":15,"writtenMask":15}],"attributes":[{"index":0,"name":"in_0","type":"vec4","semantic":"ATTRIBUTE","semanticIndex":0,"componentMask":15}],"uniforms":[],"samplers":[],"uniformBlocks":[{"name":"VirglBlock","byteLength":656,"members":[{"name":"winsys_adjust_y","offset":640,"type":"float","default":1}]}]}}
BOUNDARY 189 {"ok":true,"glsl":"#version 300 es\u000aprecision highp float;\u000aprecision highp int;\u000ain vec4 in_0;\u000a vec4 temp9;\u000alayout (std140) uniform VirglBlock {\u000a\u0009vec4 clipp[8];\u000a\u0009uint stipple_pattern[32];\u000a\u0009float winsys_adjust_y;\u000a\u0009float alpha_ref_val;\u000a\u0009bool clip_plane_enabled;\u000a\u0009int drawid_base;\u000a};\u000avoid main(void)\u000a{\u000atemp9.xyz = vec3((((in_0.wzyx) * (in_0.wzyx))).xyz);\u000agl_Position = vec4(( vec4(temp9).xxxx ));\u000agl_Position.y = gl_Position.y * winsys_adjust_y;\u000a}\u000a","metadata":{"profile":"virgl-webgl2-straight-line-v5","stage":"vertex","inputs":[{"index":0,"name":"in_0","type":"vec4","semantic":"ATTRIBUTE","semanticIndex":0,"componentMask":15}],"outputs":[{"index":0,"name":"gl_Position","type":"vec4","semantic":"POSITION","semanticIndex":0,"componentMask":15,"writtenMask":15}],"attributes":[{"index":0,"name":"in_0","type":"vec4","semantic":"ATTRIBUTE","semanticIndex":0,"componentMask":15}],"uniforms":[],"samplers":[],"uniformBlocks":[{"name":"VirglBlock","byteLength":656,"members":[{"name":"winsys_adjust_y","offset":640,"type":"float","default":1}]}]}}
BOUNDARY 190 {"ok":true,"glsl":"#version 300 es\u000aprecision highp float;\u000aprecision highp int;\u000ain vec4 in_0;\u000alayout (std140) uniform VirglBlock {\u000a\u0009vec4 clipp[8];\u000a\u0009uint stipple_pattern[32];\u000a\u0009float winsys_adjust_y;\u000a\u0009float alpha_ref_val;\u000a\u0009bool clip_plane_enabled;\u000a\u0009int drawid_base;\u000a};\u000avoid main(void)\u000a{\u000agl_Position.xyz = vec3((((in_0.wzyx) * (in_0.wzyx))).xyz);\u000agl_Position = vec4(((in_0)));\u000agl_Position.y = gl_Position.y * winsys_adjust_y;\u000a}\u000a","metadata":{"profile":"virgl-webgl2-straight-line-v5","stage":"vertex","inputs":[{"index":0,"name":"in_0","type":"vec4","semantic":"ATTRIBUTE","semanticIndex":0,"componentMask":15}],"outputs":[{"index":0,"name":"gl_Position","type":"vec4","semantic":"POSITION","semanticIndex":0,"componentMask":15,"writtenMask":15}],"attributes":[{"index":0,"name":"in_0","type":"vec4","semantic":"ATTRIBUTE","semanticIndex":0,"componentMask":15}],"uniforms":[],"samplers":[],"uniformBlocks":[{"name":"VirglBlock","byteLength":656,"members":[{"name":"winsys_adjust_y","offset":640,"type":"float","default":1}]}]}}
BOUNDARY 191 {"ok":true,"glsl":"#version 300 es\u000aprecision highp float;\u000aprecision highp int;\u000ain vec4 in_0;\u000ain vec4 in_7;\u000alayout (std140) uniform VirglBlock {\u000a\u0009vec4 clipp[8];\u000a\u0009uint stipple_pattern[32];\u000a\u0009float winsys_adjust_y;\u000a\u0009float alpha_ref_val;\u000a\u0009bool clip_plane_enabled;\u000a\u0009int drawid_base;\u000a};\u000avoid main(void)\u000a{\u000agl_Position = vec4(((in_7)));\u000agl_Position.y = gl_Position.y * winsys_adjust_y;\u000a}\u000a","metadata":{"profile":"virgl-webgl2-straight-line-v5","stage":"vertex","inputs":[{"index":0,"name":"in_0","type":"vec4","semantic":"ATTRIBUTE","semanticIndex":0,"componentMask":15},{"index":7,"name":"in_7","type":"vec4","semantic":"ATTRIBUTE","semanticIndex":0,"componentMask":15}],"outputs":[{"index":0,"name":"gl_Position","type":"vec4","semantic":"POSITION","semanticIndex":0,"componentMask":15,"writtenMask":15}],"attributes":[{"index":0,"name":"in_0","type":"vec4","semantic":"ATTRIBUTE","semanticIndex":0,"componentMask":15},{"index":7,"name":"in_7","type":"vec4","semantic":"ATTRIBUTE","semanticIndex":0,"componentMask":15}],"uniforms":[],"samplers":[],"uniformBlocks":[{"name":"VirglBlock","byteLength":656,"members":[{"name":"winsys_adjust_y","offset":640,"type":"float","default":1}]}]}}
BOUNDARY 192 {"ok":true,"glsl":"#version 300 es\u000aprecision highp float;\u000aprecision highp int;\u000ain vec4 in_0;\u000a   out  vec4 vso_g0;\u000alayout (std140) uniform VirglBlock {\u000a\u0009vec4 clipp[8];\u000a\u0009uint stipple_pattern[32];\u000a\u0009float winsys_adjust_y;\u000a\u0009float alpha_ref_val;\u000a\u0009bool clip_plane_enabled;\u000a\u0009int drawid_base;\u000a};\u000avoid main(void)\u000a{\u000agl_Position = vec4(((in_0)));\u000avso_g0 = vec4(((in_0)));\u000agl_Position.y = gl_Position.y * winsys_adjust_y;\u000a}\u000a","metadata":{"profile":"virgl-webgl2-straight-line-v5","stage":"vertex","inputs":[{"index":0,"name":"in_0","type":"vec4","semantic":"ATTRIBUTE","semanticIndex":0,"componentMask":15}],"outputs":[{"index":0,"name":"gl_Position","type":"vec4","semantic":"POSITION","semanticIndex":0,"componentMask":15,"writtenMask":15},{"index":7,"name":"vso_g0","type":"vec4","semantic":"GENERIC","semanticIndex":0,"componentMask":15,"writtenMask":15,"interpolation":"smooth"}],"attributes":[{"index":0,"name":"in_0","type":"vec4","semantic":"ATTRIBUTE","semanticIndex":0,"componentMask":15}],"uniforms":[],"samplers":[],"uniformBlocks":[{"name":"VirglBlock","byteLength":656,"members":[{"name":"winsys_adjust_y","offset":640,"type":"float","default":1}]}]}}
BOUNDARY 193 {"ok":true,"glsl":"#version 300 es\u000aprecision highp float;\u000aprecision highp int;\u000ain vec4 in_0;\u000auniform uvec4 vsconst0[8];\u000alayout (std140) uniform VirglBlock {\u000a\u0009vec4 clipp[8];\u000a\u0009uint stipple_pattern[32];\u000a\u0009float winsys_adjust_y;\u000a\u0009float alpha_ref_val;\u000a\u0009bool clip_plane_enabled;\u000a\u0009int drawid_base;\u000a};\u000avoid main(void)\u000a{\u000agl_Position = vec4((uintBitsToFloat(vsconst0[7])));\u000agl_Position.y = gl_Position.y * winsys_adjust_y;\u000a}\u000a","metadata":{"profile":"virgl-webgl2-straight-line-v5","stage":"vertex","inputs":[{"index":0,"name":"in_0","type":"vec4","semantic":"ATTRIBUTE","semanticIndex":0,"componentMask":15}],"outputs":[{"index":0,"name":"gl_Position","type":"vec4","semantic":"POSITION","semanticIndex":0,"componentMask":15,"writtenMask":15}],"attributes":[{"index":0,"name":"in_0","type":"vec4","semantic":"ATTRIBUTE","semanticIndex":0,"componentMask":15}],"uniforms":[{"name":"vsconst0","type":"uvec4[]","count":8,"encoding":"float32-bits"}],"samplers":[],"uniformBlocks":[{"name":"VirglBlock","byteLength":656,"members":[{"name":"winsys_adjust_y","offset":640,"type":"float","default":1}]}]}}
BOUNDARY 194 {"ok":true,"glsl":"#version 300 es\u000aprecision highp float;\u000aprecision highp int;\u000ain vec4 in_0;\u000alayout (std140) uniform VirglBlock {\u000a\u0009vec4 clipp[8];\u000a\u0009uint stipple_pattern[32];\u000a\u0009float winsys_adjust_y;\u000a\u0009float alpha_ref_val;\u000a\u0009bool clip_plane_enabled;\u000a\u0009int drawid_base;\u000a};\u000avoid main(void)\u000a{\u000agl_Position = vec4(((vec4(1,0,0,1))));\u000agl_Position.y = gl_Position.y * winsys_adjust_y;\u000a}\u000a","metadata":{"profile":"virgl-webgl2-straight-line-v5","stage":"vertex","inputs":[{"index":0,"name":"in_0","type":"vec4","semantic":"ATTRIBUTE","semanticIndex":0,"componentMask":15}],"outputs":[{"index":0,"name":"gl_Position","type":"vec4","semantic":"POSITION","semanticIndex":0,"componentMask":15,"writtenMask":15}],"attributes":[{"index":0,"name":"in_0","type":"vec4","semantic":"ATTRIBUTE","semanticIndex":0,"componentMask":15}],"uniforms":[],"samplers":[],"uniformBlocks":[{"name":"VirglBlock","byteLength":656,"members":[{"name":"winsys_adjust_y","offset":640,"type":"float","default":1}]}]}}
BOUNDARY 195 {"ok":true,"glsl":"#version 300 es\u000aprecision highp float;\u000aprecision highp int;\u000ain vec4 in_0;\u000a   out  vec4 vso_g7;\u000alayout (std140) uniform VirglBlock {\u000a\u0009vec4 clipp[8];\u000a\u0009uint stipple_pattern[32];\u000a\u0009float winsys_adjust_y;\u000a\u0009float alpha_ref_val;\u000a\u0009bool clip_plane_enabled;\u000a\u0009int drawid_base;\u000a};\u000avoid main(void)\u000a{\u000agl_Position = vec4(((in_0)));\u000avso_g7.xyz = vec3(((in_0).xyz));\u000agl_Position.y = gl_Position.y * winsys_adjust_y;\u000a}\u000a","metadata":{"profile":"virgl-webgl2-straight-line-v5","stage":"vertex","inputs":[{"index":0,"name":"in_0","type":"vec4","semantic":"ATTRIBUTE","semanticIndex":0,"componentMask":15}],"outputs":[{"index":0,"name":"gl_Position","type":"vec4","semantic":"POSITION","semanticIndex":0,"componentMask":15,"writtenMask":15},{"index":1,"name":"vso_g7","type":"vec4","semantic":"GENERIC","semanticIndex":7,"componentMask":7,"writtenMask":7,"interpolation":"smooth"}],"attributes":[{"index":0,"name":"in_0","type":"vec4","semantic":"ATTRIBUTE","semanticIndex":0,"componentMask":15}],"uniforms":[],"samplers":[],"uniformBlocks":[{"name":"VirglBlock","byteLength":656,"members":[{"name":"winsys_adjust_y","offset":640,"type":"float","default":1}]}]}}
BOUNDARY 196 {"ok":true,"glsl":"#version 300 es\u000aprecision highp float;\u000aprecision highp int;\u000a smooth    in  vec4 vso_g0;\u000a layout(location = 0)  out  vec4 fsout_c0;\u000auniform highp  sampler2D fssamp7;\u000avoid main(void)\u000a{\u000afsout_c0 = vec4((texture(fssamp7, (vso_g0).xy)));\u000a}\u000a","metadata":{"profile":"virgl-webgl2-straight-line-v5","stage":"fragment","inputs":[{"index":0,"name":"vso_g0","type":"vec4","semantic":"GENERIC","semanticIndex":0,"componentMask":7,"interpolation":"smooth"}],"outputs":[{"index":0,"name":"fsout_c0","type":"vec4","semantic":"COLOR","semanticIndex":0,"componentMask":15,"writtenMask":15}],"attributes":[],"uniforms":[],"samplers":[{"index":7,"name":"fssamp7","type":"sampler2D"}],"uniformBlocks":[]}}
BOUNDARY 197 {"ok":true,"glsl":"#version 300 es\u000aprecision highp float;\u000aprecision highp int;\u000a smooth    in  vec4 vso_g0;\u000a layout(location = 0)  out  vec4 fsout_c0;\u000auniform highp  sampler2D fssamp7;\u000avoid main(void)\u000a{\u000afsout_c0 = vec4((texture(fssamp7, (vso_g0).xy)));\u000a}\u000a","metadata":{"profile":"virgl-webgl2-straight-line-v5","stage":"fragment","inputs":[{"index":0,"name":"vso_g0","type":"vec4","semantic":"GENERIC","semanticIndex":0,"componentMask":7,"interpolation":"smooth"}],"outputs":[{"index":0,"name":"fsout_c0","type":"vec4","semantic":"COLOR","semanticIndex":0,"componentMask":15,"writtenMask":15}],"attributes":[],"uniforms":[],"samplers":[{"index":7,"name":"fssamp7","type":"sampler2D"}],"uniformBlocks":[]}}
BOUNDARY 198 {"ok":false,"error":{"code":"unsupported-feature","message":"TGSI is malformed or outside the documented straight-line profile."}}
BOUNDARY 199 {"ok":false,"error":{"code":"unsupported-feature","message":"TGSI is malformed or outside the documented straight-line profile."}}
BOUNDARY 200 {"ok":false,"error":{"code":"unsupported-feature","message":"TGSI is malformed or outside the documented straight-line profile."}}
BOUNDARY 201 {"ok":false,"error":{"code":"unsupported-feature","message":"TGSI is malformed or outside the documented straight-line profile."}}
BOUNDARY 202 {"ok":false,"error":{"code":"unsupported-feature","message":"TGSI is malformed or outside the documented straight-line profile."}}
BOUNDARY 203 {"ok":false,"error":{"code":"unsupported-feature","message":"TGSI is malformed or outside the documented straight-line profile."}}
BOUNDARY 204 {"ok":false,"error":{"code":"unsupported-feature","message":"TGSI is malformed or outside the documented straight-line profile."}}
BOUNDARY 205 {"ok":true,"glsl":"#version 300 es\u000aprecision highp float;\u000aprecision highp int;\u000a smooth    in  vec4 vso_g0;\u000a layout(location = 0)  out  vec4 fsout_c0;\u000a vec4 temp0;\u000auniform highp  sampler2D fssamp0;\u000avoid main(void)\u000a{\u000atemp0.xy = vec2(((vso_g0.zzzz).xy));\u000afsout_c0 = vec4((texture(fssamp0,  vec4(temp0) .xy)));\u000a}\u000a","metadata":{"profile":"virgl-webgl2-straight-line-v5","stage":"fragment","inputs":[{"index":0,"name":"vso_g0","type":"vec4","semantic":"GENERIC","semanticIndex":0,"componentMask":7,"interpolation":"smooth"}],"outputs":[{"index":0,"name":"fsout_c0","type":"vec4","semantic":"COLOR","semanticIndex":0,"componentMask":15,"writtenMask":15}],"attributes":[],"uniforms":[],"samplers":[{"index":0,"name":"fssamp0","type":"sampler2D"}],"uniformBlocks":[]}}
BOUNDARY 206 {"ok":false,"error":{"code":"parse-error","message":"TGSI is malformed or outside the documented straight-line profile."}}
BOUNDARY 207 {"ok":true,"glsl":"#version 300 es\u000aprecision highp float;\u000aprecision highp int;\u000a smooth    in  vec4 vso_g0;\u000a layout(location = 0)  out  vec4 fsout_c0;\u000a vec4 temp0;\u000auniform highp  sampler2D fssamp0;\u000avoid main(void)\u000a{\u000atemp0.x = float(((vso_g0.zzzz).x));\u000afsout_c0 = vec4((texture(fssamp0,  vec4(temp0).xxxx .xy)));\u000a}\u000a","metadata":{"profile":"virgl-webgl2-straight-line-v5","stage":"fragment","inputs":[{"index":0,"name":"vso_g0","type":"vec4","semantic":"GENERIC","semanticIndex":0,"componentMask":7,"interpolation":"smooth"}],"outputs":[{"index":0,"name":"fsout_c0","type":"vec4","semantic":"COLOR","semanticIndex":0,"componentMask":15,"writtenMask":15}],"attributes":[],"uniforms":[],"samplers":[{"index":0,"name":"fssamp0","type":"sampler2D"}],"uniformBlocks":[]}}
BOUNDARY 208 {"ok":false,"error":{"code":"parse-error","message":"TGSI is malformed or outside the documented straight-line profile."}}
BOUNDARY 209 {"ok":true,"glsl":"#version 300 es\u000aprecision highp float;\u000aprecision highp int;\u000a smooth    in  vec4 vso_g0;\u000a layout(location = 0)  out  vec4 fsout_c0;\u000a vec4 temp0;\u000auniform highp  sampler2D fssamp0;\u000avoid main(void)\u000a{\u000atemp0.z = float(((vso_g0.zzzz).z));\u000afsout_c0 = vec4((texture(fssamp0,  vec4(temp0).zzzz .xy)));\u000a}\u000a","metadata":{"profile":"virgl-webgl2-straight-line-v5","stage":"fragment","inputs":[{"index":0,"name":"vso_g0","type":"vec4","semantic":"GENERIC","semanticIndex":0,"componentMask":7,"interpolation":"smooth"}],"outputs":[{"index":0,"name":"fsout_c0","type":"vec4","semantic":"COLOR","semanticIndex":0,"componentMask":15,"writtenMask":15}],"attributes":[],"uniforms":[],"samplers":[{"index":0,"name":"fssamp0","type":"sampler2D"}],"uniformBlocks":[]}}
BOUNDARY 210 {"ok":true,"glsl":"#version 300 es\u000aprecision highp float;\u000aprecision highp int;\u000a smooth    in  vec4 vso_g0;\u000a layout(location = 0)  out  vec4 fsout_c0;\u000avoid main(void)\u000a{\u000afsout_c0 = vec4(((vso_g0.xyzz)));\u000a}\u000a","metadata":{"profile":"virgl-webgl2-straight-line-v5","stage":"fragment","inputs":[{"index":0,"name":"vso_g0","type":"vec4","semantic":"GENERIC","semanticIndex":0,"componentMask":7,"interpolation":"smooth"}],"outputs":[{"index":0,"name":"fsout_c0","type":"vec4","semantic":"COLOR","semanticIndex":0,"componentMask":15,"writtenMask":15}],"attributes":[],"uniforms":[],"samplers":[],"uniformBlocks":[]}}
BOUNDARY 211 {"ok":true,"glsl":"#version 300 es\u000aprecision highp float;\u000aprecision highp int;\u000ain vec4 in_0;\u000a   out  vec4 vso_g0;\u000alayout (std140) uniform VirglBlock {\u000a\u0009vec4 clipp[8];\u000a\u0009uint stipple_pattern[32];\u000a\u0009float winsys_adjust_y;\u000a\u0009float alpha_ref_val;\u000a\u0009bool clip_plane_enabled;\u000a\u0009int drawid_base;\u000a};\u000avoid main(void)\u000a{\u000avso_g0.xyz = vec3(((in_0).xyz));\u000agl_Position = vec4(((in_0)));\u000agl_Position.y = gl_Position.y * winsys_adjust_y;\u000a}\u000a","metadata":{"profile":"virgl-webgl2-straight-line-v5","stage":"vertex","inputs":[{"index":0,"name":"in_0","type":"vec4","semantic":"ATTRIBUTE","semanticIndex":0,"componentMask":15}],"outputs":[{"index":0,"name":"gl_Position","type":"vec4","semantic":"POSITION","semanticIndex":0,"componentMask":15,"writtenMask":15},{"index":1,"name":"vso_g0","type":"vec4","semantic":"GENERIC","semanticIndex":0,"componentMask":7,"writtenMask":7,"interpolation":"smooth"}],"attributes":[{"index":0,"name":"in_0","type":"vec4","semantic":"ATTRIBUTE","semanticIndex":0,"componentMask":15}],"uniforms":[],"samplers":[],"uniformBlocks":[{"name":"VirglBlock","byteLength":656,"members":[{"name":"winsys_adjust_y","offset":640,"type":"float","default":1}]}]}}
BOUNDARY 212 {"ok":true,"glsl":"#version 300 es\u000aprecision highp float;\u000aprecision highp int;\u000a smooth    in  vec4 vso_g0;\u000a layout(location = 0)  out  vec4 fsout_c0;\u000avoid main(void)\u000a{\u000afsout_c0.xy = vec2(((vso_g0.xyzz).xy));\u000afsout_c0.z = float(((vso_g0.xxxx).z));\u000afsout_c0.w = float(((vso_g0.yyyy).w));\u000a}\u000a","metadata":{"profile":"virgl-webgl2-straight-line-v5","stage":"fragment","inputs":[{"index":0,"name":"vso_g0","type":"vec4","semantic":"GENERIC","semanticIndex":0,"componentMask":3,"interpolation":"smooth"}],"outputs":[{"index":0,"name":"fsout_c0","type":"vec4","semantic":"COLOR","semanticIndex":0,"componentMask":15,"writtenMask":15}],"attributes":[],"uniforms":[],"samplers":[],"uniformBlocks":[]}}
BOUNDARY 213 {"ok":false,"error":{"code":"parse-error","message":"TGSI is malformed or outside the documented straight-line profile."}}
BOUNDARY 214 {"ok":false,"error":{"code":"parse-error","message":"TGSI is malformed or outside the documented straight-line profile."}}
BOUNDARY 215 {"ok":true,"glsl":"#version 300 es\u000aprecision highp float;\u000aprecision highp int;\u000ain vec4 in_0;\u000a vec4 temp9;\u000alayout (std140) uniform VirglBlock {\u000a\u0009vec4 clipp[8];\u000a\u0009uint stipple_pattern[32];\u000a\u0009float winsys_adjust_y;\u000a\u0009float alpha_ref_val;\u000a\u0009bool clip_plane_enabled;\u000a\u0009int drawid_base;\u000a};\u000avoid main(void)\u000a{\u000atemp9.y = float(((in_0).y));\u000agl_Position = vec4(( vec4(temp9).yyyy  * (in_0) + (in_0)));\u000agl_Position.y = gl_Position.y * winsys_adjust_y;\u000a}\u000a","metadata":{"profile":"virgl-webgl2-straight-line-v5","stage":"vertex","inputs":[{"index":0,"name":"in_0","type":"vec4","semantic":"ATTRIBUTE","semanticIndex":0,"componentMask":15}],"outputs":[{"index":0,"name":"gl_Position","type":"vec4","semantic":"POSITION","semanticIndex":0,"componentMask":15,"writtenMask":15}],"attributes":[{"index":0,"name":"in_0","type":"vec4","semantic":"ATTRIBUTE","semanticIndex":0,"componentMask":15}],"uniforms":[],"samplers":[],"uniformBlocks":[{"name":"VirglBlock","byteLength":656,"members":[{"name":"winsys_adjust_y","offset":640,"type":"float","default":1}]}]}}
BOUNDARY 216 {"ok":false,"error":{"code":"parse-error","message":"TGSI is malformed or outside the documented straight-line profile."}}
BOUNDARY 217 {"ok":false,"error":{"code":"unsupported-feature","message":"TGSI is malformed or outside the documented straight-line profile."}}
BOUNDARY 218 {"ok":false,"error":{"code":"unsupported-feature","message":"TGSI is malformed or outside the documented straight-line profile."}}
BOUNDARY 219 {"ok":false,"error":{"code":"unsupported-feature","message":"TGSI is malformed or outside the documented straight-line profile."}}
BOUNDARY 220 {"ok":false,"error":{"code":"parse-error","message":"TGSI is malformed or outside the documented straight-line profile."}}
BOUNDARY 221 {"ok":false,"error":{"code":"unsupported-feature","message":"TGSI is malformed or outside the documented straight-line profile."}}
BOUNDARY 222 {"ok":false,"error":{"code":"unsupported-feature","message":"TGSI is malformed or outside the documented straight-line profile."}}
BOUNDARY 223 {"ok":false,"error":{"code":"unsupported-feature","message":"TGSI is malformed or outside the documented straight-line profile."}}
BOUNDARY 224 {"ok":false,"error":{"code":"parse-error","message":"TGSI is malformed or outside the documented straight-line profile."}}
BOUNDARY 225 {"ok":false,"error":{"code":"parse-error","message":"TGSI is malformed or outside the documented straight-line profile."}}
BOUNDARY 226 {"ok":false,"error":{"code":"parse-error","message":"TGSI is malformed or outside the documented straight-line profile."}}
BOUNDARY 227 {"ok":false,"error":{"code":"parse-error","message":"TGSI is malformed or outside the documented straight-line profile."}}
BOUNDARY 228 {"ok":false,"error":{"code":"parse-error","message":"TGSI is malformed or outside the documented straight-line profile."}}
BOUNDARY 229 {"ok":false,"error":{"code":"unsupported-feature","message":"TGSI is malformed or outside the documented straight-line profile."}}
BOUNDARY 230 {"ok":false,"error":{"code":"unsupported-feature","message":"TGSI is malformed or outside the documented straight-line profile."}}
BOUNDARY 231 {"ok":false,"error":{"code":"unsupported-feature","message":"TGSI is malformed or outside the documented straight-line profile."}}
BOUNDARY 232 {"ok":false,"error":{"code":"unsupported-feature","message":"TGSI is malformed or outside the documented straight-line profile."}}
BOUNDARY 233 {"ok":false,"error":{"code":"unsupported-feature","message":"TGSI is malformed or outside the documented straight-line profile."}}
BOUNDARY 234 {"ok":false,"error":{"code":"parse-error","message":"TGSI is malformed or outside the documented straight-line profile."}}
BOUNDARY 235 {"ok":false,"error":{"code":"parse-error","message":"TGSI is malformed or outside the documented straight-line profile."}}
BOUNDARY 236 {"ok":false,"error":{"code":"parse-error","message":"TGSI is malformed or outside the documented straight-line profile."}}
BOUNDARY 237 {"ok":false,"error":{"code":"unsupported-feature","message":"TGSI is malformed or outside the documented straight-line profile."}}
BOUNDARY 238 {"ok":false,"error":{"code":"unsupported-feature","message":"TGSI is malformed or outside the documented straight-line profile."}}
BOUNDARY 239 {"ok":false,"error":{"code":"unsupported-feature","message":"TGSI is malformed or outside the documented straight-line profile."}}
BOUNDARY 240 {"ok":false,"error":{"code":"parse-error","message":"TGSI is malformed or outside the documented straight-line profile."}}
BOUNDARY 241 {"ok":false,"error":{"code":"parse-error","message":"TGSI is malformed or outside the documented straight-line profile."}}
BOUNDARY 242 {"ok":false,"error":{"code":"parse-error","message":"TGSI is malformed or outside the documented straight-line profile."}}
BOUNDARY 243 {"ok":false,"error":{"code":"parse-error","message":"TGSI is malformed or outside the documented straight-line profile."}}
BOUNDARY 244 {"ok":false,"error":{"code":"parse-error","message":"TGSI is malformed or outside the documented straight-line profile."}}
BOUNDARY 245 {"ok":false,"error":{"code":"unsupported-feature","message":"TGSI is malformed or outside the documented straight-line profile."}}
BOUNDARY 246 {"ok":false,"error":{"code":"unsupported-feature","message":"TGSI is malformed or outside the documented straight-line profile."}}
BOUNDARY 247 {"ok":false,"error":{"code":"unsupported-feature","message":"TGSI is malformed or outside the documented straight-line profile."}}
BOUNDARY 248 {"ok":false,"error":{"code":"unsupported-feature","message":"TGSI is malformed or outside the documented straight-line profile."}}
TRUNCATIONS count=1548 complete_end_prefixes=4
SEED 36a9127d mutations=1024 recoveries=4096 passed
SEED c481e35b mutations=1024 recoveries=4096 passed
SEED 79b40a61 mutations=1024 recoveries=4096 passed
SEED a28d65cf mutations=1024 recoveries=4096 passed
MUTATIONS accepted=3 rejected=4093
PASS originals=4 boundaries=249 calls=29469 exact_original_recoveries=23572 sanitizers=true
+ node tools/verify-virgl-components.mjs --output /Users/blamy/.codex/worktrees/mips-throughput/wasm-vm/evidence/virgl-raw-bits/worker/regression/regression/components/hardware
E6-T12e1: 12/19 unchanged shaders, four original GPU bodies, ten draws, 4736 independent pixels; 249 shared cases; production 3D disabled.
+ node tools/verify-virgl-components.mjs --output /Users/blamy/.codex/worktrees/mips-throughput/wasm-vm/evidence/virgl-raw-bits/worker/regression/regression/components/sabotage --sabotage masked-write
page.evaluate: Error: 403b0529 affine independent pixel (15,4): expected [255,64,128,255], observed [0,0,255,255]
    at require (http://127.0.0.1:61595/renderer/virgl-shader/tests/components.mjs:32:65)
    at equal (http://127.0.0.1:61595/renderer/virgl-shader/tests/components.mjs:33:44)
    at draw (http://127.0.0.1:61595/renderer/virgl-shader/tests/components.mjs:197:7)
    at async runAcceptance (http://127.0.0.1:61595/renderer/virgl-shader/tests/components.mjs:286:9)
    at async eval (eval at evaluate (:234:30), <anonymous>:3:14)
    at async <anonymous>:260:30
    at runVirglBrowser (/Users/blamy/.codex/worktrees/mips-throughput/wasm-vm/tools/lib/virgl-browser-runner.mjs:145:57)
    at /Users/blamy/.codex/worktrees/mips-throughput/wasm-vm/async file:/Users/blamy/.codex/worktrees/mips-throughput/wasm-vm/tools/verify-virgl-components.mjs:8:1
+ python3 tools/virgl-components/receipt.py /Users/blamy/.codex/worktrees/mips-throughput/wasm-vm/evidence/virgl-raw-bits/worker/regression/regression/components
E6-T12e1 passed: 12/19 original shaders, four new hardware shader oracles, native/Wasm parity and bounded grammar attacks.
+ VIRGL_DRAW_EVIDENCE_DIR=/Users/blamy/.codex/worktrees/mips-throughput/wasm-vm/evidence/virgl-raw-bits/worker/regression/regression/draw
+ bash tools/verify-virgl-draw-replay.sh
+ git rev-parse HEAD
347dc59d60fa7e77cec58b14a36bcc8adb88db8d
+ node --check renderer/virgl-command/tests/draw-acceptance.mjs
+ node --check tools/virgl-command/draw-fixtures.mjs
+ node --check tools/verify-virgl-draw-replay.mjs
+ python3 -m py_compile tools/virgl-command/draw-receipt.py tools/virgl-command/draw-cold.py
+ VIRGL_STATE_EVIDENCE_DIR=/Users/blamy/.codex/worktrees/mips-throughput/wasm-vm/evidence/virgl-raw-bits/worker/regression/regression/draw/state
+ bash tools/verify-virgl-object-state.sh
+ git rev-parse HEAD
347dc59d60fa7e77cec58b14a36bcc8adb88db8d
+ node --check renderer/virgl-command/state.mjs
+ node --check renderer/virgl-command/resources.mjs
+ node --check renderer/virgl-command/tests/state-acceptance.mjs
+ node --check tools/virgl-command/state-fixtures.mjs
+ node --check tools/verify-virgl-object-state.mjs
+ python3 -m py_compile tools/virgl-command/state-receipt.py tools/virgl-command/state-cold.py
+ bash renderer/virgl-shader/build.sh wasm
Pinned virglrenderer 1.3.0: 70 source/generated SHA-256 hashes match
+ node tools/verify-virgl-command-decoder.mjs --output /Users/blamy/.codex/worktrees/mips-throughput/wasm-vm/evidence/virgl-raw-bits/worker/regression/regression/draw/state/decoder --node-only true
Node command acceptance passed (539 ms)
+ node tools/verify-virgl-resource-transfers.mjs --output /Users/blamy/.codex/worktrees/mips-throughput/wasm-vm/evidence/virgl-raw-bits/worker/regression/regression/draw/state/resources --node-only true
Node resource acceptance passed (59 ms)
+ node tools/verify-virgl-object-state.mjs --output /Users/blamy/.codex/worktrees/mips-throughput/wasm-vm/evidence/virgl-raw-bits/worker/regression/regression/draw/state/hardware
Hardware state acceptance passed (157 ms)
+ for attack in constant-bits color-mask
+ node tools/verify-virgl-object-state.mjs --output /Users/blamy/.codex/worktrees/mips-throughput/wasm-vm/evidence/virgl-raw-bits/worker/regression/regression/draw/state/sabotage-constant-bits --sabotage constant-bits
AssertionError [ERR_ASSERTION]: original fragment constant bits: expected "[1065353216,1065353216,1065353216,1065353216]", got "[1056964608,1065353216,1065353216,1065353216]"

'failed' !== 'passed'

    at file:///Users/blamy/.codex/worktrees/mips-throughput/wasm-vm/tools/verify-virgl-object-state.mjs:153:12
+ for attack in constant-bits color-mask
+ node tools/verify-virgl-object-state.mjs --output /Users/blamy/.codex/worktrees/mips-throughput/wasm-vm/evidence/virgl-raw-bits/worker/regression/regression/draw/state/sabotage-color-mask --sabotage color-mask
AssertionError [ERR_ASSERTION]: original color mask: expected "[true,true,true,true]", got "[false,true,true,true]"

'failed' !== 'passed'

    at file:///Users/blamy/.codex/worktrees/mips-throughput/wasm-vm/tools/verify-virgl-object-state.mjs:153:12
+ python3 tools/virgl-command/state-receipt.py /Users/blamy/.codex/worktrees/mips-throughput/wasm-vm/evidence/virgl-raw-bits/worker/regression/regression/draw/state
E6-T12c receipt passed: original GL state, shader linkage, clear/isolation and wire sabotage controls
+ node tools/verify-virgl-draw-replay.mjs --output /Users/blamy/.codex/worktrees/mips-throughput/wasm-vm/evidence/virgl-raw-bits/worker/regression/regression/draw/hardware
Hardware draw replay passed (337 ms)
+ for attack in vertex index texel constant blend readback-offset
+ node tools/verify-virgl-draw-replay.mjs --output /Users/blamy/.codex/worktrees/mips-throughput/wasm-vm/evidence/virgl-raw-bits/worker/regression/regression/draw/sabotage-vertex --sabotage vertex
AssertionError [ERR_ASSERTION]: original phase 0 interior pixel (4,4): expected "[255,0,0,255]", got "[0,0,255,255]"

'failed' !== 'passed'

    at file:///Users/blamy/.codex/worktrees/mips-throughput/wasm-vm/tools/verify-virgl-draw-replay.mjs:174:12
+ for attack in vertex index texel constant blend readback-offset
+ node tools/verify-virgl-draw-replay.mjs --output /Users/blamy/.codex/worktrees/mips-throughput/wasm-vm/evidence/virgl-raw-bits/worker/regression/regression/draw/sabotage-index --sabotage index
AssertionError [ERR_ASSERTION]: original draw replay event 161: out-of-bounds An actual index fetch exceeds vertex storage.: expected true, got false

'failed' !== 'passed'

    at file:///Users/blamy/.codex/worktrees/mips-throughput/wasm-vm/tools/verify-virgl-draw-replay.mjs:174:12
+ for attack in vertex index texel constant blend readback-offset
+ node tools/verify-virgl-draw-replay.mjs --output /Users/blamy/.codex/worktrees/mips-throughput/wasm-vm/evidence/virgl-raw-bits/worker/regression/regression/draw/sabotage-texel --sabotage texel
AssertionError [ERR_ASSERTION]: original phase 0 interior pixel (4,4): expected "[255,0,0,255]", got "[0,0,0,255]"

'failed' !== 'passed'

    at file:///Users/blamy/.codex/worktrees/mips-throughput/wasm-vm/tools/verify-virgl-draw-replay.mjs:174:12
+ for attack in vertex index texel constant blend readback-offset
+ node tools/verify-virgl-draw-replay.mjs --output /Users/blamy/.codex/worktrees/mips-throughput/wasm-vm/evidence/virgl-raw-bits/worker/regression/regression/draw/sabotage-constant --sabotage constant
AssertionError [ERR_ASSERTION]: original phase 0 interior pixel (4,4): expected "[255,0,0,255]", got "[128,0,0,255]"

'failed' !== 'passed'

    at file:///Users/blamy/.codex/worktrees/mips-throughput/wasm-vm/tools/verify-virgl-draw-replay.mjs:174:12
+ for attack in vertex index texel constant blend readback-offset
+ node tools/verify-virgl-draw-replay.mjs --output /Users/blamy/.codex/worktrees/mips-throughput/wasm-vm/evidence/virgl-raw-bits/worker/regression/regression/draw/sabotage-blend --sabotage blend
AssertionError [ERR_ASSERTION]: original phase 2 interior pixel (4,4): expected "[64,0,191,255]", got "[255,0,191,255]"

'failed' !== 'passed'

    at file:///Users/blamy/.codex/worktrees/mips-throughput/wasm-vm/tools/verify-virgl-draw-replay.mjs:174:12
+ for attack in vertex index texel constant blend readback-offset
+ node tools/verify-virgl-draw-replay.mjs --output /Users/blamy/.codex/worktrees/mips-throughput/wasm-vm/evidence/virgl-raw-bits/worker/regression/regression/draw/sabotage-readback-offset --sabotage readback-offset
AssertionError [ERR_ASSERTION]: original phase 0 interior pixel (4,4): expected "[255,0,0,255]", got "[0,0,0,0]"

'failed' !== 'passed'

    at file:///Users/blamy/.codex/worktrees/mips-throughput/wasm-vm/tools/verify-virgl-draw-replay.mjs:174:12
+ python3 tools/virgl-command/draw-receipt.py /Users/blamy/.codex/worktrees/mips-throughput/wasm-vm/evidence/virgl-raw-bits/worker/regression/regression/draw
E6-T12d receipt passed: original draw/pixel replay, isolation and six input sabotage controls
+ bash renderer/virgl-shader/build.sh pair-sanitize
Pinned virglrenderer 1.3.0: 70 source/generated SHA-256 hashes match
vendor/src/vrend/vrend_shader.c:4717:13: warning: 'sprintf' is deprecated: This function is provided for compatibility reasons only.  Due to security concerns inherent in the design of sprintf(3), it is highly recommended that you use snprintf(3) instead. [-Wdeprecated-declarations]
 4717 |             sprintf(arrayname, "[addr%d]", src->DimIndirect.Index);
      |             ^
/Applications/Xcode.app/Contents/Developer/Platforms/MacOSX.platform/Developer/SDKs/MacOSX.sdk/usr/include/_stdio.h:278:1: note: 'sprintf' has been explicitly marked deprecated here
  278 | __deprecated_msg("This function is provided for compatibility reasons only.  Due to security concerns inherent in the design of sprintf(3), it is highly recommended that you use snprintf(3) instead.")
      | ^
/Applications/Xcode.app/Contents/Developer/Platforms/MacOSX.platform/Developer/SDKs/MacOSX.sdk/usr/include/sys/cdefs.h:227:48: note: expanded from macro '__deprecated_msg'
  227 |         #define __deprecated_msg(_msg) __attribute__((__deprecated__(_msg)))
      |                                                       ^
vendor/src/vrend/vrend_shader.c:4719:13: warning: 'sprintf' is deprecated: This function is provided for compatibility reasons only.  Due to security concerns inherent in the design of sprintf(3), it is highly recommended that you use snprintf(3) instead. [-Wdeprecated-declarations]
 4719 |             sprintf(arrayname, "[%d]", src->Dimension.Index);
      |             ^
/Applications/Xcode.app/Contents/Developer/Platforms/MacOSX.platform/Developer/SDKs/MacOSX.sdk/usr/include/_stdio.h:278:1: note: 'sprintf' has been explicitly marked deprecated here
  278 | __deprecated_msg("This function is provided for compatibility reasons only.  Due to security concerns inherent in the design of sprintf(3), it is highly recommended that you use snprintf(3) instead.")
      | ^
/Applications/Xcode.app/Contents/Developer/Platforms/MacOSX.platform/Developer/SDKs/MacOSX.sdk/usr/include/sys/cdefs.h:227:48: note: expanded from macro '__deprecated_msg'
  227 |         #define __deprecated_msg(_msg) __attribute__((__deprecated__(_msg)))
      |                                                       ^
vendor/src/vrend/vrend_shader.c:7349:16: warning: 'sprintf' is deprecated: This function is provided for compatibility reasons only.  Due to security concerns inherent in the design of sprintf(3), it is highly recommended that you use snprintf(3) instead. [-Wdeprecated-declarations]
 7349 |                sprintf(prefix, "layout(location = %d)", ctx->outputs[i].sid);
      |                ^
/Applications/Xcode.app/Contents/Developer/Platforms/MacOSX.platform/Developer/SDKs/MacOSX.sdk/usr/include/_stdio.h:278:1: note: 'sprintf' has been explicitly marked deprecated here
  278 | __deprecated_msg("This function is provided for compatibility reasons only.  Due to security concerns inherent in the design of sprintf(3), it is highly recommended that you use snprintf(3) instead.")
      | ^
/Applications/Xcode.app/Contents/Developer/Platforms/MacOSX.platform/Developer/SDKs/MacOSX.sdk/usr/include/sys/cdefs.h:227:48: note: expanded from macro '__deprecated_msg'
  227 |         #define __deprecated_msg(_msg) __attribute__((__deprecated__(_msg)))
      |                                                       ^
3 warnings generated.
+ python3 tools/virgl-pairs/native.py --binary renderer/virgl-shader/build/pair-sanitize/pair-test --output /Users/blamy/.codex/worktrees/mips-throughput/wasm-vm/evidence/virgl-raw-bits/worker/regression/regression/native
{"status": "passed", "originals": 19, "acceptedOriginals": 12, "pairs": 114, "calls": 38259, "pairRecoveries": 21848, "standaloneRecoveries": 10924, "truncations": 932, "hostileCases": 320, "mutations": 4096, "report": "/Users/blamy/.codex/worktrees/mips-throughput/wasm-vm/evidence/virgl-raw-bits/worker/regression/regression/native/native-report.json"}
+ node tools/verify-virgl-pairs.mjs --output /Users/blamy/.codex/worktrees/mips-throughput/wasm-vm/evidence/virgl-raw-bits/worker/regression/regression/hardware
E6-T12e2:12/19 originals; 114 native/Wasm pair cases; 8 direct and 44 renderer draws; cache/lifecycle/fault proof passed.
+ node tools/verify-virgl-pairs.mjs --output /Users/blamy/.codex/worktrees/mips-throughput/wasm-vm/evidence/virgl-raw-bits/worker/regression/regression/sabotage --sabotage flat-reuse
page.evaluate: Error: renderer flat012 independent flat pixel (4,4): expected [0,255,0,255], observed [36,36,0,255]
    at require (http://127.0.0.1:61899/renderer/virgl-shader/tests/pairs.mjs:6:72)
    at equal (http://127.0.0.1:61899/renderer/virgl-shader/tests/pairs.mjs:7:39)
    at checkPixels (http://127.0.0.1:61899/renderer/virgl-shader/tests/pairs.mjs:55:5)
    at async phase (http://127.0.0.1:61899/renderer/virgl-command/tests/flat-pairs.mjs:126:48)
    at async runRendererPairs (http://127.0.0.1:61899/renderer/virgl-command/tests/flat-pairs.mjs:142:13)
    at async runAcceptance (http://127.0.0.1:61899/renderer/virgl-command/tests/flat-pairs.mjs:208:62)
    at async eval (eval at evaluate (:234:30), <anonymous>:3:14)
    at async <anonymous>:260:30
    at runVirglBrowser (/Users/blamy/.codex/worktrees/mips-throughput/wasm-vm/tools/lib/virgl-browser-runner.mjs:145:57)
    at /Users/blamy/.codex/worktrees/mips-throughput/wasm-vm/async file:/Users/blamy/.codex/worktrees/mips-throughput/wasm-vm/tools/verify-virgl-pairs.mjs:12:1
+ python3 tools/virgl-pairs/receipt.py /Users/blamy/.codex/worktrees/mips-throughput/wasm-vm/evidence/virgl-raw-bits/worker/regression/regression
E6-T12e2 passed: 12/19 unchanged originals, derived shader pairs, actual renderer pixels and bounded variant ownership.
