cargo fmt --check -p wasm-vm-core -p wasm-vm-wasm
cargo clippy -p wasm-vm-core --lib --test retirement_capture --test retirement_capture_verifier --example retirement_capture_baseline --features trace -- -D warnings
    Checking wasm-vm-core v0.0.1 (/Users/blamy/Documents/Codex/wasm-vm/crates/core)
    Finished `dev` profile [unoptimized + debuginfo] target(s) in 0.53s
cargo clippy -p wasm-vm-wasm --test retirement_capture --test retirement_capture_baseline --test retirement_capture_verifier --target wasm32-unknown-unknown -- -D warnings
    Checking wasm-vm-core v0.0.1 (/Users/blamy/Documents/Codex/wasm-vm/crates/core)
    Checking wasm-vm-jit-translate v0.0.1 (/Users/blamy/Documents/Codex/wasm-vm/crates/jit-translate)
    Checking wasm-vm-slirp v0.0.0 (/Users/blamy/Documents/Codex/wasm-vm/crates/slirp)
    Checking wasm-vm-wasm v0.0.1 (/Users/blamy/Documents/Codex/wasm-vm/crates/wasm)
    Finished `dev` profile [unoptimized + debuginfo] target(s) in 4.04s
cargo test -p wasm-vm-core --features trace --test retirement_capture --test retirement_capture_verifier --test hart_memory --test trace_mem_exec --test trace_retire --test rv64a --test rv64f --test rv64d --test predecode_diff --test predecode_smc_diff --test zicntr --test privilege -- --nocapture
   Compiling wasm-vm-core v0.0.1 (/Users/blamy/Documents/Codex/wasm-vm/crates/core)
    Finished `test` profile [unoptimized + debuginfo] target(s) in 2.44s
     Running tests/hart_memory.rs (target/debug/deps/hart_memory-78605d5a2f151900)

running 13 tests
test effective_address_wraps_without_panic_acceptance ... ok
test lw_sign_extends_lwu_zero_extends_acceptance ... ok
test load_with_rd_equals_rs1_writes_loaded_value_acceptance ... ok
test misaligned_ld_sd_in_ram_succeed_e1t26 ... ok
test extension_matrix_all_widths_all_patterns ... ok
test misaligned_straddling_out_of_ram_faults_access_not_misaligned_e1t26 ... ok
test misaligned_in_ram_succeeds_at_every_width_negative_offset_still_faults ... ok
test pc_unmoved_after_every_memory_fault ... ok
test boundary_sweep_last_slot_succeeds_one_past_faults ... ok
test store_matrix_verified_bytewise_through_bus ... ok
test store_then_load_roundtrip_through_instructions ... ok
test faulting_load_leaves_rd_faulting_store_leaves_ram_acceptance ... ok
test successful_store_leaves_all_registers_untouched ... ok

test result: ok. 13 passed; 0 failed; 0 ignored; 0 measured; 0 filtered out; finished in 0.00s

     Running tests/predecode_diff.rs (target/debug/deps/predecode_diff-2dfb95b6caa89e00)

running 2 tests
hello: 83 retires, outcome Exited(0), hash 0xec6e61a286135dfd
loops: 48 retires, outcome Exited(0), hash 0xb39f666fdc661b5d
memops: 117 retires, outcome Exited(0), hash 0x7b228482bdef09dd
test cache_on_is_byte_identical_to_cache_off ... ok
test riscv_tests_cache_on_is_byte_identical has been running for over 60 seconds
riscv-tests differential: 127 ELFs byte-identical cache-on vs cache-off
test riscv_tests_cache_on_is_byte_identical ... ok

test result: ok. 2 passed; 0 failed; 0 ignored; 0 measured; 0 filtered out; finished in 81.60s

     Running tests/predecode_smc_diff.rs (target/debug/deps/predecode_smc_diff-be18e4d87b6222e2)

running 1 test
test smc_store_patches_cached_block_is_byte_identical ... ok

test result: ok. 1 passed; 0 failed; 0 ignored; 0 measured; 0 filtered out; finished in 0.66s

     Running tests/privilege.rs (target/debug/deps/privilege-d67f3b18ad37b362)

running 11 tests
test sie_sip_are_mideleg_gated ... ok
test mode_never_changes_via_plain_csr_write ... ok
test sstatus_write_touches_only_s_bits ... ok
test trap_to_m_and_mret_field_shuffle ... ok
test trap_to_s_and_sret_field_shuffle ... ok
test mret_to_u_clears_mprv_then_mcsr_from_u_traps ... ok
test mret_below_m_is_illegal ... ok
test sret_privilege_and_tsr ... ok
test tvm_makes_satp_access_illegal_in_s_mode ... ok
test wfi_traps_when_tw_set_below_m ... ok
test ecall_cause_depends_on_mode ... ok

test result: ok. 11 passed; 0 failed; 0 ignored; 0 measured; 0 filtered out; finished in 0.00s

     Running tests/retirement_capture.rs (target/debug/deps/retirement_capture-50f2edc9246981ac)

running 3 tests
test unit_capture_preserves_success_fault_lrsc_store_fp_and_amo_effects ... ok
test public_false_sink_still_receives_callbacks_on_both_paths ... ok
test ordinary_and_cached_unit_runs_match_recording_positive_control ... ok

test result: ok. 3 passed; 0 failed; 0 ignored; 0 measured; 0 filtered out; finished in 0.00s

     Running tests/retirement_capture_verifier.rs (target/debug/deps/retirement_capture_verifier-10f98d48f95100fc)

running 2 tests
test direct_x0_mmio_read_and_fault_keep_effects_and_callbacks ... ok
test ordinary_and_cached_x0_mmio_read_and_fault_keep_effects_and_callbacks ... ok

test result: ok. 2 passed; 0 failed; 0 ignored; 0 measured; 0 filtered out; finished in 0.00s

     Running tests/rv64a.rs (target/debug/deps/rv64a-43e88381368c43cd)

running 13 tests
test amoadd_w_wraps_and_sign_extends_old ... ok
test amo_d_full_width ... ok
test back_to_back_sc_second_fails ... ok
test lr_then_sc_succeeds_and_writes ... ok
test mret_clears_the_reservation ... ok
test sc_without_reservation_fails ... ok
test store_between_lr_and_sc_forces_failure ... ok
test width_mismatch_sc_fails_without_wrong_width_write ... ok
test amo_aliasing_old_value_lands_in_rd ... ok
test misaligned_amo_and_sc_trap_store_cause_no_partial_write ... ok
test misaligned_lr_traps_load_cause ... ok
test amo_min_max_w_signedness ... ok
test amo_bitops_and_swap_w ... ok

test result: ok. 13 passed; 0 failed; 0 ignored; 0 measured; 0 filtered out; finished in 0.03s

     Running tests/rv64d.rs (target/debug/deps/rv64d-bde5d5142da6a76e)

running 6 tests
test fcvt_to_int_d_saturation ... ok
test fcvt_d_s_of_box_violating_operand_is_canonical_nan ... ok
test fmin_fmax_d_two_qnan_is_canonical ... ok
test f_d_register_aliasing ... ok
test fcvt_s_d_result_is_nan_boxed_and_overflows ... ok
test fcvt_d_s_is_flag_clean_for_finite_f32 ... ok

test result: ok. 6 passed; 0 failed; 0 ignored; 0 measured; 0 filtered out; finished in 0.13s

     Running tests/rv64f.rs (target/debug/deps/rv64f-425bf16eaa5dc28c)

running 6 tests
test reserved_rounding_modes_trap_at_execution ... ok
test fflags_are_sticky_until_cleared ... ok
test non_boxed_operand_is_canonical_nan ... ok
test fs_off_traps_and_any_fp_op_marks_dirty ... ok
test fcvt_w_s_saturates_nan_and_neg_inf ... ok
test fmin_fmax_zero_and_snan_rules ... ok

test result: ok. 6 passed; 0 failed; 0 ignored; 0 measured; 0 filtered out; finished in 0.00s

     Running tests/trace_mem_exec.rs (target/debug/deps/trace_mem_exec-ca31181087e4a048)

running 4 tests
test executed_load_records_mem_and_loaded_value_incl_rd_equals_rs1 ... ok
test non_memory_op_records_no_mem ... ok
test executed_stores_record_masked_value_at_every_width ... ok
test executed_load_widths_record_correct_len_and_non_store ... ok

test result: ok. 4 passed; 0 failed; 0 ignored; 0 measured; 0 filtered out; finished in 0.00s

     Running tests/trace_retire.rs (target/debug/deps/trace_retire-281320cd93c86e70)

running 3 tests
test on_retire_fires_once_on_success_with_pc_and_insn ... ok
test on_retire_fires_per_retired_instruction_in_a_sequence ... ok
test on_retire_never_fires_on_a_trap ... ok

test result: ok. 3 passed; 0 failed; 0 ignored; 0 measured; 0 filtered out; finished in 0.00s

     Running tests/zicntr.rs (target/debug/deps/zicntr-5ed9429cda18c6d8)

running 10 tests
test counteren_warl_exposes_only_cy_tm_ir ... ok
test hpmcounter_always_traps_from_below_m ... ok
test counter_gating_matrix_matches_spec ... ok
test writing_minstret_takes_effect_and_instret_shadows_it ... ok
test minstret_wraps_around_unsigned ... ok
test rdtime_from_s_traps_when_tm_clear_and_returns_mtime_when_set ... ok
test time_tracks_clint_mtime_as_a_live_window ... ok
test rdinstret_back_to_back_differs_by_one ... ok
test minstret_increments_exactly_once_per_retired_instruction ... ok
test guest_csrw_counter_does_not_count_its_own_retirement ... ok

test result: ok. 10 passed; 0 failed; 0 ignored; 0 measured; 0 filtered out; finished in 0.02s

cargo run --release -p wasm-vm-core --features trace --example retirement_capture_baseline
    Finished `release` profile [optimized + debuginfo] target(s) in 0.05s
     Running `target/release/examples/retirement_capture_baseline`
E5-T26P_BASELINE_V1
CASE machine-matrix mode=cache=ordinary capture=untraced
HART_SNAPSHOT_SHA256=a97cb0239e07965e54b11aa6148e0cd57f1de30e0240486414cd3933919e9c70 HART_SNAPSHOT_LEN=1189
RAM_SHA256=de625270ab24177166da167fbc9fef2811dc59a1495c28cadfecca9a4c9a1f29
RAM_CHANGED=none
RESULT=max-instrs
REGS=pc:0x0000000080000020,x1:0x0000000000000041,x4:0x0000000000000000,x5:0x0000000000000007,x6:0x0000000000000008,x7:0x0000000000000000,x8:0x0000000000000000
MMIO_UART_ORDER=41
MMIO_DEVICE_HITS=0x0000000010001000:0,0x0000000010000000:1
MMIO_ORDER=
CONTROL_BEFORE_HART_SHA256=302854663666eda2a8b7bb8c49a6824852b040f2e6e63561e0d29d961c814392
TRACE_RECORDS=0
TRACE_SHA256=none
TRACE_CANONICAL=none
END_CASE
CASE machine-matrix mode=cache=ordinary capture=recording
HART_SNAPSHOT_SHA256=a97cb0239e07965e54b11aa6148e0cd57f1de30e0240486414cd3933919e9c70 HART_SNAPSHOT_LEN=1189
RAM_SHA256=de625270ab24177166da167fbc9fef2811dc59a1495c28cadfecca9a4c9a1f29
RAM_CHANGED=none
RESULT=max-instrs
REGS=pc:0x0000000080000020,x1:0x0000000000000041,x4:0x0000000000000000,x5:0x0000000000000007,x6:0x0000000000000008,x7:0x0000000000000000,x8:0x0000000000000000
MMIO_UART_ORDER=41
MMIO_DEVICE_HITS=0x0000000010001000:0,0x0000000010000000:1
MMIO_ORDER=
CONTROL_BEFORE_HART_SHA256=302854663666eda2a8b7bb8c49a6824852b040f2e6e63561e0d29d961c814392
TRACE_RECORDS=7
TRACE_SHA256=bbda7ff995d2fd074000690e086cff0e993de1731c7ed3aaef511ce09ecab8b7
TRACE_CANONICAL_BEGIN
core 0: 0x0000000080000000 (0x04100093) x1 0x0000000000000041
core 0: 0x0000000080000004 (0x00110023) mem 0x0000000010000000 0x41
core 0: 0x0000000080000008 (0x00100193) x3 0x0000000000000001
core 0: 0x000000008000000c (0x00318463)
core 0: 0x0000000080000014 (0x00000013)
core 0: 0x0000000080000018 (0x00700293) x5 0x0000000000000007
core 0: 0x000000008000001c (0x00128313) x6 0x0000000000000008
TRACE_CANONICAL_END
END_CASE
CASE machine-matrix mode=cache=cached capture=untraced
HART_SNAPSHOT_SHA256=a97cb0239e07965e54b11aa6148e0cd57f1de30e0240486414cd3933919e9c70 HART_SNAPSHOT_LEN=1189
RAM_SHA256=de625270ab24177166da167fbc9fef2811dc59a1495c28cadfecca9a4c9a1f29
RAM_CHANGED=none
RESULT=max-instrs
REGS=pc:0x0000000080000020,x1:0x0000000000000041,x4:0x0000000000000000,x5:0x0000000000000007,x6:0x0000000000000008,x7:0x0000000000000000,x8:0x0000000000000000
MMIO_UART_ORDER=41
MMIO_DEVICE_HITS=0x0000000010001000:0,0x0000000010000000:1
MMIO_ORDER=
CONTROL_BEFORE_HART_SHA256=302854663666eda2a8b7bb8c49a6824852b040f2e6e63561e0d29d961c814392
TRACE_RECORDS=0
TRACE_SHA256=none
TRACE_CANONICAL=none
END_CASE
CASE machine-matrix mode=cache=cached capture=recording
HART_SNAPSHOT_SHA256=a97cb0239e07965e54b11aa6148e0cd57f1de30e0240486414cd3933919e9c70 HART_SNAPSHOT_LEN=1189
RAM_SHA256=de625270ab24177166da167fbc9fef2811dc59a1495c28cadfecca9a4c9a1f29
RAM_CHANGED=none
RESULT=max-instrs
REGS=pc:0x0000000080000020,x1:0x0000000000000041,x4:0x0000000000000000,x5:0x0000000000000007,x6:0x0000000000000008,x7:0x0000000000000000,x8:0x0000000000000000
MMIO_UART_ORDER=41
MMIO_DEVICE_HITS=0x0000000010001000:0,0x0000000010000000:1
MMIO_ORDER=
CONTROL_BEFORE_HART_SHA256=302854663666eda2a8b7bb8c49a6824852b040f2e6e63561e0d29d961c814392
TRACE_RECORDS=7
TRACE_SHA256=bbda7ff995d2fd074000690e086cff0e993de1731c7ed3aaef511ce09ecab8b7
TRACE_CANONICAL_BEGIN
core 0: 0x0000000080000000 (0x04100093) x1 0x0000000000000041
core 0: 0x0000000080000004 (0x00110023) mem 0x0000000010000000 0x41
core 0: 0x0000000080000008 (0x00100193) x3 0x0000000000000001
core 0: 0x000000008000000c (0x00318463)
core 0: 0x0000000080000014 (0x00000013)
core 0: 0x0000000080000018 (0x00700293) x5 0x0000000000000007
core 0: 0x000000008000001c (0x00128313) x6 0x0000000000000008
TRACE_CANONICAL_END
END_CASE
CASE scalar-sb-overlap direct=unit
HART_SNAPSHOT_SHA256=8ff444c197efb492af6eda269d11f8431c2b06b1df7fdb66859ec94074da867c HART_SNAPSHOT_LEN=1189
RAM_SHA256=b465cfe802d8377de546db82df4cc455b240c551ad823a729f70330d435ef9ed
RAM_CHANGED=0x80002002:ab
RESULT=ok RETIRED=1
RESERVATION=none
MMIO_UART_ORDER=
BUS_EVENTS=L16@0x0000000080000000=0x123,L16@0x0000000080000002=0x31,S8@0x0000000080002002<=0x00000000000000ab:OK
TRACE_RECORDS=0
TRACE_SHA256=none
TRACE_CANONICAL=none
END_CASE
CASE scalar-sb-overlap direct=recording
HART_SNAPSHOT_SHA256=8ff444c197efb492af6eda269d11f8431c2b06b1df7fdb66859ec94074da867c HART_SNAPSHOT_LEN=1189
RAM_SHA256=b465cfe802d8377de546db82df4cc455b240c551ad823a729f70330d435ef9ed
RAM_CHANGED=0x80002002:ab
RESULT=ok RETIRED=1
RESERVATION=none
MMIO_UART_ORDER=
BUS_EVENTS=L16@0x0000000080000000=0x123,L16@0x0000000080000002=0x31,S8@0x0000000080002002<=0x00000000000000ab:OK
TRACE_RECORDS=1
TRACE_SHA256=f5e59568e4f8258f242f9ba056fe4d9cd67e042a511475b90df4a96db99c11d4
TRACE_CANONICAL_BEGIN
core 0: 0x0000000080000000 (0x00310123) mem 0x0000000080002002 0xab
TRACE_CANONICAL_END
END_CASE
CASE scalar-sb-overlap mode=cache=ordinary capture=untraced
HART_SNAPSHOT_SHA256=8ff444c197efb492af6eda269d11f8431c2b06b1df7fdb66859ec94074da867c HART_SNAPSHOT_LEN=1189
RAM_SHA256=b465cfe802d8377de546db82df4cc455b240c551ad823a729f70330d435ef9ed
RAM_CHANGED=0x80002002:ab
RESULT=max-instrs
REGS=pc:0x0000000080000004,x1:0x0000000000000000,x4:0x0000000000000000,x5:0x0000000000000000,x6:0x0000000000000000,x7:0x0000000000000000,x8:0x0000000000000000
MMIO_UART_ORDER=
MMIO_DEVICE_HITS=0x0000000010001000:0,0x0000000010000000:0
MMIO_ORDER=
CONTROL_BEFORE_HART_SHA256=c55ac39ccf16163fec8a2299b8e33936e4e8fb8fb6fba85b928bd6dd89bd5754
TRACE_RECORDS=0
TRACE_SHA256=none
TRACE_CANONICAL=none
END_CASE
CASE scalar-sb-overlap mode=cache=ordinary capture=recording
HART_SNAPSHOT_SHA256=8ff444c197efb492af6eda269d11f8431c2b06b1df7fdb66859ec94074da867c HART_SNAPSHOT_LEN=1189
RAM_SHA256=b465cfe802d8377de546db82df4cc455b240c551ad823a729f70330d435ef9ed
RAM_CHANGED=0x80002002:ab
RESULT=max-instrs
REGS=pc:0x0000000080000004,x1:0x0000000000000000,x4:0x0000000000000000,x5:0x0000000000000000,x6:0x0000000000000000,x7:0x0000000000000000,x8:0x0000000000000000
MMIO_UART_ORDER=
MMIO_DEVICE_HITS=0x0000000010001000:0,0x0000000010000000:0
MMIO_ORDER=
CONTROL_BEFORE_HART_SHA256=c55ac39ccf16163fec8a2299b8e33936e4e8fb8fb6fba85b928bd6dd89bd5754
TRACE_RECORDS=1
TRACE_SHA256=f5e59568e4f8258f242f9ba056fe4d9cd67e042a511475b90df4a96db99c11d4
TRACE_CANONICAL_BEGIN
core 0: 0x0000000080000000 (0x00310123) mem 0x0000000080002002 0xab
TRACE_CANONICAL_END
END_CASE
CASE scalar-sb-overlap mode=cache=cached capture=untraced
HART_SNAPSHOT_SHA256=8ff444c197efb492af6eda269d11f8431c2b06b1df7fdb66859ec94074da867c HART_SNAPSHOT_LEN=1189
RAM_SHA256=b465cfe802d8377de546db82df4cc455b240c551ad823a729f70330d435ef9ed
RAM_CHANGED=0x80002002:ab
RESULT=max-instrs
REGS=pc:0x0000000080000004,x1:0x0000000000000000,x4:0x0000000000000000,x5:0x0000000000000000,x6:0x0000000000000000,x7:0x0000000000000000,x8:0x0000000000000000
MMIO_UART_ORDER=
MMIO_DEVICE_HITS=0x0000000010001000:0,0x0000000010000000:0
MMIO_ORDER=
CONTROL_BEFORE_HART_SHA256=c55ac39ccf16163fec8a2299b8e33936e4e8fb8fb6fba85b928bd6dd89bd5754
TRACE_RECORDS=0
TRACE_SHA256=none
TRACE_CANONICAL=none
END_CASE
CASE scalar-sb-overlap mode=cache=cached capture=recording
HART_SNAPSHOT_SHA256=8ff444c197efb492af6eda269d11f8431c2b06b1df7fdb66859ec94074da867c HART_SNAPSHOT_LEN=1189
RAM_SHA256=b465cfe802d8377de546db82df4cc455b240c551ad823a729f70330d435ef9ed
RAM_CHANGED=0x80002002:ab
RESULT=max-instrs
REGS=pc:0x0000000080000004,x1:0x0000000000000000,x4:0x0000000000000000,x5:0x0000000000000000,x6:0x0000000000000000,x7:0x0000000000000000,x8:0x0000000000000000
MMIO_UART_ORDER=
MMIO_DEVICE_HITS=0x0000000010001000:0,0x0000000010000000:0
MMIO_ORDER=
CONTROL_BEFORE_HART_SHA256=c55ac39ccf16163fec8a2299b8e33936e4e8fb8fb6fba85b928bd6dd89bd5754
TRACE_RECORDS=1
TRACE_SHA256=f5e59568e4f8258f242f9ba056fe4d9cd67e042a511475b90df4a96db99c11d4
TRACE_CANONICAL_BEGIN
core 0: 0x0000000080000000 (0x00310123) mem 0x0000000080002002 0xab
TRACE_CANONICAL_END
END_CASE
CASE scalar-sb-overlap-opposite-reservation direct=unit
HART_SNAPSHOT_SHA256=95d3a50c13a5a8c2b8474d5d9ce12e22727d4fc8c247857994d6c8f7768573dd HART_SNAPSHOT_LEN=1198
RAM_SHA256=b465cfe802d8377de546db82df4cc455b240c551ad823a729f70330d435ef9ed
RAM_CHANGED=0x80002002:ab
RESULT=ok RETIRED=1
RESERVATION=0x0000000080002010/8
MMIO_UART_ORDER=
BUS_EVENTS=L16@0x0000000080000000=0x123,L16@0x0000000080000002=0x31,S8@0x0000000080002002<=0x00000000000000ab:OK
TRACE_RECORDS=0
TRACE_SHA256=none
TRACE_CANONICAL=none
END_CASE
CASE scalar-sb-overlap-opposite-reservation direct=recording
HART_SNAPSHOT_SHA256=95d3a50c13a5a8c2b8474d5d9ce12e22727d4fc8c247857994d6c8f7768573dd HART_SNAPSHOT_LEN=1198
RAM_SHA256=b465cfe802d8377de546db82df4cc455b240c551ad823a729f70330d435ef9ed
RAM_CHANGED=0x80002002:ab
RESULT=ok RETIRED=1
RESERVATION=0x0000000080002010/8
MMIO_UART_ORDER=
BUS_EVENTS=L16@0x0000000080000000=0x123,L16@0x0000000080000002=0x31,S8@0x0000000080002002<=0x00000000000000ab:OK
TRACE_RECORDS=1
TRACE_SHA256=f5e59568e4f8258f242f9ba056fe4d9cd67e042a511475b90df4a96db99c11d4
TRACE_CANONICAL_BEGIN
core 0: 0x0000000080000000 (0x00310123) mem 0x0000000080002002 0xab
TRACE_CANONICAL_END
END_CASE
CASE scalar-sb-overlap-opposite-reservation mode=cache=ordinary capture=untraced
HART_SNAPSHOT_SHA256=95d3a50c13a5a8c2b8474d5d9ce12e22727d4fc8c247857994d6c8f7768573dd HART_SNAPSHOT_LEN=1198
RAM_SHA256=b465cfe802d8377de546db82df4cc455b240c551ad823a729f70330d435ef9ed
RAM_CHANGED=0x80002002:ab
RESULT=max-instrs
REGS=pc:0x0000000080000004,x1:0x0000000000000000,x4:0x0000000000000000,x5:0x0000000000000000,x6:0x0000000000000000,x7:0x0000000000000000,x8:0x0000000000000000
MMIO_UART_ORDER=
MMIO_DEVICE_HITS=0x0000000010001000:0,0x0000000010000000:0
MMIO_ORDER=
CONTROL_BEFORE_HART_SHA256=d019c06c7324afc4532027fd613fb37c591263a3574ed765d594fc757e44740c
TRACE_RECORDS=0
TRACE_SHA256=none
TRACE_CANONICAL=none
END_CASE
CASE scalar-sb-overlap-opposite-reservation mode=cache=ordinary capture=recording
HART_SNAPSHOT_SHA256=95d3a50c13a5a8c2b8474d5d9ce12e22727d4fc8c247857994d6c8f7768573dd HART_SNAPSHOT_LEN=1198
RAM_SHA256=b465cfe802d8377de546db82df4cc455b240c551ad823a729f70330d435ef9ed
RAM_CHANGED=0x80002002:ab
RESULT=max-instrs
REGS=pc:0x0000000080000004,x1:0x0000000000000000,x4:0x0000000000000000,x5:0x0000000000000000,x6:0x0000000000000000,x7:0x0000000000000000,x8:0x0000000000000000
MMIO_UART_ORDER=
MMIO_DEVICE_HITS=0x0000000010001000:0,0x0000000010000000:0
MMIO_ORDER=
CONTROL_BEFORE_HART_SHA256=d019c06c7324afc4532027fd613fb37c591263a3574ed765d594fc757e44740c
TRACE_RECORDS=1
TRACE_SHA256=f5e59568e4f8258f242f9ba056fe4d9cd67e042a511475b90df4a96db99c11d4
TRACE_CANONICAL_BEGIN
core 0: 0x0000000080000000 (0x00310123) mem 0x0000000080002002 0xab
TRACE_CANONICAL_END
END_CASE
CASE scalar-sb-overlap-opposite-reservation mode=cache=cached capture=untraced
HART_SNAPSHOT_SHA256=95d3a50c13a5a8c2b8474d5d9ce12e22727d4fc8c247857994d6c8f7768573dd HART_SNAPSHOT_LEN=1198
RAM_SHA256=b465cfe802d8377de546db82df4cc455b240c551ad823a729f70330d435ef9ed
RAM_CHANGED=0x80002002:ab
RESULT=max-instrs
REGS=pc:0x0000000080000004,x1:0x0000000000000000,x4:0x0000000000000000,x5:0x0000000000000000,x6:0x0000000000000000,x7:0x0000000000000000,x8:0x0000000000000000
MMIO_UART_ORDER=
MMIO_DEVICE_HITS=0x0000000010001000:0,0x0000000010000000:0
MMIO_ORDER=
CONTROL_BEFORE_HART_SHA256=d019c06c7324afc4532027fd613fb37c591263a3574ed765d594fc757e44740c
TRACE_RECORDS=0
TRACE_SHA256=none
TRACE_CANONICAL=none
END_CASE
CASE scalar-sb-overlap-opposite-reservation mode=cache=cached capture=recording
HART_SNAPSHOT_SHA256=95d3a50c13a5a8c2b8474d5d9ce12e22727d4fc8c247857994d6c8f7768573dd HART_SNAPSHOT_LEN=1198
RAM_SHA256=b465cfe802d8377de546db82df4cc455b240c551ad823a729f70330d435ef9ed
RAM_CHANGED=0x80002002:ab
RESULT=max-instrs
REGS=pc:0x0000000080000004,x1:0x0000000000000000,x4:0x0000000000000000,x5:0x0000000000000000,x6:0x0000000000000000,x7:0x0000000000000000,x8:0x0000000000000000
MMIO_UART_ORDER=
MMIO_DEVICE_HITS=0x0000000010001000:0,0x0000000010000000:0
MMIO_ORDER=
CONTROL_BEFORE_HART_SHA256=d019c06c7324afc4532027fd613fb37c591263a3574ed765d594fc757e44740c
TRACE_RECORDS=1
TRACE_SHA256=f5e59568e4f8258f242f9ba056fe4d9cd67e042a511475b90df4a96db99c11d4
TRACE_CANONICAL_BEGIN
core 0: 0x0000000080000000 (0x00310123) mem 0x0000000080002002 0xab
TRACE_CANONICAL_END
END_CASE
CASE scalar-sh-nonoverlap direct=unit
HART_SNAPSHOT_SHA256=12427ba4e99b5212aad6d4cabe12295ecc512819c08fd14fc28e9f49d4e15870 HART_SNAPSHOT_LEN=1198
RAM_SHA256=f7158e9d1b3f16e05809927b0ce40e22345a3f70ea075af25f43c1eb111325a4
RAM_CHANGED=0x80002008:efbe
RESULT=ok RETIRED=1
RESERVATION=0x0000000080002000/2
MMIO_UART_ORDER=
BUS_EVENTS=L16@0x0000000080000000=0x1423,L16@0x0000000080000002=0x31,S16@0x0000000080002008<=0x000000000000beef:OK
TRACE_RECORDS=0
TRACE_SHA256=none
TRACE_CANONICAL=none
END_CASE
CASE scalar-sh-nonoverlap direct=recording
HART_SNAPSHOT_SHA256=12427ba4e99b5212aad6d4cabe12295ecc512819c08fd14fc28e9f49d4e15870 HART_SNAPSHOT_LEN=1198
RAM_SHA256=f7158e9d1b3f16e05809927b0ce40e22345a3f70ea075af25f43c1eb111325a4
RAM_CHANGED=0x80002008:efbe
RESULT=ok RETIRED=1
RESERVATION=0x0000000080002000/2
MMIO_UART_ORDER=
BUS_EVENTS=L16@0x0000000080000000=0x1423,L16@0x0000000080000002=0x31,S16@0x0000000080002008<=0x000000000000beef:OK
TRACE_RECORDS=1
TRACE_SHA256=752a72a58eefb933b354cc1d7a4e40b4d90fb2420bed8b5838681b1aa269ae03
TRACE_CANONICAL_BEGIN
core 0: 0x0000000080000000 (0x00311423) mem 0x0000000080002008 0xbeef
TRACE_CANONICAL_END
END_CASE
CASE scalar-sh-nonoverlap mode=cache=ordinary capture=untraced
HART_SNAPSHOT_SHA256=12427ba4e99b5212aad6d4cabe12295ecc512819c08fd14fc28e9f49d4e15870 HART_SNAPSHOT_LEN=1198
RAM_SHA256=f7158e9d1b3f16e05809927b0ce40e22345a3f70ea075af25f43c1eb111325a4
RAM_CHANGED=0x80002008:efbe
RESULT=max-instrs
REGS=pc:0x0000000080000004,x1:0x0000000000000000,x4:0x0000000000000000,x5:0x0000000000000000,x6:0x0000000000000000,x7:0x0000000000000000,x8:0x0000000000000000
MMIO_UART_ORDER=
MMIO_DEVICE_HITS=0x0000000010001000:0,0x0000000010000000:0
MMIO_ORDER=
CONTROL_BEFORE_HART_SHA256=44ca038f3c3663dd4c3a5586e2c25010bbeaf3fc7a625b0fa217c0f809cf5773
TRACE_RECORDS=0
TRACE_SHA256=none
TRACE_CANONICAL=none
END_CASE
CASE scalar-sh-nonoverlap mode=cache=ordinary capture=recording
HART_SNAPSHOT_SHA256=12427ba4e99b5212aad6d4cabe12295ecc512819c08fd14fc28e9f49d4e15870 HART_SNAPSHOT_LEN=1198
RAM_SHA256=f7158e9d1b3f16e05809927b0ce40e22345a3f70ea075af25f43c1eb111325a4
RAM_CHANGED=0x80002008:efbe
RESULT=max-instrs
REGS=pc:0x0000000080000004,x1:0x0000000000000000,x4:0x0000000000000000,x5:0x0000000000000000,x6:0x0000000000000000,x7:0x0000000000000000,x8:0x0000000000000000
MMIO_UART_ORDER=
MMIO_DEVICE_HITS=0x0000000010001000:0,0x0000000010000000:0
MMIO_ORDER=
CONTROL_BEFORE_HART_SHA256=44ca038f3c3663dd4c3a5586e2c25010bbeaf3fc7a625b0fa217c0f809cf5773
TRACE_RECORDS=1
TRACE_SHA256=752a72a58eefb933b354cc1d7a4e40b4d90fb2420bed8b5838681b1aa269ae03
TRACE_CANONICAL_BEGIN
core 0: 0x0000000080000000 (0x00311423) mem 0x0000000080002008 0xbeef
TRACE_CANONICAL_END
END_CASE
CASE scalar-sh-nonoverlap mode=cache=cached capture=untraced
HART_SNAPSHOT_SHA256=12427ba4e99b5212aad6d4cabe12295ecc512819c08fd14fc28e9f49d4e15870 HART_SNAPSHOT_LEN=1198
RAM_SHA256=f7158e9d1b3f16e05809927b0ce40e22345a3f70ea075af25f43c1eb111325a4
RAM_CHANGED=0x80002008:efbe
RESULT=max-instrs
REGS=pc:0x0000000080000004,x1:0x0000000000000000,x4:0x0000000000000000,x5:0x0000000000000000,x6:0x0000000000000000,x7:0x0000000000000000,x8:0x0000000000000000
MMIO_UART_ORDER=
MMIO_DEVICE_HITS=0x0000000010001000:0,0x0000000010000000:0
MMIO_ORDER=
CONTROL_BEFORE_HART_SHA256=44ca038f3c3663dd4c3a5586e2c25010bbeaf3fc7a625b0fa217c0f809cf5773
TRACE_RECORDS=0
TRACE_SHA256=none
TRACE_CANONICAL=none
END_CASE
CASE scalar-sh-nonoverlap mode=cache=cached capture=recording
HART_SNAPSHOT_SHA256=12427ba4e99b5212aad6d4cabe12295ecc512819c08fd14fc28e9f49d4e15870 HART_SNAPSHOT_LEN=1198
RAM_SHA256=f7158e9d1b3f16e05809927b0ce40e22345a3f70ea075af25f43c1eb111325a4
RAM_CHANGED=0x80002008:efbe
RESULT=max-instrs
REGS=pc:0x0000000080000004,x1:0x0000000000000000,x4:0x0000000000000000,x5:0x0000000000000000,x6:0x0000000000000000,x7:0x0000000000000000,x8:0x0000000000000000
MMIO_UART_ORDER=
MMIO_DEVICE_HITS=0x0000000010001000:0,0x0000000010000000:0
MMIO_ORDER=
CONTROL_BEFORE_HART_SHA256=44ca038f3c3663dd4c3a5586e2c25010bbeaf3fc7a625b0fa217c0f809cf5773
TRACE_RECORDS=1
TRACE_SHA256=752a72a58eefb933b354cc1d7a4e40b4d90fb2420bed8b5838681b1aa269ae03
TRACE_CANONICAL_BEGIN
core 0: 0x0000000080000000 (0x00311423) mem 0x0000000080002008 0xbeef
TRACE_CANONICAL_END
END_CASE
CASE scalar-sh-nonoverlap-opposite-reservation direct=unit
HART_SNAPSHOT_SHA256=cdab4b96bdc87e1d848fd7c6010ff828badf12dde3680f98e95414e41d7de731 HART_SNAPSHOT_LEN=1189
RAM_SHA256=f7158e9d1b3f16e05809927b0ce40e22345a3f70ea075af25f43c1eb111325a4
RAM_CHANGED=0x80002008:efbe
RESULT=ok RETIRED=1
RESERVATION=none
MMIO_UART_ORDER=
BUS_EVENTS=L16@0x0000000080000000=0x1423,L16@0x0000000080000002=0x31,S16@0x0000000080002008<=0x000000000000beef:OK
TRACE_RECORDS=0
TRACE_SHA256=none
TRACE_CANONICAL=none
END_CASE
CASE scalar-sh-nonoverlap-opposite-reservation direct=recording
HART_SNAPSHOT_SHA256=cdab4b96bdc87e1d848fd7c6010ff828badf12dde3680f98e95414e41d7de731 HART_SNAPSHOT_LEN=1189
RAM_SHA256=f7158e9d1b3f16e05809927b0ce40e22345a3f70ea075af25f43c1eb111325a4
RAM_CHANGED=0x80002008:efbe
RESULT=ok RETIRED=1
RESERVATION=none
MMIO_UART_ORDER=
BUS_EVENTS=L16@0x0000000080000000=0x1423,L16@0x0000000080000002=0x31,S16@0x0000000080002008<=0x000000000000beef:OK
TRACE_RECORDS=1
TRACE_SHA256=752a72a58eefb933b354cc1d7a4e40b4d90fb2420bed8b5838681b1aa269ae03
TRACE_CANONICAL_BEGIN
core 0: 0x0000000080000000 (0x00311423) mem 0x0000000080002008 0xbeef
TRACE_CANONICAL_END
END_CASE
CASE scalar-sh-nonoverlap-opposite-reservation mode=cache=ordinary capture=untraced
HART_SNAPSHOT_SHA256=cdab4b96bdc87e1d848fd7c6010ff828badf12dde3680f98e95414e41d7de731 HART_SNAPSHOT_LEN=1189
RAM_SHA256=f7158e9d1b3f16e05809927b0ce40e22345a3f70ea075af25f43c1eb111325a4
RAM_CHANGED=0x80002008:efbe
RESULT=max-instrs
REGS=pc:0x0000000080000004,x1:0x0000000000000000,x4:0x0000000000000000,x5:0x0000000000000000,x6:0x0000000000000000,x7:0x0000000000000000,x8:0x0000000000000000
MMIO_UART_ORDER=
MMIO_DEVICE_HITS=0x0000000010001000:0,0x0000000010000000:0
MMIO_ORDER=
CONTROL_BEFORE_HART_SHA256=42c8b8fd0b359bdb4b65b8e5b588b5384293065771fb28970fd99e3054567e8c
TRACE_RECORDS=0
TRACE_SHA256=none
TRACE_CANONICAL=none
END_CASE
CASE scalar-sh-nonoverlap-opposite-reservation mode=cache=ordinary capture=recording
HART_SNAPSHOT_SHA256=cdab4b96bdc87e1d848fd7c6010ff828badf12dde3680f98e95414e41d7de731 HART_SNAPSHOT_LEN=1189
RAM_SHA256=f7158e9d1b3f16e05809927b0ce40e22345a3f70ea075af25f43c1eb111325a4
RAM_CHANGED=0x80002008:efbe
RESULT=max-instrs
REGS=pc:0x0000000080000004,x1:0x0000000000000000,x4:0x0000000000000000,x5:0x0000000000000000,x6:0x0000000000000000,x7:0x0000000000000000,x8:0x0000000000000000
MMIO_UART_ORDER=
MMIO_DEVICE_HITS=0x0000000010001000:0,0x0000000010000000:0
MMIO_ORDER=
CONTROL_BEFORE_HART_SHA256=42c8b8fd0b359bdb4b65b8e5b588b5384293065771fb28970fd99e3054567e8c
TRACE_RECORDS=1
TRACE_SHA256=752a72a58eefb933b354cc1d7a4e40b4d90fb2420bed8b5838681b1aa269ae03
TRACE_CANONICAL_BEGIN
core 0: 0x0000000080000000 (0x00311423) mem 0x0000000080002008 0xbeef
TRACE_CANONICAL_END
END_CASE
CASE scalar-sh-nonoverlap-opposite-reservation mode=cache=cached capture=untraced
HART_SNAPSHOT_SHA256=cdab4b96bdc87e1d848fd7c6010ff828badf12dde3680f98e95414e41d7de731 HART_SNAPSHOT_LEN=1189
RAM_SHA256=f7158e9d1b3f16e05809927b0ce40e22345a3f70ea075af25f43c1eb111325a4
RAM_CHANGED=0x80002008:efbe
RESULT=max-instrs
REGS=pc:0x0000000080000004,x1:0x0000000000000000,x4:0x0000000000000000,x5:0x0000000000000000,x6:0x0000000000000000,x7:0x0000000000000000,x8:0x0000000000000000
MMIO_UART_ORDER=
MMIO_DEVICE_HITS=0x0000000010001000:0,0x0000000010000000:0
MMIO_ORDER=
CONTROL_BEFORE_HART_SHA256=42c8b8fd0b359bdb4b65b8e5b588b5384293065771fb28970fd99e3054567e8c
TRACE_RECORDS=0
TRACE_SHA256=none
TRACE_CANONICAL=none
END_CASE
CASE scalar-sh-nonoverlap-opposite-reservation mode=cache=cached capture=recording
HART_SNAPSHOT_SHA256=cdab4b96bdc87e1d848fd7c6010ff828badf12dde3680f98e95414e41d7de731 HART_SNAPSHOT_LEN=1189
RAM_SHA256=f7158e9d1b3f16e05809927b0ce40e22345a3f70ea075af25f43c1eb111325a4
RAM_CHANGED=0x80002008:efbe
RESULT=max-instrs
REGS=pc:0x0000000080000004,x1:0x0000000000000000,x4:0x0000000000000000,x5:0x0000000000000000,x6:0x0000000000000000,x7:0x0000000000000000,x8:0x0000000000000000
MMIO_UART_ORDER=
MMIO_DEVICE_HITS=0x0000000010001000:0,0x0000000010000000:0
MMIO_ORDER=
CONTROL_BEFORE_HART_SHA256=42c8b8fd0b359bdb4b65b8e5b588b5384293065771fb28970fd99e3054567e8c
TRACE_RECORDS=1
TRACE_SHA256=752a72a58eefb933b354cc1d7a4e40b4d90fb2420bed8b5838681b1aa269ae03
TRACE_CANONICAL_BEGIN
core 0: 0x0000000080000000 (0x00311423) mem 0x0000000080002008 0xbeef
TRACE_CANONICAL_END
END_CASE
CASE scalar-sw-cross-page direct=unit
HART_SNAPSHOT_SHA256=c41cd633bd23712a7a0e7b4beb7e824b65a0e1da0d2558dae7b8a1f63693ae66 HART_SNAPSHOT_LEN=1198
RAM_SHA256=922dadea8423aa5b77cc129c01945732a92ee11175e324709bff9f8ba377360f
RAM_CHANGED=0x80002ffe:efbeadde
RESULT=ok RETIRED=1
RESERVATION=0x0000000080002000/4
MMIO_UART_ORDER=
BUS_EVENTS=L16@0x0000000080000000=0x2023,L16@0x0000000080000002=0x31,S8@0x0000000080002ffe<=0x00000000000000ef:OK,S8@0x0000000080002fff<=0x00000000000000be:OK,S8@0x0000000080003000<=0x00000000000000ad:OK,S8@0x0000000080003001<=0x00000000000000de:OK
TRACE_RECORDS=0
TRACE_SHA256=none
TRACE_CANONICAL=none
END_CASE
CASE scalar-sw-cross-page direct=recording
HART_SNAPSHOT_SHA256=c41cd633bd23712a7a0e7b4beb7e824b65a0e1da0d2558dae7b8a1f63693ae66 HART_SNAPSHOT_LEN=1198
RAM_SHA256=922dadea8423aa5b77cc129c01945732a92ee11175e324709bff9f8ba377360f
RAM_CHANGED=0x80002ffe:efbeadde
RESULT=ok RETIRED=1
RESERVATION=0x0000000080002000/4
MMIO_UART_ORDER=
BUS_EVENTS=L16@0x0000000080000000=0x2023,L16@0x0000000080000002=0x31,S8@0x0000000080002ffe<=0x00000000000000ef:OK,S8@0x0000000080002fff<=0x00000000000000be:OK,S8@0x0000000080003000<=0x00000000000000ad:OK,S8@0x0000000080003001<=0x00000000000000de:OK
TRACE_RECORDS=1
TRACE_SHA256=e0759461762fd776a3c1bcee8ee633098c2357fb8bcbc120d7ec2968a1ab6370
TRACE_CANONICAL_BEGIN
core 0: 0x0000000080000000 (0x00312023) mem 0x0000000080002ffe 0xdeadbeef
TRACE_CANONICAL_END
END_CASE
CASE scalar-sw-cross-page mode=cache=ordinary capture=untraced
HART_SNAPSHOT_SHA256=c41cd633bd23712a7a0e7b4beb7e824b65a0e1da0d2558dae7b8a1f63693ae66 HART_SNAPSHOT_LEN=1198
RAM_SHA256=922dadea8423aa5b77cc129c01945732a92ee11175e324709bff9f8ba377360f
RAM_CHANGED=0x80002ffe:efbeadde
RESULT=max-instrs
REGS=pc:0x0000000080000004,x1:0x0000000000000000,x4:0x0000000000000000,x5:0x0000000000000000,x6:0x0000000000000000,x7:0x0000000000000000,x8:0x0000000000000000
MMIO_UART_ORDER=
MMIO_DEVICE_HITS=0x0000000010001000:0,0x0000000010000000:0
MMIO_ORDER=
CONTROL_BEFORE_HART_SHA256=f11ed993ec21a5531179a53043f88ea9a578b0b069a447a6b37a1e5cc485336e
TRACE_RECORDS=0
TRACE_SHA256=none
TRACE_CANONICAL=none
END_CASE
CASE scalar-sw-cross-page mode=cache=ordinary capture=recording
HART_SNAPSHOT_SHA256=c41cd633bd23712a7a0e7b4beb7e824b65a0e1da0d2558dae7b8a1f63693ae66 HART_SNAPSHOT_LEN=1198
RAM_SHA256=922dadea8423aa5b77cc129c01945732a92ee11175e324709bff9f8ba377360f
RAM_CHANGED=0x80002ffe:efbeadde
RESULT=max-instrs
REGS=pc:0x0000000080000004,x1:0x0000000000000000,x4:0x0000000000000000,x5:0x0000000000000000,x6:0x0000000000000000,x7:0x0000000000000000,x8:0x0000000000000000
MMIO_UART_ORDER=
MMIO_DEVICE_HITS=0x0000000010001000:0,0x0000000010000000:0
MMIO_ORDER=
CONTROL_BEFORE_HART_SHA256=f11ed993ec21a5531179a53043f88ea9a578b0b069a447a6b37a1e5cc485336e
TRACE_RECORDS=1
TRACE_SHA256=e0759461762fd776a3c1bcee8ee633098c2357fb8bcbc120d7ec2968a1ab6370
TRACE_CANONICAL_BEGIN
core 0: 0x0000000080000000 (0x00312023) mem 0x0000000080002ffe 0xdeadbeef
TRACE_CANONICAL_END
END_CASE
CASE scalar-sw-cross-page mode=cache=cached capture=untraced
HART_SNAPSHOT_SHA256=c41cd633bd23712a7a0e7b4beb7e824b65a0e1da0d2558dae7b8a1f63693ae66 HART_SNAPSHOT_LEN=1198
RAM_SHA256=922dadea8423aa5b77cc129c01945732a92ee11175e324709bff9f8ba377360f
RAM_CHANGED=0x80002ffe:efbeadde
RESULT=max-instrs
REGS=pc:0x0000000080000004,x1:0x0000000000000000,x4:0x0000000000000000,x5:0x0000000000000000,x6:0x0000000000000000,x7:0x0000000000000000,x8:0x0000000000000000
MMIO_UART_ORDER=
MMIO_DEVICE_HITS=0x0000000010001000:0,0x0000000010000000:0
MMIO_ORDER=
CONTROL_BEFORE_HART_SHA256=f11ed993ec21a5531179a53043f88ea9a578b0b069a447a6b37a1e5cc485336e
TRACE_RECORDS=0
TRACE_SHA256=none
TRACE_CANONICAL=none
END_CASE
CASE scalar-sw-cross-page mode=cache=cached capture=recording
HART_SNAPSHOT_SHA256=c41cd633bd23712a7a0e7b4beb7e824b65a0e1da0d2558dae7b8a1f63693ae66 HART_SNAPSHOT_LEN=1198
RAM_SHA256=922dadea8423aa5b77cc129c01945732a92ee11175e324709bff9f8ba377360f
RAM_CHANGED=0x80002ffe:efbeadde
RESULT=max-instrs
REGS=pc:0x0000000080000004,x1:0x0000000000000000,x4:0x0000000000000000,x5:0x0000000000000000,x6:0x0000000000000000,x7:0x0000000000000000,x8:0x0000000000000000
MMIO_UART_ORDER=
MMIO_DEVICE_HITS=0x0000000010001000:0,0x0000000010000000:0
MMIO_ORDER=
CONTROL_BEFORE_HART_SHA256=f11ed993ec21a5531179a53043f88ea9a578b0b069a447a6b37a1e5cc485336e
TRACE_RECORDS=1
TRACE_SHA256=e0759461762fd776a3c1bcee8ee633098c2357fb8bcbc120d7ec2968a1ab6370
TRACE_CANONICAL_BEGIN
core 0: 0x0000000080000000 (0x00312023) mem 0x0000000080002ffe 0xdeadbeef
TRACE_CANONICAL_END
END_CASE
CASE scalar-sw-cross-page-opposite-reservation direct=unit
HART_SNAPSHOT_SHA256=5e2c37a12f56589f561b7e5dc018037c69647b44c102c5308551f9dc462a1fda HART_SNAPSHOT_LEN=1189
RAM_SHA256=922dadea8423aa5b77cc129c01945732a92ee11175e324709bff9f8ba377360f
RAM_CHANGED=0x80002ffe:efbeadde
RESULT=ok RETIRED=1
RESERVATION=none
MMIO_UART_ORDER=
BUS_EVENTS=L16@0x0000000080000000=0x2023,L16@0x0000000080000002=0x31,S8@0x0000000080002ffe<=0x00000000000000ef:OK,S8@0x0000000080002fff<=0x00000000000000be:OK,S8@0x0000000080003000<=0x00000000000000ad:OK,S8@0x0000000080003001<=0x00000000000000de:OK
TRACE_RECORDS=0
TRACE_SHA256=none
TRACE_CANONICAL=none
END_CASE
CASE scalar-sw-cross-page-opposite-reservation direct=recording
HART_SNAPSHOT_SHA256=5e2c37a12f56589f561b7e5dc018037c69647b44c102c5308551f9dc462a1fda HART_SNAPSHOT_LEN=1189
RAM_SHA256=922dadea8423aa5b77cc129c01945732a92ee11175e324709bff9f8ba377360f
RAM_CHANGED=0x80002ffe:efbeadde
RESULT=ok RETIRED=1
RESERVATION=none
MMIO_UART_ORDER=
BUS_EVENTS=L16@0x0000000080000000=0x2023,L16@0x0000000080000002=0x31,S8@0x0000000080002ffe<=0x00000000000000ef:OK,S8@0x0000000080002fff<=0x00000000000000be:OK,S8@0x0000000080003000<=0x00000000000000ad:OK,S8@0x0000000080003001<=0x00000000000000de:OK
TRACE_RECORDS=1
TRACE_SHA256=e0759461762fd776a3c1bcee8ee633098c2357fb8bcbc120d7ec2968a1ab6370
TRACE_CANONICAL_BEGIN
core 0: 0x0000000080000000 (0x00312023) mem 0x0000000080002ffe 0xdeadbeef
TRACE_CANONICAL_END
END_CASE
CASE scalar-sw-cross-page-opposite-reservation mode=cache=ordinary capture=untraced
HART_SNAPSHOT_SHA256=5e2c37a12f56589f561b7e5dc018037c69647b44c102c5308551f9dc462a1fda HART_SNAPSHOT_LEN=1189
RAM_SHA256=922dadea8423aa5b77cc129c01945732a92ee11175e324709bff9f8ba377360f
RAM_CHANGED=0x80002ffe:efbeadde
RESULT=max-instrs
REGS=pc:0x0000000080000004,x1:0x0000000000000000,x4:0x0000000000000000,x5:0x0000000000000000,x6:0x0000000000000000,x7:0x0000000000000000,x8:0x0000000000000000
MMIO_UART_ORDER=
MMIO_DEVICE_HITS=0x0000000010001000:0,0x0000000010000000:0
MMIO_ORDER=
CONTROL_BEFORE_HART_SHA256=782fdcab2c85f13daf8555470171f00e12b4613360ce6b21598be788e4d3c8ce
TRACE_RECORDS=0
TRACE_SHA256=none
TRACE_CANONICAL=none
END_CASE
CASE scalar-sw-cross-page-opposite-reservation mode=cache=ordinary capture=recording
HART_SNAPSHOT_SHA256=5e2c37a12f56589f561b7e5dc018037c69647b44c102c5308551f9dc462a1fda HART_SNAPSHOT_LEN=1189
RAM_SHA256=922dadea8423aa5b77cc129c01945732a92ee11175e324709bff9f8ba377360f
RAM_CHANGED=0x80002ffe:efbeadde
RESULT=max-instrs
REGS=pc:0x0000000080000004,x1:0x0000000000000000,x4:0x0000000000000000,x5:0x0000000000000000,x6:0x0000000000000000,x7:0x0000000000000000,x8:0x0000000000000000
MMIO_UART_ORDER=
MMIO_DEVICE_HITS=0x0000000010001000:0,0x0000000010000000:0
MMIO_ORDER=
CONTROL_BEFORE_HART_SHA256=782fdcab2c85f13daf8555470171f00e12b4613360ce6b21598be788e4d3c8ce
TRACE_RECORDS=1
TRACE_SHA256=e0759461762fd776a3c1bcee8ee633098c2357fb8bcbc120d7ec2968a1ab6370
TRACE_CANONICAL_BEGIN
core 0: 0x0000000080000000 (0x00312023) mem 0x0000000080002ffe 0xdeadbeef
TRACE_CANONICAL_END
END_CASE
CASE scalar-sw-cross-page-opposite-reservation mode=cache=cached capture=untraced
HART_SNAPSHOT_SHA256=5e2c37a12f56589f561b7e5dc018037c69647b44c102c5308551f9dc462a1fda HART_SNAPSHOT_LEN=1189
RAM_SHA256=922dadea8423aa5b77cc129c01945732a92ee11175e324709bff9f8ba377360f
RAM_CHANGED=0x80002ffe:efbeadde
RESULT=max-instrs
REGS=pc:0x0000000080000004,x1:0x0000000000000000,x4:0x0000000000000000,x5:0x0000000000000000,x6:0x0000000000000000,x7:0x0000000000000000,x8:0x0000000000000000
MMIO_UART_ORDER=
MMIO_DEVICE_HITS=0x0000000010001000:0,0x0000000010000000:0
MMIO_ORDER=
CONTROL_BEFORE_HART_SHA256=782fdcab2c85f13daf8555470171f00e12b4613360ce6b21598be788e4d3c8ce
TRACE_RECORDS=0
TRACE_SHA256=none
TRACE_CANONICAL=none
END_CASE
CASE scalar-sw-cross-page-opposite-reservation mode=cache=cached capture=recording
HART_SNAPSHOT_SHA256=5e2c37a12f56589f561b7e5dc018037c69647b44c102c5308551f9dc462a1fda HART_SNAPSHOT_LEN=1189
RAM_SHA256=922dadea8423aa5b77cc129c01945732a92ee11175e324709bff9f8ba377360f
RAM_CHANGED=0x80002ffe:efbeadde
RESULT=max-instrs
REGS=pc:0x0000000080000004,x1:0x0000000000000000,x4:0x0000000000000000,x5:0x0000000000000000,x6:0x0000000000000000,x7:0x0000000000000000,x8:0x0000000000000000
MMIO_UART_ORDER=
MMIO_DEVICE_HITS=0x0000000010001000:0,0x0000000010000000:0
MMIO_ORDER=
CONTROL_BEFORE_HART_SHA256=782fdcab2c85f13daf8555470171f00e12b4613360ce6b21598be788e4d3c8ce
TRACE_RECORDS=1
TRACE_SHA256=e0759461762fd776a3c1bcee8ee633098c2357fb8bcbc120d7ec2968a1ab6370
TRACE_CANONICAL_BEGIN
core 0: 0x0000000080000000 (0x00312023) mem 0x0000000080002ffe 0xdeadbeef
TRACE_CANONICAL_END
END_CASE
CASE scalar-sd-nonoverlap direct=unit
HART_SNAPSHOT_SHA256=8ce45139bd88992af9a1737da8871824543b64d1c1f4223205dd9b6abeade5ce HART_SNAPSHOT_LEN=1198
RAM_SHA256=dd8cb52bf338859c7dbd71588e807f97e712d7fd035aa164413c5848c09687a0
RAM_CHANGED=0x80002010:efcdab8967452301
RESULT=ok RETIRED=1
RESERVATION=0x0000000080002000/8
MMIO_UART_ORDER=
BUS_EVENTS=L16@0x0000000080000000=0x3823,L16@0x0000000080000002=0x31,S64@0x0000000080002010<=0x0123456789abcdef:OK
TRACE_RECORDS=0
TRACE_SHA256=none
TRACE_CANONICAL=none
END_CASE
CASE scalar-sd-nonoverlap direct=recording
HART_SNAPSHOT_SHA256=8ce45139bd88992af9a1737da8871824543b64d1c1f4223205dd9b6abeade5ce HART_SNAPSHOT_LEN=1198
RAM_SHA256=dd8cb52bf338859c7dbd71588e807f97e712d7fd035aa164413c5848c09687a0
RAM_CHANGED=0x80002010:efcdab8967452301
RESULT=ok RETIRED=1
RESERVATION=0x0000000080002000/8
MMIO_UART_ORDER=
BUS_EVENTS=L16@0x0000000080000000=0x3823,L16@0x0000000080000002=0x31,S64@0x0000000080002010<=0x0123456789abcdef:OK
TRACE_RECORDS=1
TRACE_SHA256=fede637af1c3ff12b76e61eeb60c63df1dfd8c2bd20d8541922ce08d9347f97a
TRACE_CANONICAL_BEGIN
core 0: 0x0000000080000000 (0x00313823) mem 0x0000000080002010 0x0123456789abcdef
TRACE_CANONICAL_END
END_CASE
CASE scalar-sd-nonoverlap mode=cache=ordinary capture=untraced
HART_SNAPSHOT_SHA256=8ce45139bd88992af9a1737da8871824543b64d1c1f4223205dd9b6abeade5ce HART_SNAPSHOT_LEN=1198
RAM_SHA256=dd8cb52bf338859c7dbd71588e807f97e712d7fd035aa164413c5848c09687a0
RAM_CHANGED=0x80002010:efcdab8967452301
RESULT=max-instrs
REGS=pc:0x0000000080000004,x1:0x0000000000000000,x4:0x0000000000000000,x5:0x0000000000000000,x6:0x0000000000000000,x7:0x0000000000000000,x8:0x0000000000000000
MMIO_UART_ORDER=
MMIO_DEVICE_HITS=0x0000000010001000:0,0x0000000010000000:0
MMIO_ORDER=
CONTROL_BEFORE_HART_SHA256=4e3bb9835713212ce657072a01f2d4381a3095da03a884553f95a1958ceaddaa
TRACE_RECORDS=0
TRACE_SHA256=none
TRACE_CANONICAL=none
END_CASE
CASE scalar-sd-nonoverlap mode=cache=ordinary capture=recording
HART_SNAPSHOT_SHA256=8ce45139bd88992af9a1737da8871824543b64d1c1f4223205dd9b6abeade5ce HART_SNAPSHOT_LEN=1198
RAM_SHA256=dd8cb52bf338859c7dbd71588e807f97e712d7fd035aa164413c5848c09687a0
RAM_CHANGED=0x80002010:efcdab8967452301
RESULT=max-instrs
REGS=pc:0x0000000080000004,x1:0x0000000000000000,x4:0x0000000000000000,x5:0x0000000000000000,x6:0x0000000000000000,x7:0x0000000000000000,x8:0x0000000000000000
MMIO_UART_ORDER=
MMIO_DEVICE_HITS=0x0000000010001000:0,0x0000000010000000:0
MMIO_ORDER=
CONTROL_BEFORE_HART_SHA256=4e3bb9835713212ce657072a01f2d4381a3095da03a884553f95a1958ceaddaa
TRACE_RECORDS=1
TRACE_SHA256=fede637af1c3ff12b76e61eeb60c63df1dfd8c2bd20d8541922ce08d9347f97a
TRACE_CANONICAL_BEGIN
core 0: 0x0000000080000000 (0x00313823) mem 0x0000000080002010 0x0123456789abcdef
TRACE_CANONICAL_END
END_CASE
CASE scalar-sd-nonoverlap mode=cache=cached capture=untraced
HART_SNAPSHOT_SHA256=8ce45139bd88992af9a1737da8871824543b64d1c1f4223205dd9b6abeade5ce HART_SNAPSHOT_LEN=1198
RAM_SHA256=dd8cb52bf338859c7dbd71588e807f97e712d7fd035aa164413c5848c09687a0
RAM_CHANGED=0x80002010:efcdab8967452301
RESULT=max-instrs
REGS=pc:0x0000000080000004,x1:0x0000000000000000,x4:0x0000000000000000,x5:0x0000000000000000,x6:0x0000000000000000,x7:0x0000000000000000,x8:0x0000000000000000
MMIO_UART_ORDER=
MMIO_DEVICE_HITS=0x0000000010001000:0,0x0000000010000000:0
MMIO_ORDER=
CONTROL_BEFORE_HART_SHA256=4e3bb9835713212ce657072a01f2d4381a3095da03a884553f95a1958ceaddaa
TRACE_RECORDS=0
TRACE_SHA256=none
TRACE_CANONICAL=none
END_CASE
CASE scalar-sd-nonoverlap mode=cache=cached capture=recording
HART_SNAPSHOT_SHA256=8ce45139bd88992af9a1737da8871824543b64d1c1f4223205dd9b6abeade5ce HART_SNAPSHOT_LEN=1198
RAM_SHA256=dd8cb52bf338859c7dbd71588e807f97e712d7fd035aa164413c5848c09687a0
RAM_CHANGED=0x80002010:efcdab8967452301
RESULT=max-instrs
REGS=pc:0x0000000080000004,x1:0x0000000000000000,x4:0x0000000000000000,x5:0x0000000000000000,x6:0x0000000000000000,x7:0x0000000000000000,x8:0x0000000000000000
MMIO_UART_ORDER=
MMIO_DEVICE_HITS=0x0000000010001000:0,0x0000000010000000:0
MMIO_ORDER=
CONTROL_BEFORE_HART_SHA256=4e3bb9835713212ce657072a01f2d4381a3095da03a884553f95a1958ceaddaa
TRACE_RECORDS=1
TRACE_SHA256=fede637af1c3ff12b76e61eeb60c63df1dfd8c2bd20d8541922ce08d9347f97a
TRACE_CANONICAL_BEGIN
core 0: 0x0000000080000000 (0x00313823) mem 0x0000000080002010 0x0123456789abcdef
TRACE_CANONICAL_END
END_CASE
CASE scalar-sd-nonoverlap-opposite-reservation direct=unit
HART_SNAPSHOT_SHA256=08b420d5baa4222b4eda66aeda106e93c84de2dc0337d592bb0e60788f53564c HART_SNAPSHOT_LEN=1189
RAM_SHA256=dd8cb52bf338859c7dbd71588e807f97e712d7fd035aa164413c5848c09687a0
RAM_CHANGED=0x80002010:efcdab8967452301
RESULT=ok RETIRED=1
RESERVATION=none
MMIO_UART_ORDER=
BUS_EVENTS=L16@0x0000000080000000=0x3823,L16@0x0000000080000002=0x31,S64@0x0000000080002010<=0x0123456789abcdef:OK
TRACE_RECORDS=0
TRACE_SHA256=none
TRACE_CANONICAL=none
END_CASE
CASE scalar-sd-nonoverlap-opposite-reservation direct=recording
HART_SNAPSHOT_SHA256=08b420d5baa4222b4eda66aeda106e93c84de2dc0337d592bb0e60788f53564c HART_SNAPSHOT_LEN=1189
RAM_SHA256=dd8cb52bf338859c7dbd71588e807f97e712d7fd035aa164413c5848c09687a0
RAM_CHANGED=0x80002010:efcdab8967452301
RESULT=ok RETIRED=1
RESERVATION=none
MMIO_UART_ORDER=
BUS_EVENTS=L16@0x0000000080000000=0x3823,L16@0x0000000080000002=0x31,S64@0x0000000080002010<=0x0123456789abcdef:OK
TRACE_RECORDS=1
TRACE_SHA256=fede637af1c3ff12b76e61eeb60c63df1dfd8c2bd20d8541922ce08d9347f97a
TRACE_CANONICAL_BEGIN
core 0: 0x0000000080000000 (0x00313823) mem 0x0000000080002010 0x0123456789abcdef
TRACE_CANONICAL_END
END_CASE
CASE scalar-sd-nonoverlap-opposite-reservation mode=cache=ordinary capture=untraced
HART_SNAPSHOT_SHA256=08b420d5baa4222b4eda66aeda106e93c84de2dc0337d592bb0e60788f53564c HART_SNAPSHOT_LEN=1189
RAM_SHA256=dd8cb52bf338859c7dbd71588e807f97e712d7fd035aa164413c5848c09687a0
RAM_CHANGED=0x80002010:efcdab8967452301
RESULT=max-instrs
REGS=pc:0x0000000080000004,x1:0x0000000000000000,x4:0x0000000000000000,x5:0x0000000000000000,x6:0x0000000000000000,x7:0x0000000000000000,x8:0x0000000000000000
MMIO_UART_ORDER=
MMIO_DEVICE_HITS=0x0000000010001000:0,0x0000000010000000:0
MMIO_ORDER=
CONTROL_BEFORE_HART_SHA256=6948cb9f8628f0d87fb90c6f63282a365db58f9b2deb52b55e684e2089fce4e3
TRACE_RECORDS=0
TRACE_SHA256=none
TRACE_CANONICAL=none
END_CASE
CASE scalar-sd-nonoverlap-opposite-reservation mode=cache=ordinary capture=recording
HART_SNAPSHOT_SHA256=08b420d5baa4222b4eda66aeda106e93c84de2dc0337d592bb0e60788f53564c HART_SNAPSHOT_LEN=1189
RAM_SHA256=dd8cb52bf338859c7dbd71588e807f97e712d7fd035aa164413c5848c09687a0
RAM_CHANGED=0x80002010:efcdab8967452301
RESULT=max-instrs
REGS=pc:0x0000000080000004,x1:0x0000000000000000,x4:0x0000000000000000,x5:0x0000000000000000,x6:0x0000000000000000,x7:0x0000000000000000,x8:0x0000000000000000
MMIO_UART_ORDER=
MMIO_DEVICE_HITS=0x0000000010001000:0,0x0000000010000000:0
MMIO_ORDER=
CONTROL_BEFORE_HART_SHA256=6948cb9f8628f0d87fb90c6f63282a365db58f9b2deb52b55e684e2089fce4e3
TRACE_RECORDS=1
TRACE_SHA256=fede637af1c3ff12b76e61eeb60c63df1dfd8c2bd20d8541922ce08d9347f97a
TRACE_CANONICAL_BEGIN
core 0: 0x0000000080000000 (0x00313823) mem 0x0000000080002010 0x0123456789abcdef
TRACE_CANONICAL_END
END_CASE
CASE scalar-sd-nonoverlap-opposite-reservation mode=cache=cached capture=untraced
HART_SNAPSHOT_SHA256=08b420d5baa4222b4eda66aeda106e93c84de2dc0337d592bb0e60788f53564c HART_SNAPSHOT_LEN=1189
RAM_SHA256=dd8cb52bf338859c7dbd71588e807f97e712d7fd035aa164413c5848c09687a0
RAM_CHANGED=0x80002010:efcdab8967452301
RESULT=max-instrs
REGS=pc:0x0000000080000004,x1:0x0000000000000000,x4:0x0000000000000000,x5:0x0000000000000000,x6:0x0000000000000000,x7:0x0000000000000000,x8:0x0000000000000000
MMIO_UART_ORDER=
MMIO_DEVICE_HITS=0x0000000010001000:0,0x0000000010000000:0
MMIO_ORDER=
CONTROL_BEFORE_HART_SHA256=6948cb9f8628f0d87fb90c6f63282a365db58f9b2deb52b55e684e2089fce4e3
TRACE_RECORDS=0
TRACE_SHA256=none
TRACE_CANONICAL=none
END_CASE
CASE scalar-sd-nonoverlap-opposite-reservation mode=cache=cached capture=recording
HART_SNAPSHOT_SHA256=08b420d5baa4222b4eda66aeda106e93c84de2dc0337d592bb0e60788f53564c HART_SNAPSHOT_LEN=1189
RAM_SHA256=dd8cb52bf338859c7dbd71588e807f97e712d7fd035aa164413c5848c09687a0
RAM_CHANGED=0x80002010:efcdab8967452301
RESULT=max-instrs
REGS=pc:0x0000000080000004,x1:0x0000000000000000,x4:0x0000000000000000,x5:0x0000000000000000,x6:0x0000000000000000,x7:0x0000000000000000,x8:0x0000000000000000
MMIO_UART_ORDER=
MMIO_DEVICE_HITS=0x0000000010001000:0,0x0000000010000000:0
MMIO_ORDER=
CONTROL_BEFORE_HART_SHA256=6948cb9f8628f0d87fb90c6f63282a365db58f9b2deb52b55e684e2089fce4e3
TRACE_RECORDS=1
TRACE_SHA256=fede637af1c3ff12b76e61eeb60c63df1dfd8c2bd20d8541922ce08d9347f97a
TRACE_CANONICAL_BEGIN
core 0: 0x0000000080000000 (0x00313823) mem 0x0000000080002010 0x0123456789abcdef
TRACE_CANONICAL_END
END_CASE
CASE fp-fsw-overlap direct=unit
HART_SNAPSHOT_SHA256=65587418a56f78dcd85dbec1a2b22ecba3c8c19f26ca1d42442c45d875f35b87 HART_SNAPSHOT_LEN=1189
RAM_SHA256=cf50a51bf9a68f8500fcabad4b3130c661cbd9e83f3ddc76399ee34abd458065
RAM_CHANGED=0x80002002:0000803f
RESULT=ok RETIRED=1
RESERVATION=none
MMIO_UART_ORDER=
BUS_EVENTS=L16@0x0000000080000000=0x2127,L16@0x0000000080000002=0x11,S8@0x0000000080002002<=0x0000000000000000:OK,S8@0x0000000080002003<=0x0000000000000000:OK,S8@0x0000000080002004<=0x0000000000000080:OK,S8@0x0000000080002005<=0x000000000000003f:OK
TRACE_RECORDS=0
TRACE_SHA256=none
TRACE_CANONICAL=none
END_CASE
CASE fp-fsw-overlap direct=recording
HART_SNAPSHOT_SHA256=65587418a56f78dcd85dbec1a2b22ecba3c8c19f26ca1d42442c45d875f35b87 HART_SNAPSHOT_LEN=1189
RAM_SHA256=cf50a51bf9a68f8500fcabad4b3130c661cbd9e83f3ddc76399ee34abd458065
RAM_CHANGED=0x80002002:0000803f
RESULT=ok RETIRED=1
RESERVATION=none
MMIO_UART_ORDER=
BUS_EVENTS=L16@0x0000000080000000=0x2127,L16@0x0000000080000002=0x11,S8@0x0000000080002002<=0x0000000000000000:OK,S8@0x0000000080002003<=0x0000000000000000:OK,S8@0x0000000080002004<=0x0000000000000080:OK,S8@0x0000000080002005<=0x000000000000003f:OK
TRACE_RECORDS=1
TRACE_SHA256=8386eae789a4569014c721680bc6a23a5e25636d13786f6a60909fdd80f18645
TRACE_CANONICAL_BEGIN
core 0: 0x0000000080000000 (0x00112127) mem 0x0000000080002002 0x3f800000
TRACE_CANONICAL_END
END_CASE
CASE fp-fsw-overlap mode=cache=ordinary capture=untraced
HART_SNAPSHOT_SHA256=65587418a56f78dcd85dbec1a2b22ecba3c8c19f26ca1d42442c45d875f35b87 HART_SNAPSHOT_LEN=1189
RAM_SHA256=cf50a51bf9a68f8500fcabad4b3130c661cbd9e83f3ddc76399ee34abd458065
RAM_CHANGED=0x80002002:0000803f
RESULT=max-instrs
REGS=pc:0x0000000080000004,x1:0x0000000000000000,x4:0x0000000000000000,x5:0x0000000000000000,x6:0x0000000000000000,x7:0x0000000000000000,x8:0x0000000000000000
MMIO_UART_ORDER=
MMIO_DEVICE_HITS=0x0000000010001000:0,0x0000000010000000:0
MMIO_ORDER=
CONTROL_BEFORE_HART_SHA256=424a0ee528a6352951338ac88a2b4bc2f1cda0b436ab6d3cdf32c2195d782181
TRACE_RECORDS=0
TRACE_SHA256=none
TRACE_CANONICAL=none
END_CASE
CASE fp-fsw-overlap mode=cache=ordinary capture=recording
HART_SNAPSHOT_SHA256=65587418a56f78dcd85dbec1a2b22ecba3c8c19f26ca1d42442c45d875f35b87 HART_SNAPSHOT_LEN=1189
RAM_SHA256=cf50a51bf9a68f8500fcabad4b3130c661cbd9e83f3ddc76399ee34abd458065
RAM_CHANGED=0x80002002:0000803f
RESULT=max-instrs
REGS=pc:0x0000000080000004,x1:0x0000000000000000,x4:0x0000000000000000,x5:0x0000000000000000,x6:0x0000000000000000,x7:0x0000000000000000,x8:0x0000000000000000
MMIO_UART_ORDER=
MMIO_DEVICE_HITS=0x0000000010001000:0,0x0000000010000000:0
MMIO_ORDER=
CONTROL_BEFORE_HART_SHA256=424a0ee528a6352951338ac88a2b4bc2f1cda0b436ab6d3cdf32c2195d782181
TRACE_RECORDS=1
TRACE_SHA256=8386eae789a4569014c721680bc6a23a5e25636d13786f6a60909fdd80f18645
TRACE_CANONICAL_BEGIN
core 0: 0x0000000080000000 (0x00112127) mem 0x0000000080002002 0x3f800000
TRACE_CANONICAL_END
END_CASE
CASE fp-fsw-overlap mode=cache=cached capture=untraced
HART_SNAPSHOT_SHA256=65587418a56f78dcd85dbec1a2b22ecba3c8c19f26ca1d42442c45d875f35b87 HART_SNAPSHOT_LEN=1189
RAM_SHA256=cf50a51bf9a68f8500fcabad4b3130c661cbd9e83f3ddc76399ee34abd458065
RAM_CHANGED=0x80002002:0000803f
RESULT=max-instrs
REGS=pc:0x0000000080000004,x1:0x0000000000000000,x4:0x0000000000000000,x5:0x0000000000000000,x6:0x0000000000000000,x7:0x0000000000000000,x8:0x0000000000000000
MMIO_UART_ORDER=
MMIO_DEVICE_HITS=0x0000000010001000:0,0x0000000010000000:0
MMIO_ORDER=
CONTROL_BEFORE_HART_SHA256=424a0ee528a6352951338ac88a2b4bc2f1cda0b436ab6d3cdf32c2195d782181
TRACE_RECORDS=0
TRACE_SHA256=none
TRACE_CANONICAL=none
END_CASE
CASE fp-fsw-overlap mode=cache=cached capture=recording
HART_SNAPSHOT_SHA256=65587418a56f78dcd85dbec1a2b22ecba3c8c19f26ca1d42442c45d875f35b87 HART_SNAPSHOT_LEN=1189
RAM_SHA256=cf50a51bf9a68f8500fcabad4b3130c661cbd9e83f3ddc76399ee34abd458065
RAM_CHANGED=0x80002002:0000803f
RESULT=max-instrs
REGS=pc:0x0000000080000004,x1:0x0000000000000000,x4:0x0000000000000000,x5:0x0000000000000000,x6:0x0000000000000000,x7:0x0000000000000000,x8:0x0000000000000000
MMIO_UART_ORDER=
MMIO_DEVICE_HITS=0x0000000010001000:0,0x0000000010000000:0
MMIO_ORDER=
CONTROL_BEFORE_HART_SHA256=424a0ee528a6352951338ac88a2b4bc2f1cda0b436ab6d3cdf32c2195d782181
TRACE_RECORDS=1
TRACE_SHA256=8386eae789a4569014c721680bc6a23a5e25636d13786f6a60909fdd80f18645
TRACE_CANONICAL_BEGIN
core 0: 0x0000000080000000 (0x00112127) mem 0x0000000080002002 0x3f800000
TRACE_CANONICAL_END
END_CASE
CASE fp-fsw-overlap-opposite-reservation direct=unit
HART_SNAPSHOT_SHA256=6261479e3a89d913c5d59993c8bd010df0a8c74e14f20bb68d2dabe7949d078c HART_SNAPSHOT_LEN=1198
RAM_SHA256=cf50a51bf9a68f8500fcabad4b3130c661cbd9e83f3ddc76399ee34abd458065
RAM_CHANGED=0x80002002:0000803f
RESULT=ok RETIRED=1
RESERVATION=0x0000000080002010/8
MMIO_UART_ORDER=
BUS_EVENTS=L16@0x0000000080000000=0x2127,L16@0x0000000080000002=0x11,S8@0x0000000080002002<=0x0000000000000000:OK,S8@0x0000000080002003<=0x0000000000000000:OK,S8@0x0000000080002004<=0x0000000000000080:OK,S8@0x0000000080002005<=0x000000000000003f:OK
TRACE_RECORDS=0
TRACE_SHA256=none
TRACE_CANONICAL=none
END_CASE
CASE fp-fsw-overlap-opposite-reservation direct=recording
HART_SNAPSHOT_SHA256=6261479e3a89d913c5d59993c8bd010df0a8c74e14f20bb68d2dabe7949d078c HART_SNAPSHOT_LEN=1198
RAM_SHA256=cf50a51bf9a68f8500fcabad4b3130c661cbd9e83f3ddc76399ee34abd458065
RAM_CHANGED=0x80002002:0000803f
RESULT=ok RETIRED=1
RESERVATION=0x0000000080002010/8
MMIO_UART_ORDER=
BUS_EVENTS=L16@0x0000000080000000=0x2127,L16@0x0000000080000002=0x11,S8@0x0000000080002002<=0x0000000000000000:OK,S8@0x0000000080002003<=0x0000000000000000:OK,S8@0x0000000080002004<=0x0000000000000080:OK,S8@0x0000000080002005<=0x000000000000003f:OK
TRACE_RECORDS=1
TRACE_SHA256=8386eae789a4569014c721680bc6a23a5e25636d13786f6a60909fdd80f18645
TRACE_CANONICAL_BEGIN
core 0: 0x0000000080000000 (0x00112127) mem 0x0000000080002002 0x3f800000
TRACE_CANONICAL_END
END_CASE
CASE fp-fsw-overlap-opposite-reservation mode=cache=ordinary capture=untraced
HART_SNAPSHOT_SHA256=6261479e3a89d913c5d59993c8bd010df0a8c74e14f20bb68d2dabe7949d078c HART_SNAPSHOT_LEN=1198
RAM_SHA256=cf50a51bf9a68f8500fcabad4b3130c661cbd9e83f3ddc76399ee34abd458065
RAM_CHANGED=0x80002002:0000803f
RESULT=max-instrs
REGS=pc:0x0000000080000004,x1:0x0000000000000000,x4:0x0000000000000000,x5:0x0000000000000000,x6:0x0000000000000000,x7:0x0000000000000000,x8:0x0000000000000000
MMIO_UART_ORDER=
MMIO_DEVICE_HITS=0x0000000010001000:0,0x0000000010000000:0
MMIO_ORDER=
CONTROL_BEFORE_HART_SHA256=7ea8165bab14ea3e997c686118713047b8bd0812f909ab5ecac38fa3e518c772
TRACE_RECORDS=0
TRACE_SHA256=none
TRACE_CANONICAL=none
END_CASE
CASE fp-fsw-overlap-opposite-reservation mode=cache=ordinary capture=recording
HART_SNAPSHOT_SHA256=6261479e3a89d913c5d59993c8bd010df0a8c74e14f20bb68d2dabe7949d078c HART_SNAPSHOT_LEN=1198
RAM_SHA256=cf50a51bf9a68f8500fcabad4b3130c661cbd9e83f3ddc76399ee34abd458065
RAM_CHANGED=0x80002002:0000803f
RESULT=max-instrs
REGS=pc:0x0000000080000004,x1:0x0000000000000000,x4:0x0000000000000000,x5:0x0000000000000000,x6:0x0000000000000000,x7:0x0000000000000000,x8:0x0000000000000000
MMIO_UART_ORDER=
MMIO_DEVICE_HITS=0x0000000010001000:0,0x0000000010000000:0
MMIO_ORDER=
CONTROL_BEFORE_HART_SHA256=7ea8165bab14ea3e997c686118713047b8bd0812f909ab5ecac38fa3e518c772
TRACE_RECORDS=1
TRACE_SHA256=8386eae789a4569014c721680bc6a23a5e25636d13786f6a60909fdd80f18645
TRACE_CANONICAL_BEGIN
core 0: 0x0000000080000000 (0x00112127) mem 0x0000000080002002 0x3f800000
TRACE_CANONICAL_END
END_CASE
CASE fp-fsw-overlap-opposite-reservation mode=cache=cached capture=untraced
HART_SNAPSHOT_SHA256=6261479e3a89d913c5d59993c8bd010df0a8c74e14f20bb68d2dabe7949d078c HART_SNAPSHOT_LEN=1198
RAM_SHA256=cf50a51bf9a68f8500fcabad4b3130c661cbd9e83f3ddc76399ee34abd458065
RAM_CHANGED=0x80002002:0000803f
RESULT=max-instrs
REGS=pc:0x0000000080000004,x1:0x0000000000000000,x4:0x0000000000000000,x5:0x0000000000000000,x6:0x0000000000000000,x7:0x0000000000000000,x8:0x0000000000000000
MMIO_UART_ORDER=
MMIO_DEVICE_HITS=0x0000000010001000:0,0x0000000010000000:0
MMIO_ORDER=
CONTROL_BEFORE_HART_SHA256=7ea8165bab14ea3e997c686118713047b8bd0812f909ab5ecac38fa3e518c772
TRACE_RECORDS=0
TRACE_SHA256=none
TRACE_CANONICAL=none
END_CASE
CASE fp-fsw-overlap-opposite-reservation mode=cache=cached capture=recording
HART_SNAPSHOT_SHA256=6261479e3a89d913c5d59993c8bd010df0a8c74e14f20bb68d2dabe7949d078c HART_SNAPSHOT_LEN=1198
RAM_SHA256=cf50a51bf9a68f8500fcabad4b3130c661cbd9e83f3ddc76399ee34abd458065
RAM_CHANGED=0x80002002:0000803f
RESULT=max-instrs
REGS=pc:0x0000000080000004,x1:0x0000000000000000,x4:0x0000000000000000,x5:0x0000000000000000,x6:0x0000000000000000,x7:0x0000000000000000,x8:0x0000000000000000
MMIO_UART_ORDER=
MMIO_DEVICE_HITS=0x0000000010001000:0,0x0000000010000000:0
MMIO_ORDER=
CONTROL_BEFORE_HART_SHA256=7ea8165bab14ea3e997c686118713047b8bd0812f909ab5ecac38fa3e518c772
TRACE_RECORDS=1
TRACE_SHA256=8386eae789a4569014c721680bc6a23a5e25636d13786f6a60909fdd80f18645
TRACE_CANONICAL_BEGIN
core 0: 0x0000000080000000 (0x00112127) mem 0x0000000080002002 0x3f800000
TRACE_CANONICAL_END
END_CASE
CASE fp-fsd-nonoverlap direct=unit
HART_SNAPSHOT_SHA256=67ffbed9577f3e612ce4ee123ca212cde965b091ebc23d29af79aecec6258f0f HART_SNAPSHOT_LEN=1198
RAM_SHA256=8f4fd6430b86e0035b01cdcd215c0dd55547cbb735625b321f89aa4940e59a6b
RAM_CHANGED=0x80002010:efcdab8967452301
RESULT=ok RETIRED=1
RESERVATION=0x0000000080002000/8
MMIO_UART_ORDER=
BUS_EVENTS=L16@0x0000000080000000=0x3827,L16@0x0000000080000002=0x11,S64@0x0000000080002010<=0x0123456789abcdef:OK
TRACE_RECORDS=0
TRACE_SHA256=none
TRACE_CANONICAL=none
END_CASE
CASE fp-fsd-nonoverlap direct=recording
HART_SNAPSHOT_SHA256=67ffbed9577f3e612ce4ee123ca212cde965b091ebc23d29af79aecec6258f0f HART_SNAPSHOT_LEN=1198
RAM_SHA256=8f4fd6430b86e0035b01cdcd215c0dd55547cbb735625b321f89aa4940e59a6b
RAM_CHANGED=0x80002010:efcdab8967452301
RESULT=ok RETIRED=1
RESERVATION=0x0000000080002000/8
MMIO_UART_ORDER=
BUS_EVENTS=L16@0x0000000080000000=0x3827,L16@0x0000000080000002=0x11,S64@0x0000000080002010<=0x0123456789abcdef:OK
TRACE_RECORDS=1
TRACE_SHA256=0a221517597d7d20ec7957f3acc78149cdacdf687c4986a08dd473d029c87c94
TRACE_CANONICAL_BEGIN
core 0: 0x0000000080000000 (0x00113827) mem 0x0000000080002010 0x0123456789abcdef
TRACE_CANONICAL_END
END_CASE
CASE fp-fsd-nonoverlap mode=cache=ordinary capture=untraced
HART_SNAPSHOT_SHA256=67ffbed9577f3e612ce4ee123ca212cde965b091ebc23d29af79aecec6258f0f HART_SNAPSHOT_LEN=1198
RAM_SHA256=8f4fd6430b86e0035b01cdcd215c0dd55547cbb735625b321f89aa4940e59a6b
RAM_CHANGED=0x80002010:efcdab8967452301
RESULT=max-instrs
REGS=pc:0x0000000080000004,x1:0x0000000000000000,x4:0x0000000000000000,x5:0x0000000000000000,x6:0x0000000000000000,x7:0x0000000000000000,x8:0x0000000000000000
MMIO_UART_ORDER=
MMIO_DEVICE_HITS=0x0000000010001000:0,0x0000000010000000:0
MMIO_ORDER=
CONTROL_BEFORE_HART_SHA256=a3489217cd595636ef27c61b167a7cf9ee2176c620aa2647179b450530fd3b2f
TRACE_RECORDS=0
TRACE_SHA256=none
TRACE_CANONICAL=none
END_CASE
CASE fp-fsd-nonoverlap mode=cache=ordinary capture=recording
HART_SNAPSHOT_SHA256=67ffbed9577f3e612ce4ee123ca212cde965b091ebc23d29af79aecec6258f0f HART_SNAPSHOT_LEN=1198
RAM_SHA256=8f4fd6430b86e0035b01cdcd215c0dd55547cbb735625b321f89aa4940e59a6b
RAM_CHANGED=0x80002010:efcdab8967452301
RESULT=max-instrs
REGS=pc:0x0000000080000004,x1:0x0000000000000000,x4:0x0000000000000000,x5:0x0000000000000000,x6:0x0000000000000000,x7:0x0000000000000000,x8:0x0000000000000000
MMIO_UART_ORDER=
MMIO_DEVICE_HITS=0x0000000010001000:0,0x0000000010000000:0
MMIO_ORDER=
CONTROL_BEFORE_HART_SHA256=a3489217cd595636ef27c61b167a7cf9ee2176c620aa2647179b450530fd3b2f
TRACE_RECORDS=1
TRACE_SHA256=0a221517597d7d20ec7957f3acc78149cdacdf687c4986a08dd473d029c87c94
TRACE_CANONICAL_BEGIN
core 0: 0x0000000080000000 (0x00113827) mem 0x0000000080002010 0x0123456789abcdef
TRACE_CANONICAL_END
END_CASE
CASE fp-fsd-nonoverlap mode=cache=cached capture=untraced
HART_SNAPSHOT_SHA256=67ffbed9577f3e612ce4ee123ca212cde965b091ebc23d29af79aecec6258f0f HART_SNAPSHOT_LEN=1198
RAM_SHA256=8f4fd6430b86e0035b01cdcd215c0dd55547cbb735625b321f89aa4940e59a6b
RAM_CHANGED=0x80002010:efcdab8967452301
RESULT=max-instrs
REGS=pc:0x0000000080000004,x1:0x0000000000000000,x4:0x0000000000000000,x5:0x0000000000000000,x6:0x0000000000000000,x7:0x0000000000000000,x8:0x0000000000000000
MMIO_UART_ORDER=
MMIO_DEVICE_HITS=0x0000000010001000:0,0x0000000010000000:0
MMIO_ORDER=
CONTROL_BEFORE_HART_SHA256=a3489217cd595636ef27c61b167a7cf9ee2176c620aa2647179b450530fd3b2f
TRACE_RECORDS=0
TRACE_SHA256=none
TRACE_CANONICAL=none
END_CASE
CASE fp-fsd-nonoverlap mode=cache=cached capture=recording
HART_SNAPSHOT_SHA256=67ffbed9577f3e612ce4ee123ca212cde965b091ebc23d29af79aecec6258f0f HART_SNAPSHOT_LEN=1198
RAM_SHA256=8f4fd6430b86e0035b01cdcd215c0dd55547cbb735625b321f89aa4940e59a6b
RAM_CHANGED=0x80002010:efcdab8967452301
RESULT=max-instrs
REGS=pc:0x0000000080000004,x1:0x0000000000000000,x4:0x0000000000000000,x5:0x0000000000000000,x6:0x0000000000000000,x7:0x0000000000000000,x8:0x0000000000000000
MMIO_UART_ORDER=
MMIO_DEVICE_HITS=0x0000000010001000:0,0x0000000010000000:0
MMIO_ORDER=
CONTROL_BEFORE_HART_SHA256=a3489217cd595636ef27c61b167a7cf9ee2176c620aa2647179b450530fd3b2f
TRACE_RECORDS=1
TRACE_SHA256=0a221517597d7d20ec7957f3acc78149cdacdf687c4986a08dd473d029c87c94
TRACE_CANONICAL_BEGIN
core 0: 0x0000000080000000 (0x00113827) mem 0x0000000080002010 0x0123456789abcdef
TRACE_CANONICAL_END
END_CASE
CASE fp-fsd-nonoverlap-opposite-reservation direct=unit
HART_SNAPSHOT_SHA256=f5856b720c8696d31c6de893c83f402ae6f8a3676966849fdaef577e0f62b635 HART_SNAPSHOT_LEN=1189
RAM_SHA256=8f4fd6430b86e0035b01cdcd215c0dd55547cbb735625b321f89aa4940e59a6b
RAM_CHANGED=0x80002010:efcdab8967452301
RESULT=ok RETIRED=1
RESERVATION=none
MMIO_UART_ORDER=
BUS_EVENTS=L16@0x0000000080000000=0x3827,L16@0x0000000080000002=0x11,S64@0x0000000080002010<=0x0123456789abcdef:OK
TRACE_RECORDS=0
TRACE_SHA256=none
TRACE_CANONICAL=none
END_CASE
CASE fp-fsd-nonoverlap-opposite-reservation direct=recording
HART_SNAPSHOT_SHA256=f5856b720c8696d31c6de893c83f402ae6f8a3676966849fdaef577e0f62b635 HART_SNAPSHOT_LEN=1189
RAM_SHA256=8f4fd6430b86e0035b01cdcd215c0dd55547cbb735625b321f89aa4940e59a6b
RAM_CHANGED=0x80002010:efcdab8967452301
RESULT=ok RETIRED=1
RESERVATION=none
MMIO_UART_ORDER=
BUS_EVENTS=L16@0x0000000080000000=0x3827,L16@0x0000000080000002=0x11,S64@0x0000000080002010<=0x0123456789abcdef:OK
TRACE_RECORDS=1
TRACE_SHA256=0a221517597d7d20ec7957f3acc78149cdacdf687c4986a08dd473d029c87c94
TRACE_CANONICAL_BEGIN
core 0: 0x0000000080000000 (0x00113827) mem 0x0000000080002010 0x0123456789abcdef
TRACE_CANONICAL_END
END_CASE
CASE fp-fsd-nonoverlap-opposite-reservation mode=cache=ordinary capture=untraced
HART_SNAPSHOT_SHA256=f5856b720c8696d31c6de893c83f402ae6f8a3676966849fdaef577e0f62b635 HART_SNAPSHOT_LEN=1189
RAM_SHA256=8f4fd6430b86e0035b01cdcd215c0dd55547cbb735625b321f89aa4940e59a6b
RAM_CHANGED=0x80002010:efcdab8967452301
RESULT=max-instrs
REGS=pc:0x0000000080000004,x1:0x0000000000000000,x4:0x0000000000000000,x5:0x0000000000000000,x6:0x0000000000000000,x7:0x0000000000000000,x8:0x0000000000000000
MMIO_UART_ORDER=
MMIO_DEVICE_HITS=0x0000000010001000:0,0x0000000010000000:0
MMIO_ORDER=
CONTROL_BEFORE_HART_SHA256=1f18ac49d4a5bc0d1b1c9cd90b496ced58aae8717b311570a83ce8197292958a
TRACE_RECORDS=0
TRACE_SHA256=none
TRACE_CANONICAL=none
END_CASE
CASE fp-fsd-nonoverlap-opposite-reservation mode=cache=ordinary capture=recording
HART_SNAPSHOT_SHA256=f5856b720c8696d31c6de893c83f402ae6f8a3676966849fdaef577e0f62b635 HART_SNAPSHOT_LEN=1189
RAM_SHA256=8f4fd6430b86e0035b01cdcd215c0dd55547cbb735625b321f89aa4940e59a6b
RAM_CHANGED=0x80002010:efcdab8967452301
RESULT=max-instrs
REGS=pc:0x0000000080000004,x1:0x0000000000000000,x4:0x0000000000000000,x5:0x0000000000000000,x6:0x0000000000000000,x7:0x0000000000000000,x8:0x0000000000000000
MMIO_UART_ORDER=
MMIO_DEVICE_HITS=0x0000000010001000:0,0x0000000010000000:0
MMIO_ORDER=
CONTROL_BEFORE_HART_SHA256=1f18ac49d4a5bc0d1b1c9cd90b496ced58aae8717b311570a83ce8197292958a
TRACE_RECORDS=1
TRACE_SHA256=0a221517597d7d20ec7957f3acc78149cdacdf687c4986a08dd473d029c87c94
TRACE_CANONICAL_BEGIN
core 0: 0x0000000080000000 (0x00113827) mem 0x0000000080002010 0x0123456789abcdef
TRACE_CANONICAL_END
END_CASE
CASE fp-fsd-nonoverlap-opposite-reservation mode=cache=cached capture=untraced
HART_SNAPSHOT_SHA256=f5856b720c8696d31c6de893c83f402ae6f8a3676966849fdaef577e0f62b635 HART_SNAPSHOT_LEN=1189
RAM_SHA256=8f4fd6430b86e0035b01cdcd215c0dd55547cbb735625b321f89aa4940e59a6b
RAM_CHANGED=0x80002010:efcdab8967452301
RESULT=max-instrs
REGS=pc:0x0000000080000004,x1:0x0000000000000000,x4:0x0000000000000000,x5:0x0000000000000000,x6:0x0000000000000000,x7:0x0000000000000000,x8:0x0000000000000000
MMIO_UART_ORDER=
MMIO_DEVICE_HITS=0x0000000010001000:0,0x0000000010000000:0
MMIO_ORDER=
CONTROL_BEFORE_HART_SHA256=1f18ac49d4a5bc0d1b1c9cd90b496ced58aae8717b311570a83ce8197292958a
TRACE_RECORDS=0
TRACE_SHA256=none
TRACE_CANONICAL=none
END_CASE
CASE fp-fsd-nonoverlap-opposite-reservation mode=cache=cached capture=recording
HART_SNAPSHOT_SHA256=f5856b720c8696d31c6de893c83f402ae6f8a3676966849fdaef577e0f62b635 HART_SNAPSHOT_LEN=1189
RAM_SHA256=8f4fd6430b86e0035b01cdcd215c0dd55547cbb735625b321f89aa4940e59a6b
RAM_CHANGED=0x80002010:efcdab8967452301
RESULT=max-instrs
REGS=pc:0x0000000080000004,x1:0x0000000000000000,x4:0x0000000000000000,x5:0x0000000000000000,x6:0x0000000000000000,x7:0x0000000000000000,x8:0x0000000000000000
MMIO_UART_ORDER=
MMIO_DEVICE_HITS=0x0000000010001000:0,0x0000000010000000:0
MMIO_ORDER=
CONTROL_BEFORE_HART_SHA256=1f18ac49d4a5bc0d1b1c9cd90b496ced58aae8717b311570a83ce8197292958a
TRACE_RECORDS=1
TRACE_SHA256=0a221517597d7d20ec7957f3acc78149cdacdf687c4986a08dd473d029c87c94
TRACE_CANONICAL_BEGIN
core 0: 0x0000000080000000 (0x00113827) mem 0x0000000080002010 0x0123456789abcdef
TRACE_CANONICAL_END
END_CASE
CASE scalar-fault-sd direct=unit
HART_SNAPSHOT_SHA256=13f16b4b93c47d4c524601eaed206dec21c45c433ad64be2bc178c6658362f76 HART_SNAPSHOT_LEN=1198
RAM_SHA256=4f68119aa3244ae0b46cc86df441f257e79f8623ad92ac8c4d75e8116c5beea8
RAM_CHANGED=none
RESULT=trap:StoreAccessFault,tval=0x0000000080008100 RETIRED=0
RESERVATION=0x0000000080002000/8
MMIO_UART_ORDER=
BUS_EVENTS=L16@0x0000000080000000=0xb023,L16@0x0000000080000002=0x30,S64@0x0000000080008100<=0x0123456789abcdef:ERR:Access
TRACE_RECORDS=0
TRACE_SHA256=none
TRACE_CANONICAL=none
END_CASE
CASE scalar-fault-sd direct=recording
HART_SNAPSHOT_SHA256=13f16b4b93c47d4c524601eaed206dec21c45c433ad64be2bc178c6658362f76 HART_SNAPSHOT_LEN=1198
RAM_SHA256=4f68119aa3244ae0b46cc86df441f257e79f8623ad92ac8c4d75e8116c5beea8
RAM_CHANGED=none
RESULT=trap:StoreAccessFault,tval=0x0000000080008100 RETIRED=0
RESERVATION=0x0000000080002000/8
MMIO_UART_ORDER=
BUS_EVENTS=L16@0x0000000080000000=0xb023,L16@0x0000000080000002=0x30,S64@0x0000000080008100<=0x0123456789abcdef:ERR:Access
TRACE_RECORDS=0
TRACE_SHA256=e3b0c44298fc1c149afbf4c8996fb92427ae41e4649b934ca495991b7852b855
TRACE_CANONICAL_BEGIN
TRACE_CANONICAL_END
END_CASE
CASE scalar-fault-sd mode=cache=ordinary capture=untraced
HART_SNAPSHOT_SHA256=e2bb7f33d7e45b2bf51a6474211ec452ff5bc869a24d5e92248242d4470ae43a HART_SNAPSHOT_LEN=1198
RAM_SHA256=4f68119aa3244ae0b46cc86df441f257e79f8623ad92ac8c4d75e8116c5beea8
RAM_CHANGED=none
RESULT=trapped=StoreAccessFault,tval=0x0000000080008100
REGS=pc:0x0000000080000000,x1:0x0000000080008100,x4:0x0000000000000000,x5:0x0000000000000000,x6:0x0000000000000000,x7:0x0000000000000000,x8:0x0000000000000000
MMIO_UART_ORDER=
MMIO_DEVICE_HITS=0x0000000010001000:0,0x0000000010000000:0
MMIO_ORDER=
CONTROL_BEFORE_HART_SHA256=e2bb7f33d7e45b2bf51a6474211ec452ff5bc869a24d5e92248242d4470ae43a
TRACE_RECORDS=0
TRACE_SHA256=none
TRACE_CANONICAL=none
END_CASE
CASE scalar-fault-sd mode=cache=ordinary capture=recording
HART_SNAPSHOT_SHA256=e2bb7f33d7e45b2bf51a6474211ec452ff5bc869a24d5e92248242d4470ae43a HART_SNAPSHOT_LEN=1198
RAM_SHA256=4f68119aa3244ae0b46cc86df441f257e79f8623ad92ac8c4d75e8116c5beea8
RAM_CHANGED=none
RESULT=trapped=StoreAccessFault,tval=0x0000000080008100
REGS=pc:0x0000000080000000,x1:0x0000000080008100,x4:0x0000000000000000,x5:0x0000000000000000,x6:0x0000000000000000,x7:0x0000000000000000,x8:0x0000000000000000
MMIO_UART_ORDER=
MMIO_DEVICE_HITS=0x0000000010001000:0,0x0000000010000000:0
MMIO_ORDER=
CONTROL_BEFORE_HART_SHA256=e2bb7f33d7e45b2bf51a6474211ec452ff5bc869a24d5e92248242d4470ae43a
TRACE_RECORDS=0
TRACE_SHA256=e3b0c44298fc1c149afbf4c8996fb92427ae41e4649b934ca495991b7852b855
TRACE_CANONICAL_BEGIN
TRACE_CANONICAL_END
END_CASE
CASE scalar-fault-sd mode=cache=cached capture=untraced
HART_SNAPSHOT_SHA256=e2bb7f33d7e45b2bf51a6474211ec452ff5bc869a24d5e92248242d4470ae43a HART_SNAPSHOT_LEN=1198
RAM_SHA256=4f68119aa3244ae0b46cc86df441f257e79f8623ad92ac8c4d75e8116c5beea8
RAM_CHANGED=none
RESULT=trapped=StoreAccessFault,tval=0x0000000080008100
REGS=pc:0x0000000080000000,x1:0x0000000080008100,x4:0x0000000000000000,x5:0x0000000000000000,x6:0x0000000000000000,x7:0x0000000000000000,x8:0x0000000000000000
MMIO_UART_ORDER=
MMIO_DEVICE_HITS=0x0000000010001000:0,0x0000000010000000:0
MMIO_ORDER=
CONTROL_BEFORE_HART_SHA256=e2bb7f33d7e45b2bf51a6474211ec452ff5bc869a24d5e92248242d4470ae43a
TRACE_RECORDS=0
TRACE_SHA256=none
TRACE_CANONICAL=none
END_CASE
CASE scalar-fault-sd mode=cache=cached capture=recording
HART_SNAPSHOT_SHA256=e2bb7f33d7e45b2bf51a6474211ec452ff5bc869a24d5e92248242d4470ae43a HART_SNAPSHOT_LEN=1198
RAM_SHA256=4f68119aa3244ae0b46cc86df441f257e79f8623ad92ac8c4d75e8116c5beea8
RAM_CHANGED=none
RESULT=trapped=StoreAccessFault,tval=0x0000000080008100
REGS=pc:0x0000000080000000,x1:0x0000000080008100,x4:0x0000000000000000,x5:0x0000000000000000,x6:0x0000000000000000,x7:0x0000000000000000,x8:0x0000000000000000
MMIO_UART_ORDER=
MMIO_DEVICE_HITS=0x0000000010001000:0,0x0000000010000000:0
MMIO_ORDER=
CONTROL_BEFORE_HART_SHA256=e2bb7f33d7e45b2bf51a6474211ec452ff5bc869a24d5e92248242d4470ae43a
TRACE_RECORDS=0
TRACE_SHA256=e3b0c44298fc1c149afbf4c8996fb92427ae41e4649b934ca495991b7852b855
TRACE_CANONICAL_BEGIN
TRACE_CANONICAL_END
END_CASE
CASE fp-fault-fsd direct=unit
HART_SNAPSHOT_SHA256=eba4e8981a6373d085a9e6e36b5ec9b2a2a486454eb5f5b441ac28fba0787636 HART_SNAPSHOT_LEN=1198
RAM_SHA256=9dccefbe950dea8849f4b0305a2f53b0b3a7d12d16c0ec72adcfa9b5e856f5ff
RAM_CHANGED=none
RESULT=trap:StoreAccessFault,tval=0x0000000080008100 RETIRED=0
RESERVATION=0x0000000080002000/8
MMIO_UART_ORDER=
BUS_EVENTS=L16@0x0000000080000000=0xb027,L16@0x0000000080000002=0x10,S64@0x0000000080008100<=0x0123456789abcdef:ERR:Access
TRACE_RECORDS=0
TRACE_SHA256=none
TRACE_CANONICAL=none
END_CASE
CASE fp-fault-fsd direct=recording
HART_SNAPSHOT_SHA256=eba4e8981a6373d085a9e6e36b5ec9b2a2a486454eb5f5b441ac28fba0787636 HART_SNAPSHOT_LEN=1198
RAM_SHA256=9dccefbe950dea8849f4b0305a2f53b0b3a7d12d16c0ec72adcfa9b5e856f5ff
RAM_CHANGED=none
RESULT=trap:StoreAccessFault,tval=0x0000000080008100 RETIRED=0
RESERVATION=0x0000000080002000/8
MMIO_UART_ORDER=
BUS_EVENTS=L16@0x0000000080000000=0xb027,L16@0x0000000080000002=0x10,S64@0x0000000080008100<=0x0123456789abcdef:ERR:Access
TRACE_RECORDS=0
TRACE_SHA256=e3b0c44298fc1c149afbf4c8996fb92427ae41e4649b934ca495991b7852b855
TRACE_CANONICAL_BEGIN
TRACE_CANONICAL_END
END_CASE
CASE fp-fault-fsd mode=cache=ordinary capture=untraced
HART_SNAPSHOT_SHA256=eba4e8981a6373d085a9e6e36b5ec9b2a2a486454eb5f5b441ac28fba0787636 HART_SNAPSHOT_LEN=1198
RAM_SHA256=9dccefbe950dea8849f4b0305a2f53b0b3a7d12d16c0ec72adcfa9b5e856f5ff
RAM_CHANGED=none
RESULT=trapped=StoreAccessFault,tval=0x0000000080008100
REGS=pc:0x0000000080000000,x1:0x0000000080008100,x4:0x0000000000000000,x5:0x0000000000000000,x6:0x0000000000000000,x7:0x0000000000000000,x8:0x0000000000000000
MMIO_UART_ORDER=
MMIO_DEVICE_HITS=0x0000000010001000:0,0x0000000010000000:0
MMIO_ORDER=
CONTROL_BEFORE_HART_SHA256=eba4e8981a6373d085a9e6e36b5ec9b2a2a486454eb5f5b441ac28fba0787636
TRACE_RECORDS=0
TRACE_SHA256=none
TRACE_CANONICAL=none
END_CASE
CASE fp-fault-fsd mode=cache=ordinary capture=recording
HART_SNAPSHOT_SHA256=eba4e8981a6373d085a9e6e36b5ec9b2a2a486454eb5f5b441ac28fba0787636 HART_SNAPSHOT_LEN=1198
RAM_SHA256=9dccefbe950dea8849f4b0305a2f53b0b3a7d12d16c0ec72adcfa9b5e856f5ff
RAM_CHANGED=none
RESULT=trapped=StoreAccessFault,tval=0x0000000080008100
REGS=pc:0x0000000080000000,x1:0x0000000080008100,x4:0x0000000000000000,x5:0x0000000000000000,x6:0x0000000000000000,x7:0x0000000000000000,x8:0x0000000000000000
MMIO_UART_ORDER=
MMIO_DEVICE_HITS=0x0000000010001000:0,0x0000000010000000:0
MMIO_ORDER=
CONTROL_BEFORE_HART_SHA256=eba4e8981a6373d085a9e6e36b5ec9b2a2a486454eb5f5b441ac28fba0787636
TRACE_RECORDS=0
TRACE_SHA256=e3b0c44298fc1c149afbf4c8996fb92427ae41e4649b934ca495991b7852b855
TRACE_CANONICAL_BEGIN
TRACE_CANONICAL_END
END_CASE
CASE fp-fault-fsd mode=cache=cached capture=untraced
HART_SNAPSHOT_SHA256=eba4e8981a6373d085a9e6e36b5ec9b2a2a486454eb5f5b441ac28fba0787636 HART_SNAPSHOT_LEN=1198
RAM_SHA256=9dccefbe950dea8849f4b0305a2f53b0b3a7d12d16c0ec72adcfa9b5e856f5ff
RAM_CHANGED=none
RESULT=trapped=StoreAccessFault,tval=0x0000000080008100
REGS=pc:0x0000000080000000,x1:0x0000000080008100,x4:0x0000000000000000,x5:0x0000000000000000,x6:0x0000000000000000,x7:0x0000000000000000,x8:0x0000000000000000
MMIO_UART_ORDER=
MMIO_DEVICE_HITS=0x0000000010001000:0,0x0000000010000000:0
MMIO_ORDER=
CONTROL_BEFORE_HART_SHA256=eba4e8981a6373d085a9e6e36b5ec9b2a2a486454eb5f5b441ac28fba0787636
TRACE_RECORDS=0
TRACE_SHA256=none
TRACE_CANONICAL=none
END_CASE
CASE fp-fault-fsd mode=cache=cached capture=recording
HART_SNAPSHOT_SHA256=eba4e8981a6373d085a9e6e36b5ec9b2a2a486454eb5f5b441ac28fba0787636 HART_SNAPSHOT_LEN=1198
RAM_SHA256=9dccefbe950dea8849f4b0305a2f53b0b3a7d12d16c0ec72adcfa9b5e856f5ff
RAM_CHANGED=none
RESULT=trapped=StoreAccessFault,tval=0x0000000080008100
REGS=pc:0x0000000080000000,x1:0x0000000080008100,x4:0x0000000000000000,x5:0x0000000000000000,x6:0x0000000000000000,x7:0x0000000000000000,x8:0x0000000000000000
MMIO_UART_ORDER=
MMIO_DEVICE_HITS=0x0000000010001000:0,0x0000000010000000:0
MMIO_ORDER=
CONTROL_BEFORE_HART_SHA256=eba4e8981a6373d085a9e6e36b5ec9b2a2a486454eb5f5b441ac28fba0787636
TRACE_RECORDS=0
TRACE_SHA256=e3b0c44298fc1c149afbf4c8996fb92427ae41e4649b934ca495991b7852b855
TRACE_CANONICAL_BEGIN
TRACE_CANONICAL_END
END_CASE
CASE lr-sc-success direct=unit
HART_SNAPSHOT_SHA256=aedf95b9a26f874f2529ab2acdc9adadedb2900c90ea6cf471aedac5b667d8e9 HART_SNAPSHOT_LEN=1189
RAM_SHA256=1607642eef8a27ce82a39f0c357e4999cea923c4d67c7ed7acb5ed8f94f968dc
RAM_CHANGED=0x80002000:20
RESULT=ok RETIRED=2
RESERVATION=none
MMIO_UART_ORDER=
BUS_EVENTS=L16@0x0000000080000000=0x22af,L16@0x0000000080000002=0x1005,L32@0x0000000080002000=0x10,L16@0x0000000080000004=0x22af,L16@0x0000000080000006=0x1865,S32@0x0000000080002000<=0x0000000000000020:OK
TRACE_RECORDS=0
TRACE_SHA256=none
TRACE_CANONICAL=none
END_CASE
CASE lr-sc-success direct=recording
HART_SNAPSHOT_SHA256=aedf95b9a26f874f2529ab2acdc9adadedb2900c90ea6cf471aedac5b667d8e9 HART_SNAPSHOT_LEN=1189
RAM_SHA256=1607642eef8a27ce82a39f0c357e4999cea923c4d67c7ed7acb5ed8f94f968dc
RAM_CHANGED=0x80002000:20
RESULT=ok RETIRED=2
RESERVATION=none
MMIO_UART_ORDER=
BUS_EVENTS=L16@0x0000000080000000=0x22af,L16@0x0000000080000002=0x1005,L32@0x0000000080002000=0x10,L16@0x0000000080000004=0x22af,L16@0x0000000080000006=0x1865,S32@0x0000000080002000<=0x0000000000000020:OK
TRACE_RECORDS=2
TRACE_SHA256=b9746993f3d86d34724cceca8e6ea9deb8f62c130ab6d543741481ed7f74a47c
TRACE_CANONICAL_BEGIN
core 0: 0x0000000080000000 (0x100522af) x5 0x0000000000000010 mem 0x0000000080002000
core 0: 0x0000000080000004 (0x186522af) x5 0x0000000000000000 mem 0x0000000080002000 0x00000020
TRACE_CANONICAL_END
END_CASE
CASE lr-sc-success mode=cache=ordinary capture=untraced
HART_SNAPSHOT_SHA256=aedf95b9a26f874f2529ab2acdc9adadedb2900c90ea6cf471aedac5b667d8e9 HART_SNAPSHOT_LEN=1189
RAM_SHA256=1607642eef8a27ce82a39f0c357e4999cea923c4d67c7ed7acb5ed8f94f968dc
RAM_CHANGED=0x80002000:20
RESULT=max-instrs
REGS=pc:0x0000000080000008,x1:0x0000000000000000,x4:0x0000000000000000,x5:0x0000000000000000,x6:0x0000000000000020,x7:0x0000000000000000,x8:0x0000000000000000
MMIO_UART_ORDER=
MMIO_DEVICE_HITS=0x0000000010001000:0,0x0000000010000000:0
MMIO_ORDER=
CONTROL_BEFORE_HART_SHA256=e21e88c16a7eb547951dbc223c16658fcd3cb225968914107a5583f33913a1af
TRACE_RECORDS=0
TRACE_SHA256=none
TRACE_CANONICAL=none
END_CASE
CASE lr-sc-success mode=cache=ordinary capture=recording
HART_SNAPSHOT_SHA256=aedf95b9a26f874f2529ab2acdc9adadedb2900c90ea6cf471aedac5b667d8e9 HART_SNAPSHOT_LEN=1189
RAM_SHA256=1607642eef8a27ce82a39f0c357e4999cea923c4d67c7ed7acb5ed8f94f968dc
RAM_CHANGED=0x80002000:20
RESULT=max-instrs
REGS=pc:0x0000000080000008,x1:0x0000000000000000,x4:0x0000000000000000,x5:0x0000000000000000,x6:0x0000000000000020,x7:0x0000000000000000,x8:0x0000000000000000
MMIO_UART_ORDER=
MMIO_DEVICE_HITS=0x0000000010001000:0,0x0000000010000000:0
MMIO_ORDER=
CONTROL_BEFORE_HART_SHA256=e21e88c16a7eb547951dbc223c16658fcd3cb225968914107a5583f33913a1af
TRACE_RECORDS=2
TRACE_SHA256=b9746993f3d86d34724cceca8e6ea9deb8f62c130ab6d543741481ed7f74a47c
TRACE_CANONICAL_BEGIN
core 0: 0x0000000080000000 (0x100522af) x5 0x0000000000000010 mem 0x0000000080002000
core 0: 0x0000000080000004 (0x186522af) x5 0x0000000000000000 mem 0x0000000080002000 0x00000020
TRACE_CANONICAL_END
END_CASE
CASE lr-sc-success mode=cache=cached capture=untraced
HART_SNAPSHOT_SHA256=aedf95b9a26f874f2529ab2acdc9adadedb2900c90ea6cf471aedac5b667d8e9 HART_SNAPSHOT_LEN=1189
RAM_SHA256=1607642eef8a27ce82a39f0c357e4999cea923c4d67c7ed7acb5ed8f94f968dc
RAM_CHANGED=0x80002000:20
RESULT=max-instrs
REGS=pc:0x0000000080000008,x1:0x0000000000000000,x4:0x0000000000000000,x5:0x0000000000000000,x6:0x0000000000000020,x7:0x0000000000000000,x8:0x0000000000000000
MMIO_UART_ORDER=
MMIO_DEVICE_HITS=0x0000000010001000:0,0x0000000010000000:0
MMIO_ORDER=
CONTROL_BEFORE_HART_SHA256=e21e88c16a7eb547951dbc223c16658fcd3cb225968914107a5583f33913a1af
TRACE_RECORDS=0
TRACE_SHA256=none
TRACE_CANONICAL=none
END_CASE
CASE lr-sc-success mode=cache=cached capture=recording
HART_SNAPSHOT_SHA256=aedf95b9a26f874f2529ab2acdc9adadedb2900c90ea6cf471aedac5b667d8e9 HART_SNAPSHOT_LEN=1189
RAM_SHA256=1607642eef8a27ce82a39f0c357e4999cea923c4d67c7ed7acb5ed8f94f968dc
RAM_CHANGED=0x80002000:20
RESULT=max-instrs
REGS=pc:0x0000000080000008,x1:0x0000000000000000,x4:0x0000000000000000,x5:0x0000000000000000,x6:0x0000000000000020,x7:0x0000000000000000,x8:0x0000000000000000
MMIO_UART_ORDER=
MMIO_DEVICE_HITS=0x0000000010001000:0,0x0000000010000000:0
MMIO_ORDER=
CONTROL_BEFORE_HART_SHA256=e21e88c16a7eb547951dbc223c16658fcd3cb225968914107a5583f33913a1af
TRACE_RECORDS=2
TRACE_SHA256=b9746993f3d86d34724cceca8e6ea9deb8f62c130ab6d543741481ed7f74a47c
TRACE_CANONICAL_BEGIN
core 0: 0x0000000080000000 (0x100522af) x5 0x0000000000000010 mem 0x0000000080002000
core 0: 0x0000000080000004 (0x186522af) x5 0x0000000000000000 mem 0x0000000080002000 0x00000020
TRACE_CANONICAL_END
END_CASE
CASE lr-sc-d-success direct=unit
HART_SNAPSHOT_SHA256=aedf95b9a26f874f2529ab2acdc9adadedb2900c90ea6cf471aedac5b667d8e9 HART_SNAPSHOT_LEN=1189
RAM_SHA256=0e1d8b944dc8f9105fd83027f606aa54cf7fff3b5c9967be203003e33d8f66e2
RAM_CHANGED=0x80002000:20
RESULT=ok RETIRED=2
RESERVATION=none
MMIO_UART_ORDER=
BUS_EVENTS=L16@0x0000000080000000=0x32af,L16@0x0000000080000002=0x1005,L64@0x0000000080002000=0x10,L16@0x0000000080000004=0x32af,L16@0x0000000080000006=0x1865,S64@0x0000000080002000<=0x0000000000000020:OK
TRACE_RECORDS=0
TRACE_SHA256=none
TRACE_CANONICAL=none
END_CASE
CASE lr-sc-d-success direct=recording
HART_SNAPSHOT_SHA256=aedf95b9a26f874f2529ab2acdc9adadedb2900c90ea6cf471aedac5b667d8e9 HART_SNAPSHOT_LEN=1189
RAM_SHA256=0e1d8b944dc8f9105fd83027f606aa54cf7fff3b5c9967be203003e33d8f66e2
RAM_CHANGED=0x80002000:20
RESULT=ok RETIRED=2
RESERVATION=none
MMIO_UART_ORDER=
BUS_EVENTS=L16@0x0000000080000000=0x32af,L16@0x0000000080000002=0x1005,L64@0x0000000080002000=0x10,L16@0x0000000080000004=0x32af,L16@0x0000000080000006=0x1865,S64@0x0000000080002000<=0x0000000000000020:OK
TRACE_RECORDS=2
TRACE_SHA256=7f326752b757fd015b51036d2824535d9e37118bdcdc94f317af39f6137c14ab
TRACE_CANONICAL_BEGIN
core 0: 0x0000000080000000 (0x100532af) x5 0x0000000000000010 mem 0x0000000080002000
core 0: 0x0000000080000004 (0x186532af) x5 0x0000000000000000 mem 0x0000000080002000 0x0000000000000020
TRACE_CANONICAL_END
END_CASE
CASE lr-sc-d-success mode=cache=ordinary capture=untraced
HART_SNAPSHOT_SHA256=aedf95b9a26f874f2529ab2acdc9adadedb2900c90ea6cf471aedac5b667d8e9 HART_SNAPSHOT_LEN=1189
RAM_SHA256=0e1d8b944dc8f9105fd83027f606aa54cf7fff3b5c9967be203003e33d8f66e2
RAM_CHANGED=0x80002000:20
RESULT=max-instrs
REGS=pc:0x0000000080000008,x1:0x0000000000000000,x4:0x0000000000000000,x5:0x0000000000000000,x6:0x0000000000000020,x7:0x0000000000000000,x8:0x0000000000000000
MMIO_UART_ORDER=
MMIO_DEVICE_HITS=0x0000000010001000:0,0x0000000010000000:0
MMIO_ORDER=
CONTROL_BEFORE_HART_SHA256=e21e88c16a7eb547951dbc223c16658fcd3cb225968914107a5583f33913a1af
TRACE_RECORDS=0
TRACE_SHA256=none
TRACE_CANONICAL=none
END_CASE
CASE lr-sc-d-success mode=cache=ordinary capture=recording
HART_SNAPSHOT_SHA256=aedf95b9a26f874f2529ab2acdc9adadedb2900c90ea6cf471aedac5b667d8e9 HART_SNAPSHOT_LEN=1189
RAM_SHA256=0e1d8b944dc8f9105fd83027f606aa54cf7fff3b5c9967be203003e33d8f66e2
RAM_CHANGED=0x80002000:20
RESULT=max-instrs
REGS=pc:0x0000000080000008,x1:0x0000000000000000,x4:0x0000000000000000,x5:0x0000000000000000,x6:0x0000000000000020,x7:0x0000000000000000,x8:0x0000000000000000
MMIO_UART_ORDER=
MMIO_DEVICE_HITS=0x0000000010001000:0,0x0000000010000000:0
MMIO_ORDER=
CONTROL_BEFORE_HART_SHA256=e21e88c16a7eb547951dbc223c16658fcd3cb225968914107a5583f33913a1af
TRACE_RECORDS=2
TRACE_SHA256=7f326752b757fd015b51036d2824535d9e37118bdcdc94f317af39f6137c14ab
TRACE_CANONICAL_BEGIN
core 0: 0x0000000080000000 (0x100532af) x5 0x0000000000000010 mem 0x0000000080002000
core 0: 0x0000000080000004 (0x186532af) x5 0x0000000000000000 mem 0x0000000080002000 0x0000000000000020
TRACE_CANONICAL_END
END_CASE
CASE lr-sc-d-success mode=cache=cached capture=untraced
HART_SNAPSHOT_SHA256=aedf95b9a26f874f2529ab2acdc9adadedb2900c90ea6cf471aedac5b667d8e9 HART_SNAPSHOT_LEN=1189
RAM_SHA256=0e1d8b944dc8f9105fd83027f606aa54cf7fff3b5c9967be203003e33d8f66e2
RAM_CHANGED=0x80002000:20
RESULT=max-instrs
REGS=pc:0x0000000080000008,x1:0x0000000000000000,x4:0x0000000000000000,x5:0x0000000000000000,x6:0x0000000000000020,x7:0x0000000000000000,x8:0x0000000000000000
MMIO_UART_ORDER=
MMIO_DEVICE_HITS=0x0000000010001000:0,0x0000000010000000:0
MMIO_ORDER=
CONTROL_BEFORE_HART_SHA256=e21e88c16a7eb547951dbc223c16658fcd3cb225968914107a5583f33913a1af
TRACE_RECORDS=0
TRACE_SHA256=none
TRACE_CANONICAL=none
END_CASE
CASE lr-sc-d-success mode=cache=cached capture=recording
HART_SNAPSHOT_SHA256=aedf95b9a26f874f2529ab2acdc9adadedb2900c90ea6cf471aedac5b667d8e9 HART_SNAPSHOT_LEN=1189
RAM_SHA256=0e1d8b944dc8f9105fd83027f606aa54cf7fff3b5c9967be203003e33d8f66e2
RAM_CHANGED=0x80002000:20
RESULT=max-instrs
REGS=pc:0x0000000080000008,x1:0x0000000000000000,x4:0x0000000000000000,x5:0x0000000000000000,x6:0x0000000000000020,x7:0x0000000000000000,x8:0x0000000000000000
MMIO_UART_ORDER=
MMIO_DEVICE_HITS=0x0000000010001000:0,0x0000000010000000:0
MMIO_ORDER=
CONTROL_BEFORE_HART_SHA256=e21e88c16a7eb547951dbc223c16658fcd3cb225968914107a5583f33913a1af
TRACE_RECORDS=2
TRACE_SHA256=7f326752b757fd015b51036d2824535d9e37118bdcdc94f317af39f6137c14ab
TRACE_CANONICAL_BEGIN
core 0: 0x0000000080000000 (0x100532af) x5 0x0000000000000010 mem 0x0000000080002000
core 0: 0x0000000080000004 (0x186532af) x5 0x0000000000000000 mem 0x0000000080002000 0x0000000000000020
TRACE_CANONICAL_END
END_CASE
CASE lr-sc-overlap-failure direct=unit
HART_SNAPSHOT_SHA256=15f49ffa39ca3f510c9501cc31996a641499d2278d7c94a3efed56b7e4951ae0 HART_SNAPSHOT_LEN=1189
RAM_SHA256=1054408e45d1d320e20602d0144cbfb67a984e5013ca30d715c5fbb4fb7e023f
RAM_CHANGED=0x80002000:30
RESULT=ok RETIRED=3
RESERVATION=none
MMIO_UART_ORDER=
BUS_EVENTS=L16@0x0000000080000000=0x22af,L16@0x0000000080000002=0x1005,L32@0x0000000080002000=0x10,L16@0x0000000080000004=0x2023,L16@0x0000000080000006=0x75,S32@0x0000000080002000<=0x0000000000000030:OK,L16@0x0000000080000008=0x22af,L16@0x000000008000000a=0x1865
TRACE_RECORDS=0
TRACE_SHA256=none
TRACE_CANONICAL=none
END_CASE
CASE lr-sc-overlap-failure direct=recording
HART_SNAPSHOT_SHA256=15f49ffa39ca3f510c9501cc31996a641499d2278d7c94a3efed56b7e4951ae0 HART_SNAPSHOT_LEN=1189
RAM_SHA256=1054408e45d1d320e20602d0144cbfb67a984e5013ca30d715c5fbb4fb7e023f
RAM_CHANGED=0x80002000:30
RESULT=ok RETIRED=3
RESERVATION=none
MMIO_UART_ORDER=
BUS_EVENTS=L16@0x0000000080000000=0x22af,L16@0x0000000080000002=0x1005,L32@0x0000000080002000=0x10,L16@0x0000000080000004=0x2023,L16@0x0000000080000006=0x75,S32@0x0000000080002000<=0x0000000000000030:OK,L16@0x0000000080000008=0x22af,L16@0x000000008000000a=0x1865
TRACE_RECORDS=3
TRACE_SHA256=ef6c98c3afa2416e3a8cf79a8a79599eb34bbdf05989ee71a21092e306570b55
TRACE_CANONICAL_BEGIN
core 0: 0x0000000080000000 (0x100522af) x5 0x0000000000000010 mem 0x0000000080002000
core 0: 0x0000000080000004 (0x00752023) mem 0x0000000080002000 0x00000030
core 0: 0x0000000080000008 (0x186522af) x5 0x0000000000000001
TRACE_CANONICAL_END
END_CASE
CASE lr-sc-overlap-failure mode=cache=ordinary capture=untraced
HART_SNAPSHOT_SHA256=15f49ffa39ca3f510c9501cc31996a641499d2278d7c94a3efed56b7e4951ae0 HART_SNAPSHOT_LEN=1189
RAM_SHA256=1054408e45d1d320e20602d0144cbfb67a984e5013ca30d715c5fbb4fb7e023f
RAM_CHANGED=0x80002000:30
RESULT=max-instrs
REGS=pc:0x000000008000000c,x1:0x0000000000000000,x4:0x0000000000000000,x5:0x0000000000000001,x6:0x0000000000000020,x7:0x0000000000000030,x8:0x0000000000000000
MMIO_UART_ORDER=
MMIO_DEVICE_HITS=0x0000000010001000:0,0x0000000010000000:0
MMIO_ORDER=
CONTROL_BEFORE_HART_SHA256=5ae7d97cdddd0273b5aff8f17f3b1f60038eaa0560baeeeb1c9e1e2a638278dc
TRACE_RECORDS=0
TRACE_SHA256=none
TRACE_CANONICAL=none
END_CASE
CASE lr-sc-overlap-failure mode=cache=ordinary capture=recording
HART_SNAPSHOT_SHA256=15f49ffa39ca3f510c9501cc31996a641499d2278d7c94a3efed56b7e4951ae0 HART_SNAPSHOT_LEN=1189
RAM_SHA256=1054408e45d1d320e20602d0144cbfb67a984e5013ca30d715c5fbb4fb7e023f
RAM_CHANGED=0x80002000:30
RESULT=max-instrs
REGS=pc:0x000000008000000c,x1:0x0000000000000000,x4:0x0000000000000000,x5:0x0000000000000001,x6:0x0000000000000020,x7:0x0000000000000030,x8:0x0000000000000000
MMIO_UART_ORDER=
MMIO_DEVICE_HITS=0x0000000010001000:0,0x0000000010000000:0
MMIO_ORDER=
CONTROL_BEFORE_HART_SHA256=5ae7d97cdddd0273b5aff8f17f3b1f60038eaa0560baeeeb1c9e1e2a638278dc
TRACE_RECORDS=3
TRACE_SHA256=ef6c98c3afa2416e3a8cf79a8a79599eb34bbdf05989ee71a21092e306570b55
TRACE_CANONICAL_BEGIN
core 0: 0x0000000080000000 (0x100522af) x5 0x0000000000000010 mem 0x0000000080002000
core 0: 0x0000000080000004 (0x00752023) mem 0x0000000080002000 0x00000030
core 0: 0x0000000080000008 (0x186522af) x5 0x0000000000000001
TRACE_CANONICAL_END
END_CASE
CASE lr-sc-overlap-failure mode=cache=cached capture=untraced
HART_SNAPSHOT_SHA256=15f49ffa39ca3f510c9501cc31996a641499d2278d7c94a3efed56b7e4951ae0 HART_SNAPSHOT_LEN=1189
RAM_SHA256=1054408e45d1d320e20602d0144cbfb67a984e5013ca30d715c5fbb4fb7e023f
RAM_CHANGED=0x80002000:30
RESULT=max-instrs
REGS=pc:0x000000008000000c,x1:0x0000000000000000,x4:0x0000000000000000,x5:0x0000000000000001,x6:0x0000000000000020,x7:0x0000000000000030,x8:0x0000000000000000
MMIO_UART_ORDER=
MMIO_DEVICE_HITS=0x0000000010001000:0,0x0000000010000000:0
MMIO_ORDER=
CONTROL_BEFORE_HART_SHA256=5ae7d97cdddd0273b5aff8f17f3b1f60038eaa0560baeeeb1c9e1e2a638278dc
TRACE_RECORDS=0
TRACE_SHA256=none
TRACE_CANONICAL=none
END_CASE
CASE lr-sc-overlap-failure mode=cache=cached capture=recording
HART_SNAPSHOT_SHA256=15f49ffa39ca3f510c9501cc31996a641499d2278d7c94a3efed56b7e4951ae0 HART_SNAPSHOT_LEN=1189
RAM_SHA256=1054408e45d1d320e20602d0144cbfb67a984e5013ca30d715c5fbb4fb7e023f
RAM_CHANGED=0x80002000:30
RESULT=max-instrs
REGS=pc:0x000000008000000c,x1:0x0000000000000000,x4:0x0000000000000000,x5:0x0000000000000001,x6:0x0000000000000020,x7:0x0000000000000030,x8:0x0000000000000000
MMIO_UART_ORDER=
MMIO_DEVICE_HITS=0x0000000010001000:0,0x0000000010000000:0
MMIO_ORDER=
CONTROL_BEFORE_HART_SHA256=5ae7d97cdddd0273b5aff8f17f3b1f60038eaa0560baeeeb1c9e1e2a638278dc
TRACE_RECORDS=3
TRACE_SHA256=ef6c98c3afa2416e3a8cf79a8a79599eb34bbdf05989ee71a21092e306570b55
TRACE_CANONICAL_BEGIN
core 0: 0x0000000080000000 (0x100522af) x5 0x0000000000000010 mem 0x0000000080002000
core 0: 0x0000000080000004 (0x00752023) mem 0x0000000080002000 0x00000030
core 0: 0x0000000080000008 (0x186522af) x5 0x0000000000000001
TRACE_CANONICAL_END
END_CASE
CASE lr-sc-d-overlap-failure direct=unit
HART_SNAPSHOT_SHA256=15f49ffa39ca3f510c9501cc31996a641499d2278d7c94a3efed56b7e4951ae0 HART_SNAPSHOT_LEN=1189
RAM_SHA256=43548fc9b069acb97a894cd1fa1e7525913144aa512d6265b80d5ea934b3aca6
RAM_CHANGED=0x80002000:30
RESULT=ok RETIRED=3
RESERVATION=none
MMIO_UART_ORDER=
BUS_EVENTS=L16@0x0000000080000000=0x32af,L16@0x0000000080000002=0x1005,L64@0x0000000080002000=0x10,L16@0x0000000080000004=0x3023,L16@0x0000000080000006=0x75,S64@0x0000000080002000<=0x0000000000000030:OK,L16@0x0000000080000008=0x32af,L16@0x000000008000000a=0x1865
TRACE_RECORDS=0
TRACE_SHA256=none
TRACE_CANONICAL=none
END_CASE
CASE lr-sc-d-overlap-failure direct=recording
HART_SNAPSHOT_SHA256=15f49ffa39ca3f510c9501cc31996a641499d2278d7c94a3efed56b7e4951ae0 HART_SNAPSHOT_LEN=1189
RAM_SHA256=43548fc9b069acb97a894cd1fa1e7525913144aa512d6265b80d5ea934b3aca6
RAM_CHANGED=0x80002000:30
RESULT=ok RETIRED=3
RESERVATION=none
MMIO_UART_ORDER=
BUS_EVENTS=L16@0x0000000080000000=0x32af,L16@0x0000000080000002=0x1005,L64@0x0000000080002000=0x10,L16@0x0000000080000004=0x3023,L16@0x0000000080000006=0x75,S64@0x0000000080002000<=0x0000000000000030:OK,L16@0x0000000080000008=0x32af,L16@0x000000008000000a=0x1865
TRACE_RECORDS=3
TRACE_SHA256=ef0f4a2b2375645c526aa0629ba43f5825eaeb02089408064ad512e8c6a60d90
TRACE_CANONICAL_BEGIN
core 0: 0x0000000080000000 (0x100532af) x5 0x0000000000000010 mem 0x0000000080002000
core 0: 0x0000000080000004 (0x00753023) mem 0x0000000080002000 0x0000000000000030
core 0: 0x0000000080000008 (0x186532af) x5 0x0000000000000001
TRACE_CANONICAL_END
END_CASE
CASE lr-sc-d-overlap-failure mode=cache=ordinary capture=untraced
HART_SNAPSHOT_SHA256=15f49ffa39ca3f510c9501cc31996a641499d2278d7c94a3efed56b7e4951ae0 HART_SNAPSHOT_LEN=1189
RAM_SHA256=43548fc9b069acb97a894cd1fa1e7525913144aa512d6265b80d5ea934b3aca6
RAM_CHANGED=0x80002000:30
RESULT=max-instrs
REGS=pc:0x000000008000000c,x1:0x0000000000000000,x4:0x0000000000000000,x5:0x0000000000000001,x6:0x0000000000000020,x7:0x0000000000000030,x8:0x0000000000000000
MMIO_UART_ORDER=
MMIO_DEVICE_HITS=0x0000000010001000:0,0x0000000010000000:0
MMIO_ORDER=
CONTROL_BEFORE_HART_SHA256=5ae7d97cdddd0273b5aff8f17f3b1f60038eaa0560baeeeb1c9e1e2a638278dc
TRACE_RECORDS=0
TRACE_SHA256=none
TRACE_CANONICAL=none
END_CASE
CASE lr-sc-d-overlap-failure mode=cache=ordinary capture=recording
HART_SNAPSHOT_SHA256=15f49ffa39ca3f510c9501cc31996a641499d2278d7c94a3efed56b7e4951ae0 HART_SNAPSHOT_LEN=1189
RAM_SHA256=43548fc9b069acb97a894cd1fa1e7525913144aa512d6265b80d5ea934b3aca6
RAM_CHANGED=0x80002000:30
RESULT=max-instrs
REGS=pc:0x000000008000000c,x1:0x0000000000000000,x4:0x0000000000000000,x5:0x0000000000000001,x6:0x0000000000000020,x7:0x0000000000000030,x8:0x0000000000000000
MMIO_UART_ORDER=
MMIO_DEVICE_HITS=0x0000000010001000:0,0x0000000010000000:0
MMIO_ORDER=
CONTROL_BEFORE_HART_SHA256=5ae7d97cdddd0273b5aff8f17f3b1f60038eaa0560baeeeb1c9e1e2a638278dc
TRACE_RECORDS=3
TRACE_SHA256=ef0f4a2b2375645c526aa0629ba43f5825eaeb02089408064ad512e8c6a60d90
TRACE_CANONICAL_BEGIN
core 0: 0x0000000080000000 (0x100532af) x5 0x0000000000000010 mem 0x0000000080002000
core 0: 0x0000000080000004 (0x00753023) mem 0x0000000080002000 0x0000000000000030
core 0: 0x0000000080000008 (0x186532af) x5 0x0000000000000001
TRACE_CANONICAL_END
END_CASE
CASE lr-sc-d-overlap-failure mode=cache=cached capture=untraced
HART_SNAPSHOT_SHA256=15f49ffa39ca3f510c9501cc31996a641499d2278d7c94a3efed56b7e4951ae0 HART_SNAPSHOT_LEN=1189
RAM_SHA256=43548fc9b069acb97a894cd1fa1e7525913144aa512d6265b80d5ea934b3aca6
RAM_CHANGED=0x80002000:30
RESULT=max-instrs
REGS=pc:0x000000008000000c,x1:0x0000000000000000,x4:0x0000000000000000,x5:0x0000000000000001,x6:0x0000000000000020,x7:0x0000000000000030,x8:0x0000000000000000
MMIO_UART_ORDER=
MMIO_DEVICE_HITS=0x0000000010001000:0,0x0000000010000000:0
MMIO_ORDER=
CONTROL_BEFORE_HART_SHA256=5ae7d97cdddd0273b5aff8f17f3b1f60038eaa0560baeeeb1c9e1e2a638278dc
TRACE_RECORDS=0
TRACE_SHA256=none
TRACE_CANONICAL=none
END_CASE
CASE lr-sc-d-overlap-failure mode=cache=cached capture=recording
HART_SNAPSHOT_SHA256=15f49ffa39ca3f510c9501cc31996a641499d2278d7c94a3efed56b7e4951ae0 HART_SNAPSHOT_LEN=1189
RAM_SHA256=43548fc9b069acb97a894cd1fa1e7525913144aa512d6265b80d5ea934b3aca6
RAM_CHANGED=0x80002000:30
RESULT=max-instrs
REGS=pc:0x000000008000000c,x1:0x0000000000000000,x4:0x0000000000000000,x5:0x0000000000000001,x6:0x0000000000000020,x7:0x0000000000000030,x8:0x0000000000000000
MMIO_UART_ORDER=
MMIO_DEVICE_HITS=0x0000000010001000:0,0x0000000010000000:0
MMIO_ORDER=
CONTROL_BEFORE_HART_SHA256=5ae7d97cdddd0273b5aff8f17f3b1f60038eaa0560baeeeb1c9e1e2a638278dc
TRACE_RECORDS=3
TRACE_SHA256=ef0f4a2b2375645c526aa0629ba43f5825eaeb02089408064ad512e8c6a60d90
TRACE_CANONICAL_BEGIN
core 0: 0x0000000080000000 (0x100532af) x5 0x0000000000000010 mem 0x0000000080002000
core 0: 0x0000000080000004 (0x00753023) mem 0x0000000080002000 0x0000000000000030
core 0: 0x0000000080000008 (0x186532af) x5 0x0000000000000001
TRACE_CANONICAL_END
END_CASE
CASE lr-align-trap direct=unit
HART_SNAPSHOT_SHA256=0b37b998ac0429f6763d89a77a5cbd61029c58985ef93cbbdf944d8fbf3407e4 HART_SNAPSHOT_LEN=1198
RAM_SHA256=0cfe3d065ab7479ee71cb974e0955436b9705f1308114993befe3da00f001db7
RAM_CHANGED=none
RESULT=trap:LoadAddrMisaligned,tval=0x0000000080002002 RETIRED=0
RESERVATION=0x0000000080002000/4
MMIO_UART_ORDER=
BUS_EVENTS=L16@0x0000000080000000=0x22af,L16@0x0000000080000002=0x1005
TRACE_RECORDS=0
TRACE_SHA256=none
TRACE_CANONICAL=none
END_CASE
CASE lr-align-trap direct=recording
HART_SNAPSHOT_SHA256=0b37b998ac0429f6763d89a77a5cbd61029c58985ef93cbbdf944d8fbf3407e4 HART_SNAPSHOT_LEN=1198
RAM_SHA256=0cfe3d065ab7479ee71cb974e0955436b9705f1308114993befe3da00f001db7
RAM_CHANGED=none
RESULT=trap:LoadAddrMisaligned,tval=0x0000000080002002 RETIRED=0
RESERVATION=0x0000000080002000/4
MMIO_UART_ORDER=
BUS_EVENTS=L16@0x0000000080000000=0x22af,L16@0x0000000080000002=0x1005
TRACE_RECORDS=0
TRACE_SHA256=e3b0c44298fc1c149afbf4c8996fb92427ae41e4649b934ca495991b7852b855
TRACE_CANONICAL_BEGIN
TRACE_CANONICAL_END
END_CASE
CASE lr-align-trap mode=cache=ordinary capture=untraced
HART_SNAPSHOT_SHA256=0b37b998ac0429f6763d89a77a5cbd61029c58985ef93cbbdf944d8fbf3407e4 HART_SNAPSHOT_LEN=1198
RAM_SHA256=0cfe3d065ab7479ee71cb974e0955436b9705f1308114993befe3da00f001db7
RAM_CHANGED=none
RESULT=trapped=LoadAddrMisaligned,tval=0x0000000080002002
REGS=pc:0x0000000080000000,x1:0x0000000000000000,x4:0x0000000000000000,x5:0x0000000000000000,x6:0x0000000000000099,x7:0x0000000000000000,x8:0x0000000000000000
MMIO_UART_ORDER=
MMIO_DEVICE_HITS=0x0000000010001000:0,0x0000000010000000:0
MMIO_ORDER=
CONTROL_BEFORE_HART_SHA256=0b37b998ac0429f6763d89a77a5cbd61029c58985ef93cbbdf944d8fbf3407e4
TRACE_RECORDS=0
TRACE_SHA256=none
TRACE_CANONICAL=none
END_CASE
CASE lr-align-trap mode=cache=ordinary capture=recording
HART_SNAPSHOT_SHA256=0b37b998ac0429f6763d89a77a5cbd61029c58985ef93cbbdf944d8fbf3407e4 HART_SNAPSHOT_LEN=1198
RAM_SHA256=0cfe3d065ab7479ee71cb974e0955436b9705f1308114993befe3da00f001db7
RAM_CHANGED=none
RESULT=trapped=LoadAddrMisaligned,tval=0x0000000080002002
REGS=pc:0x0000000080000000,x1:0x0000000000000000,x4:0x0000000000000000,x5:0x0000000000000000,x6:0x0000000000000099,x7:0x0000000000000000,x8:0x0000000000000000
MMIO_UART_ORDER=
MMIO_DEVICE_HITS=0x0000000010001000:0,0x0000000010000000:0
MMIO_ORDER=
CONTROL_BEFORE_HART_SHA256=0b37b998ac0429f6763d89a77a5cbd61029c58985ef93cbbdf944d8fbf3407e4
TRACE_RECORDS=0
TRACE_SHA256=e3b0c44298fc1c149afbf4c8996fb92427ae41e4649b934ca495991b7852b855
TRACE_CANONICAL_BEGIN
TRACE_CANONICAL_END
END_CASE
CASE lr-align-trap mode=cache=cached capture=untraced
HART_SNAPSHOT_SHA256=0b37b998ac0429f6763d89a77a5cbd61029c58985ef93cbbdf944d8fbf3407e4 HART_SNAPSHOT_LEN=1198
RAM_SHA256=0cfe3d065ab7479ee71cb974e0955436b9705f1308114993befe3da00f001db7
RAM_CHANGED=none
RESULT=trapped=LoadAddrMisaligned,tval=0x0000000080002002
REGS=pc:0x0000000080000000,x1:0x0000000000000000,x4:0x0000000000000000,x5:0x0000000000000000,x6:0x0000000000000099,x7:0x0000000000000000,x8:0x0000000000000000
MMIO_UART_ORDER=
MMIO_DEVICE_HITS=0x0000000010001000:0,0x0000000010000000:0
MMIO_ORDER=
CONTROL_BEFORE_HART_SHA256=0b37b998ac0429f6763d89a77a5cbd61029c58985ef93cbbdf944d8fbf3407e4
TRACE_RECORDS=0
TRACE_SHA256=none
TRACE_CANONICAL=none
END_CASE
CASE lr-align-trap mode=cache=cached capture=recording
HART_SNAPSHOT_SHA256=0b37b998ac0429f6763d89a77a5cbd61029c58985ef93cbbdf944d8fbf3407e4 HART_SNAPSHOT_LEN=1198
RAM_SHA256=0cfe3d065ab7479ee71cb974e0955436b9705f1308114993befe3da00f001db7
RAM_CHANGED=none
RESULT=trapped=LoadAddrMisaligned,tval=0x0000000080002002
REGS=pc:0x0000000080000000,x1:0x0000000000000000,x4:0x0000000000000000,x5:0x0000000000000000,x6:0x0000000000000099,x7:0x0000000000000000,x8:0x0000000000000000
MMIO_UART_ORDER=
MMIO_DEVICE_HITS=0x0000000010001000:0,0x0000000010000000:0
MMIO_ORDER=
CONTROL_BEFORE_HART_SHA256=0b37b998ac0429f6763d89a77a5cbd61029c58985ef93cbbdf944d8fbf3407e4
TRACE_RECORDS=0
TRACE_SHA256=e3b0c44298fc1c149afbf4c8996fb92427ae41e4649b934ca495991b7852b855
TRACE_CANONICAL_BEGIN
TRACE_CANONICAL_END
END_CASE
CASE lr-d-align-trap direct=unit
HART_SNAPSHOT_SHA256=011ab1318a8a03cad5afa134c7fee29d1d0212ccac9e0cdcaf7873d90bf8c354 HART_SNAPSHOT_LEN=1198
RAM_SHA256=1f6a65ace6a3bfb399b159f7e8bce38697781c54d5e88cd01a3bef8080bcd3cf
RAM_CHANGED=none
RESULT=trap:LoadAddrMisaligned,tval=0x0000000080002002 RETIRED=0
RESERVATION=0x0000000080002000/8
MMIO_UART_ORDER=
BUS_EVENTS=L16@0x0000000080000000=0x32af,L16@0x0000000080000002=0x1005
TRACE_RECORDS=0
TRACE_SHA256=none
TRACE_CANONICAL=none
END_CASE
CASE lr-d-align-trap direct=recording
HART_SNAPSHOT_SHA256=011ab1318a8a03cad5afa134c7fee29d1d0212ccac9e0cdcaf7873d90bf8c354 HART_SNAPSHOT_LEN=1198
RAM_SHA256=1f6a65ace6a3bfb399b159f7e8bce38697781c54d5e88cd01a3bef8080bcd3cf
RAM_CHANGED=none
RESULT=trap:LoadAddrMisaligned,tval=0x0000000080002002 RETIRED=0
RESERVATION=0x0000000080002000/8
MMIO_UART_ORDER=
BUS_EVENTS=L16@0x0000000080000000=0x32af,L16@0x0000000080000002=0x1005
TRACE_RECORDS=0
TRACE_SHA256=e3b0c44298fc1c149afbf4c8996fb92427ae41e4649b934ca495991b7852b855
TRACE_CANONICAL_BEGIN
TRACE_CANONICAL_END
END_CASE
CASE lr-d-align-trap mode=cache=ordinary capture=untraced
HART_SNAPSHOT_SHA256=011ab1318a8a03cad5afa134c7fee29d1d0212ccac9e0cdcaf7873d90bf8c354 HART_SNAPSHOT_LEN=1198
RAM_SHA256=1f6a65ace6a3bfb399b159f7e8bce38697781c54d5e88cd01a3bef8080bcd3cf
RAM_CHANGED=none
RESULT=trapped=LoadAddrMisaligned,tval=0x0000000080002002
REGS=pc:0x0000000080000000,x1:0x0000000000000000,x4:0x0000000000000000,x5:0x0000000000000000,x6:0x0000000000000099,x7:0x0000000000000000,x8:0x0000000000000000
MMIO_UART_ORDER=
MMIO_DEVICE_HITS=0x0000000010001000:0,0x0000000010000000:0
MMIO_ORDER=
CONTROL_BEFORE_HART_SHA256=011ab1318a8a03cad5afa134c7fee29d1d0212ccac9e0cdcaf7873d90bf8c354
TRACE_RECORDS=0
TRACE_SHA256=none
TRACE_CANONICAL=none
END_CASE
CASE lr-d-align-trap mode=cache=ordinary capture=recording
HART_SNAPSHOT_SHA256=011ab1318a8a03cad5afa134c7fee29d1d0212ccac9e0cdcaf7873d90bf8c354 HART_SNAPSHOT_LEN=1198
RAM_SHA256=1f6a65ace6a3bfb399b159f7e8bce38697781c54d5e88cd01a3bef8080bcd3cf
RAM_CHANGED=none
RESULT=trapped=LoadAddrMisaligned,tval=0x0000000080002002
REGS=pc:0x0000000080000000,x1:0x0000000000000000,x4:0x0000000000000000,x5:0x0000000000000000,x6:0x0000000000000099,x7:0x0000000000000000,x8:0x0000000000000000
MMIO_UART_ORDER=
MMIO_DEVICE_HITS=0x0000000010001000:0,0x0000000010000000:0
MMIO_ORDER=
CONTROL_BEFORE_HART_SHA256=011ab1318a8a03cad5afa134c7fee29d1d0212ccac9e0cdcaf7873d90bf8c354
TRACE_RECORDS=0
TRACE_SHA256=e3b0c44298fc1c149afbf4c8996fb92427ae41e4649b934ca495991b7852b855
TRACE_CANONICAL_BEGIN
TRACE_CANONICAL_END
END_CASE
CASE lr-d-align-trap mode=cache=cached capture=untraced
HART_SNAPSHOT_SHA256=011ab1318a8a03cad5afa134c7fee29d1d0212ccac9e0cdcaf7873d90bf8c354 HART_SNAPSHOT_LEN=1198
RAM_SHA256=1f6a65ace6a3bfb399b159f7e8bce38697781c54d5e88cd01a3bef8080bcd3cf
RAM_CHANGED=none
RESULT=trapped=LoadAddrMisaligned,tval=0x0000000080002002
REGS=pc:0x0000000080000000,x1:0x0000000000000000,x4:0x0000000000000000,x5:0x0000000000000000,x6:0x0000000000000099,x7:0x0000000000000000,x8:0x0000000000000000
MMIO_UART_ORDER=
MMIO_DEVICE_HITS=0x0000000010001000:0,0x0000000010000000:0
MMIO_ORDER=
CONTROL_BEFORE_HART_SHA256=011ab1318a8a03cad5afa134c7fee29d1d0212ccac9e0cdcaf7873d90bf8c354
TRACE_RECORDS=0
TRACE_SHA256=none
TRACE_CANONICAL=none
END_CASE
CASE lr-d-align-trap mode=cache=cached capture=recording
HART_SNAPSHOT_SHA256=011ab1318a8a03cad5afa134c7fee29d1d0212ccac9e0cdcaf7873d90bf8c354 HART_SNAPSHOT_LEN=1198
RAM_SHA256=1f6a65ace6a3bfb399b159f7e8bce38697781c54d5e88cd01a3bef8080bcd3cf
RAM_CHANGED=none
RESULT=trapped=LoadAddrMisaligned,tval=0x0000000080002002
REGS=pc:0x0000000080000000,x1:0x0000000000000000,x4:0x0000000000000000,x5:0x0000000000000000,x6:0x0000000000000099,x7:0x0000000000000000,x8:0x0000000000000000
MMIO_UART_ORDER=
MMIO_DEVICE_HITS=0x0000000010001000:0,0x0000000010000000:0
MMIO_ORDER=
CONTROL_BEFORE_HART_SHA256=011ab1318a8a03cad5afa134c7fee29d1d0212ccac9e0cdcaf7873d90bf8c354
TRACE_RECORDS=0
TRACE_SHA256=e3b0c44298fc1c149afbf4c8996fb92427ae41e4649b934ca495991b7852b855
TRACE_CANONICAL_BEGIN
TRACE_CANONICAL_END
END_CASE
CASE sc-align-trap-preserves-reservation direct=unit
HART_SNAPSHOT_SHA256=eec52e949bbb1361c8b0163ceefba4326c0627c93816b81bb8e0c6fc74583809 HART_SNAPSHOT_LEN=1198
RAM_SHA256=051a152cc96ebdb342e6629b02d9cafd6e64000269ad41fd84ed7b9c45121d97
RAM_CHANGED=none
RESULT=trap:StoreAddrMisaligned,tval=0x0000000080002002 RETIRED=0
RESERVATION=0x0000000080002002/4
MMIO_UART_ORDER=
BUS_EVENTS=L16@0x0000000080000000=0x22af,L16@0x0000000080000002=0x1865
TRACE_RECORDS=0
TRACE_SHA256=none
TRACE_CANONICAL=none
END_CASE
CASE sc-align-trap-preserves-reservation direct=recording
HART_SNAPSHOT_SHA256=eec52e949bbb1361c8b0163ceefba4326c0627c93816b81bb8e0c6fc74583809 HART_SNAPSHOT_LEN=1198
RAM_SHA256=051a152cc96ebdb342e6629b02d9cafd6e64000269ad41fd84ed7b9c45121d97
RAM_CHANGED=none
RESULT=trap:StoreAddrMisaligned,tval=0x0000000080002002 RETIRED=0
RESERVATION=0x0000000080002002/4
MMIO_UART_ORDER=
BUS_EVENTS=L16@0x0000000080000000=0x22af,L16@0x0000000080000002=0x1865
TRACE_RECORDS=0
TRACE_SHA256=e3b0c44298fc1c149afbf4c8996fb92427ae41e4649b934ca495991b7852b855
TRACE_CANONICAL_BEGIN
TRACE_CANONICAL_END
END_CASE
CASE sc-align-trap-preserves-reservation mode=cache=ordinary capture=untraced
HART_SNAPSHOT_SHA256=eec52e949bbb1361c8b0163ceefba4326c0627c93816b81bb8e0c6fc74583809 HART_SNAPSHOT_LEN=1198
RAM_SHA256=051a152cc96ebdb342e6629b02d9cafd6e64000269ad41fd84ed7b9c45121d97
RAM_CHANGED=none
RESULT=trapped=StoreAddrMisaligned,tval=0x0000000080002002
REGS=pc:0x0000000080000000,x1:0x0000000000000000,x4:0x0000000000000000,x5:0x0000000000000000,x6:0x0000000000000099,x7:0x0000000000000000,x8:0x0000000000000000
MMIO_UART_ORDER=
MMIO_DEVICE_HITS=0x0000000010001000:0,0x0000000010000000:0
MMIO_ORDER=
CONTROL_BEFORE_HART_SHA256=eec52e949bbb1361c8b0163ceefba4326c0627c93816b81bb8e0c6fc74583809
TRACE_RECORDS=0
TRACE_SHA256=none
TRACE_CANONICAL=none
END_CASE
CASE sc-align-trap-preserves-reservation mode=cache=ordinary capture=recording
HART_SNAPSHOT_SHA256=eec52e949bbb1361c8b0163ceefba4326c0627c93816b81bb8e0c6fc74583809 HART_SNAPSHOT_LEN=1198
RAM_SHA256=051a152cc96ebdb342e6629b02d9cafd6e64000269ad41fd84ed7b9c45121d97
RAM_CHANGED=none
RESULT=trapped=StoreAddrMisaligned,tval=0x0000000080002002
REGS=pc:0x0000000080000000,x1:0x0000000000000000,x4:0x0000000000000000,x5:0x0000000000000000,x6:0x0000000000000099,x7:0x0000000000000000,x8:0x0000000000000000
MMIO_UART_ORDER=
MMIO_DEVICE_HITS=0x0000000010001000:0,0x0000000010000000:0
MMIO_ORDER=
CONTROL_BEFORE_HART_SHA256=eec52e949bbb1361c8b0163ceefba4326c0627c93816b81bb8e0c6fc74583809
TRACE_RECORDS=0
TRACE_SHA256=e3b0c44298fc1c149afbf4c8996fb92427ae41e4649b934ca495991b7852b855
TRACE_CANONICAL_BEGIN
TRACE_CANONICAL_END
END_CASE
CASE sc-align-trap-preserves-reservation mode=cache=cached capture=untraced
HART_SNAPSHOT_SHA256=eec52e949bbb1361c8b0163ceefba4326c0627c93816b81bb8e0c6fc74583809 HART_SNAPSHOT_LEN=1198
RAM_SHA256=051a152cc96ebdb342e6629b02d9cafd6e64000269ad41fd84ed7b9c45121d97
RAM_CHANGED=none
RESULT=trapped=StoreAddrMisaligned,tval=0x0000000080002002
REGS=pc:0x0000000080000000,x1:0x0000000000000000,x4:0x0000000000000000,x5:0x0000000000000000,x6:0x0000000000000099,x7:0x0000000000000000,x8:0x0000000000000000
MMIO_UART_ORDER=
MMIO_DEVICE_HITS=0x0000000010001000:0,0x0000000010000000:0
MMIO_ORDER=
CONTROL_BEFORE_HART_SHA256=eec52e949bbb1361c8b0163ceefba4326c0627c93816b81bb8e0c6fc74583809
TRACE_RECORDS=0
TRACE_SHA256=none
TRACE_CANONICAL=none
END_CASE
CASE sc-align-trap-preserves-reservation mode=cache=cached capture=recording
HART_SNAPSHOT_SHA256=eec52e949bbb1361c8b0163ceefba4326c0627c93816b81bb8e0c6fc74583809 HART_SNAPSHOT_LEN=1198
RAM_SHA256=051a152cc96ebdb342e6629b02d9cafd6e64000269ad41fd84ed7b9c45121d97
RAM_CHANGED=none
RESULT=trapped=StoreAddrMisaligned,tval=0x0000000080002002
REGS=pc:0x0000000080000000,x1:0x0000000000000000,x4:0x0000000000000000,x5:0x0000000000000000,x6:0x0000000000000099,x7:0x0000000000000000,x8:0x0000000000000000
MMIO_UART_ORDER=
MMIO_DEVICE_HITS=0x0000000010001000:0,0x0000000010000000:0
MMIO_ORDER=
CONTROL_BEFORE_HART_SHA256=eec52e949bbb1361c8b0163ceefba4326c0627c93816b81bb8e0c6fc74583809
TRACE_RECORDS=0
TRACE_SHA256=e3b0c44298fc1c149afbf4c8996fb92427ae41e4649b934ca495991b7852b855
TRACE_CANONICAL_BEGIN
TRACE_CANONICAL_END
END_CASE
CASE sc-d-align-trap-preserves-reservation direct=unit
HART_SNAPSHOT_SHA256=517956cc49a28e6dd863b8ca2a600f773d8e2bab8911bc91627c8f141d57e80a HART_SNAPSHOT_LEN=1198
RAM_SHA256=a2967cbce8da0259e674ffcf90123dc2c7bcde8cffc02f12a64d5fc1dc7d0ebc
RAM_CHANGED=none
RESULT=trap:StoreAddrMisaligned,tval=0x0000000080002002 RETIRED=0
RESERVATION=0x0000000080002002/8
MMIO_UART_ORDER=
BUS_EVENTS=L16@0x0000000080000000=0x32af,L16@0x0000000080000002=0x1865
TRACE_RECORDS=0
TRACE_SHA256=none
TRACE_CANONICAL=none
END_CASE
CASE sc-d-align-trap-preserves-reservation direct=recording
HART_SNAPSHOT_SHA256=517956cc49a28e6dd863b8ca2a600f773d8e2bab8911bc91627c8f141d57e80a HART_SNAPSHOT_LEN=1198
RAM_SHA256=a2967cbce8da0259e674ffcf90123dc2c7bcde8cffc02f12a64d5fc1dc7d0ebc
RAM_CHANGED=none
RESULT=trap:StoreAddrMisaligned,tval=0x0000000080002002 RETIRED=0
RESERVATION=0x0000000080002002/8
MMIO_UART_ORDER=
BUS_EVENTS=L16@0x0000000080000000=0x32af,L16@0x0000000080000002=0x1865
TRACE_RECORDS=0
TRACE_SHA256=e3b0c44298fc1c149afbf4c8996fb92427ae41e4649b934ca495991b7852b855
TRACE_CANONICAL_BEGIN
TRACE_CANONICAL_END
END_CASE
CASE sc-d-align-trap-preserves-reservation mode=cache=ordinary capture=untraced
HART_SNAPSHOT_SHA256=517956cc49a28e6dd863b8ca2a600f773d8e2bab8911bc91627c8f141d57e80a HART_SNAPSHOT_LEN=1198
RAM_SHA256=a2967cbce8da0259e674ffcf90123dc2c7bcde8cffc02f12a64d5fc1dc7d0ebc
RAM_CHANGED=none
RESULT=trapped=StoreAddrMisaligned,tval=0x0000000080002002
REGS=pc:0x0000000080000000,x1:0x0000000000000000,x4:0x0000000000000000,x5:0x0000000000000000,x6:0x0000000000000099,x7:0x0000000000000000,x8:0x0000000000000000
MMIO_UART_ORDER=
MMIO_DEVICE_HITS=0x0000000010001000:0,0x0000000010000000:0
MMIO_ORDER=
CONTROL_BEFORE_HART_SHA256=517956cc49a28e6dd863b8ca2a600f773d8e2bab8911bc91627c8f141d57e80a
TRACE_RECORDS=0
TRACE_SHA256=none
TRACE_CANONICAL=none
END_CASE
CASE sc-d-align-trap-preserves-reservation mode=cache=ordinary capture=recording
HART_SNAPSHOT_SHA256=517956cc49a28e6dd863b8ca2a600f773d8e2bab8911bc91627c8f141d57e80a HART_SNAPSHOT_LEN=1198
RAM_SHA256=a2967cbce8da0259e674ffcf90123dc2c7bcde8cffc02f12a64d5fc1dc7d0ebc
RAM_CHANGED=none
RESULT=trapped=StoreAddrMisaligned,tval=0x0000000080002002
REGS=pc:0x0000000080000000,x1:0x0000000000000000,x4:0x0000000000000000,x5:0x0000000000000000,x6:0x0000000000000099,x7:0x0000000000000000,x8:0x0000000000000000
MMIO_UART_ORDER=
MMIO_DEVICE_HITS=0x0000000010001000:0,0x0000000010000000:0
MMIO_ORDER=
CONTROL_BEFORE_HART_SHA256=517956cc49a28e6dd863b8ca2a600f773d8e2bab8911bc91627c8f141d57e80a
TRACE_RECORDS=0
TRACE_SHA256=e3b0c44298fc1c149afbf4c8996fb92427ae41e4649b934ca495991b7852b855
TRACE_CANONICAL_BEGIN
TRACE_CANONICAL_END
END_CASE
CASE sc-d-align-trap-preserves-reservation mode=cache=cached capture=untraced
HART_SNAPSHOT_SHA256=517956cc49a28e6dd863b8ca2a600f773d8e2bab8911bc91627c8f141d57e80a HART_SNAPSHOT_LEN=1198
RAM_SHA256=a2967cbce8da0259e674ffcf90123dc2c7bcde8cffc02f12a64d5fc1dc7d0ebc
RAM_CHANGED=none
RESULT=trapped=StoreAddrMisaligned,tval=0x0000000080002002
REGS=pc:0x0000000080000000,x1:0x0000000000000000,x4:0x0000000000000000,x5:0x0000000000000000,x6:0x0000000000000099,x7:0x0000000000000000,x8:0x0000000000000000
MMIO_UART_ORDER=
MMIO_DEVICE_HITS=0x0000000010001000:0,0x0000000010000000:0
MMIO_ORDER=
CONTROL_BEFORE_HART_SHA256=517956cc49a28e6dd863b8ca2a600f773d8e2bab8911bc91627c8f141d57e80a
TRACE_RECORDS=0
TRACE_SHA256=none
TRACE_CANONICAL=none
END_CASE
CASE sc-d-align-trap-preserves-reservation mode=cache=cached capture=recording
HART_SNAPSHOT_SHA256=517956cc49a28e6dd863b8ca2a600f773d8e2bab8911bc91627c8f141d57e80a HART_SNAPSHOT_LEN=1198
RAM_SHA256=a2967cbce8da0259e674ffcf90123dc2c7bcde8cffc02f12a64d5fc1dc7d0ebc
RAM_CHANGED=none
RESULT=trapped=StoreAddrMisaligned,tval=0x0000000080002002
REGS=pc:0x0000000080000000,x1:0x0000000000000000,x4:0x0000000000000000,x5:0x0000000000000000,x6:0x0000000000000099,x7:0x0000000000000000,x8:0x0000000000000000
MMIO_UART_ORDER=
MMIO_DEVICE_HITS=0x0000000010001000:0,0x0000000010000000:0
MMIO_ORDER=
CONTROL_BEFORE_HART_SHA256=517956cc49a28e6dd863b8ca2a600f773d8e2bab8911bc91627c8f141d57e80a
TRACE_RECORDS=0
TRACE_SHA256=e3b0c44298fc1c149afbf4c8996fb92427ae41e4649b934ca495991b7852b855
TRACE_CANONICAL_BEGIN
TRACE_CANONICAL_END
END_CASE
CASE sc-access-fault-consumes-reservation direct=unit
HART_SNAPSHOT_SHA256=edd75c8d2e9560f8c42322cfd88eb53cac586f1f33da75ac91c5fa34d1b5314f HART_SNAPSHOT_LEN=1189
RAM_SHA256=051a152cc96ebdb342e6629b02d9cafd6e64000269ad41fd84ed7b9c45121d97
RAM_CHANGED=none
RESULT=trap:StoreAccessFault,tval=0x0000000080008100 RETIRED=0
RESERVATION=none
MMIO_UART_ORDER=
BUS_EVENTS=L16@0x0000000080000000=0x22af,L16@0x0000000080000002=0x1865,S32@0x0000000080008100<=0x0000000000000099:ERR:Access
TRACE_RECORDS=0
TRACE_SHA256=none
TRACE_CANONICAL=none
END_CASE
CASE sc-access-fault-consumes-reservation direct=recording
HART_SNAPSHOT_SHA256=edd75c8d2e9560f8c42322cfd88eb53cac586f1f33da75ac91c5fa34d1b5314f HART_SNAPSHOT_LEN=1189
RAM_SHA256=051a152cc96ebdb342e6629b02d9cafd6e64000269ad41fd84ed7b9c45121d97
RAM_CHANGED=none
RESULT=trap:StoreAccessFault,tval=0x0000000080008100 RETIRED=0
RESERVATION=none
MMIO_UART_ORDER=
BUS_EVENTS=L16@0x0000000080000000=0x22af,L16@0x0000000080000002=0x1865,S32@0x0000000080008100<=0x0000000000000099:ERR:Access
TRACE_RECORDS=0
TRACE_SHA256=e3b0c44298fc1c149afbf4c8996fb92427ae41e4649b934ca495991b7852b855
TRACE_CANONICAL_BEGIN
TRACE_CANONICAL_END
END_CASE
CASE sc-access-fault-consumes-reservation mode=cache=ordinary capture=untraced
HART_SNAPSHOT_SHA256=edd75c8d2e9560f8c42322cfd88eb53cac586f1f33da75ac91c5fa34d1b5314f HART_SNAPSHOT_LEN=1189
RAM_SHA256=051a152cc96ebdb342e6629b02d9cafd6e64000269ad41fd84ed7b9c45121d97
RAM_CHANGED=none
RESULT=trapped=StoreAccessFault,tval=0x0000000080008100
REGS=pc:0x0000000080000000,x1:0x0000000000000000,x4:0x0000000000000000,x5:0x0000000000000000,x6:0x0000000000000099,x7:0x0000000000000000,x8:0x0000000000000000
MMIO_UART_ORDER=
MMIO_DEVICE_HITS=0x0000000010001000:0,0x0000000010000000:0
MMIO_ORDER=
CONTROL_BEFORE_HART_SHA256=2fdf3575f8e651b3063b961751c8c9678cc899760237ba2ff6f92ed1782c6618
TRACE_RECORDS=0
TRACE_SHA256=none
TRACE_CANONICAL=none
END_CASE
CASE sc-access-fault-consumes-reservation mode=cache=ordinary capture=recording
HART_SNAPSHOT_SHA256=edd75c8d2e9560f8c42322cfd88eb53cac586f1f33da75ac91c5fa34d1b5314f HART_SNAPSHOT_LEN=1189
RAM_SHA256=051a152cc96ebdb342e6629b02d9cafd6e64000269ad41fd84ed7b9c45121d97
RAM_CHANGED=none
RESULT=trapped=StoreAccessFault,tval=0x0000000080008100
REGS=pc:0x0000000080000000,x1:0x0000000000000000,x4:0x0000000000000000,x5:0x0000000000000000,x6:0x0000000000000099,x7:0x0000000000000000,x8:0x0000000000000000
MMIO_UART_ORDER=
MMIO_DEVICE_HITS=0x0000000010001000:0,0x0000000010000000:0
MMIO_ORDER=
CONTROL_BEFORE_HART_SHA256=2fdf3575f8e651b3063b961751c8c9678cc899760237ba2ff6f92ed1782c6618
TRACE_RECORDS=0
TRACE_SHA256=e3b0c44298fc1c149afbf4c8996fb92427ae41e4649b934ca495991b7852b855
TRACE_CANONICAL_BEGIN
TRACE_CANONICAL_END
END_CASE
CASE sc-access-fault-consumes-reservation mode=cache=cached capture=untraced
HART_SNAPSHOT_SHA256=edd75c8d2e9560f8c42322cfd88eb53cac586f1f33da75ac91c5fa34d1b5314f HART_SNAPSHOT_LEN=1189
RAM_SHA256=051a152cc96ebdb342e6629b02d9cafd6e64000269ad41fd84ed7b9c45121d97
RAM_CHANGED=none
RESULT=trapped=StoreAccessFault,tval=0x0000000080008100
REGS=pc:0x0000000080000000,x1:0x0000000000000000,x4:0x0000000000000000,x5:0x0000000000000000,x6:0x0000000000000099,x7:0x0000000000000000,x8:0x0000000000000000
MMIO_UART_ORDER=
MMIO_DEVICE_HITS=0x0000000010001000:0,0x0000000010000000:0
MMIO_ORDER=
CONTROL_BEFORE_HART_SHA256=2fdf3575f8e651b3063b961751c8c9678cc899760237ba2ff6f92ed1782c6618
TRACE_RECORDS=0
TRACE_SHA256=none
TRACE_CANONICAL=none
END_CASE
CASE sc-access-fault-consumes-reservation mode=cache=cached capture=recording
HART_SNAPSHOT_SHA256=edd75c8d2e9560f8c42322cfd88eb53cac586f1f33da75ac91c5fa34d1b5314f HART_SNAPSHOT_LEN=1189
RAM_SHA256=051a152cc96ebdb342e6629b02d9cafd6e64000269ad41fd84ed7b9c45121d97
RAM_CHANGED=none
RESULT=trapped=StoreAccessFault,tval=0x0000000080008100
REGS=pc:0x0000000080000000,x1:0x0000000000000000,x4:0x0000000000000000,x5:0x0000000000000000,x6:0x0000000000000099,x7:0x0000000000000000,x8:0x0000000000000000
MMIO_UART_ORDER=
MMIO_DEVICE_HITS=0x0000000010001000:0,0x0000000010000000:0
MMIO_ORDER=
CONTROL_BEFORE_HART_SHA256=2fdf3575f8e651b3063b961751c8c9678cc899760237ba2ff6f92ed1782c6618
TRACE_RECORDS=0
TRACE_SHA256=e3b0c44298fc1c149afbf4c8996fb92427ae41e4649b934ca495991b7852b855
TRACE_CANONICAL_BEGIN
TRACE_CANONICAL_END
END_CASE
CASE sc-d-access-fault-consumes-reservation direct=unit
HART_SNAPSHOT_SHA256=edd75c8d2e9560f8c42322cfd88eb53cac586f1f33da75ac91c5fa34d1b5314f HART_SNAPSHOT_LEN=1189
RAM_SHA256=a2967cbce8da0259e674ffcf90123dc2c7bcde8cffc02f12a64d5fc1dc7d0ebc
RAM_CHANGED=none
RESULT=trap:StoreAccessFault,tval=0x0000000080008100 RETIRED=0
RESERVATION=none
MMIO_UART_ORDER=
BUS_EVENTS=L16@0x0000000080000000=0x32af,L16@0x0000000080000002=0x1865,S64@0x0000000080008100<=0x0000000000000099:ERR:Access
TRACE_RECORDS=0
TRACE_SHA256=none
TRACE_CANONICAL=none
END_CASE
CASE sc-d-access-fault-consumes-reservation direct=recording
HART_SNAPSHOT_SHA256=edd75c8d2e9560f8c42322cfd88eb53cac586f1f33da75ac91c5fa34d1b5314f HART_SNAPSHOT_LEN=1189
RAM_SHA256=a2967cbce8da0259e674ffcf90123dc2c7bcde8cffc02f12a64d5fc1dc7d0ebc
RAM_CHANGED=none
RESULT=trap:StoreAccessFault,tval=0x0000000080008100 RETIRED=0
RESERVATION=none
MMIO_UART_ORDER=
BUS_EVENTS=L16@0x0000000080000000=0x32af,L16@0x0000000080000002=0x1865,S64@0x0000000080008100<=0x0000000000000099:ERR:Access
TRACE_RECORDS=0
TRACE_SHA256=e3b0c44298fc1c149afbf4c8996fb92427ae41e4649b934ca495991b7852b855
TRACE_CANONICAL_BEGIN
TRACE_CANONICAL_END
END_CASE
CASE sc-d-access-fault-consumes-reservation mode=cache=ordinary capture=untraced
HART_SNAPSHOT_SHA256=edd75c8d2e9560f8c42322cfd88eb53cac586f1f33da75ac91c5fa34d1b5314f HART_SNAPSHOT_LEN=1189
RAM_SHA256=a2967cbce8da0259e674ffcf90123dc2c7bcde8cffc02f12a64d5fc1dc7d0ebc
RAM_CHANGED=none
RESULT=trapped=StoreAccessFault,tval=0x0000000080008100
REGS=pc:0x0000000080000000,x1:0x0000000000000000,x4:0x0000000000000000,x5:0x0000000000000000,x6:0x0000000000000099,x7:0x0000000000000000,x8:0x0000000000000000
MMIO_UART_ORDER=
MMIO_DEVICE_HITS=0x0000000010001000:0,0x0000000010000000:0
MMIO_ORDER=
CONTROL_BEFORE_HART_SHA256=e4db5d2009ff477918311363fd4304d6073cdd3e4bc4c16d5f1c30675dfe564a
TRACE_RECORDS=0
TRACE_SHA256=none
TRACE_CANONICAL=none
END_CASE
CASE sc-d-access-fault-consumes-reservation mode=cache=ordinary capture=recording
HART_SNAPSHOT_SHA256=edd75c8d2e9560f8c42322cfd88eb53cac586f1f33da75ac91c5fa34d1b5314f HART_SNAPSHOT_LEN=1189
RAM_SHA256=a2967cbce8da0259e674ffcf90123dc2c7bcde8cffc02f12a64d5fc1dc7d0ebc
RAM_CHANGED=none
RESULT=trapped=StoreAccessFault,tval=0x0000000080008100
REGS=pc:0x0000000080000000,x1:0x0000000000000000,x4:0x0000000000000000,x5:0x0000000000000000,x6:0x0000000000000099,x7:0x0000000000000000,x8:0x0000000000000000
MMIO_UART_ORDER=
MMIO_DEVICE_HITS=0x0000000010001000:0,0x0000000010000000:0
MMIO_ORDER=
CONTROL_BEFORE_HART_SHA256=e4db5d2009ff477918311363fd4304d6073cdd3e4bc4c16d5f1c30675dfe564a
TRACE_RECORDS=0
TRACE_SHA256=e3b0c44298fc1c149afbf4c8996fb92427ae41e4649b934ca495991b7852b855
TRACE_CANONICAL_BEGIN
TRACE_CANONICAL_END
END_CASE
CASE sc-d-access-fault-consumes-reservation mode=cache=cached capture=untraced
HART_SNAPSHOT_SHA256=edd75c8d2e9560f8c42322cfd88eb53cac586f1f33da75ac91c5fa34d1b5314f HART_SNAPSHOT_LEN=1189
RAM_SHA256=a2967cbce8da0259e674ffcf90123dc2c7bcde8cffc02f12a64d5fc1dc7d0ebc
RAM_CHANGED=none
RESULT=trapped=StoreAccessFault,tval=0x0000000080008100
REGS=pc:0x0000000080000000,x1:0x0000000000000000,x4:0x0000000000000000,x5:0x0000000000000000,x6:0x0000000000000099,x7:0x0000000000000000,x8:0x0000000000000000
MMIO_UART_ORDER=
MMIO_DEVICE_HITS=0x0000000010001000:0,0x0000000010000000:0
MMIO_ORDER=
CONTROL_BEFORE_HART_SHA256=e4db5d2009ff477918311363fd4304d6073cdd3e4bc4c16d5f1c30675dfe564a
TRACE_RECORDS=0
TRACE_SHA256=none
TRACE_CANONICAL=none
END_CASE
CASE sc-d-access-fault-consumes-reservation mode=cache=cached capture=recording
HART_SNAPSHOT_SHA256=edd75c8d2e9560f8c42322cfd88eb53cac586f1f33da75ac91c5fa34d1b5314f HART_SNAPSHOT_LEN=1189
RAM_SHA256=a2967cbce8da0259e674ffcf90123dc2c7bcde8cffc02f12a64d5fc1dc7d0ebc
RAM_CHANGED=none
RESULT=trapped=StoreAccessFault,tval=0x0000000080008100
REGS=pc:0x0000000080000000,x1:0x0000000000000000,x4:0x0000000000000000,x5:0x0000000000000000,x6:0x0000000000000099,x7:0x0000000000000000,x8:0x0000000000000000
MMIO_UART_ORDER=
MMIO_DEVICE_HITS=0x0000000010001000:0,0x0000000010000000:0
MMIO_ORDER=
CONTROL_BEFORE_HART_SHA256=e4db5d2009ff477918311363fd4304d6073cdd3e4bc4c16d5f1c30675dfe564a
TRACE_RECORDS=0
TRACE_SHA256=e3b0c44298fc1c149afbf4c8996fb92427ae41e4649b934ca495991b7852b855
TRACE_CANONICAL_BEGIN
TRACE_CANONICAL_END
END_CASE
CASE amo-w-old-new-overlap=false direct=unit
HART_SNAPSHOT_SHA256=a20491e9d7adc331a3eaa7724a4454bc47f0c9ccfb910bc37d641534b7f26471 HART_SNAPSHOT_LEN=1198
RAM_SHA256=b5e66503f8d26cb8f3a2528388b4f8070ab1cfc3943fad32aad6a74091a33202
RAM_CHANGED=0x80002000:07
RESULT=ok RETIRED=1
RESERVATION=0x0000000080002010/4
MMIO_UART_ORDER=
BUS_EVENTS=L16@0x0000000080000000=0x22af,L16@0x0000000080000002=0x65,L32@0x0000000080002000=0x4,S32@0x0000000080002000<=0x0000000000000007:OK
TRACE_RECORDS=0
TRACE_SHA256=none
TRACE_CANONICAL=none
END_CASE
CASE amo-w-old-new-overlap=false direct=recording
HART_SNAPSHOT_SHA256=a20491e9d7adc331a3eaa7724a4454bc47f0c9ccfb910bc37d641534b7f26471 HART_SNAPSHOT_LEN=1198
RAM_SHA256=b5e66503f8d26cb8f3a2528388b4f8070ab1cfc3943fad32aad6a74091a33202
RAM_CHANGED=0x80002000:07
RESULT=ok RETIRED=1
RESERVATION=0x0000000080002010/4
MMIO_UART_ORDER=
BUS_EVENTS=L16@0x0000000080000000=0x22af,L16@0x0000000080000002=0x65,L32@0x0000000080002000=0x4,S32@0x0000000080002000<=0x0000000000000007:OK
TRACE_RECORDS=1
TRACE_SHA256=6ea2dec5b3a072f88cf1094d9293306e19d24df7a2a2232d771a96be5030fd49
TRACE_CANONICAL_BEGIN
core 0: 0x0000000080000000 (0x006522af) x5 0x0000000000000004 mem 0x0000000080002000 0x00000007
TRACE_CANONICAL_END
END_CASE
CASE amo-w-old-new-overlap=false mode=cache=ordinary capture=untraced
HART_SNAPSHOT_SHA256=a20491e9d7adc331a3eaa7724a4454bc47f0c9ccfb910bc37d641534b7f26471 HART_SNAPSHOT_LEN=1198
RAM_SHA256=b5e66503f8d26cb8f3a2528388b4f8070ab1cfc3943fad32aad6a74091a33202
RAM_CHANGED=0x80002000:07
RESULT=max-instrs
REGS=pc:0x0000000080000004,x1:0x0000000000000000,x4:0x0000000000000000,x5:0x0000000000000004,x6:0x0000000000000003,x7:0x0000000000000000,x8:0x0000000000000000
MMIO_UART_ORDER=
MMIO_DEVICE_HITS=0x0000000010001000:0,0x0000000010000000:0
MMIO_ORDER=
CONTROL_BEFORE_HART_SHA256=421e6357c2e74783df0b4f4353d24fdd3393e1d55d051f1250d29311cd4fcbde
TRACE_RECORDS=0
TRACE_SHA256=none
TRACE_CANONICAL=none
END_CASE
CASE amo-w-old-new-overlap=false mode=cache=ordinary capture=recording
HART_SNAPSHOT_SHA256=a20491e9d7adc331a3eaa7724a4454bc47f0c9ccfb910bc37d641534b7f26471 HART_SNAPSHOT_LEN=1198
RAM_SHA256=b5e66503f8d26cb8f3a2528388b4f8070ab1cfc3943fad32aad6a74091a33202
RAM_CHANGED=0x80002000:07
RESULT=max-instrs
REGS=pc:0x0000000080000004,x1:0x0000000000000000,x4:0x0000000000000000,x5:0x0000000000000004,x6:0x0000000000000003,x7:0x0000000000000000,x8:0x0000000000000000
MMIO_UART_ORDER=
MMIO_DEVICE_HITS=0x0000000010001000:0,0x0000000010000000:0
MMIO_ORDER=
CONTROL_BEFORE_HART_SHA256=421e6357c2e74783df0b4f4353d24fdd3393e1d55d051f1250d29311cd4fcbde
TRACE_RECORDS=1
TRACE_SHA256=6ea2dec5b3a072f88cf1094d9293306e19d24df7a2a2232d771a96be5030fd49
TRACE_CANONICAL_BEGIN
core 0: 0x0000000080000000 (0x006522af) x5 0x0000000000000004 mem 0x0000000080002000 0x00000007
TRACE_CANONICAL_END
END_CASE
CASE amo-w-old-new-overlap=false mode=cache=cached capture=untraced
HART_SNAPSHOT_SHA256=a20491e9d7adc331a3eaa7724a4454bc47f0c9ccfb910bc37d641534b7f26471 HART_SNAPSHOT_LEN=1198
RAM_SHA256=b5e66503f8d26cb8f3a2528388b4f8070ab1cfc3943fad32aad6a74091a33202
RAM_CHANGED=0x80002000:07
RESULT=max-instrs
REGS=pc:0x0000000080000004,x1:0x0000000000000000,x4:0x0000000000000000,x5:0x0000000000000004,x6:0x0000000000000003,x7:0x0000000000000000,x8:0x0000000000000000
MMIO_UART_ORDER=
MMIO_DEVICE_HITS=0x0000000010001000:0,0x0000000010000000:0
MMIO_ORDER=
CONTROL_BEFORE_HART_SHA256=421e6357c2e74783df0b4f4353d24fdd3393e1d55d051f1250d29311cd4fcbde
TRACE_RECORDS=0
TRACE_SHA256=none
TRACE_CANONICAL=none
END_CASE
CASE amo-w-old-new-overlap=false mode=cache=cached capture=recording
HART_SNAPSHOT_SHA256=a20491e9d7adc331a3eaa7724a4454bc47f0c9ccfb910bc37d641534b7f26471 HART_SNAPSHOT_LEN=1198
RAM_SHA256=b5e66503f8d26cb8f3a2528388b4f8070ab1cfc3943fad32aad6a74091a33202
RAM_CHANGED=0x80002000:07
RESULT=max-instrs
REGS=pc:0x0000000080000004,x1:0x0000000000000000,x4:0x0000000000000000,x5:0x0000000000000004,x6:0x0000000000000003,x7:0x0000000000000000,x8:0x0000000000000000
MMIO_UART_ORDER=
MMIO_DEVICE_HITS=0x0000000010001000:0,0x0000000010000000:0
MMIO_ORDER=
CONTROL_BEFORE_HART_SHA256=421e6357c2e74783df0b4f4353d24fdd3393e1d55d051f1250d29311cd4fcbde
TRACE_RECORDS=1
TRACE_SHA256=6ea2dec5b3a072f88cf1094d9293306e19d24df7a2a2232d771a96be5030fd49
TRACE_CANONICAL_BEGIN
core 0: 0x0000000080000000 (0x006522af) x5 0x0000000000000004 mem 0x0000000080002000 0x00000007
TRACE_CANONICAL_END
END_CASE
CASE amo-w-old-new-overlap=true direct=unit
HART_SNAPSHOT_SHA256=2eace73c845967e5ad426f44f96175e5c17ffb8e8fb4cd82dc5be464f94f8c2a HART_SNAPSHOT_LEN=1189
RAM_SHA256=b5e66503f8d26cb8f3a2528388b4f8070ab1cfc3943fad32aad6a74091a33202
RAM_CHANGED=0x80002000:07
RESULT=ok RETIRED=1
RESERVATION=none
MMIO_UART_ORDER=
BUS_EVENTS=L16@0x0000000080000000=0x22af,L16@0x0000000080000002=0x65,L32@0x0000000080002000=0x4,S32@0x0000000080002000<=0x0000000000000007:OK
TRACE_RECORDS=0
TRACE_SHA256=none
TRACE_CANONICAL=none
END_CASE
CASE amo-w-old-new-overlap=true direct=recording
HART_SNAPSHOT_SHA256=2eace73c845967e5ad426f44f96175e5c17ffb8e8fb4cd82dc5be464f94f8c2a HART_SNAPSHOT_LEN=1189
RAM_SHA256=b5e66503f8d26cb8f3a2528388b4f8070ab1cfc3943fad32aad6a74091a33202
RAM_CHANGED=0x80002000:07
RESULT=ok RETIRED=1
RESERVATION=none
MMIO_UART_ORDER=
BUS_EVENTS=L16@0x0000000080000000=0x22af,L16@0x0000000080000002=0x65,L32@0x0000000080002000=0x4,S32@0x0000000080002000<=0x0000000000000007:OK
TRACE_RECORDS=1
TRACE_SHA256=6ea2dec5b3a072f88cf1094d9293306e19d24df7a2a2232d771a96be5030fd49
TRACE_CANONICAL_BEGIN
core 0: 0x0000000080000000 (0x006522af) x5 0x0000000000000004 mem 0x0000000080002000 0x00000007
TRACE_CANONICAL_END
END_CASE
CASE amo-w-old-new-overlap=true mode=cache=ordinary capture=untraced
HART_SNAPSHOT_SHA256=2eace73c845967e5ad426f44f96175e5c17ffb8e8fb4cd82dc5be464f94f8c2a HART_SNAPSHOT_LEN=1189
RAM_SHA256=b5e66503f8d26cb8f3a2528388b4f8070ab1cfc3943fad32aad6a74091a33202
RAM_CHANGED=0x80002000:07
RESULT=max-instrs
REGS=pc:0x0000000080000004,x1:0x0000000000000000,x4:0x0000000000000000,x5:0x0000000000000004,x6:0x0000000000000003,x7:0x0000000000000000,x8:0x0000000000000000
MMIO_UART_ORDER=
MMIO_DEVICE_HITS=0x0000000010001000:0,0x0000000010000000:0
MMIO_ORDER=
CONTROL_BEFORE_HART_SHA256=0b9bd8e3fd7d4d54ec67efe6cb4bff156a6be8cb0229c3612c5b698067b84a10
TRACE_RECORDS=0
TRACE_SHA256=none
TRACE_CANONICAL=none
END_CASE
CASE amo-w-old-new-overlap=true mode=cache=ordinary capture=recording
HART_SNAPSHOT_SHA256=2eace73c845967e5ad426f44f96175e5c17ffb8e8fb4cd82dc5be464f94f8c2a HART_SNAPSHOT_LEN=1189
RAM_SHA256=b5e66503f8d26cb8f3a2528388b4f8070ab1cfc3943fad32aad6a74091a33202
RAM_CHANGED=0x80002000:07
RESULT=max-instrs
REGS=pc:0x0000000080000004,x1:0x0000000000000000,x4:0x0000000000000000,x5:0x0000000000000004,x6:0x0000000000000003,x7:0x0000000000000000,x8:0x0000000000000000
MMIO_UART_ORDER=
MMIO_DEVICE_HITS=0x0000000010001000:0,0x0000000010000000:0
MMIO_ORDER=
CONTROL_BEFORE_HART_SHA256=0b9bd8e3fd7d4d54ec67efe6cb4bff156a6be8cb0229c3612c5b698067b84a10
TRACE_RECORDS=1
TRACE_SHA256=6ea2dec5b3a072f88cf1094d9293306e19d24df7a2a2232d771a96be5030fd49
TRACE_CANONICAL_BEGIN
core 0: 0x0000000080000000 (0x006522af) x5 0x0000000000000004 mem 0x0000000080002000 0x00000007
TRACE_CANONICAL_END
END_CASE
CASE amo-w-old-new-overlap=true mode=cache=cached capture=untraced
HART_SNAPSHOT_SHA256=2eace73c845967e5ad426f44f96175e5c17ffb8e8fb4cd82dc5be464f94f8c2a HART_SNAPSHOT_LEN=1189
RAM_SHA256=b5e66503f8d26cb8f3a2528388b4f8070ab1cfc3943fad32aad6a74091a33202
RAM_CHANGED=0x80002000:07
RESULT=max-instrs
REGS=pc:0x0000000080000004,x1:0x0000000000000000,x4:0x0000000000000000,x5:0x0000000000000004,x6:0x0000000000000003,x7:0x0000000000000000,x8:0x0000000000000000
MMIO_UART_ORDER=
MMIO_DEVICE_HITS=0x0000000010001000:0,0x0000000010000000:0
MMIO_ORDER=
CONTROL_BEFORE_HART_SHA256=0b9bd8e3fd7d4d54ec67efe6cb4bff156a6be8cb0229c3612c5b698067b84a10
TRACE_RECORDS=0
TRACE_SHA256=none
TRACE_CANONICAL=none
END_CASE
CASE amo-w-old-new-overlap=true mode=cache=cached capture=recording
HART_SNAPSHOT_SHA256=2eace73c845967e5ad426f44f96175e5c17ffb8e8fb4cd82dc5be464f94f8c2a HART_SNAPSHOT_LEN=1189
RAM_SHA256=b5e66503f8d26cb8f3a2528388b4f8070ab1cfc3943fad32aad6a74091a33202
RAM_CHANGED=0x80002000:07
RESULT=max-instrs
REGS=pc:0x0000000080000004,x1:0x0000000000000000,x4:0x0000000000000000,x5:0x0000000000000004,x6:0x0000000000000003,x7:0x0000000000000000,x8:0x0000000000000000
MMIO_UART_ORDER=
MMIO_DEVICE_HITS=0x0000000010001000:0,0x0000000010000000:0
MMIO_ORDER=
CONTROL_BEFORE_HART_SHA256=0b9bd8e3fd7d4d54ec67efe6cb4bff156a6be8cb0229c3612c5b698067b84a10
TRACE_RECORDS=1
TRACE_SHA256=6ea2dec5b3a072f88cf1094d9293306e19d24df7a2a2232d771a96be5030fd49
TRACE_CANONICAL_BEGIN
core 0: 0x0000000080000000 (0x006522af) x5 0x0000000000000004 mem 0x0000000080002000 0x00000007
TRACE_CANONICAL_END
END_CASE
CASE amo-w-sign-extended-old-overlap=false direct=unit
HART_SNAPSHOT_SHA256=72ea9de2fdf498e580ced3637db28f14b0056348a8a66cd54a2f6a6950fa69f1 HART_SNAPSHOT_LEN=1198
RAM_SHA256=32593c5c6414ac7f96fb68f497917f5e13b734e86fb3605e5e2cb172c4f4a5e4
RAM_CHANGED=0x80002000:01000000
RESULT=ok RETIRED=1
RESERVATION=0x0000000080002010/4
MMIO_UART_ORDER=
BUS_EVENTS=L16@0x0000000080000000=0x22af,L16@0x0000000080000002=0x65,L32@0x0000000080002000=0xfffffffe,S32@0x0000000080002000<=0x0000000000000001:OK
TRACE_RECORDS=0
TRACE_SHA256=none
TRACE_CANONICAL=none
END_CASE
CASE amo-w-sign-extended-old-overlap=false direct=recording
HART_SNAPSHOT_SHA256=72ea9de2fdf498e580ced3637db28f14b0056348a8a66cd54a2f6a6950fa69f1 HART_SNAPSHOT_LEN=1198
RAM_SHA256=32593c5c6414ac7f96fb68f497917f5e13b734e86fb3605e5e2cb172c4f4a5e4
RAM_CHANGED=0x80002000:01000000
RESULT=ok RETIRED=1
RESERVATION=0x0000000080002010/4
MMIO_UART_ORDER=
BUS_EVENTS=L16@0x0000000080000000=0x22af,L16@0x0000000080000002=0x65,L32@0x0000000080002000=0xfffffffe,S32@0x0000000080002000<=0x0000000000000001:OK
TRACE_RECORDS=1
TRACE_SHA256=f8a933c8d158751c1d49d256208397ffb1cccc1d8098abcc50b4f2e61e876c48
TRACE_CANONICAL_BEGIN
core 0: 0x0000000080000000 (0x006522af) x5 0xfffffffffffffffe mem 0x0000000080002000 0x00000001
TRACE_CANONICAL_END
END_CASE
CASE amo-w-sign-extended-old-overlap=false mode=cache=ordinary capture=untraced
HART_SNAPSHOT_SHA256=72ea9de2fdf498e580ced3637db28f14b0056348a8a66cd54a2f6a6950fa69f1 HART_SNAPSHOT_LEN=1198
RAM_SHA256=32593c5c6414ac7f96fb68f497917f5e13b734e86fb3605e5e2cb172c4f4a5e4
RAM_CHANGED=0x80002000:01000000
RESULT=max-instrs
REGS=pc:0x0000000080000004,x1:0x0000000000000000,x4:0x0000000000000000,x5:0xfffffffffffffffe,x6:0x0000000000000003,x7:0x0000000000000000,x8:0x0000000000000000
MMIO_UART_ORDER=
MMIO_DEVICE_HITS=0x0000000010001000:0,0x0000000010000000:0
MMIO_ORDER=
CONTROL_BEFORE_HART_SHA256=421e6357c2e74783df0b4f4353d24fdd3393e1d55d051f1250d29311cd4fcbde
TRACE_RECORDS=0
TRACE_SHA256=none
TRACE_CANONICAL=none
END_CASE
CASE amo-w-sign-extended-old-overlap=false mode=cache=ordinary capture=recording
HART_SNAPSHOT_SHA256=72ea9de2fdf498e580ced3637db28f14b0056348a8a66cd54a2f6a6950fa69f1 HART_SNAPSHOT_LEN=1198
RAM_SHA256=32593c5c6414ac7f96fb68f497917f5e13b734e86fb3605e5e2cb172c4f4a5e4
RAM_CHANGED=0x80002000:01000000
RESULT=max-instrs
REGS=pc:0x0000000080000004,x1:0x0000000000000000,x4:0x0000000000000000,x5:0xfffffffffffffffe,x6:0x0000000000000003,x7:0x0000000000000000,x8:0x0000000000000000
MMIO_UART_ORDER=
MMIO_DEVICE_HITS=0x0000000010001000:0,0x0000000010000000:0
MMIO_ORDER=
CONTROL_BEFORE_HART_SHA256=421e6357c2e74783df0b4f4353d24fdd3393e1d55d051f1250d29311cd4fcbde
TRACE_RECORDS=1
TRACE_SHA256=f8a933c8d158751c1d49d256208397ffb1cccc1d8098abcc50b4f2e61e876c48
TRACE_CANONICAL_BEGIN
core 0: 0x0000000080000000 (0x006522af) x5 0xfffffffffffffffe mem 0x0000000080002000 0x00000001
TRACE_CANONICAL_END
END_CASE
CASE amo-w-sign-extended-old-overlap=false mode=cache=cached capture=untraced
HART_SNAPSHOT_SHA256=72ea9de2fdf498e580ced3637db28f14b0056348a8a66cd54a2f6a6950fa69f1 HART_SNAPSHOT_LEN=1198
RAM_SHA256=32593c5c6414ac7f96fb68f497917f5e13b734e86fb3605e5e2cb172c4f4a5e4
RAM_CHANGED=0x80002000:01000000
RESULT=max-instrs
REGS=pc:0x0000000080000004,x1:0x0000000000000000,x4:0x0000000000000000,x5:0xfffffffffffffffe,x6:0x0000000000000003,x7:0x0000000000000000,x8:0x0000000000000000
MMIO_UART_ORDER=
MMIO_DEVICE_HITS=0x0000000010001000:0,0x0000000010000000:0
MMIO_ORDER=
CONTROL_BEFORE_HART_SHA256=421e6357c2e74783df0b4f4353d24fdd3393e1d55d051f1250d29311cd4fcbde
TRACE_RECORDS=0
TRACE_SHA256=none
TRACE_CANONICAL=none
END_CASE
CASE amo-w-sign-extended-old-overlap=false mode=cache=cached capture=recording
HART_SNAPSHOT_SHA256=72ea9de2fdf498e580ced3637db28f14b0056348a8a66cd54a2f6a6950fa69f1 HART_SNAPSHOT_LEN=1198
RAM_SHA256=32593c5c6414ac7f96fb68f497917f5e13b734e86fb3605e5e2cb172c4f4a5e4
RAM_CHANGED=0x80002000:01000000
RESULT=max-instrs
REGS=pc:0x0000000080000004,x1:0x0000000000000000,x4:0x0000000000000000,x5:0xfffffffffffffffe,x6:0x0000000000000003,x7:0x0000000000000000,x8:0x0000000000000000
MMIO_UART_ORDER=
MMIO_DEVICE_HITS=0x0000000010001000:0,0x0000000010000000:0
MMIO_ORDER=
CONTROL_BEFORE_HART_SHA256=421e6357c2e74783df0b4f4353d24fdd3393e1d55d051f1250d29311cd4fcbde
TRACE_RECORDS=1
TRACE_SHA256=f8a933c8d158751c1d49d256208397ffb1cccc1d8098abcc50b4f2e61e876c48
TRACE_CANONICAL_BEGIN
core 0: 0x0000000080000000 (0x006522af) x5 0xfffffffffffffffe mem 0x0000000080002000 0x00000001
TRACE_CANONICAL_END
END_CASE
CASE amo-w-sign-extended-old-overlap=true direct=unit
HART_SNAPSHOT_SHA256=1a1964fe1afb4ada2291f9ce79053b428a3c2bfc46302fc7c96e21350d9be4ce HART_SNAPSHOT_LEN=1189
RAM_SHA256=32593c5c6414ac7f96fb68f497917f5e13b734e86fb3605e5e2cb172c4f4a5e4
RAM_CHANGED=0x80002000:01000000
RESULT=ok RETIRED=1
RESERVATION=none
MMIO_UART_ORDER=
BUS_EVENTS=L16@0x0000000080000000=0x22af,L16@0x0000000080000002=0x65,L32@0x0000000080002000=0xfffffffe,S32@0x0000000080002000<=0x0000000000000001:OK
TRACE_RECORDS=0
TRACE_SHA256=none
TRACE_CANONICAL=none
END_CASE
CASE amo-w-sign-extended-old-overlap=true direct=recording
HART_SNAPSHOT_SHA256=1a1964fe1afb4ada2291f9ce79053b428a3c2bfc46302fc7c96e21350d9be4ce HART_SNAPSHOT_LEN=1189
RAM_SHA256=32593c5c6414ac7f96fb68f497917f5e13b734e86fb3605e5e2cb172c4f4a5e4
RAM_CHANGED=0x80002000:01000000
RESULT=ok RETIRED=1
RESERVATION=none
MMIO_UART_ORDER=
BUS_EVENTS=L16@0x0000000080000000=0x22af,L16@0x0000000080000002=0x65,L32@0x0000000080002000=0xfffffffe,S32@0x0000000080002000<=0x0000000000000001:OK
TRACE_RECORDS=1
TRACE_SHA256=f8a933c8d158751c1d49d256208397ffb1cccc1d8098abcc50b4f2e61e876c48
TRACE_CANONICAL_BEGIN
core 0: 0x0000000080000000 (0x006522af) x5 0xfffffffffffffffe mem 0x0000000080002000 0x00000001
TRACE_CANONICAL_END
END_CASE
CASE amo-w-sign-extended-old-overlap=true mode=cache=ordinary capture=untraced
HART_SNAPSHOT_SHA256=1a1964fe1afb4ada2291f9ce79053b428a3c2bfc46302fc7c96e21350d9be4ce HART_SNAPSHOT_LEN=1189
RAM_SHA256=32593c5c6414ac7f96fb68f497917f5e13b734e86fb3605e5e2cb172c4f4a5e4
RAM_CHANGED=0x80002000:01000000
RESULT=max-instrs
REGS=pc:0x0000000080000004,x1:0x0000000000000000,x4:0x0000000000000000,x5:0xfffffffffffffffe,x6:0x0000000000000003,x7:0x0000000000000000,x8:0x0000000000000000
MMIO_UART_ORDER=
MMIO_DEVICE_HITS=0x0000000010001000:0,0x0000000010000000:0
MMIO_ORDER=
CONTROL_BEFORE_HART_SHA256=0b9bd8e3fd7d4d54ec67efe6cb4bff156a6be8cb0229c3612c5b698067b84a10
TRACE_RECORDS=0
TRACE_SHA256=none
TRACE_CANONICAL=none
END_CASE
CASE amo-w-sign-extended-old-overlap=true mode=cache=ordinary capture=recording
HART_SNAPSHOT_SHA256=1a1964fe1afb4ada2291f9ce79053b428a3c2bfc46302fc7c96e21350d9be4ce HART_SNAPSHOT_LEN=1189
RAM_SHA256=32593c5c6414ac7f96fb68f497917f5e13b734e86fb3605e5e2cb172c4f4a5e4
RAM_CHANGED=0x80002000:01000000
RESULT=max-instrs
REGS=pc:0x0000000080000004,x1:0x0000000000000000,x4:0x0000000000000000,x5:0xfffffffffffffffe,x6:0x0000000000000003,x7:0x0000000000000000,x8:0x0000000000000000
MMIO_UART_ORDER=
MMIO_DEVICE_HITS=0x0000000010001000:0,0x0000000010000000:0
MMIO_ORDER=
CONTROL_BEFORE_HART_SHA256=0b9bd8e3fd7d4d54ec67efe6cb4bff156a6be8cb0229c3612c5b698067b84a10
TRACE_RECORDS=1
TRACE_SHA256=f8a933c8d158751c1d49d256208397ffb1cccc1d8098abcc50b4f2e61e876c48
TRACE_CANONICAL_BEGIN
core 0: 0x0000000080000000 (0x006522af) x5 0xfffffffffffffffe mem 0x0000000080002000 0x00000001
TRACE_CANONICAL_END
END_CASE
CASE amo-w-sign-extended-old-overlap=true mode=cache=cached capture=untraced
HART_SNAPSHOT_SHA256=1a1964fe1afb4ada2291f9ce79053b428a3c2bfc46302fc7c96e21350d9be4ce HART_SNAPSHOT_LEN=1189
RAM_SHA256=32593c5c6414ac7f96fb68f497917f5e13b734e86fb3605e5e2cb172c4f4a5e4
RAM_CHANGED=0x80002000:01000000
RESULT=max-instrs
REGS=pc:0x0000000080000004,x1:0x0000000000000000,x4:0x0000000000000000,x5:0xfffffffffffffffe,x6:0x0000000000000003,x7:0x0000000000000000,x8:0x0000000000000000
MMIO_UART_ORDER=
MMIO_DEVICE_HITS=0x0000000010001000:0,0x0000000010000000:0
MMIO_ORDER=
CONTROL_BEFORE_HART_SHA256=0b9bd8e3fd7d4d54ec67efe6cb4bff156a6be8cb0229c3612c5b698067b84a10
TRACE_RECORDS=0
TRACE_SHA256=none
TRACE_CANONICAL=none
END_CASE
CASE amo-w-sign-extended-old-overlap=true mode=cache=cached capture=recording
HART_SNAPSHOT_SHA256=1a1964fe1afb4ada2291f9ce79053b428a3c2bfc46302fc7c96e21350d9be4ce HART_SNAPSHOT_LEN=1189
RAM_SHA256=32593c5c6414ac7f96fb68f497917f5e13b734e86fb3605e5e2cb172c4f4a5e4
RAM_CHANGED=0x80002000:01000000
RESULT=max-instrs
REGS=pc:0x0000000080000004,x1:0x0000000000000000,x4:0x0000000000000000,x5:0xfffffffffffffffe,x6:0x0000000000000003,x7:0x0000000000000000,x8:0x0000000000000000
MMIO_UART_ORDER=
MMIO_DEVICE_HITS=0x0000000010001000:0,0x0000000010000000:0
MMIO_ORDER=
CONTROL_BEFORE_HART_SHA256=0b9bd8e3fd7d4d54ec67efe6cb4bff156a6be8cb0229c3612c5b698067b84a10
TRACE_RECORDS=1
TRACE_SHA256=f8a933c8d158751c1d49d256208397ffb1cccc1d8098abcc50b4f2e61e876c48
TRACE_CANONICAL_BEGIN
core 0: 0x0000000080000000 (0x006522af) x5 0xfffffffffffffffe mem 0x0000000080002000 0x00000001
TRACE_CANONICAL_END
END_CASE
CASE amo-d-old-new-overlap=false direct=unit
HART_SNAPSHOT_SHA256=715e42ba364ba845ff0141ded333f2d9ebb459455fca98aed6874ad20f98112b HART_SNAPSHOT_LEN=1198
RAM_SHA256=53dae74eabe61b52875baef0b9aa0a619943254cd50af51b25f45dc3df1c0aa7
RAM_CHANGED=0x80002000:43
RESULT=ok RETIRED=1
RESERVATION=0x0000000080002010/8
MMIO_UART_ORDER=
BUS_EVENTS=L16@0x0000000080000000=0x32af,L16@0x0000000080000002=0x65,L64@0x0000000080002000=0x40,S64@0x0000000080002000<=0x0000000000000043:OK
TRACE_RECORDS=0
TRACE_SHA256=none
TRACE_CANONICAL=none
END_CASE
CASE amo-d-old-new-overlap=false direct=recording
HART_SNAPSHOT_SHA256=715e42ba364ba845ff0141ded333f2d9ebb459455fca98aed6874ad20f98112b HART_SNAPSHOT_LEN=1198
RAM_SHA256=53dae74eabe61b52875baef0b9aa0a619943254cd50af51b25f45dc3df1c0aa7
RAM_CHANGED=0x80002000:43
RESULT=ok RETIRED=1
RESERVATION=0x0000000080002010/8
MMIO_UART_ORDER=
BUS_EVENTS=L16@0x0000000080000000=0x32af,L16@0x0000000080000002=0x65,L64@0x0000000080002000=0x40,S64@0x0000000080002000<=0x0000000000000043:OK
TRACE_RECORDS=1
TRACE_SHA256=b851794f5bf14510bfdc4ff132667df532e60a676e7924e1aece46c9dca0c6ea
TRACE_CANONICAL_BEGIN
core 0: 0x0000000080000000 (0x006532af) x5 0x0000000000000040 mem 0x0000000080002000 0x0000000000000043
TRACE_CANONICAL_END
END_CASE
CASE amo-d-old-new-overlap=false mode=cache=ordinary capture=untraced
HART_SNAPSHOT_SHA256=715e42ba364ba845ff0141ded333f2d9ebb459455fca98aed6874ad20f98112b HART_SNAPSHOT_LEN=1198
RAM_SHA256=53dae74eabe61b52875baef0b9aa0a619943254cd50af51b25f45dc3df1c0aa7
RAM_CHANGED=0x80002000:43
RESULT=max-instrs
REGS=pc:0x0000000080000004,x1:0x0000000000000000,x4:0x0000000000000000,x5:0x0000000000000040,x6:0x0000000000000003,x7:0x0000000000000000,x8:0x0000000000000000
MMIO_UART_ORDER=
MMIO_DEVICE_HITS=0x0000000010001000:0,0x0000000010000000:0
MMIO_ORDER=
CONTROL_BEFORE_HART_SHA256=42513a0d798173e918ed3ecccd1eadd5f2e61145e7d9d5bddb3f73a318e4eb2e
TRACE_RECORDS=0
TRACE_SHA256=none
TRACE_CANONICAL=none
END_CASE
CASE amo-d-old-new-overlap=false mode=cache=ordinary capture=recording
HART_SNAPSHOT_SHA256=715e42ba364ba845ff0141ded333f2d9ebb459455fca98aed6874ad20f98112b HART_SNAPSHOT_LEN=1198
RAM_SHA256=53dae74eabe61b52875baef0b9aa0a619943254cd50af51b25f45dc3df1c0aa7
RAM_CHANGED=0x80002000:43
RESULT=max-instrs
REGS=pc:0x0000000080000004,x1:0x0000000000000000,x4:0x0000000000000000,x5:0x0000000000000040,x6:0x0000000000000003,x7:0x0000000000000000,x8:0x0000000000000000
MMIO_UART_ORDER=
MMIO_DEVICE_HITS=0x0000000010001000:0,0x0000000010000000:0
MMIO_ORDER=
CONTROL_BEFORE_HART_SHA256=42513a0d798173e918ed3ecccd1eadd5f2e61145e7d9d5bddb3f73a318e4eb2e
TRACE_RECORDS=1
TRACE_SHA256=b851794f5bf14510bfdc4ff132667df532e60a676e7924e1aece46c9dca0c6ea
TRACE_CANONICAL_BEGIN
core 0: 0x0000000080000000 (0x006532af) x5 0x0000000000000040 mem 0x0000000080002000 0x0000000000000043
TRACE_CANONICAL_END
END_CASE
CASE amo-d-old-new-overlap=false mode=cache=cached capture=untraced
HART_SNAPSHOT_SHA256=715e42ba364ba845ff0141ded333f2d9ebb459455fca98aed6874ad20f98112b HART_SNAPSHOT_LEN=1198
RAM_SHA256=53dae74eabe61b52875baef0b9aa0a619943254cd50af51b25f45dc3df1c0aa7
RAM_CHANGED=0x80002000:43
RESULT=max-instrs
REGS=pc:0x0000000080000004,x1:0x0000000000000000,x4:0x0000000000000000,x5:0x0000000000000040,x6:0x0000000000000003,x7:0x0000000000000000,x8:0x0000000000000000
MMIO_UART_ORDER=
MMIO_DEVICE_HITS=0x0000000010001000:0,0x0000000010000000:0
MMIO_ORDER=
CONTROL_BEFORE_HART_SHA256=42513a0d798173e918ed3ecccd1eadd5f2e61145e7d9d5bddb3f73a318e4eb2e
TRACE_RECORDS=0
TRACE_SHA256=none
TRACE_CANONICAL=none
END_CASE
CASE amo-d-old-new-overlap=false mode=cache=cached capture=recording
HART_SNAPSHOT_SHA256=715e42ba364ba845ff0141ded333f2d9ebb459455fca98aed6874ad20f98112b HART_SNAPSHOT_LEN=1198
RAM_SHA256=53dae74eabe61b52875baef0b9aa0a619943254cd50af51b25f45dc3df1c0aa7
RAM_CHANGED=0x80002000:43
RESULT=max-instrs
REGS=pc:0x0000000080000004,x1:0x0000000000000000,x4:0x0000000000000000,x5:0x0000000000000040,x6:0x0000000000000003,x7:0x0000000000000000,x8:0x0000000000000000
MMIO_UART_ORDER=
MMIO_DEVICE_HITS=0x0000000010001000:0,0x0000000010000000:0
MMIO_ORDER=
CONTROL_BEFORE_HART_SHA256=42513a0d798173e918ed3ecccd1eadd5f2e61145e7d9d5bddb3f73a318e4eb2e
TRACE_RECORDS=1
TRACE_SHA256=b851794f5bf14510bfdc4ff132667df532e60a676e7924e1aece46c9dca0c6ea
TRACE_CANONICAL_BEGIN
core 0: 0x0000000080000000 (0x006532af) x5 0x0000000000000040 mem 0x0000000080002000 0x0000000000000043
TRACE_CANONICAL_END
END_CASE
CASE amo-d-old-new-overlap=true direct=unit
HART_SNAPSHOT_SHA256=d2a513eb059c132c4838728d543f990f2098e73e32c3f8af4512aeedd9e6d586 HART_SNAPSHOT_LEN=1189
RAM_SHA256=53dae74eabe61b52875baef0b9aa0a619943254cd50af51b25f45dc3df1c0aa7
RAM_CHANGED=0x80002000:43
RESULT=ok RETIRED=1
RESERVATION=none
MMIO_UART_ORDER=
BUS_EVENTS=L16@0x0000000080000000=0x32af,L16@0x0000000080000002=0x65,L64@0x0000000080002000=0x40,S64@0x0000000080002000<=0x0000000000000043:OK
TRACE_RECORDS=0
TRACE_SHA256=none
TRACE_CANONICAL=none
END_CASE
CASE amo-d-old-new-overlap=true direct=recording
HART_SNAPSHOT_SHA256=d2a513eb059c132c4838728d543f990f2098e73e32c3f8af4512aeedd9e6d586 HART_SNAPSHOT_LEN=1189
RAM_SHA256=53dae74eabe61b52875baef0b9aa0a619943254cd50af51b25f45dc3df1c0aa7
RAM_CHANGED=0x80002000:43
RESULT=ok RETIRED=1
RESERVATION=none
MMIO_UART_ORDER=
BUS_EVENTS=L16@0x0000000080000000=0x32af,L16@0x0000000080000002=0x65,L64@0x0000000080002000=0x40,S64@0x0000000080002000<=0x0000000000000043:OK
TRACE_RECORDS=1
TRACE_SHA256=b851794f5bf14510bfdc4ff132667df532e60a676e7924e1aece46c9dca0c6ea
TRACE_CANONICAL_BEGIN
core 0: 0x0000000080000000 (0x006532af) x5 0x0000000000000040 mem 0x0000000080002000 0x0000000000000043
TRACE_CANONICAL_END
END_CASE
CASE amo-d-old-new-overlap=true mode=cache=ordinary capture=untraced
HART_SNAPSHOT_SHA256=d2a513eb059c132c4838728d543f990f2098e73e32c3f8af4512aeedd9e6d586 HART_SNAPSHOT_LEN=1189
RAM_SHA256=53dae74eabe61b52875baef0b9aa0a619943254cd50af51b25f45dc3df1c0aa7
RAM_CHANGED=0x80002000:43
RESULT=max-instrs
REGS=pc:0x0000000080000004,x1:0x0000000000000000,x4:0x0000000000000000,x5:0x0000000000000040,x6:0x0000000000000003,x7:0x0000000000000000,x8:0x0000000000000000
MMIO_UART_ORDER=
MMIO_DEVICE_HITS=0x0000000010001000:0,0x0000000010000000:0
MMIO_ORDER=
CONTROL_BEFORE_HART_SHA256=1ab39eaedea5f687230f99c64b723bc1013164d7034779d4a4610941d22a0df9
TRACE_RECORDS=0
TRACE_SHA256=none
TRACE_CANONICAL=none
END_CASE
CASE amo-d-old-new-overlap=true mode=cache=ordinary capture=recording
HART_SNAPSHOT_SHA256=d2a513eb059c132c4838728d543f990f2098e73e32c3f8af4512aeedd9e6d586 HART_SNAPSHOT_LEN=1189
RAM_SHA256=53dae74eabe61b52875baef0b9aa0a619943254cd50af51b25f45dc3df1c0aa7
RAM_CHANGED=0x80002000:43
RESULT=max-instrs
REGS=pc:0x0000000080000004,x1:0x0000000000000000,x4:0x0000000000000000,x5:0x0000000000000040,x6:0x0000000000000003,x7:0x0000000000000000,x8:0x0000000000000000
MMIO_UART_ORDER=
MMIO_DEVICE_HITS=0x0000000010001000:0,0x0000000010000000:0
MMIO_ORDER=
CONTROL_BEFORE_HART_SHA256=1ab39eaedea5f687230f99c64b723bc1013164d7034779d4a4610941d22a0df9
TRACE_RECORDS=1
TRACE_SHA256=b851794f5bf14510bfdc4ff132667df532e60a676e7924e1aece46c9dca0c6ea
TRACE_CANONICAL_BEGIN
core 0: 0x0000000080000000 (0x006532af) x5 0x0000000000000040 mem 0x0000000080002000 0x0000000000000043
TRACE_CANONICAL_END
END_CASE
CASE amo-d-old-new-overlap=true mode=cache=cached capture=untraced
HART_SNAPSHOT_SHA256=d2a513eb059c132c4838728d543f990f2098e73e32c3f8af4512aeedd9e6d586 HART_SNAPSHOT_LEN=1189
RAM_SHA256=53dae74eabe61b52875baef0b9aa0a619943254cd50af51b25f45dc3df1c0aa7
RAM_CHANGED=0x80002000:43
RESULT=max-instrs
REGS=pc:0x0000000080000004,x1:0x0000000000000000,x4:0x0000000000000000,x5:0x0000000000000040,x6:0x0000000000000003,x7:0x0000000000000000,x8:0x0000000000000000
MMIO_UART_ORDER=
MMIO_DEVICE_HITS=0x0000000010001000:0,0x0000000010000000:0
MMIO_ORDER=
CONTROL_BEFORE_HART_SHA256=1ab39eaedea5f687230f99c64b723bc1013164d7034779d4a4610941d22a0df9
TRACE_RECORDS=0
TRACE_SHA256=none
TRACE_CANONICAL=none
END_CASE
CASE amo-d-old-new-overlap=true mode=cache=cached capture=recording
HART_SNAPSHOT_SHA256=d2a513eb059c132c4838728d543f990f2098e73e32c3f8af4512aeedd9e6d586 HART_SNAPSHOT_LEN=1189
RAM_SHA256=53dae74eabe61b52875baef0b9aa0a619943254cd50af51b25f45dc3df1c0aa7
RAM_CHANGED=0x80002000:43
RESULT=max-instrs
REGS=pc:0x0000000080000004,x1:0x0000000000000000,x4:0x0000000000000000,x5:0x0000000000000040,x6:0x0000000000000003,x7:0x0000000000000000,x8:0x0000000000000000
MMIO_UART_ORDER=
MMIO_DEVICE_HITS=0x0000000010001000:0,0x0000000010000000:0
MMIO_ORDER=
CONTROL_BEFORE_HART_SHA256=1ab39eaedea5f687230f99c64b723bc1013164d7034779d4a4610941d22a0df9
TRACE_RECORDS=1
TRACE_SHA256=b851794f5bf14510bfdc4ff132667df532e60a676e7924e1aece46c9dca0c6ea
TRACE_CANONICAL_BEGIN
core 0: 0x0000000080000000 (0x006532af) x5 0x0000000000000040 mem 0x0000000080002000 0x0000000000000043
TRACE_CANONICAL_END
END_CASE
CASE lr-access-fault-preserves-reservation mode=cache=ordinary capture=untraced
HART_SNAPSHOT_SHA256=a9651c34b205d654a4e52c8f03aa4b1bcd305c933dc8600cc8ccea22732b55f3 HART_SNAPSHOT_LEN=1198
RAM_SHA256=0cfe3d065ab7479ee71cb974e0955436b9705f1308114993befe3da00f001db7
RAM_CHANGED=none
RESULT=trapped=LoadAccessFault,tval=0x0000000080008100
REGS=pc:0x0000000080000000,x1:0x0000000000000000,x4:0x0000000000000000,x5:0x0000000000000000,x6:0x0000000000000001,x7:0x0000000000000000,x8:0x0000000000000000
MMIO_UART_ORDER=
MMIO_DEVICE_HITS=0x0000000010001000:0,0x0000000010000000:0
MMIO_ORDER=
CONTROL_BEFORE_HART_SHA256=a9651c34b205d654a4e52c8f03aa4b1bcd305c933dc8600cc8ccea22732b55f3
TRACE_RECORDS=0
TRACE_SHA256=none
TRACE_CANONICAL=none
END_CASE
CASE lr-access-fault-preserves-reservation mode=cache=ordinary capture=recording
HART_SNAPSHOT_SHA256=a9651c34b205d654a4e52c8f03aa4b1bcd305c933dc8600cc8ccea22732b55f3 HART_SNAPSHOT_LEN=1198
RAM_SHA256=0cfe3d065ab7479ee71cb974e0955436b9705f1308114993befe3da00f001db7
RAM_CHANGED=none
RESULT=trapped=LoadAccessFault,tval=0x0000000080008100
REGS=pc:0x0000000080000000,x1:0x0000000000000000,x4:0x0000000000000000,x5:0x0000000000000000,x6:0x0000000000000001,x7:0x0000000000000000,x8:0x0000000000000000
MMIO_UART_ORDER=
MMIO_DEVICE_HITS=0x0000000010001000:0,0x0000000010000000:0
MMIO_ORDER=
CONTROL_BEFORE_HART_SHA256=a9651c34b205d654a4e52c8f03aa4b1bcd305c933dc8600cc8ccea22732b55f3
TRACE_RECORDS=0
TRACE_SHA256=e3b0c44298fc1c149afbf4c8996fb92427ae41e4649b934ca495991b7852b855
TRACE_CANONICAL_BEGIN
TRACE_CANONICAL_END
END_CASE
CASE lr-access-fault-preserves-reservation mode=cache=cached capture=untraced
HART_SNAPSHOT_SHA256=a9651c34b205d654a4e52c8f03aa4b1bcd305c933dc8600cc8ccea22732b55f3 HART_SNAPSHOT_LEN=1198
RAM_SHA256=0cfe3d065ab7479ee71cb974e0955436b9705f1308114993befe3da00f001db7
RAM_CHANGED=none
RESULT=trapped=LoadAccessFault,tval=0x0000000080008100
REGS=pc:0x0000000080000000,x1:0x0000000000000000,x4:0x0000000000000000,x5:0x0000000000000000,x6:0x0000000000000001,x7:0x0000000000000000,x8:0x0000000000000000
MMIO_UART_ORDER=
MMIO_DEVICE_HITS=0x0000000010001000:0,0x0000000010000000:0
MMIO_ORDER=
CONTROL_BEFORE_HART_SHA256=a9651c34b205d654a4e52c8f03aa4b1bcd305c933dc8600cc8ccea22732b55f3
TRACE_RECORDS=0
TRACE_SHA256=none
TRACE_CANONICAL=none
END_CASE
CASE lr-access-fault-preserves-reservation mode=cache=cached capture=recording
HART_SNAPSHOT_SHA256=a9651c34b205d654a4e52c8f03aa4b1bcd305c933dc8600cc8ccea22732b55f3 HART_SNAPSHOT_LEN=1198
RAM_SHA256=0cfe3d065ab7479ee71cb974e0955436b9705f1308114993befe3da00f001db7
RAM_CHANGED=none
RESULT=trapped=LoadAccessFault,tval=0x0000000080008100
REGS=pc:0x0000000080000000,x1:0x0000000000000000,x4:0x0000000000000000,x5:0x0000000000000000,x6:0x0000000000000001,x7:0x0000000000000000,x8:0x0000000000000000
MMIO_UART_ORDER=
MMIO_DEVICE_HITS=0x0000000010001000:0,0x0000000010000000:0
MMIO_ORDER=
CONTROL_BEFORE_HART_SHA256=a9651c34b205d654a4e52c8f03aa4b1bcd305c933dc8600cc8ccea22732b55f3
TRACE_RECORDS=0
TRACE_SHA256=e3b0c44298fc1c149afbf4c8996fb92427ae41e4649b934ca495991b7852b855
TRACE_CANONICAL_BEGIN
TRACE_CANONICAL_END
END_CASE
CASE lr-d-access-fault-preserves-reservation mode=cache=ordinary capture=untraced
HART_SNAPSHOT_SHA256=c1f165cc6d0431fce8dc308ee63647b8fdd9511feb8ddb4eb5d772241d53f38f HART_SNAPSHOT_LEN=1198
RAM_SHA256=1f6a65ace6a3bfb399b159f7e8bce38697781c54d5e88cd01a3bef8080bcd3cf
RAM_CHANGED=none
RESULT=trapped=LoadAccessFault,tval=0x0000000080008100
REGS=pc:0x0000000080000000,x1:0x0000000000000000,x4:0x0000000000000000,x5:0x0000000000000000,x6:0x0000000000000001,x7:0x0000000000000000,x8:0x0000000000000000
MMIO_UART_ORDER=
MMIO_DEVICE_HITS=0x0000000010001000:0,0x0000000010000000:0
MMIO_ORDER=
CONTROL_BEFORE_HART_SHA256=c1f165cc6d0431fce8dc308ee63647b8fdd9511feb8ddb4eb5d772241d53f38f
TRACE_RECORDS=0
TRACE_SHA256=none
TRACE_CANONICAL=none
END_CASE
CASE lr-d-access-fault-preserves-reservation mode=cache=ordinary capture=recording
HART_SNAPSHOT_SHA256=c1f165cc6d0431fce8dc308ee63647b8fdd9511feb8ddb4eb5d772241d53f38f HART_SNAPSHOT_LEN=1198
RAM_SHA256=1f6a65ace6a3bfb399b159f7e8bce38697781c54d5e88cd01a3bef8080bcd3cf
RAM_CHANGED=none
RESULT=trapped=LoadAccessFault,tval=0x0000000080008100
REGS=pc:0x0000000080000000,x1:0x0000000000000000,x4:0x0000000000000000,x5:0x0000000000000000,x6:0x0000000000000001,x7:0x0000000000000000,x8:0x0000000000000000
MMIO_UART_ORDER=
MMIO_DEVICE_HITS=0x0000000010001000:0,0x0000000010000000:0
MMIO_ORDER=
CONTROL_BEFORE_HART_SHA256=c1f165cc6d0431fce8dc308ee63647b8fdd9511feb8ddb4eb5d772241d53f38f
TRACE_RECORDS=0
TRACE_SHA256=e3b0c44298fc1c149afbf4c8996fb92427ae41e4649b934ca495991b7852b855
TRACE_CANONICAL_BEGIN
TRACE_CANONICAL_END
END_CASE
CASE lr-d-access-fault-preserves-reservation mode=cache=cached capture=untraced
HART_SNAPSHOT_SHA256=c1f165cc6d0431fce8dc308ee63647b8fdd9511feb8ddb4eb5d772241d53f38f HART_SNAPSHOT_LEN=1198
RAM_SHA256=1f6a65ace6a3bfb399b159f7e8bce38697781c54d5e88cd01a3bef8080bcd3cf
RAM_CHANGED=none
RESULT=trapped=LoadAccessFault,tval=0x0000000080008100
REGS=pc:0x0000000080000000,x1:0x0000000000000000,x4:0x0000000000000000,x5:0x0000000000000000,x6:0x0000000000000001,x7:0x0000000000000000,x8:0x0000000000000000
MMIO_UART_ORDER=
MMIO_DEVICE_HITS=0x0000000010001000:0,0x0000000010000000:0
MMIO_ORDER=
CONTROL_BEFORE_HART_SHA256=c1f165cc6d0431fce8dc308ee63647b8fdd9511feb8ddb4eb5d772241d53f38f
TRACE_RECORDS=0
TRACE_SHA256=none
TRACE_CANONICAL=none
END_CASE
CASE lr-d-access-fault-preserves-reservation mode=cache=cached capture=recording
HART_SNAPSHOT_SHA256=c1f165cc6d0431fce8dc308ee63647b8fdd9511feb8ddb4eb5d772241d53f38f HART_SNAPSHOT_LEN=1198
RAM_SHA256=1f6a65ace6a3bfb399b159f7e8bce38697781c54d5e88cd01a3bef8080bcd3cf
RAM_CHANGED=none
RESULT=trapped=LoadAccessFault,tval=0x0000000080008100
REGS=pc:0x0000000080000000,x1:0x0000000000000000,x4:0x0000000000000000,x5:0x0000000000000000,x6:0x0000000000000001,x7:0x0000000000000000,x8:0x0000000000000000
MMIO_UART_ORDER=
MMIO_DEVICE_HITS=0x0000000010001000:0,0x0000000010000000:0
MMIO_ORDER=
CONTROL_BEFORE_HART_SHA256=c1f165cc6d0431fce8dc308ee63647b8fdd9511feb8ddb4eb5d772241d53f38f
TRACE_RECORDS=0
TRACE_SHA256=e3b0c44298fc1c149afbf4c8996fb92427ae41e4649b934ca495991b7852b855
TRACE_CANONICAL_BEGIN
TRACE_CANONICAL_END
END_CASE
CASE amo-access-fault-preserves-reservation mode=cache=ordinary capture=untraced
HART_SNAPSHOT_SHA256=a9651c34b205d654a4e52c8f03aa4b1bcd305c933dc8600cc8ccea22732b55f3 HART_SNAPSHOT_LEN=1198
RAM_SHA256=4602576df4e566420f0480ec2bbbe0bbe7531d871484fce747be82def00b63fc
RAM_CHANGED=none
RESULT=trapped=StoreAccessFault,tval=0x0000000080008100
REGS=pc:0x0000000080000000,x1:0x0000000000000000,x4:0x0000000000000000,x5:0x0000000000000000,x6:0x0000000000000001,x7:0x0000000000000000,x8:0x0000000000000000
MMIO_UART_ORDER=
MMIO_DEVICE_HITS=0x0000000010001000:0,0x0000000010000000:0
MMIO_ORDER=
CONTROL_BEFORE_HART_SHA256=a9651c34b205d654a4e52c8f03aa4b1bcd305c933dc8600cc8ccea22732b55f3
TRACE_RECORDS=0
TRACE_SHA256=none
TRACE_CANONICAL=none
END_CASE
CASE amo-access-fault-preserves-reservation mode=cache=ordinary capture=recording
HART_SNAPSHOT_SHA256=a9651c34b205d654a4e52c8f03aa4b1bcd305c933dc8600cc8ccea22732b55f3 HART_SNAPSHOT_LEN=1198
RAM_SHA256=4602576df4e566420f0480ec2bbbe0bbe7531d871484fce747be82def00b63fc
RAM_CHANGED=none
RESULT=trapped=StoreAccessFault,tval=0x0000000080008100
REGS=pc:0x0000000080000000,x1:0x0000000000000000,x4:0x0000000000000000,x5:0x0000000000000000,x6:0x0000000000000001,x7:0x0000000000000000,x8:0x0000000000000000
MMIO_UART_ORDER=
MMIO_DEVICE_HITS=0x0000000010001000:0,0x0000000010000000:0
MMIO_ORDER=
CONTROL_BEFORE_HART_SHA256=a9651c34b205d654a4e52c8f03aa4b1bcd305c933dc8600cc8ccea22732b55f3
TRACE_RECORDS=0
TRACE_SHA256=e3b0c44298fc1c149afbf4c8996fb92427ae41e4649b934ca495991b7852b855
TRACE_CANONICAL_BEGIN
TRACE_CANONICAL_END
END_CASE
CASE amo-access-fault-preserves-reservation mode=cache=cached capture=untraced
HART_SNAPSHOT_SHA256=a9651c34b205d654a4e52c8f03aa4b1bcd305c933dc8600cc8ccea22732b55f3 HART_SNAPSHOT_LEN=1198
RAM_SHA256=4602576df4e566420f0480ec2bbbe0bbe7531d871484fce747be82def00b63fc
RAM_CHANGED=none
RESULT=trapped=StoreAccessFault,tval=0x0000000080008100
REGS=pc:0x0000000080000000,x1:0x0000000000000000,x4:0x0000000000000000,x5:0x0000000000000000,x6:0x0000000000000001,x7:0x0000000000000000,x8:0x0000000000000000
MMIO_UART_ORDER=
MMIO_DEVICE_HITS=0x0000000010001000:0,0x0000000010000000:0
MMIO_ORDER=
CONTROL_BEFORE_HART_SHA256=a9651c34b205d654a4e52c8f03aa4b1bcd305c933dc8600cc8ccea22732b55f3
TRACE_RECORDS=0
TRACE_SHA256=none
TRACE_CANONICAL=none
END_CASE
CASE amo-access-fault-preserves-reservation mode=cache=cached capture=recording
HART_SNAPSHOT_SHA256=a9651c34b205d654a4e52c8f03aa4b1bcd305c933dc8600cc8ccea22732b55f3 HART_SNAPSHOT_LEN=1198
RAM_SHA256=4602576df4e566420f0480ec2bbbe0bbe7531d871484fce747be82def00b63fc
RAM_CHANGED=none
RESULT=trapped=StoreAccessFault,tval=0x0000000080008100
REGS=pc:0x0000000080000000,x1:0x0000000000000000,x4:0x0000000000000000,x5:0x0000000000000000,x6:0x0000000000000001,x7:0x0000000000000000,x8:0x0000000000000000
MMIO_UART_ORDER=
MMIO_DEVICE_HITS=0x0000000010001000:0,0x0000000010000000:0
MMIO_ORDER=
CONTROL_BEFORE_HART_SHA256=a9651c34b205d654a4e52c8f03aa4b1bcd305c933dc8600cc8ccea22732b55f3
TRACE_RECORDS=0
TRACE_SHA256=e3b0c44298fc1c149afbf4c8996fb92427ae41e4649b934ca495991b7852b855
TRACE_CANONICAL_BEGIN
TRACE_CANONICAL_END
END_CASE
CASE amo-d-access-fault-preserves-reservation mode=cache=ordinary capture=untraced
HART_SNAPSHOT_SHA256=c1f165cc6d0431fce8dc308ee63647b8fdd9511feb8ddb4eb5d772241d53f38f HART_SNAPSHOT_LEN=1198
RAM_SHA256=95aadf1d94e5c1d132f48ed773bce6701212a8b999fa44d8a0c1f6f5648e13df
RAM_CHANGED=none
RESULT=trapped=StoreAccessFault,tval=0x0000000080008100
REGS=pc:0x0000000080000000,x1:0x0000000000000000,x4:0x0000000000000000,x5:0x0000000000000000,x6:0x0000000000000001,x7:0x0000000000000000,x8:0x0000000000000000
MMIO_UART_ORDER=
MMIO_DEVICE_HITS=0x0000000010001000:0,0x0000000010000000:0
MMIO_ORDER=
CONTROL_BEFORE_HART_SHA256=c1f165cc6d0431fce8dc308ee63647b8fdd9511feb8ddb4eb5d772241d53f38f
TRACE_RECORDS=0
TRACE_SHA256=none
TRACE_CANONICAL=none
END_CASE
CASE amo-d-access-fault-preserves-reservation mode=cache=ordinary capture=recording
HART_SNAPSHOT_SHA256=c1f165cc6d0431fce8dc308ee63647b8fdd9511feb8ddb4eb5d772241d53f38f HART_SNAPSHOT_LEN=1198
RAM_SHA256=95aadf1d94e5c1d132f48ed773bce6701212a8b999fa44d8a0c1f6f5648e13df
RAM_CHANGED=none
RESULT=trapped=StoreAccessFault,tval=0x0000000080008100
REGS=pc:0x0000000080000000,x1:0x0000000000000000,x4:0x0000000000000000,x5:0x0000000000000000,x6:0x0000000000000001,x7:0x0000000000000000,x8:0x0000000000000000
MMIO_UART_ORDER=
MMIO_DEVICE_HITS=0x0000000010001000:0,0x0000000010000000:0
MMIO_ORDER=
CONTROL_BEFORE_HART_SHA256=c1f165cc6d0431fce8dc308ee63647b8fdd9511feb8ddb4eb5d772241d53f38f
TRACE_RECORDS=0
TRACE_SHA256=e3b0c44298fc1c149afbf4c8996fb92427ae41e4649b934ca495991b7852b855
TRACE_CANONICAL_BEGIN
TRACE_CANONICAL_END
END_CASE
CASE amo-d-access-fault-preserves-reservation mode=cache=cached capture=untraced
HART_SNAPSHOT_SHA256=c1f165cc6d0431fce8dc308ee63647b8fdd9511feb8ddb4eb5d772241d53f38f HART_SNAPSHOT_LEN=1198
RAM_SHA256=95aadf1d94e5c1d132f48ed773bce6701212a8b999fa44d8a0c1f6f5648e13df
RAM_CHANGED=none
RESULT=trapped=StoreAccessFault,tval=0x0000000080008100
REGS=pc:0x0000000080000000,x1:0x0000000000000000,x4:0x0000000000000000,x5:0x0000000000000000,x6:0x0000000000000001,x7:0x0000000000000000,x8:0x0000000000000000
MMIO_UART_ORDER=
MMIO_DEVICE_HITS=0x0000000010001000:0,0x0000000010000000:0
MMIO_ORDER=
CONTROL_BEFORE_HART_SHA256=c1f165cc6d0431fce8dc308ee63647b8fdd9511feb8ddb4eb5d772241d53f38f
TRACE_RECORDS=0
TRACE_SHA256=none
TRACE_CANONICAL=none
END_CASE
CASE amo-d-access-fault-preserves-reservation mode=cache=cached capture=recording
HART_SNAPSHOT_SHA256=c1f165cc6d0431fce8dc308ee63647b8fdd9511feb8ddb4eb5d772241d53f38f HART_SNAPSHOT_LEN=1198
RAM_SHA256=95aadf1d94e5c1d132f48ed773bce6701212a8b999fa44d8a0c1f6f5648e13df
RAM_CHANGED=none
RESULT=trapped=StoreAccessFault,tval=0x0000000080008100
REGS=pc:0x0000000080000000,x1:0x0000000000000000,x4:0x0000000000000000,x5:0x0000000000000000,x6:0x0000000000000001,x7:0x0000000000000000,x8:0x0000000000000000
MMIO_UART_ORDER=
MMIO_DEVICE_HITS=0x0000000010001000:0,0x0000000010000000:0
MMIO_ORDER=
CONTROL_BEFORE_HART_SHA256=c1f165cc6d0431fce8dc308ee63647b8fdd9511feb8ddb4eb5d772241d53f38f
TRACE_RECORDS=0
TRACE_SHA256=e3b0c44298fc1c149afbf4c8996fb92427ae41e4649b934ca495991b7852b855
TRACE_CANONICAL_BEGIN
TRACE_CANONICAL_END
END_CASE
CASE raw-compressed-trap-tval direct=unit
HART_SNAPSHOT_SHA256=03919b337dfa7134eeff82fac53c2d399b711a395497474ffa2cefa26ae2edb2 HART_SNAPSHOT_LEN=1189
RAM_SHA256=ebc10aea7c6081d2b57986cfaf5bfab998e9eb3f08aad24ed64089972c0a6afe
RAM_CHANGED=none
RESULT=trap:IllegalInstruction,tval=0x0000000000008000 RETIRED=0
RESERVATION=none
MMIO_UART_ORDER=
BUS_EVENTS=L16@0x0000000080000000=0x8000
TRACE_RECORDS=0
TRACE_SHA256=none
TRACE_CANONICAL=none
END_CASE
CASE raw-compressed-trap-tval direct=recording
HART_SNAPSHOT_SHA256=03919b337dfa7134eeff82fac53c2d399b711a395497474ffa2cefa26ae2edb2 HART_SNAPSHOT_LEN=1189
RAM_SHA256=ebc10aea7c6081d2b57986cfaf5bfab998e9eb3f08aad24ed64089972c0a6afe
RAM_CHANGED=none
RESULT=trap:IllegalInstruction,tval=0x0000000000008000 RETIRED=0
RESERVATION=none
MMIO_UART_ORDER=
BUS_EVENTS=L16@0x0000000080000000=0x8000
TRACE_RECORDS=0
TRACE_SHA256=e3b0c44298fc1c149afbf4c8996fb92427ae41e4649b934ca495991b7852b855
TRACE_CANONICAL_BEGIN
TRACE_CANONICAL_END
END_CASE
CASE raw-compressed-trap-tval mode=cache=ordinary capture=untraced
HART_SNAPSHOT_SHA256=03919b337dfa7134eeff82fac53c2d399b711a395497474ffa2cefa26ae2edb2 HART_SNAPSHOT_LEN=1189
RAM_SHA256=ebc10aea7c6081d2b57986cfaf5bfab998e9eb3f08aad24ed64089972c0a6afe
RAM_CHANGED=none
RESULT=trapped=IllegalInstruction,tval=0x0000000000008000
REGS=pc:0x0000000080000000,x1:0x0000000000000000,x4:0x0000000000000000,x5:0x0000000000000000,x6:0x0000000000000000,x7:0x0000000000000000,x8:0x0000000000000000
MMIO_UART_ORDER=
MMIO_DEVICE_HITS=0x0000000010001000:0,0x0000000010000000:0
MMIO_ORDER=
CONTROL_BEFORE_HART_SHA256=03919b337dfa7134eeff82fac53c2d399b711a395497474ffa2cefa26ae2edb2
TRACE_RECORDS=0
TRACE_SHA256=none
TRACE_CANONICAL=none
END_CASE
CASE raw-compressed-trap-tval mode=cache=ordinary capture=recording
HART_SNAPSHOT_SHA256=03919b337dfa7134eeff82fac53c2d399b711a395497474ffa2cefa26ae2edb2 HART_SNAPSHOT_LEN=1189
RAM_SHA256=ebc10aea7c6081d2b57986cfaf5bfab998e9eb3f08aad24ed64089972c0a6afe
RAM_CHANGED=none
RESULT=trapped=IllegalInstruction,tval=0x0000000000008000
REGS=pc:0x0000000080000000,x1:0x0000000000000000,x4:0x0000000000000000,x5:0x0000000000000000,x6:0x0000000000000000,x7:0x0000000000000000,x8:0x0000000000000000
MMIO_UART_ORDER=
MMIO_DEVICE_HITS=0x0000000010001000:0,0x0000000010000000:0
MMIO_ORDER=
CONTROL_BEFORE_HART_SHA256=03919b337dfa7134eeff82fac53c2d399b711a395497474ffa2cefa26ae2edb2
TRACE_RECORDS=0
TRACE_SHA256=e3b0c44298fc1c149afbf4c8996fb92427ae41e4649b934ca495991b7852b855
TRACE_CANONICAL_BEGIN
TRACE_CANONICAL_END
END_CASE
CASE raw-compressed-trap-tval mode=cache=cached capture=untraced
HART_SNAPSHOT_SHA256=03919b337dfa7134eeff82fac53c2d399b711a395497474ffa2cefa26ae2edb2 HART_SNAPSHOT_LEN=1189
RAM_SHA256=ebc10aea7c6081d2b57986cfaf5bfab998e9eb3f08aad24ed64089972c0a6afe
RAM_CHANGED=none
RESULT=trapped=IllegalInstruction,tval=0x0000000000008000
REGS=pc:0x0000000080000000,x1:0x0000000000000000,x4:0x0000000000000000,x5:0x0000000000000000,x6:0x0000000000000000,x7:0x0000000000000000,x8:0x0000000000000000
MMIO_UART_ORDER=
MMIO_DEVICE_HITS=0x0000000010001000:0,0x0000000010000000:0
MMIO_ORDER=
CONTROL_BEFORE_HART_SHA256=03919b337dfa7134eeff82fac53c2d399b711a395497474ffa2cefa26ae2edb2
TRACE_RECORDS=0
TRACE_SHA256=none
TRACE_CANONICAL=none
END_CASE
CASE raw-compressed-trap-tval mode=cache=cached capture=recording
HART_SNAPSHOT_SHA256=03919b337dfa7134eeff82fac53c2d399b711a395497474ffa2cefa26ae2edb2 HART_SNAPSHOT_LEN=1189
RAM_SHA256=ebc10aea7c6081d2b57986cfaf5bfab998e9eb3f08aad24ed64089972c0a6afe
RAM_CHANGED=none
RESULT=trapped=IllegalInstruction,tval=0x0000000000008000
REGS=pc:0x0000000080000000,x1:0x0000000000000000,x4:0x0000000000000000,x5:0x0000000000000000,x6:0x0000000000000000,x7:0x0000000000000000,x8:0x0000000000000000
MMIO_UART_ORDER=
MMIO_DEVICE_HITS=0x0000000010001000:0,0x0000000010000000:0
MMIO_ORDER=
CONTROL_BEFORE_HART_SHA256=03919b337dfa7134eeff82fac53c2d399b711a395497474ffa2cefa26ae2edb2
TRACE_RECORDS=0
TRACE_SHA256=e3b0c44298fc1c149afbf4c8996fb92427ae41e4649b934ca495991b7852b855
TRACE_CANONICAL_BEGIN
TRACE_CANONICAL_END
END_CASE
CASE x0-counter-write-control-flow mode=cache=ordinary capture=untraced
HART_SNAPSHOT_SHA256=2241acff9c06045318afd63fcfe466df17bb41952f207019b2b1c43a8401913a HART_SNAPSHOT_LEN=1189
RAM_SHA256=9ea02ff840b9ec74f63fdda480506f7677a06891072c57e97b43b3fe26fe255f
RAM_CHANGED=none
RESULT=max-instrs
REGS=pc:0x0000000080000020,x1:0x0000000000000000,x4:0x0000000000000000,x5:0x0000000000000064,x6:0x0000000000000064,x7:0x0000000000000067,x8:0x0000000000000068
MMIO_UART_ORDER=
MMIO_DEVICE_HITS=0x0000000010001000:0,0x0000000010000000:0
MMIO_ORDER=
CONTROL_BEFORE_HART_SHA256=c879708eb1164eb593199dc4a4b5bd98fa1511d9df950d39e42ee7feb19cb82c
TRACE_RECORDS=0
TRACE_SHA256=none
TRACE_CANONICAL=none
END_CASE
CASE x0-counter-write-control-flow mode=cache=ordinary capture=recording
HART_SNAPSHOT_SHA256=2241acff9c06045318afd63fcfe466df17bb41952f207019b2b1c43a8401913a HART_SNAPSHOT_LEN=1189
RAM_SHA256=9ea02ff840b9ec74f63fdda480506f7677a06891072c57e97b43b3fe26fe255f
RAM_CHANGED=none
RESULT=max-instrs
REGS=pc:0x0000000080000020,x1:0x0000000000000000,x4:0x0000000000000000,x5:0x0000000000000064,x6:0x0000000000000064,x7:0x0000000000000067,x8:0x0000000000000068
MMIO_UART_ORDER=
MMIO_DEVICE_HITS=0x0000000010001000:0,0x0000000010000000:0
MMIO_ORDER=
CONTROL_BEFORE_HART_SHA256=c879708eb1164eb593199dc4a4b5bd98fa1511d9df950d39e42ee7feb19cb82c
TRACE_RECORDS=7
TRACE_SHA256=b20a807c314aaeefb28beadede6e35358f66683894febb2ffccace33680623ae
TRACE_CANONICAL_BEGIN
core 0: 0x0000000080000000 (0xc02020f3) x1 0x0000000000000000
core 0: 0x0000000080000004 (0xb0229073)
core 0: 0x0000000080000008 (0xb0202373) x6 0x0000000000000064
core 0: 0x000000008000000c (0x06300013)
core 0: 0x0000000080000010 (0x00318463)
core 0: 0x0000000080000018 (0xb02023f3) x7 0x0000000000000067
core 0: 0x000000008000001c (0x00138413) x8 0x0000000000000068
TRACE_CANONICAL_END
END_CASE
CASE x0-counter-write-control-flow mode=cache=cached capture=untraced
HART_SNAPSHOT_SHA256=2241acff9c06045318afd63fcfe466df17bb41952f207019b2b1c43a8401913a HART_SNAPSHOT_LEN=1189
RAM_SHA256=9ea02ff840b9ec74f63fdda480506f7677a06891072c57e97b43b3fe26fe255f
RAM_CHANGED=none
RESULT=max-instrs
REGS=pc:0x0000000080000020,x1:0x0000000000000000,x4:0x0000000000000000,x5:0x0000000000000064,x6:0x0000000000000064,x7:0x0000000000000067,x8:0x0000000000000068
MMIO_UART_ORDER=
MMIO_DEVICE_HITS=0x0000000010001000:0,0x0000000010000000:0
MMIO_ORDER=
CONTROL_BEFORE_HART_SHA256=c879708eb1164eb593199dc4a4b5bd98fa1511d9df950d39e42ee7feb19cb82c
TRACE_RECORDS=0
TRACE_SHA256=none
TRACE_CANONICAL=none
END_CASE
CASE x0-counter-write-control-flow mode=cache=cached capture=recording
HART_SNAPSHOT_SHA256=2241acff9c06045318afd63fcfe466df17bb41952f207019b2b1c43a8401913a HART_SNAPSHOT_LEN=1189
RAM_SHA256=9ea02ff840b9ec74f63fdda480506f7677a06891072c57e97b43b3fe26fe255f
RAM_CHANGED=none
RESULT=max-instrs
REGS=pc:0x0000000080000020,x1:0x0000000000000000,x4:0x0000000000000000,x5:0x0000000000000064,x6:0x0000000000000064,x7:0x0000000000000067,x8:0x0000000000000068
MMIO_UART_ORDER=
MMIO_DEVICE_HITS=0x0000000010001000:0,0x0000000010000000:0
MMIO_ORDER=
CONTROL_BEFORE_HART_SHA256=c879708eb1164eb593199dc4a4b5bd98fa1511d9df950d39e42ee7feb19cb82c
TRACE_RECORDS=7
TRACE_SHA256=b20a807c314aaeefb28beadede6e35358f66683894febb2ffccace33680623ae
TRACE_CANONICAL_BEGIN
core 0: 0x0000000080000000 (0xc02020f3) x1 0x0000000000000000
core 0: 0x0000000080000004 (0xb0229073)
core 0: 0x0000000080000008 (0xb0202373) x6 0x0000000000000064
core 0: 0x000000008000000c (0x06300013)
core 0: 0x0000000080000010 (0x00318463)
core 0: 0x0000000080000018 (0xb02023f3) x7 0x0000000000000067
core 0: 0x000000008000001c (0x00138413) x8 0x0000000000000068
TRACE_CANONICAL_END
END_CASE
CASE mmio-recorder-width-order mode=cache=ordinary capture=untraced
HART_SNAPSHOT_SHA256=91d576845788b30fad38581f54e24ae4ed72eabdbdeacd32f880d1af0da9b161 HART_SNAPSHOT_LEN=1189
RAM_SHA256=940dbf98111c22dfdbcf385ea81b62a8960d405049ab1b55926b86a03a03d2ec
RAM_CHANGED=none
RESULT=max-instrs
REGS=pc:0x0000000080000014,x1:0x0000000000000000,x4:0x0000000000000011,x5:0x0000000000000000,x6:0x0000000000000000,x7:0x0000000000000000,x8:0x0000000000000000
MMIO_UART_ORDER=
MMIO_DEVICE_HITS=0x0000000010001000:5,0x0000000010000000:0
MMIO_ORDER=W1@0x0<=0x11:OK,W2@0x2<=0x2211:OK,W4@0x4<=0x44332211:OK,W8@0x8<=0x8877665544332211:OK,R1@0x0=0x11
CONTROL_BEFORE_HART_SHA256=a691299de03f3ba7d04afef75c1a3bd62f5924d94845673b8f73ac595083d247
TRACE_RECORDS=0
TRACE_SHA256=none
TRACE_CANONICAL=none
END_CASE
CASE mmio-recorder-width-order mode=cache=ordinary capture=recording
HART_SNAPSHOT_SHA256=91d576845788b30fad38581f54e24ae4ed72eabdbdeacd32f880d1af0da9b161 HART_SNAPSHOT_LEN=1189
RAM_SHA256=940dbf98111c22dfdbcf385ea81b62a8960d405049ab1b55926b86a03a03d2ec
RAM_CHANGED=none
RESULT=max-instrs
REGS=pc:0x0000000080000014,x1:0x0000000000000000,x4:0x0000000000000011,x5:0x0000000000000000,x6:0x0000000000000000,x7:0x0000000000000000,x8:0x0000000000000000
MMIO_UART_ORDER=
MMIO_DEVICE_HITS=0x0000000010001000:5,0x0000000010000000:0
MMIO_ORDER=W1@0x0<=0x11:OK,W2@0x2<=0x2211:OK,W4@0x4<=0x44332211:OK,W8@0x8<=0x8877665544332211:OK,R1@0x0=0x11
CONTROL_BEFORE_HART_SHA256=a691299de03f3ba7d04afef75c1a3bd62f5924d94845673b8f73ac595083d247
TRACE_RECORDS=5
TRACE_SHA256=974a07db55525032ee9c750552d0ed64b4c3ee9f7aa608bd9a3a49da5470878d
TRACE_CANONICAL_BEGIN
core 0: 0x0000000080000000 (0x00310023) mem 0x0000000010001000 0x11
core 0: 0x0000000080000004 (0x00311123) mem 0x0000000010001002 0x2211
core 0: 0x0000000080000008 (0x00312223) mem 0x0000000010001004 0x44332211
core 0: 0x000000008000000c (0x00313423) mem 0x0000000010001008 0x8877665544332211
core 0: 0x0000000080000010 (0x00010203) x4 0x0000000000000011 mem 0x0000000010001000
TRACE_CANONICAL_END
END_CASE
CASE mmio-recorder-width-order mode=cache=cached capture=untraced
HART_SNAPSHOT_SHA256=91d576845788b30fad38581f54e24ae4ed72eabdbdeacd32f880d1af0da9b161 HART_SNAPSHOT_LEN=1189
RAM_SHA256=940dbf98111c22dfdbcf385ea81b62a8960d405049ab1b55926b86a03a03d2ec
RAM_CHANGED=none
RESULT=max-instrs
REGS=pc:0x0000000080000014,x1:0x0000000000000000,x4:0x0000000000000011,x5:0x0000000000000000,x6:0x0000000000000000,x7:0x0000000000000000,x8:0x0000000000000000
MMIO_UART_ORDER=
MMIO_DEVICE_HITS=0x0000000010001000:5,0x0000000010000000:0
MMIO_ORDER=W1@0x0<=0x11:OK,W2@0x2<=0x2211:OK,W4@0x4<=0x44332211:OK,W8@0x8<=0x8877665544332211:OK,R1@0x0=0x11
CONTROL_BEFORE_HART_SHA256=a691299de03f3ba7d04afef75c1a3bd62f5924d94845673b8f73ac595083d247
TRACE_RECORDS=0
TRACE_SHA256=none
TRACE_CANONICAL=none
END_CASE
CASE mmio-recorder-width-order mode=cache=cached capture=recording
HART_SNAPSHOT_SHA256=91d576845788b30fad38581f54e24ae4ed72eabdbdeacd32f880d1af0da9b161 HART_SNAPSHOT_LEN=1189
RAM_SHA256=940dbf98111c22dfdbcf385ea81b62a8960d405049ab1b55926b86a03a03d2ec
RAM_CHANGED=none
RESULT=max-instrs
REGS=pc:0x0000000080000014,x1:0x0000000000000000,x4:0x0000000000000011,x5:0x0000000000000000,x6:0x0000000000000000,x7:0x0000000000000000,x8:0x0000000000000000
MMIO_UART_ORDER=
MMIO_DEVICE_HITS=0x0000000010001000:5,0x0000000010000000:0
MMIO_ORDER=W1@0x0<=0x11:OK,W2@0x2<=0x2211:OK,W4@0x4<=0x44332211:OK,W8@0x8<=0x8877665544332211:OK,R1@0x0=0x11
CONTROL_BEFORE_HART_SHA256=a691299de03f3ba7d04afef75c1a3bd62f5924d94845673b8f73ac595083d247
TRACE_RECORDS=5
TRACE_SHA256=974a07db55525032ee9c750552d0ed64b4c3ee9f7aa608bd9a3a49da5470878d
TRACE_CANONICAL_BEGIN
core 0: 0x0000000080000000 (0x00310023) mem 0x0000000010001000 0x11
core 0: 0x0000000080000004 (0x00311123) mem 0x0000000010001002 0x2211
core 0: 0x0000000080000008 (0x00312223) mem 0x0000000010001004 0x44332211
core 0: 0x000000008000000c (0x00313423) mem 0x0000000010001008 0x8877665544332211
core 0: 0x0000000080000010 (0x00010203) x4 0x0000000000000011 mem 0x0000000010001000
TRACE_CANONICAL_END
END_CASE
CASE mmio-recorder-fp-widths mode=cache=ordinary capture=untraced
HART_SNAPSHOT_SHA256=5c41ce95a139629baf161ad1d69e83d30d8ebfa35f84c1cca65e2beb396c7049 HART_SNAPSHOT_LEN=1189
RAM_SHA256=2efc45d79fcc5cf25fea70947388f041e50ddb522315298fc55f3effee9378bf
RAM_CHANGED=none
RESULT=max-instrs
REGS=pc:0x0000000080000008,x1:0x0000000000000000,x4:0x0000000000000000,x5:0x0000000000000000,x6:0x0000000000000000,x7:0x0000000000000000,x8:0x0000000000000000
MMIO_UART_ORDER=
MMIO_DEVICE_HITS=0x0000000010001000:2,0x0000000010000000:0
MMIO_ORDER=W4@0x0<=0x44332211:OK,W8@0x8<=0x8877665544332211:OK
CONTROL_BEFORE_HART_SHA256=e72294c434d7de8447dcaa1f880db0550e80222448148b9ed3d78b8a182aa669
TRACE_RECORDS=0
TRACE_SHA256=none
TRACE_CANONICAL=none
END_CASE
CASE mmio-recorder-fp-widths mode=cache=ordinary capture=recording
HART_SNAPSHOT_SHA256=5c41ce95a139629baf161ad1d69e83d30d8ebfa35f84c1cca65e2beb396c7049 HART_SNAPSHOT_LEN=1189
RAM_SHA256=2efc45d79fcc5cf25fea70947388f041e50ddb522315298fc55f3effee9378bf
RAM_CHANGED=none
RESULT=max-instrs
REGS=pc:0x0000000080000008,x1:0x0000000000000000,x4:0x0000000000000000,x5:0x0000000000000000,x6:0x0000000000000000,x7:0x0000000000000000,x8:0x0000000000000000
MMIO_UART_ORDER=
MMIO_DEVICE_HITS=0x0000000010001000:2,0x0000000010000000:0
MMIO_ORDER=W4@0x0<=0x44332211:OK,W8@0x8<=0x8877665544332211:OK
CONTROL_BEFORE_HART_SHA256=e72294c434d7de8447dcaa1f880db0550e80222448148b9ed3d78b8a182aa669
TRACE_RECORDS=2
TRACE_SHA256=f545610c86d3af8e09b74a6e0342ecf4f7c557fb5b1fcfafedbf50648c578bfe
TRACE_CANONICAL_BEGIN
core 0: 0x0000000080000000 (0x00112027) mem 0x0000000010001000 0x44332211
core 0: 0x0000000080000004 (0x00113427) mem 0x0000000010001008 0x8877665544332211
TRACE_CANONICAL_END
END_CASE
CASE mmio-recorder-fp-widths mode=cache=cached capture=untraced
HART_SNAPSHOT_SHA256=5c41ce95a139629baf161ad1d69e83d30d8ebfa35f84c1cca65e2beb396c7049 HART_SNAPSHOT_LEN=1189
RAM_SHA256=2efc45d79fcc5cf25fea70947388f041e50ddb522315298fc55f3effee9378bf
RAM_CHANGED=none
RESULT=max-instrs
REGS=pc:0x0000000080000008,x1:0x0000000000000000,x4:0x0000000000000000,x5:0x0000000000000000,x6:0x0000000000000000,x7:0x0000000000000000,x8:0x0000000000000000
MMIO_UART_ORDER=
MMIO_DEVICE_HITS=0x0000000010001000:2,0x0000000010000000:0
MMIO_ORDER=W4@0x0<=0x44332211:OK,W8@0x8<=0x8877665544332211:OK
CONTROL_BEFORE_HART_SHA256=e72294c434d7de8447dcaa1f880db0550e80222448148b9ed3d78b8a182aa669
TRACE_RECORDS=0
TRACE_SHA256=none
TRACE_CANONICAL=none
END_CASE
CASE mmio-recorder-fp-widths mode=cache=cached capture=recording
HART_SNAPSHOT_SHA256=5c41ce95a139629baf161ad1d69e83d30d8ebfa35f84c1cca65e2beb396c7049 HART_SNAPSHOT_LEN=1189
RAM_SHA256=2efc45d79fcc5cf25fea70947388f041e50ddb522315298fc55f3effee9378bf
RAM_CHANGED=none
RESULT=max-instrs
REGS=pc:0x0000000080000008,x1:0x0000000000000000,x4:0x0000000000000000,x5:0x0000000000000000,x6:0x0000000000000000,x7:0x0000000000000000,x8:0x0000000000000000
MMIO_UART_ORDER=
MMIO_DEVICE_HITS=0x0000000010001000:2,0x0000000010000000:0
MMIO_ORDER=W4@0x0<=0x44332211:OK,W8@0x8<=0x8877665544332211:OK
CONTROL_BEFORE_HART_SHA256=e72294c434d7de8447dcaa1f880db0550e80222448148b9ed3d78b8a182aa669
TRACE_RECORDS=2
TRACE_SHA256=f545610c86d3af8e09b74a6e0342ecf4f7c557fb5b1fcfafedbf50648c578bfe
TRACE_CANONICAL_BEGIN
core 0: 0x0000000080000000 (0x00112027) mem 0x0000000010001000 0x44332211
core 0: 0x0000000080000004 (0x00113427) mem 0x0000000010001008 0x8877665544332211
TRACE_CANONICAL_END
END_CASE
CASE mmio-recorder-lr-sc mode=cache=ordinary capture=untraced
HART_SNAPSHOT_SHA256=83f32cb8b4d605104bcdd8a9e33465ebb814a9c5dd665a4e35e1f8f527d80110 HART_SNAPSHOT_LEN=1189
RAM_SHA256=34a432bd130c1429e61180a4585681ca83f154fc6b7efd4b4a920315e768f4d2
RAM_CHANGED=none
RESULT=max-instrs
REGS=pc:0x0000000080000008,x1:0x0000000000000000,x4:0x0000000000000000,x5:0x0000000000000000,x6:0x0000000000000099,x7:0x0000000000000000,x8:0x0000000000000000
MMIO_UART_ORDER=
MMIO_DEVICE_HITS=0x0000000010001000:2,0x0000000010000000:0
MMIO_ORDER=R4@0x0=0x44332211,W4@0x0<=0x00000099:OK
CONTROL_BEFORE_HART_SHA256=fefeea9a183bf980bcef9d57144553dbd12486422f6a45de44a49e13579c0937
TRACE_RECORDS=0
TRACE_SHA256=none
TRACE_CANONICAL=none
END_CASE
CASE mmio-recorder-lr-sc mode=cache=ordinary capture=recording
HART_SNAPSHOT_SHA256=83f32cb8b4d605104bcdd8a9e33465ebb814a9c5dd665a4e35e1f8f527d80110 HART_SNAPSHOT_LEN=1189
RAM_SHA256=34a432bd130c1429e61180a4585681ca83f154fc6b7efd4b4a920315e768f4d2
RAM_CHANGED=none
RESULT=max-instrs
REGS=pc:0x0000000080000008,x1:0x0000000000000000,x4:0x0000000000000000,x5:0x0000000000000000,x6:0x0000000000000099,x7:0x0000000000000000,x8:0x0000000000000000
MMIO_UART_ORDER=
MMIO_DEVICE_HITS=0x0000000010001000:2,0x0000000010000000:0
MMIO_ORDER=R4@0x0=0x44332211,W4@0x0<=0x00000099:OK
CONTROL_BEFORE_HART_SHA256=fefeea9a183bf980bcef9d57144553dbd12486422f6a45de44a49e13579c0937
TRACE_RECORDS=2
TRACE_SHA256=8a68ee4bdd4819955f23514858780986917f08f812be618abd5efdf77dcb3943
TRACE_CANONICAL_BEGIN
core 0: 0x0000000080000000 (0x100122af) x5 0x0000000044332211 mem 0x0000000010001000
core 0: 0x0000000080000004 (0x186122af) x5 0x0000000000000000 mem 0x0000000010001000 0x00000099
TRACE_CANONICAL_END
END_CASE
CASE mmio-recorder-lr-sc mode=cache=cached capture=untraced
HART_SNAPSHOT_SHA256=83f32cb8b4d605104bcdd8a9e33465ebb814a9c5dd665a4e35e1f8f527d80110 HART_SNAPSHOT_LEN=1189
RAM_SHA256=34a432bd130c1429e61180a4585681ca83f154fc6b7efd4b4a920315e768f4d2
RAM_CHANGED=none
RESULT=max-instrs
REGS=pc:0x0000000080000008,x1:0x0000000000000000,x4:0x0000000000000000,x5:0x0000000000000000,x6:0x0000000000000099,x7:0x0000000000000000,x8:0x0000000000000000
MMIO_UART_ORDER=
MMIO_DEVICE_HITS=0x0000000010001000:2,0x0000000010000000:0
MMIO_ORDER=R4@0x0=0x44332211,W4@0x0<=0x00000099:OK
CONTROL_BEFORE_HART_SHA256=fefeea9a183bf980bcef9d57144553dbd12486422f6a45de44a49e13579c0937
TRACE_RECORDS=0
TRACE_SHA256=none
TRACE_CANONICAL=none
END_CASE
CASE mmio-recorder-lr-sc mode=cache=cached capture=recording
HART_SNAPSHOT_SHA256=83f32cb8b4d605104bcdd8a9e33465ebb814a9c5dd665a4e35e1f8f527d80110 HART_SNAPSHOT_LEN=1189
RAM_SHA256=34a432bd130c1429e61180a4585681ca83f154fc6b7efd4b4a920315e768f4d2
RAM_CHANGED=none
RESULT=max-instrs
REGS=pc:0x0000000080000008,x1:0x0000000000000000,x4:0x0000000000000000,x5:0x0000000000000000,x6:0x0000000000000099,x7:0x0000000000000000,x8:0x0000000000000000
MMIO_UART_ORDER=
MMIO_DEVICE_HITS=0x0000000010001000:2,0x0000000010000000:0
MMIO_ORDER=R4@0x0=0x44332211,W4@0x0<=0x00000099:OK
CONTROL_BEFORE_HART_SHA256=fefeea9a183bf980bcef9d57144553dbd12486422f6a45de44a49e13579c0937
TRACE_RECORDS=2
TRACE_SHA256=8a68ee4bdd4819955f23514858780986917f08f812be618abd5efdf77dcb3943
TRACE_CANONICAL_BEGIN
core 0: 0x0000000080000000 (0x100122af) x5 0x0000000044332211 mem 0x0000000010001000
core 0: 0x0000000080000004 (0x186122af) x5 0x0000000000000000 mem 0x0000000010001000 0x00000099
TRACE_CANONICAL_END
END_CASE
CASE mmio-recorder-amo mode=cache=ordinary capture=untraced
HART_SNAPSHOT_SHA256=c88f8468222821e917b6ed6e6bc7e65474326b5852f897cfeea20b7ec09299af HART_SNAPSHOT_LEN=1189
RAM_SHA256=f63fa7fbf40171f58f88ae47c6b2eab0501eb9458e05ffecc5204458ed98259b
RAM_CHANGED=none
RESULT=max-instrs
REGS=pc:0x0000000080000004,x1:0x0000000000000000,x4:0x0000000000000000,x5:0x0000000044332211,x6:0x0000000000000003,x7:0x0000000000000000,x8:0x0000000000000000
MMIO_UART_ORDER=
MMIO_DEVICE_HITS=0x0000000010001000:2,0x0000000010000000:0
MMIO_ORDER=R4@0x0=0x44332211,W4@0x0<=0x44332214:OK
CONTROL_BEFORE_HART_SHA256=de50cff6bad71cc86658d1e00744940308d1ba4482f4d3c1855949ab17e51e58
TRACE_RECORDS=0
TRACE_SHA256=none
TRACE_CANONICAL=none
END_CASE
CASE mmio-recorder-amo mode=cache=ordinary capture=recording
HART_SNAPSHOT_SHA256=c88f8468222821e917b6ed6e6bc7e65474326b5852f897cfeea20b7ec09299af HART_SNAPSHOT_LEN=1189
RAM_SHA256=f63fa7fbf40171f58f88ae47c6b2eab0501eb9458e05ffecc5204458ed98259b
RAM_CHANGED=none
RESULT=max-instrs
REGS=pc:0x0000000080000004,x1:0x0000000000000000,x4:0x0000000000000000,x5:0x0000000044332211,x6:0x0000000000000003,x7:0x0000000000000000,x8:0x0000000000000000
MMIO_UART_ORDER=
MMIO_DEVICE_HITS=0x0000000010001000:2,0x0000000010000000:0
MMIO_ORDER=R4@0x0=0x44332211,W4@0x0<=0x44332214:OK
CONTROL_BEFORE_HART_SHA256=de50cff6bad71cc86658d1e00744940308d1ba4482f4d3c1855949ab17e51e58
TRACE_RECORDS=1
TRACE_SHA256=793fd50e75706a4f90cb9325b125cd8c5d4bb722b87b7806ebef5d959cbc8c87
TRACE_CANONICAL_BEGIN
core 0: 0x0000000080000000 (0x006122af) x5 0x0000000044332211 mem 0x0000000010001000 0x44332214
TRACE_CANONICAL_END
END_CASE
CASE mmio-recorder-amo mode=cache=cached capture=untraced
HART_SNAPSHOT_SHA256=c88f8468222821e917b6ed6e6bc7e65474326b5852f897cfeea20b7ec09299af HART_SNAPSHOT_LEN=1189
RAM_SHA256=f63fa7fbf40171f58f88ae47c6b2eab0501eb9458e05ffecc5204458ed98259b
RAM_CHANGED=none
RESULT=max-instrs
REGS=pc:0x0000000080000004,x1:0x0000000000000000,x4:0x0000000000000000,x5:0x0000000044332211,x6:0x0000000000000003,x7:0x0000000000000000,x8:0x0000000000000000
MMIO_UART_ORDER=
MMIO_DEVICE_HITS=0x0000000010001000:2,0x0000000010000000:0
MMIO_ORDER=R4@0x0=0x44332211,W4@0x0<=0x44332214:OK
CONTROL_BEFORE_HART_SHA256=de50cff6bad71cc86658d1e00744940308d1ba4482f4d3c1855949ab17e51e58
TRACE_RECORDS=0
TRACE_SHA256=none
TRACE_CANONICAL=none
END_CASE
CASE mmio-recorder-amo mode=cache=cached capture=recording
HART_SNAPSHOT_SHA256=c88f8468222821e917b6ed6e6bc7e65474326b5852f897cfeea20b7ec09299af HART_SNAPSHOT_LEN=1189
RAM_SHA256=f63fa7fbf40171f58f88ae47c6b2eab0501eb9458e05ffecc5204458ed98259b
RAM_CHANGED=none
RESULT=max-instrs
REGS=pc:0x0000000080000004,x1:0x0000000000000000,x4:0x0000000000000000,x5:0x0000000044332211,x6:0x0000000000000003,x7:0x0000000000000000,x8:0x0000000000000000
MMIO_UART_ORDER=
MMIO_DEVICE_HITS=0x0000000010001000:2,0x0000000010000000:0
MMIO_ORDER=R4@0x0=0x44332211,W4@0x0<=0x44332214:OK
CONTROL_BEFORE_HART_SHA256=de50cff6bad71cc86658d1e00744940308d1ba4482f4d3c1855949ab17e51e58
TRACE_RECORDS=1
TRACE_SHA256=793fd50e75706a4f90cb9325b125cd8c5d4bb722b87b7806ebef5d959cbc8c87
TRACE_CANONICAL_BEGIN
core 0: 0x0000000080000000 (0x006122af) x5 0x0000000044332211 mem 0x0000000010001000 0x44332214
TRACE_CANONICAL_END
END_CASE
CASE mmio-recorder-fault mode=cache=ordinary capture=untraced
HART_SNAPSHOT_SHA256=2b9952d52bfa564acce0ecac0153e3c51864175ded295204887b687d6bf8083f HART_SNAPSHOT_LEN=1198
RAM_SHA256=b9fff639cf2873ef9b7cfb2f0843f43d539cc3a2e16d9fbcf3eceb31a56e400c
RAM_CHANGED=none
RESULT=trapped=StoreAccessFault,tval=0x00000000100010f0
REGS=pc:0x0000000080000000,x1:0x0000000000000000,x4:0x0000000000000000,x5:0x0000000000000000,x6:0x0000000000000000,x7:0x0000000000000000,x8:0x0000000000000000
MMIO_UART_ORDER=
MMIO_DEVICE_HITS=0x0000000010001000:1,0x0000000010000000:0
MMIO_ORDER=W4@0xf0<=0xdeadbeef:ERR:Access
CONTROL_BEFORE_HART_SHA256=2b9952d52bfa564acce0ecac0153e3c51864175ded295204887b687d6bf8083f
TRACE_RECORDS=0
TRACE_SHA256=none
TRACE_CANONICAL=none
END_CASE
CASE mmio-recorder-fault mode=cache=ordinary capture=recording
HART_SNAPSHOT_SHA256=2b9952d52bfa564acce0ecac0153e3c51864175ded295204887b687d6bf8083f HART_SNAPSHOT_LEN=1198
RAM_SHA256=b9fff639cf2873ef9b7cfb2f0843f43d539cc3a2e16d9fbcf3eceb31a56e400c
RAM_CHANGED=none
RESULT=trapped=StoreAccessFault,tval=0x00000000100010f0
REGS=pc:0x0000000080000000,x1:0x0000000000000000,x4:0x0000000000000000,x5:0x0000000000000000,x6:0x0000000000000000,x7:0x0000000000000000,x8:0x0000000000000000
MMIO_UART_ORDER=
MMIO_DEVICE_HITS=0x0000000010001000:1,0x0000000010000000:0
MMIO_ORDER=W4@0xf0<=0xdeadbeef:ERR:Access
CONTROL_BEFORE_HART_SHA256=2b9952d52bfa564acce0ecac0153e3c51864175ded295204887b687d6bf8083f
TRACE_RECORDS=0
TRACE_SHA256=e3b0c44298fc1c149afbf4c8996fb92427ae41e4649b934ca495991b7852b855
TRACE_CANONICAL_BEGIN
TRACE_CANONICAL_END
END_CASE
CASE mmio-recorder-fault mode=cache=cached capture=untraced
HART_SNAPSHOT_SHA256=2b9952d52bfa564acce0ecac0153e3c51864175ded295204887b687d6bf8083f HART_SNAPSHOT_LEN=1198
RAM_SHA256=b9fff639cf2873ef9b7cfb2f0843f43d539cc3a2e16d9fbcf3eceb31a56e400c
RAM_CHANGED=none
RESULT=trapped=StoreAccessFault,tval=0x00000000100010f0
REGS=pc:0x0000000080000000,x1:0x0000000000000000,x4:0x0000000000000000,x5:0x0000000000000000,x6:0x0000000000000000,x7:0x0000000000000000,x8:0x0000000000000000
MMIO_UART_ORDER=
MMIO_DEVICE_HITS=0x0000000010001000:1,0x0000000010000000:0
MMIO_ORDER=W4@0xf0<=0xdeadbeef:ERR:Access
CONTROL_BEFORE_HART_SHA256=2b9952d52bfa564acce0ecac0153e3c51864175ded295204887b687d6bf8083f
TRACE_RECORDS=0
TRACE_SHA256=none
TRACE_CANONICAL=none
END_CASE
CASE mmio-recorder-fault mode=cache=cached capture=recording
HART_SNAPSHOT_SHA256=2b9952d52bfa564acce0ecac0153e3c51864175ded295204887b687d6bf8083f HART_SNAPSHOT_LEN=1198
RAM_SHA256=b9fff639cf2873ef9b7cfb2f0843f43d539cc3a2e16d9fbcf3eceb31a56e400c
RAM_CHANGED=none
RESULT=trapped=StoreAccessFault,tval=0x00000000100010f0
REGS=pc:0x0000000080000000,x1:0x0000000000000000,x4:0x0000000000000000,x5:0x0000000000000000,x6:0x0000000000000000,x7:0x0000000000000000,x8:0x0000000000000000
MMIO_UART_ORDER=
MMIO_DEVICE_HITS=0x0000000010001000:1,0x0000000010000000:0
MMIO_ORDER=W4@0xf0<=0xdeadbeef:ERR:Access
CONTROL_BEFORE_HART_SHA256=2b9952d52bfa564acce0ecac0153e3c51864175ded295204887b687d6bf8083f
TRACE_RECORDS=0
TRACE_SHA256=e3b0c44298fc1c149afbf4c8996fb92427ae41e4649b934ca495991b7852b855
TRACE_CANONICAL_BEGIN
TRACE_CANONICAL_END
END_CASE
CASE mmio-recorder-read-fault mode=cache=ordinary capture=untraced
HART_SNAPSHOT_SHA256=8e9973853fc01ca6ac4bdb439384b0e86a5987382c25ec406670431ba85eb9ea HART_SNAPSHOT_LEN=1198
RAM_SHA256=d5b2ae712bd4680aca43e8949988f608260d9c0f4172af964375e80a9fcbb03e
RAM_CHANGED=none
RESULT=trapped=LoadAccessFault,tval=0x00000000100010f0
REGS=pc:0x0000000080000000,x1:0x0000000000000000,x4:0x0000000000000000,x5:0x0000000000000000,x6:0x0000000000000000,x7:0x0000000000000000,x8:0x0000000000000000
MMIO_UART_ORDER=
MMIO_DEVICE_HITS=0x0000000010001000:1,0x0000000010000000:0
MMIO_ORDER=R4@0xf0=ERR:Access
CONTROL_BEFORE_HART_SHA256=8e9973853fc01ca6ac4bdb439384b0e86a5987382c25ec406670431ba85eb9ea
TRACE_RECORDS=0
TRACE_SHA256=none
TRACE_CANONICAL=none
END_CASE
CASE mmio-recorder-read-fault mode=cache=ordinary capture=recording
HART_SNAPSHOT_SHA256=8e9973853fc01ca6ac4bdb439384b0e86a5987382c25ec406670431ba85eb9ea HART_SNAPSHOT_LEN=1198
RAM_SHA256=d5b2ae712bd4680aca43e8949988f608260d9c0f4172af964375e80a9fcbb03e
RAM_CHANGED=none
RESULT=trapped=LoadAccessFault,tval=0x00000000100010f0
REGS=pc:0x0000000080000000,x1:0x0000000000000000,x4:0x0000000000000000,x5:0x0000000000000000,x6:0x0000000000000000,x7:0x0000000000000000,x8:0x0000000000000000
MMIO_UART_ORDER=
MMIO_DEVICE_HITS=0x0000000010001000:1,0x0000000010000000:0
MMIO_ORDER=R4@0xf0=ERR:Access
CONTROL_BEFORE_HART_SHA256=8e9973853fc01ca6ac4bdb439384b0e86a5987382c25ec406670431ba85eb9ea
TRACE_RECORDS=0
TRACE_SHA256=e3b0c44298fc1c149afbf4c8996fb92427ae41e4649b934ca495991b7852b855
TRACE_CANONICAL_BEGIN
TRACE_CANONICAL_END
END_CASE
CASE mmio-recorder-read-fault mode=cache=cached capture=untraced
HART_SNAPSHOT_SHA256=8e9973853fc01ca6ac4bdb439384b0e86a5987382c25ec406670431ba85eb9ea HART_SNAPSHOT_LEN=1198
RAM_SHA256=d5b2ae712bd4680aca43e8949988f608260d9c0f4172af964375e80a9fcbb03e
RAM_CHANGED=none
RESULT=trapped=LoadAccessFault,tval=0x00000000100010f0
REGS=pc:0x0000000080000000,x1:0x0000000000000000,x4:0x0000000000000000,x5:0x0000000000000000,x6:0x0000000000000000,x7:0x0000000000000000,x8:0x0000000000000000
MMIO_UART_ORDER=
MMIO_DEVICE_HITS=0x0000000010001000:1,0x0000000010000000:0
MMIO_ORDER=R4@0xf0=ERR:Access
CONTROL_BEFORE_HART_SHA256=8e9973853fc01ca6ac4bdb439384b0e86a5987382c25ec406670431ba85eb9ea
TRACE_RECORDS=0
TRACE_SHA256=none
TRACE_CANONICAL=none
END_CASE
CASE mmio-recorder-read-fault mode=cache=cached capture=recording
HART_SNAPSHOT_SHA256=8e9973853fc01ca6ac4bdb439384b0e86a5987382c25ec406670431ba85eb9ea HART_SNAPSHOT_LEN=1198
RAM_SHA256=d5b2ae712bd4680aca43e8949988f608260d9c0f4172af964375e80a9fcbb03e
RAM_CHANGED=none
RESULT=trapped=LoadAccessFault,tval=0x00000000100010f0
REGS=pc:0x0000000080000000,x1:0x0000000000000000,x4:0x0000000000000000,x5:0x0000000000000000,x6:0x0000000000000000,x7:0x0000000000000000,x8:0x0000000000000000
MMIO_UART_ORDER=
MMIO_DEVICE_HITS=0x0000000010001000:1,0x0000000010000000:0
MMIO_ORDER=R4@0xf0=ERR:Access
CONTROL_BEFORE_HART_SHA256=8e9973853fc01ca6ac4bdb439384b0e86a5987382c25ec406670431ba85eb9ea
TRACE_RECORDS=0
TRACE_SHA256=e3b0c44298fc1c149afbf4c8996fb92427ae41e4649b934ca495991b7852b855
TRACE_CANONICAL_BEGIN
TRACE_CANONICAL_END
END_CASE
CASE scalar-pmp-fault-overlap-width=1 mode=cache=ordinary capture=untraced
HART_SNAPSHOT_SHA256=67d770443b43e3f35b46275e636d04432dce891f6ac2ae72932b1ffd1c33f007 HART_SNAPSHOT_LEN=1198
RAM_SHA256=ed4946f0754fd1c47ad5cce551595c783aff0e41e105e5129afbf7865a4209ba
RAM_CHANGED=none
RESULT=trapped=StoreAccessFault,tval=0x0000000080002000
REGS=pc:0x0000000080000000,x1:0x0000000000000000,x4:0x0000000000000000,x5:0x0000000000000000,x6:0x0000000000000000,x7:0x0000000000000000,x8:0x0000000000000000
MMIO_UART_ORDER=
MMIO_DEVICE_HITS=0x0000000010001000:0,0x0000000010000000:0
MMIO_ORDER=
CONTROL_BEFORE_HART_SHA256=67d770443b43e3f35b46275e636d04432dce891f6ac2ae72932b1ffd1c33f007
TRACE_RECORDS=0
TRACE_SHA256=none
TRACE_CANONICAL=none
END_CASE
CASE scalar-pmp-fault-overlap-width=1 mode=cache=ordinary capture=recording
HART_SNAPSHOT_SHA256=67d770443b43e3f35b46275e636d04432dce891f6ac2ae72932b1ffd1c33f007 HART_SNAPSHOT_LEN=1198
RAM_SHA256=ed4946f0754fd1c47ad5cce551595c783aff0e41e105e5129afbf7865a4209ba
RAM_CHANGED=none
RESULT=trapped=StoreAccessFault,tval=0x0000000080002000
REGS=pc:0x0000000080000000,x1:0x0000000000000000,x4:0x0000000000000000,x5:0x0000000000000000,x6:0x0000000000000000,x7:0x0000000000000000,x8:0x0000000000000000
MMIO_UART_ORDER=
MMIO_DEVICE_HITS=0x0000000010001000:0,0x0000000010000000:0
MMIO_ORDER=
CONTROL_BEFORE_HART_SHA256=67d770443b43e3f35b46275e636d04432dce891f6ac2ae72932b1ffd1c33f007
TRACE_RECORDS=0
TRACE_SHA256=e3b0c44298fc1c149afbf4c8996fb92427ae41e4649b934ca495991b7852b855
TRACE_CANONICAL_BEGIN
TRACE_CANONICAL_END
END_CASE
CASE scalar-pmp-fault-overlap-width=1 mode=cache=cached capture=untraced
HART_SNAPSHOT_SHA256=67d770443b43e3f35b46275e636d04432dce891f6ac2ae72932b1ffd1c33f007 HART_SNAPSHOT_LEN=1198
RAM_SHA256=ed4946f0754fd1c47ad5cce551595c783aff0e41e105e5129afbf7865a4209ba
RAM_CHANGED=none
RESULT=trapped=StoreAccessFault,tval=0x0000000080002000
REGS=pc:0x0000000080000000,x1:0x0000000000000000,x4:0x0000000000000000,x5:0x0000000000000000,x6:0x0000000000000000,x7:0x0000000000000000,x8:0x0000000000000000
MMIO_UART_ORDER=
MMIO_DEVICE_HITS=0x0000000010001000:0,0x0000000010000000:0
MMIO_ORDER=
CONTROL_BEFORE_HART_SHA256=67d770443b43e3f35b46275e636d04432dce891f6ac2ae72932b1ffd1c33f007
TRACE_RECORDS=0
TRACE_SHA256=none
TRACE_CANONICAL=none
END_CASE
CASE scalar-pmp-fault-overlap-width=1 mode=cache=cached capture=recording
HART_SNAPSHOT_SHA256=67d770443b43e3f35b46275e636d04432dce891f6ac2ae72932b1ffd1c33f007 HART_SNAPSHOT_LEN=1198
RAM_SHA256=ed4946f0754fd1c47ad5cce551595c783aff0e41e105e5129afbf7865a4209ba
RAM_CHANGED=none
RESULT=trapped=StoreAccessFault,tval=0x0000000080002000
REGS=pc:0x0000000080000000,x1:0x0000000000000000,x4:0x0000000000000000,x5:0x0000000000000000,x6:0x0000000000000000,x7:0x0000000000000000,x8:0x0000000000000000
MMIO_UART_ORDER=
MMIO_DEVICE_HITS=0x0000000010001000:0,0x0000000010000000:0
MMIO_ORDER=
CONTROL_BEFORE_HART_SHA256=67d770443b43e3f35b46275e636d04432dce891f6ac2ae72932b1ffd1c33f007
TRACE_RECORDS=0
TRACE_SHA256=e3b0c44298fc1c149afbf4c8996fb92427ae41e4649b934ca495991b7852b855
TRACE_CANONICAL_BEGIN
TRACE_CANONICAL_END
END_CASE
CASE scalar-pmp-fault-overlap-width=2 mode=cache=ordinary capture=untraced
HART_SNAPSHOT_SHA256=67d770443b43e3f35b46275e636d04432dce891f6ac2ae72932b1ffd1c33f007 HART_SNAPSHOT_LEN=1198
RAM_SHA256=557d2c1be7949fe15a26c550df61ab1d0f75a741d9a05e338b2bf402f28a2717
RAM_CHANGED=none
RESULT=trapped=StoreAccessFault,tval=0x0000000080002000
REGS=pc:0x0000000080000000,x1:0x0000000000000000,x4:0x0000000000000000,x5:0x0000000000000000,x6:0x0000000000000000,x7:0x0000000000000000,x8:0x0000000000000000
MMIO_UART_ORDER=
MMIO_DEVICE_HITS=0x0000000010001000:0,0x0000000010000000:0
MMIO_ORDER=
CONTROL_BEFORE_HART_SHA256=67d770443b43e3f35b46275e636d04432dce891f6ac2ae72932b1ffd1c33f007
TRACE_RECORDS=0
TRACE_SHA256=none
TRACE_CANONICAL=none
END_CASE
CASE scalar-pmp-fault-overlap-width=2 mode=cache=ordinary capture=recording
HART_SNAPSHOT_SHA256=67d770443b43e3f35b46275e636d04432dce891f6ac2ae72932b1ffd1c33f007 HART_SNAPSHOT_LEN=1198
RAM_SHA256=557d2c1be7949fe15a26c550df61ab1d0f75a741d9a05e338b2bf402f28a2717
RAM_CHANGED=none
RESULT=trapped=StoreAccessFault,tval=0x0000000080002000
REGS=pc:0x0000000080000000,x1:0x0000000000000000,x4:0x0000000000000000,x5:0x0000000000000000,x6:0x0000000000000000,x7:0x0000000000000000,x8:0x0000000000000000
MMIO_UART_ORDER=
MMIO_DEVICE_HITS=0x0000000010001000:0,0x0000000010000000:0
MMIO_ORDER=
CONTROL_BEFORE_HART_SHA256=67d770443b43e3f35b46275e636d04432dce891f6ac2ae72932b1ffd1c33f007
TRACE_RECORDS=0
TRACE_SHA256=e3b0c44298fc1c149afbf4c8996fb92427ae41e4649b934ca495991b7852b855
TRACE_CANONICAL_BEGIN
TRACE_CANONICAL_END
END_CASE
CASE scalar-pmp-fault-overlap-width=2 mode=cache=cached capture=untraced
HART_SNAPSHOT_SHA256=67d770443b43e3f35b46275e636d04432dce891f6ac2ae72932b1ffd1c33f007 HART_SNAPSHOT_LEN=1198
RAM_SHA256=557d2c1be7949fe15a26c550df61ab1d0f75a741d9a05e338b2bf402f28a2717
RAM_CHANGED=none
RESULT=trapped=StoreAccessFault,tval=0x0000000080002000
REGS=pc:0x0000000080000000,x1:0x0000000000000000,x4:0x0000000000000000,x5:0x0000000000000000,x6:0x0000000000000000,x7:0x0000000000000000,x8:0x0000000000000000
MMIO_UART_ORDER=
MMIO_DEVICE_HITS=0x0000000010001000:0,0x0000000010000000:0
MMIO_ORDER=
CONTROL_BEFORE_HART_SHA256=67d770443b43e3f35b46275e636d04432dce891f6ac2ae72932b1ffd1c33f007
TRACE_RECORDS=0
TRACE_SHA256=none
TRACE_CANONICAL=none
END_CASE
CASE scalar-pmp-fault-overlap-width=2 mode=cache=cached capture=recording
HART_SNAPSHOT_SHA256=67d770443b43e3f35b46275e636d04432dce891f6ac2ae72932b1ffd1c33f007 HART_SNAPSHOT_LEN=1198
RAM_SHA256=557d2c1be7949fe15a26c550df61ab1d0f75a741d9a05e338b2bf402f28a2717
RAM_CHANGED=none
RESULT=trapped=StoreAccessFault,tval=0x0000000080002000
REGS=pc:0x0000000080000000,x1:0x0000000000000000,x4:0x0000000000000000,x5:0x0000000000000000,x6:0x0000000000000000,x7:0x0000000000000000,x8:0x0000000000000000
MMIO_UART_ORDER=
MMIO_DEVICE_HITS=0x0000000010001000:0,0x0000000010000000:0
MMIO_ORDER=
CONTROL_BEFORE_HART_SHA256=67d770443b43e3f35b46275e636d04432dce891f6ac2ae72932b1ffd1c33f007
TRACE_RECORDS=0
TRACE_SHA256=e3b0c44298fc1c149afbf4c8996fb92427ae41e4649b934ca495991b7852b855
TRACE_CANONICAL_BEGIN
TRACE_CANONICAL_END
END_CASE
CASE scalar-pmp-fault-overlap-width=4 mode=cache=ordinary capture=untraced
HART_SNAPSHOT_SHA256=67d770443b43e3f35b46275e636d04432dce891f6ac2ae72932b1ffd1c33f007 HART_SNAPSHOT_LEN=1198
RAM_SHA256=7cc13e24e9145428000f37198f09242c40cdfd349b51fe7e7ea73477be321dfd
RAM_CHANGED=none
RESULT=trapped=StoreAccessFault,tval=0x0000000080002000
REGS=pc:0x0000000080000000,x1:0x0000000000000000,x4:0x0000000000000000,x5:0x0000000000000000,x6:0x0000000000000000,x7:0x0000000000000000,x8:0x0000000000000000
MMIO_UART_ORDER=
MMIO_DEVICE_HITS=0x0000000010001000:0,0x0000000010000000:0
MMIO_ORDER=
CONTROL_BEFORE_HART_SHA256=67d770443b43e3f35b46275e636d04432dce891f6ac2ae72932b1ffd1c33f007
TRACE_RECORDS=0
TRACE_SHA256=none
TRACE_CANONICAL=none
END_CASE
CASE scalar-pmp-fault-overlap-width=4 mode=cache=ordinary capture=recording
HART_SNAPSHOT_SHA256=67d770443b43e3f35b46275e636d04432dce891f6ac2ae72932b1ffd1c33f007 HART_SNAPSHOT_LEN=1198
RAM_SHA256=7cc13e24e9145428000f37198f09242c40cdfd349b51fe7e7ea73477be321dfd
RAM_CHANGED=none
RESULT=trapped=StoreAccessFault,tval=0x0000000080002000
REGS=pc:0x0000000080000000,x1:0x0000000000000000,x4:0x0000000000000000,x5:0x0000000000000000,x6:0x0000000000000000,x7:0x0000000000000000,x8:0x0000000000000000
MMIO_UART_ORDER=
MMIO_DEVICE_HITS=0x0000000010001000:0,0x0000000010000000:0
MMIO_ORDER=
CONTROL_BEFORE_HART_SHA256=67d770443b43e3f35b46275e636d04432dce891f6ac2ae72932b1ffd1c33f007
TRACE_RECORDS=0
TRACE_SHA256=e3b0c44298fc1c149afbf4c8996fb92427ae41e4649b934ca495991b7852b855
TRACE_CANONICAL_BEGIN
TRACE_CANONICAL_END
END_CASE
CASE scalar-pmp-fault-overlap-width=4 mode=cache=cached capture=untraced
HART_SNAPSHOT_SHA256=67d770443b43e3f35b46275e636d04432dce891f6ac2ae72932b1ffd1c33f007 HART_SNAPSHOT_LEN=1198
RAM_SHA256=7cc13e24e9145428000f37198f09242c40cdfd349b51fe7e7ea73477be321dfd
RAM_CHANGED=none
RESULT=trapped=StoreAccessFault,tval=0x0000000080002000
REGS=pc:0x0000000080000000,x1:0x0000000000000000,x4:0x0000000000000000,x5:0x0000000000000000,x6:0x0000000000000000,x7:0x0000000000000000,x8:0x0000000000000000
MMIO_UART_ORDER=
MMIO_DEVICE_HITS=0x0000000010001000:0,0x0000000010000000:0
MMIO_ORDER=
CONTROL_BEFORE_HART_SHA256=67d770443b43e3f35b46275e636d04432dce891f6ac2ae72932b1ffd1c33f007
TRACE_RECORDS=0
TRACE_SHA256=none
TRACE_CANONICAL=none
END_CASE
CASE scalar-pmp-fault-overlap-width=4 mode=cache=cached capture=recording
HART_SNAPSHOT_SHA256=67d770443b43e3f35b46275e636d04432dce891f6ac2ae72932b1ffd1c33f007 HART_SNAPSHOT_LEN=1198
RAM_SHA256=7cc13e24e9145428000f37198f09242c40cdfd349b51fe7e7ea73477be321dfd
RAM_CHANGED=none
RESULT=trapped=StoreAccessFault,tval=0x0000000080002000
REGS=pc:0x0000000080000000,x1:0x0000000000000000,x4:0x0000000000000000,x5:0x0000000000000000,x6:0x0000000000000000,x7:0x0000000000000000,x8:0x0000000000000000
MMIO_UART_ORDER=
MMIO_DEVICE_HITS=0x0000000010001000:0,0x0000000010000000:0
MMIO_ORDER=
CONTROL_BEFORE_HART_SHA256=67d770443b43e3f35b46275e636d04432dce891f6ac2ae72932b1ffd1c33f007
TRACE_RECORDS=0
TRACE_SHA256=e3b0c44298fc1c149afbf4c8996fb92427ae41e4649b934ca495991b7852b855
TRACE_CANONICAL_BEGIN
TRACE_CANONICAL_END
END_CASE
CASE scalar-pmp-fault-overlap-width=8 mode=cache=ordinary capture=untraced
HART_SNAPSHOT_SHA256=67d770443b43e3f35b46275e636d04432dce891f6ac2ae72932b1ffd1c33f007 HART_SNAPSHOT_LEN=1198
RAM_SHA256=74906afd9347c5d51f3132202cf5be56cb25ae54724853a9065f391515f2a7c5
RAM_CHANGED=none
RESULT=trapped=StoreAccessFault,tval=0x0000000080002000
REGS=pc:0x0000000080000000,x1:0x0000000000000000,x4:0x0000000000000000,x5:0x0000000000000000,x6:0x0000000000000000,x7:0x0000000000000000,x8:0x0000000000000000
MMIO_UART_ORDER=
MMIO_DEVICE_HITS=0x0000000010001000:0,0x0000000010000000:0
MMIO_ORDER=
CONTROL_BEFORE_HART_SHA256=67d770443b43e3f35b46275e636d04432dce891f6ac2ae72932b1ffd1c33f007
TRACE_RECORDS=0
TRACE_SHA256=none
TRACE_CANONICAL=none
END_CASE
CASE scalar-pmp-fault-overlap-width=8 mode=cache=ordinary capture=recording
HART_SNAPSHOT_SHA256=67d770443b43e3f35b46275e636d04432dce891f6ac2ae72932b1ffd1c33f007 HART_SNAPSHOT_LEN=1198
RAM_SHA256=74906afd9347c5d51f3132202cf5be56cb25ae54724853a9065f391515f2a7c5
RAM_CHANGED=none
RESULT=trapped=StoreAccessFault,tval=0x0000000080002000
REGS=pc:0x0000000080000000,x1:0x0000000000000000,x4:0x0000000000000000,x5:0x0000000000000000,x6:0x0000000000000000,x7:0x0000000000000000,x8:0x0000000000000000
MMIO_UART_ORDER=
MMIO_DEVICE_HITS=0x0000000010001000:0,0x0000000010000000:0
MMIO_ORDER=
CONTROL_BEFORE_HART_SHA256=67d770443b43e3f35b46275e636d04432dce891f6ac2ae72932b1ffd1c33f007
TRACE_RECORDS=0
TRACE_SHA256=e3b0c44298fc1c149afbf4c8996fb92427ae41e4649b934ca495991b7852b855
TRACE_CANONICAL_BEGIN
TRACE_CANONICAL_END
END_CASE
CASE scalar-pmp-fault-overlap-width=8 mode=cache=cached capture=untraced
HART_SNAPSHOT_SHA256=67d770443b43e3f35b46275e636d04432dce891f6ac2ae72932b1ffd1c33f007 HART_SNAPSHOT_LEN=1198
RAM_SHA256=74906afd9347c5d51f3132202cf5be56cb25ae54724853a9065f391515f2a7c5
RAM_CHANGED=none
RESULT=trapped=StoreAccessFault,tval=0x0000000080002000
REGS=pc:0x0000000080000000,x1:0x0000000000000000,x4:0x0000000000000000,x5:0x0000000000000000,x6:0x0000000000000000,x7:0x0000000000000000,x8:0x0000000000000000
MMIO_UART_ORDER=
MMIO_DEVICE_HITS=0x0000000010001000:0,0x0000000010000000:0
MMIO_ORDER=
CONTROL_BEFORE_HART_SHA256=67d770443b43e3f35b46275e636d04432dce891f6ac2ae72932b1ffd1c33f007
TRACE_RECORDS=0
TRACE_SHA256=none
TRACE_CANONICAL=none
END_CASE
CASE scalar-pmp-fault-overlap-width=8 mode=cache=cached capture=recording
HART_SNAPSHOT_SHA256=67d770443b43e3f35b46275e636d04432dce891f6ac2ae72932b1ffd1c33f007 HART_SNAPSHOT_LEN=1198
RAM_SHA256=74906afd9347c5d51f3132202cf5be56cb25ae54724853a9065f391515f2a7c5
RAM_CHANGED=none
RESULT=trapped=StoreAccessFault,tval=0x0000000080002000
REGS=pc:0x0000000080000000,x1:0x0000000000000000,x4:0x0000000000000000,x5:0x0000000000000000,x6:0x0000000000000000,x7:0x0000000000000000,x8:0x0000000000000000
MMIO_UART_ORDER=
MMIO_DEVICE_HITS=0x0000000010001000:0,0x0000000010000000:0
MMIO_ORDER=
CONTROL_BEFORE_HART_SHA256=67d770443b43e3f35b46275e636d04432dce891f6ac2ae72932b1ffd1c33f007
TRACE_RECORDS=0
TRACE_SHA256=e3b0c44298fc1c149afbf4c8996fb92427ae41e4649b934ca495991b7852b855
TRACE_CANONICAL_BEGIN
TRACE_CANONICAL_END
END_CASE
CASE fp-pmp-fault-overlap-width=4 mode=cache=ordinary capture=untraced
HART_SNAPSHOT_SHA256=67d770443b43e3f35b46275e636d04432dce891f6ac2ae72932b1ffd1c33f007 HART_SNAPSHOT_LEN=1198
RAM_SHA256=b59909340627be0db714eae1f924c08ae43c49b4ea3a5c51a400f4132570e293
RAM_CHANGED=none
RESULT=trapped=StoreAccessFault,tval=0x0000000080002000
REGS=pc:0x0000000080000000,x1:0x0000000000000000,x4:0x0000000000000000,x5:0x0000000000000000,x6:0x0000000000000000,x7:0x0000000000000000,x8:0x0000000000000000
MMIO_UART_ORDER=
MMIO_DEVICE_HITS=0x0000000010001000:0,0x0000000010000000:0
MMIO_ORDER=
CONTROL_BEFORE_HART_SHA256=67d770443b43e3f35b46275e636d04432dce891f6ac2ae72932b1ffd1c33f007
TRACE_RECORDS=0
TRACE_SHA256=none
TRACE_CANONICAL=none
END_CASE
CASE fp-pmp-fault-overlap-width=4 mode=cache=ordinary capture=recording
HART_SNAPSHOT_SHA256=67d770443b43e3f35b46275e636d04432dce891f6ac2ae72932b1ffd1c33f007 HART_SNAPSHOT_LEN=1198
RAM_SHA256=b59909340627be0db714eae1f924c08ae43c49b4ea3a5c51a400f4132570e293
RAM_CHANGED=none
RESULT=trapped=StoreAccessFault,tval=0x0000000080002000
REGS=pc:0x0000000080000000,x1:0x0000000000000000,x4:0x0000000000000000,x5:0x0000000000000000,x6:0x0000000000000000,x7:0x0000000000000000,x8:0x0000000000000000
MMIO_UART_ORDER=
MMIO_DEVICE_HITS=0x0000000010001000:0,0x0000000010000000:0
MMIO_ORDER=
CONTROL_BEFORE_HART_SHA256=67d770443b43e3f35b46275e636d04432dce891f6ac2ae72932b1ffd1c33f007
TRACE_RECORDS=0
TRACE_SHA256=e3b0c44298fc1c149afbf4c8996fb92427ae41e4649b934ca495991b7852b855
TRACE_CANONICAL_BEGIN
TRACE_CANONICAL_END
END_CASE
CASE fp-pmp-fault-overlap-width=4 mode=cache=cached capture=untraced
HART_SNAPSHOT_SHA256=67d770443b43e3f35b46275e636d04432dce891f6ac2ae72932b1ffd1c33f007 HART_SNAPSHOT_LEN=1198
RAM_SHA256=b59909340627be0db714eae1f924c08ae43c49b4ea3a5c51a400f4132570e293
RAM_CHANGED=none
RESULT=trapped=StoreAccessFault,tval=0x0000000080002000
REGS=pc:0x0000000080000000,x1:0x0000000000000000,x4:0x0000000000000000,x5:0x0000000000000000,x6:0x0000000000000000,x7:0x0000000000000000,x8:0x0000000000000000
MMIO_UART_ORDER=
MMIO_DEVICE_HITS=0x0000000010001000:0,0x0000000010000000:0
MMIO_ORDER=
CONTROL_BEFORE_HART_SHA256=67d770443b43e3f35b46275e636d04432dce891f6ac2ae72932b1ffd1c33f007
TRACE_RECORDS=0
TRACE_SHA256=none
TRACE_CANONICAL=none
END_CASE
CASE fp-pmp-fault-overlap-width=4 mode=cache=cached capture=recording
HART_SNAPSHOT_SHA256=67d770443b43e3f35b46275e636d04432dce891f6ac2ae72932b1ffd1c33f007 HART_SNAPSHOT_LEN=1198
RAM_SHA256=b59909340627be0db714eae1f924c08ae43c49b4ea3a5c51a400f4132570e293
RAM_CHANGED=none
RESULT=trapped=StoreAccessFault,tval=0x0000000080002000
REGS=pc:0x0000000080000000,x1:0x0000000000000000,x4:0x0000000000000000,x5:0x0000000000000000,x6:0x0000000000000000,x7:0x0000000000000000,x8:0x0000000000000000
MMIO_UART_ORDER=
MMIO_DEVICE_HITS=0x0000000010001000:0,0x0000000010000000:0
MMIO_ORDER=
CONTROL_BEFORE_HART_SHA256=67d770443b43e3f35b46275e636d04432dce891f6ac2ae72932b1ffd1c33f007
TRACE_RECORDS=0
TRACE_SHA256=e3b0c44298fc1c149afbf4c8996fb92427ae41e4649b934ca495991b7852b855
TRACE_CANONICAL_BEGIN
TRACE_CANONICAL_END
END_CASE
CASE fp-pmp-fault-overlap-width=8 mode=cache=ordinary capture=untraced
HART_SNAPSHOT_SHA256=67d770443b43e3f35b46275e636d04432dce891f6ac2ae72932b1ffd1c33f007 HART_SNAPSHOT_LEN=1198
RAM_SHA256=a8839b8cf1044317bf9b2799d1c27fcdc1727db4584244eb615717650350536b
RAM_CHANGED=none
RESULT=trapped=StoreAccessFault,tval=0x0000000080002000
REGS=pc:0x0000000080000000,x1:0x0000000000000000,x4:0x0000000000000000,x5:0x0000000000000000,x6:0x0000000000000000,x7:0x0000000000000000,x8:0x0000000000000000
MMIO_UART_ORDER=
MMIO_DEVICE_HITS=0x0000000010001000:0,0x0000000010000000:0
MMIO_ORDER=
CONTROL_BEFORE_HART_SHA256=67d770443b43e3f35b46275e636d04432dce891f6ac2ae72932b1ffd1c33f007
TRACE_RECORDS=0
TRACE_SHA256=none
TRACE_CANONICAL=none
END_CASE
CASE fp-pmp-fault-overlap-width=8 mode=cache=ordinary capture=recording
HART_SNAPSHOT_SHA256=67d770443b43e3f35b46275e636d04432dce891f6ac2ae72932b1ffd1c33f007 HART_SNAPSHOT_LEN=1198
RAM_SHA256=a8839b8cf1044317bf9b2799d1c27fcdc1727db4584244eb615717650350536b
RAM_CHANGED=none
RESULT=trapped=StoreAccessFault,tval=0x0000000080002000
REGS=pc:0x0000000080000000,x1:0x0000000000000000,x4:0x0000000000000000,x5:0x0000000000000000,x6:0x0000000000000000,x7:0x0000000000000000,x8:0x0000000000000000
MMIO_UART_ORDER=
MMIO_DEVICE_HITS=0x0000000010001000:0,0x0000000010000000:0
MMIO_ORDER=
CONTROL_BEFORE_HART_SHA256=67d770443b43e3f35b46275e636d04432dce891f6ac2ae72932b1ffd1c33f007
TRACE_RECORDS=0
TRACE_SHA256=e3b0c44298fc1c149afbf4c8996fb92427ae41e4649b934ca495991b7852b855
TRACE_CANONICAL_BEGIN
TRACE_CANONICAL_END
END_CASE
CASE fp-pmp-fault-overlap-width=8 mode=cache=cached capture=untraced
HART_SNAPSHOT_SHA256=67d770443b43e3f35b46275e636d04432dce891f6ac2ae72932b1ffd1c33f007 HART_SNAPSHOT_LEN=1198
RAM_SHA256=a8839b8cf1044317bf9b2799d1c27fcdc1727db4584244eb615717650350536b
RAM_CHANGED=none
RESULT=trapped=StoreAccessFault,tval=0x0000000080002000
REGS=pc:0x0000000080000000,x1:0x0000000000000000,x4:0x0000000000000000,x5:0x0000000000000000,x6:0x0000000000000000,x7:0x0000000000000000,x8:0x0000000000000000
MMIO_UART_ORDER=
MMIO_DEVICE_HITS=0x0000000010001000:0,0x0000000010000000:0
MMIO_ORDER=
CONTROL_BEFORE_HART_SHA256=67d770443b43e3f35b46275e636d04432dce891f6ac2ae72932b1ffd1c33f007
TRACE_RECORDS=0
TRACE_SHA256=none
TRACE_CANONICAL=none
END_CASE
CASE fp-pmp-fault-overlap-width=8 mode=cache=cached capture=recording
HART_SNAPSHOT_SHA256=67d770443b43e3f35b46275e636d04432dce891f6ac2ae72932b1ffd1c33f007 HART_SNAPSHOT_LEN=1198
RAM_SHA256=a8839b8cf1044317bf9b2799d1c27fcdc1727db4584244eb615717650350536b
RAM_CHANGED=none
RESULT=trapped=StoreAccessFault,tval=0x0000000080002000
REGS=pc:0x0000000080000000,x1:0x0000000000000000,x4:0x0000000000000000,x5:0x0000000000000000,x6:0x0000000000000000,x7:0x0000000000000000,x8:0x0000000000000000
MMIO_UART_ORDER=
MMIO_DEVICE_HITS=0x0000000010001000:0,0x0000000010000000:0
MMIO_ORDER=
CONTROL_BEFORE_HART_SHA256=67d770443b43e3f35b46275e636d04432dce891f6ac2ae72932b1ffd1c33f007
TRACE_RECORDS=0
TRACE_SHA256=e3b0c44298fc1c149afbf4c8996fb92427ae41e4649b934ca495991b7852b855
TRACE_CANONICAL_BEGIN
TRACE_CANONICAL_END
END_CASE
CASE smc-dma-host mode=cache=ordinary capture=untraced
HART_SNAPSHOT_SHA256=a3f593da714326b42002ab33c922e8d95f7abf958993a99a419d0955937fbae0 HART_SNAPSHOT_LEN=1189
RAM_SHA256=47052e1b4faebe4da231ddcc8152a27cef61ab4ed8617ebe93c2220728c91de9
RAM_CHANGED=0x80002ffe:70,0x80003001:8010
RESULT=max-instrs
REGS=pc:0x0000000080003004,x1:0x0000000000000008,x4:0x0000000000000000,x5:0x0000000000000000,x6:0x0000000000000000,x7:0x0000000000000000,x8:0x0000000000000000
MMIO_UART_ORDER=
MMIO_DEVICE_HITS=0x0000000010001000:0
MMIO_ORDER=
CONTROL_BEFORE_HART_SHA256=0333bc230944075a042f770c748edc192075d18bd6b1a64ff80d725379cd2590
TRACE_RECORDS=0
TRACE_SHA256=none
TRACE_CANONICAL=none
END_CASE
CASE smc-guest-cross-page mode=cache=ordinary capture=untraced
HART_SNAPSHOT_SHA256=0056cb906bd5eef72f754ee6e0c77cbb86ea858d1ad3454c1c6274bf9dfe6a54 HART_SNAPSHOT_LEN=1189
RAM_SHA256=e7c664bb4f80ca5471bbbeea66bde5b97811e511545749ecd82643975c583f42
RAM_CHANGED=0x80002ffe:70,0x80003000:93801000
RESULT=max-instrs
REGS=pc:0x0000000080003004,x1:0x0000000000000008,x4:0x0000000000000000,x5:0x0000000000000000,x6:0x0000000000000000,x7:0x0000000000000000,x8:0x0000000000000000
MMIO_UART_ORDER=
MMIO_DEVICE_HITS=0x0000000010001000:0
MMIO_ORDER=
CONTROL_BEFORE_HART_SHA256=f4b6396beb78a30adb73a4ef4c3bb7e74afca35fa7338e30522daff40b83d773
TRACE_RECORDS=0
TRACE_SHA256=none
TRACE_CANONICAL=none
END_CASE
CASE smc-dma-host mode=cache=ordinary capture=recording
HART_SNAPSHOT_SHA256=a3f593da714326b42002ab33c922e8d95f7abf958993a99a419d0955937fbae0 HART_SNAPSHOT_LEN=1189
RAM_SHA256=47052e1b4faebe4da231ddcc8152a27cef61ab4ed8617ebe93c2220728c91de9
RAM_CHANGED=0x80002ffe:70,0x80003001:8010
RESULT=max-instrs
REGS=pc:0x0000000080003004,x1:0x0000000000000008,x4:0x0000000000000000,x5:0x0000000000000000,x6:0x0000000000000000,x7:0x0000000000000000,x8:0x0000000000000000
MMIO_UART_ORDER=
MMIO_DEVICE_HITS=0x0000000010001000:0
MMIO_ORDER=
CONTROL_BEFORE_HART_SHA256=0333bc230944075a042f770c748edc192075d18bd6b1a64ff80d725379cd2590
TRACE_RECORDS=3
TRACE_SHA256=724a140e3c17fea7a864a479aefe19609e47b9cfd8669a09719d40403caddbc8
TRACE_CANONICAL_BEGIN
core 0: 0x0000000080002ffc (0x00500093) x1 0x0000000000000005
core 0: 0x0000000080002ffc (0x00700093) x1 0x0000000000000007
core 0: 0x0000000080003000 (0x00108093) x1 0x0000000000000008
TRACE_CANONICAL_END
END_CASE
CASE smc-guest-cross-page mode=cache=ordinary capture=recording
HART_SNAPSHOT_SHA256=0056cb906bd5eef72f754ee6e0c77cbb86ea858d1ad3454c1c6274bf9dfe6a54 HART_SNAPSHOT_LEN=1189
RAM_SHA256=e7c664bb4f80ca5471bbbeea66bde5b97811e511545749ecd82643975c583f42
RAM_CHANGED=0x80002ffe:70,0x80003000:93801000
RESULT=max-instrs
REGS=pc:0x0000000080003004,x1:0x0000000000000008,x4:0x0000000000000000,x5:0x0000000000000000,x6:0x0000000000000000,x7:0x0000000000000000,x8:0x0000000000000000
MMIO_UART_ORDER=
MMIO_DEVICE_HITS=0x0000000010001000:0
MMIO_ORDER=
CONTROL_BEFORE_HART_SHA256=f4b6396beb78a30adb73a4ef4c3bb7e74afca35fa7338e30522daff40b83d773
TRACE_RECORDS=6
TRACE_SHA256=dcdaa8162fbc546bbe73248fe8c112025b036ff2d6eae31b3cea8e54be98a4eb
TRACE_CANONICAL_BEGIN
core 0: 0x0000000080002ffc (0x00500093) x1 0x0000000000000005
core 0: 0x0000000080003000 (0x800fd06f)
core 0: 0x0000000080000000 (0x00313023) mem 0x0000000080002ffc 0x0010809300700093
core 0: 0x0000000080000004 (0x7f90206f)
core 0: 0x0000000080002ffc (0x00700093) x1 0x0000000000000007
core 0: 0x0000000080003000 (0x00108093) x1 0x0000000000000008
TRACE_CANONICAL_END
END_CASE
CASE smc-dma-host mode=cache=cached capture=untraced
HART_SNAPSHOT_SHA256=a3f593da714326b42002ab33c922e8d95f7abf958993a99a419d0955937fbae0 HART_SNAPSHOT_LEN=1189
RAM_SHA256=47052e1b4faebe4da231ddcc8152a27cef61ab4ed8617ebe93c2220728c91de9
RAM_CHANGED=0x80002ffe:70,0x80003001:8010
RESULT=max-instrs
REGS=pc:0x0000000080003004,x1:0x0000000000000008,x4:0x0000000000000000,x5:0x0000000000000000,x6:0x0000000000000000,x7:0x0000000000000000,x8:0x0000000000000000
MMIO_UART_ORDER=
MMIO_DEVICE_HITS=0x0000000010001000:0
MMIO_ORDER=
CONTROL_BEFORE_HART_SHA256=0333bc230944075a042f770c748edc192075d18bd6b1a64ff80d725379cd2590
TRACE_RECORDS=0
TRACE_SHA256=none
TRACE_CANONICAL=none
END_CASE
CASE smc-guest-cross-page mode=cache=cached capture=untraced
HART_SNAPSHOT_SHA256=0056cb906bd5eef72f754ee6e0c77cbb86ea858d1ad3454c1c6274bf9dfe6a54 HART_SNAPSHOT_LEN=1189
RAM_SHA256=e7c664bb4f80ca5471bbbeea66bde5b97811e511545749ecd82643975c583f42
RAM_CHANGED=0x80002ffe:70,0x80003000:93801000
RESULT=max-instrs
REGS=pc:0x0000000080003004,x1:0x0000000000000008,x4:0x0000000000000000,x5:0x0000000000000000,x6:0x0000000000000000,x7:0x0000000000000000,x8:0x0000000000000000
MMIO_UART_ORDER=
MMIO_DEVICE_HITS=0x0000000010001000:0
MMIO_ORDER=
CONTROL_BEFORE_HART_SHA256=f4b6396beb78a30adb73a4ef4c3bb7e74afca35fa7338e30522daff40b83d773
TRACE_RECORDS=0
TRACE_SHA256=none
TRACE_CANONICAL=none
END_CASE
CASE smc-dma-host mode=cache=cached capture=recording
HART_SNAPSHOT_SHA256=a3f593da714326b42002ab33c922e8d95f7abf958993a99a419d0955937fbae0 HART_SNAPSHOT_LEN=1189
RAM_SHA256=47052e1b4faebe4da231ddcc8152a27cef61ab4ed8617ebe93c2220728c91de9
RAM_CHANGED=0x80002ffe:70,0x80003001:8010
RESULT=max-instrs
REGS=pc:0x0000000080003004,x1:0x0000000000000008,x4:0x0000000000000000,x5:0x0000000000000000,x6:0x0000000000000000,x7:0x0000000000000000,x8:0x0000000000000000
MMIO_UART_ORDER=
MMIO_DEVICE_HITS=0x0000000010001000:0
MMIO_ORDER=
CONTROL_BEFORE_HART_SHA256=0333bc230944075a042f770c748edc192075d18bd6b1a64ff80d725379cd2590
TRACE_RECORDS=3
TRACE_SHA256=724a140e3c17fea7a864a479aefe19609e47b9cfd8669a09719d40403caddbc8
TRACE_CANONICAL_BEGIN
core 0: 0x0000000080002ffc (0x00500093) x1 0x0000000000000005
core 0: 0x0000000080002ffc (0x00700093) x1 0x0000000000000007
core 0: 0x0000000080003000 (0x00108093) x1 0x0000000000000008
TRACE_CANONICAL_END
END_CASE
CASE smc-guest-cross-page mode=cache=cached capture=recording
HART_SNAPSHOT_SHA256=0056cb906bd5eef72f754ee6e0c77cbb86ea858d1ad3454c1c6274bf9dfe6a54 HART_SNAPSHOT_LEN=1189
RAM_SHA256=e7c664bb4f80ca5471bbbeea66bde5b97811e511545749ecd82643975c583f42
RAM_CHANGED=0x80002ffe:70,0x80003000:93801000
RESULT=max-instrs
REGS=pc:0x0000000080003004,x1:0x0000000000000008,x4:0x0000000000000000,x5:0x0000000000000000,x6:0x0000000000000000,x7:0x0000000000000000,x8:0x0000000000000000
MMIO_UART_ORDER=
MMIO_DEVICE_HITS=0x0000000010001000:0
MMIO_ORDER=
CONTROL_BEFORE_HART_SHA256=f4b6396beb78a30adb73a4ef4c3bb7e74afca35fa7338e30522daff40b83d773
TRACE_RECORDS=6
TRACE_SHA256=dcdaa8162fbc546bbe73248fe8c112025b036ff2d6eae31b3cea8e54be98a4eb
TRACE_CANONICAL_BEGIN
core 0: 0x0000000080002ffc (0x00500093) x1 0x0000000000000005
core 0: 0x0000000080003000 (0x800fd06f)
core 0: 0x0000000080000000 (0x00313023) mem 0x0000000080002ffc 0x0010809300700093
core 0: 0x0000000080000004 (0x7f90206f)
core 0: 0x0000000080002ffc (0x00700093) x1 0x0000000000000007
core 0: 0x0000000080003000 (0x00108093) x1 0x0000000000000008
TRACE_CANONICAL_END
END_CASE
SMC_DMA_CROSS_PAGE=0x0000000080002ffc..0x0000000080003003
E5-T26P_BASELINE_DONE
cargo build -p wasm-vm-core --no-default-features --target wasm32-unknown-unknown
   Compiling wasm-vm-core v0.0.1 (/Users/blamy/Documents/Codex/wasm-vm/crates/core)
    Finished `dev` profile [unoptimized + debuginfo] target(s) in 1.82s
cargo build -p wasm-vm-wasm --target wasm32-unknown-unknown
    Finished `dev` profile [unoptimized + debuginfo] target(s) in 0.05s
wasm-pack test --node crates/wasm --test retirement_capture --test retirement_capture_baseline --test retirement_capture_verifier --test hart_mem --test hart_ctrl --test jit_browser_parity --test rv64a --test rv64f --test rv64d --test mmio --test icount_divider --test discovery_stats --test wrapper -- --nocapture
[INFO]: 🎯  Checking for the Wasm target...
warning: unused import: `Exception`
 --> crates/wasm/tests/hart_ctrl.rs:8:26
  |
8 | use wasm_vm_core::hart::{Exception, Hart};
  |                          ^^^^^^^^^
  |
  = note: `#[warn(unused_imports)]` (part of `#[warn(unused)]`) on by default

warning: `wasm-vm-wasm` (test "hart_ctrl") generated 1 warning (run `cargo fix --test "hart_ctrl" -p wasm-vm-wasm` to apply 1 suggestion)
    Finished `dev` profile [unoptimized + debuginfo] target(s) in 0.05s
[INFO]: ⬇️  Installing wasm-bindgen...
warning: unused import: `Exception`
 --> crates/wasm/tests/hart_ctrl.rs:8:26
  |
8 | use wasm_vm_core::hart::{Exception, Hart};
  |                          ^^^^^^^^^
  |
  = note: `#[warn(unused_imports)]` (part of `#[warn(unused)]`) on by default

warning: `wasm-vm-wasm` (test "hart_ctrl") generated 1 warning (run `cargo fix --test "hart_ctrl" -p wasm-vm-wasm` to apply 1 suggestion)
    Finished `test` profile [unoptimized + debuginfo] target(s) in 0.04s
     Running tests/discovery_stats.rs (/Users/blamy/Documents/Codex/wasm-vm/target/wasm32-unknown-unknown/debug/deps/discovery_stats-786cbcf7d0787b56.wasm)
running 6 tests
Invoking test: real_csr_terminator_is_excluded_while_supported_jump_is_nominated
test real_csr_terminator_is_excluded_while_supported_jump_is_nominated ... ok
Invoking test: real_candidates_nomination_dedup_and_compiled_progress_are_observed_without_mutation
test real_candidates_nomination_dedup_and_compiled_progress_are_observed_without_mutation ... ok
Invoking test: one_bounded_real_jal_stream_overflows_queue_and_restore_resets_live_gauges
test one_bounded_real_jal_stream_overflows_queue_and_restore_resets_live_gauges ... ok
Invoking test: initial_shape_is_actual_and_shared_by_both_wrappers
test initial_shape_is_actual_and_shared_by_both_wrappers ... ok
Invoking test: bounded_cold_flood_reports_actual_counter_map_exhaustion_without_jit
test bounded_cold_flood_reports_actual_counter_map_exhaustion_without_jit ... ok
Invoking test: bare_metal_shared_projection_tracks_real_jit_without_changing_guest_or_stats
test bare_metal_shared_projection_tracks_real_jit_without_changing_guest_or_stats ... ok

test result: ok. 6 passed; 0 failed; 0 ignored; 0 filtered out; finished in 7.51s

     Running tests/hart_ctrl.rs (/Users/blamy/Documents/Codex/wasm-vm/target/wasm32-unknown-unknown/debug/deps/hart_ctrl-f32ec722ad497143.wasm)
running 2 tests
Invoking test: target_alignment_semantics_on_wasm32
test target_alignment_semantics_on_wasm32 ... ok
Invoking test: jal_jalr_and_loop_on_wasm32
test jal_jalr_and_loop_on_wasm32 ... ok

test result: ok. 2 passed; 0 failed; 0 ignored; 0 filtered out; finished in 0.01s

     Running tests/hart_mem.rs (/Users/blamy/Documents/Codex/wasm-vm/target/wasm32-unknown-unknown/debug/deps/hart_mem-2d656fd757508a55.wasm)
running 2 tests
Invoking test: misaligned_ram_succeeds_and_fault_purity_on_wasm32
test misaligned_ram_succeeds_and_fault_purity_on_wasm32 ... ok
Invoking test: extension_and_roundtrip_on_wasm32
test extension_and_roundtrip_on_wasm32 ... ok

test result: ok. 2 passed; 0 failed; 0 ignored; 0 filtered out; finished in 0.02s

     Running tests/icount_divider.rs (/Users/blamy/Documents/Codex/wasm-vm/target/wasm32-unknown-unknown/debug/deps/icount_divider-4d0797b60ff5c2d8.wasm)
running 11 tests
Invoking test: core_icount_divider::wall_mode_refuses_even_same_divider_without_touching_the_host_anchor
test core_icount_divider::wall_mode_refuses_even_same_divider_without_touching_the_host_anchor ... ok
Invoking test: core_icount_divider::same_divider_is_byte_exact_and_preserves_pending_irqs_device_and_cache_identity
test core_icount_divider::same_divider_is_byte_exact_and_preserves_pending_irqs_device_and_cache_identity ... ok
Invoking test: core_icount_divider::resume_retains_selected_phase_and_explicit_post_restore_override_maps_it_once
test core_icount_divider::resume_retains_selected_phase_and_explicit_post_restore_override_maps_it_once ... ok
Invoking test: core_icount_divider::missing_clint_and_out_of_range_inputs_are_atomic
test core_icount_divider::missing_clint_and_out_of_range_inputs_are_atomic ... ok
Invoking test: core_icount_divider::invalid_saved_phases_refuse_before_same_divider_or_any_other_mutation
test core_icount_divider::invalid_saved_phases_refuse_before_same_divider_or_any_other_mutation ... ok
Invoking test: core_icount_divider::huge_prior_dividers_and_resumed_phases_map_with_full_u128_precision
test core_icount_divider::huge_prior_dividers_and_resumed_phases_map_with_full_u128_precision ... ok
Invoking test: core_icount_divider::busy_guest_rdtime_matches_independent_phase_oracle_and_trace_across_cache_modes
ICOUNT_DIVIDER_PARITY trace=4ddc392297ebe1dc snapshot=c7d032c22b596d220102600fedf6e5de9e0f7e38487e0367eb4b8a7d4b51f7c4
test core_icount_divider::busy_guest_rdtime_matches_independent_phase_oracle_and_trace_across_cache_modes ... ok
Invoking test: core_icount_divider::all_small_ratios_and_phases_preserve_state_and_land_the_next_tick_exactly
test core_icount_divider::all_small_ratios_and_phases_preserve_state_and_land_the_next_tick_exactly ... ok
Invoking test: strict_js_values_reject_without_coercion_or_machine_mutation
test strict_js_values_reject_without_coercion_or_machine_mutation ... ok
Invoking test: numeric_boundaries_same_divider_and_resume_preserve_fractional_progress
test numeric_boundaries_same_divider_and_resume_preserve_fractional_progress ... ok
Invoking test: divider_preserves_live_compiled_executor_counters_policy_and_guest_memory
test divider_preserves_live_compiled_executor_counters_policy_and_guest_memory ... ok

test result: ok. 11 passed; 0 failed; 0 ignored; 0 filtered out; finished in 1.66s

     Running tests/jit_browser_parity.rs (/Users/blamy/Documents/Codex/wasm-vm/target/wasm32-unknown-unknown/debug/deps/jit_browser_parity-6cc578c42c9ecada.wasm)
running 39 tests
test browser_handles_remain_bounded_across_retranslation_churn ... ignored, long browser externref/eviction churn; run explicitly for E4-T33 evidence
Invoking test: unexpected_js_exception_fails_closed_without_commit_and_cleans_host
test unexpected_js_exception_fails_closed_without_commit_and_cleans_host ... ok
Invoking test: production_browser_budget_stays_below_measured_instance_cliff
test production_browser_budget_stays_below_measured_instance_cliff ... ok
Invoking test: page_write_invalidates_compiled_block
test page_write_invalidates_compiled_block ... ok
Invoking test: execute_miss_preserves_public_guard_and_guest_state
test execute_miss_preserves_public_guard_and_guest_state ... ok
Invoking test: directed_eviction_through_the_single_ordered_path
test directed_eviction_through_the_single_ordered_path ... ok
Invoking test: compile_instantiate_and_cache_by_phys_pc
test compile_instantiate_and_cache_by_phys_pc ... ok
Invoking test: chain_edge_links_and_unlinks_on_invalidation
test chain_edge_links_and_unlinks_on_invalidation ... ok
Invoking test: bulk_handoff_preserves_all_registers_and_virtual_pc_on_precise_fault
test bulk_handoff_preserves_all_registers_and_virtual_pc_on_precise_fault ... ok
Invoking test: browser_run_chunk_scope_caps_all_internal_subruns_to_eight_installs
test browser_run_chunk_scope_caps_all_internal_subruns_to_eight_installs ... ok
Invoking test: browser_machine_xie_enable_preempts_reused_inline_target
test browser_machine_xie_enable_preempts_reused_inline_target ... ok
Invoking test: browser_jit_six_op_loop_is_exactly_budgeted
test browser_jit_six_op_loop_is_exactly_budgeted ... ok
Invoking test: browser_jit_matches_interpreter_m_block
test browser_jit_matches_interpreter_m_block ... ok
Invoking test: browser_jit_matches_interpreter_i_block
test browser_jit_matches_interpreter_i_block ... ok
Invoking test: browser_jit_matches_interpreter_a_block
test browser_jit_matches_interpreter_a_block ... ok
Invoking test: browser_inline_tlb_matches_interpreter_for_ram_loop
test browser_inline_tlb_matches_interpreter_for_ram_loop ... ok
Invoking test: browser_inline_static_link_unlinks_and_rearms_after_target_reinstall
test browser_inline_static_link_unlinks_and_rearms_after_target_reinstall ... ok
Invoking test: browser_inline_static_link_retains_across_interrupt_stack_bits
test browser_inline_static_link_retains_across_interrupt_stack_bits ... ok
Invoking test: browser_inline_static_link_refuses_after_execute_permission_change
test browser_inline_static_link_refuses_after_execute_permission_change ... ok
Invoking test: browser_inline_static_guard_rejects_remapped_target_page
test browser_inline_static_guard_rejects_remapped_target_page ... ok
Invoking test: browser_inline_static_cross_page_tail_refuses_before_target_entry
test browser_inline_static_cross_page_tail_refuses_before_target_entry ... ok
Invoking test: browser_inline_static_cross_batch_target_fault_is_precise
test browser_inline_static_cross_batch_target_fault_is_precise ... ok
Invoking test: browser_inline_static_cross_batch_load_store_matches_interpreter
test browser_inline_static_cross_batch_load_store_matches_interpreter ... ok
Invoking test: browser_inline_static_cross_batch_link_executes_and_misses_safely
test browser_inline_static_cross_batch_link_executes_and_misses_safely ... ok
Invoking test: browser_inline_static_code_store_cuts_link_before_target_reuse
test browser_inline_static_code_store_cuts_link_before_target_reuse ... ok
Invoking test: browser_inline_static_chain_reaches_five_blocks_in_one_engine_call
test browser_inline_static_chain_reaches_five_blocks_in_one_engine_call ... ok
Invoking test: browser_inline_raw_store_to_compiled_page_aborts_before_successor
test browser_inline_raw_store_to_compiled_page_aborts_before_successor ... ok
Invoking test: browser_inline_raw_store_commits_reservation_and_code_log
test browser_inline_raw_store_commits_reservation_and_code_log ... ok
Invoking test: browser_inline_dynamic_link_retains_across_interrupt_stack_bits_and_sum_invalidates
test browser_inline_dynamic_link_retains_across_interrupt_stack_bits_and_sum_invalidates ... ok
Invoking test: browser_inline_dynamic_jalr_links_switch_and_unlinks
test browser_inline_dynamic_jalr_links_switch_and_unlinks ... ok
Invoking test: browser_inline_direct_chain_reports_bounded_retirement
test browser_inline_direct_chain_reports_bounded_retirement ... ok
Invoking test: browser_inline_direct_chain_honors_depth_budget
test browser_inline_direct_chain_honors_depth_budget ... ok
Invoking test: browser_inline_data_store_stays_chained_but_atomic_successor_waits_for_commit
test browser_inline_data_store_stays_chained_but_atomic_successor_waits_for_commit ... ok
Invoking test: browser_inline_combined_interrupt_bits_plus_sum_invalidates_all_links
test browser_inline_combined_interrupt_bits_plus_sum_invalidates_all_links ... ok
Invoking test: browser_handoff_refreshes_after_outer_growth_on_recorded_precise_fault
test browser_handoff_refreshes_after_outer_growth_on_recorded_precise_fault ... ok
Invoking test: browser_handoff_refreshes_after_outer_growth_during_compiled_call
test browser_handoff_refreshes_after_outer_growth_during_compiled_call ... ok
Invoking test: browser_dispatch_reuses_memory_views_without_subarray_allocation
test browser_dispatch_reuses_memory_views_without_subarray_allocation ... ok
Invoking test: browser_clean_dispatch_reuses_cached_outer_view_without_constructor
test browser_clean_dispatch_reuses_cached_outer_view_without_constructor ... ok
Invoking test: browser_batch_skips_unsupported_members_without_fragmenting_valid_blocks
test browser_batch_skips_unsupported_members_without_fragmenting_valid_blocks ... ok

test result: ok. 38 passed; 0 failed; 1 ignored; 0 filtered out; finished in 6.16s

     Running tests/mmio.rs (/Users/blamy/Documents/Codex/wasm-vm/target/wasm32-unknown-unknown/debug/deps/mmio-9438ad527e4afe2e.wasm)
running 5 tests
Invoking test: ram_and_device_route_correctly
test ram_and_device_route_correctly ... ok
Invoking test: offset_width_value_forwarding
test offset_width_value_forwarding ... ok
Invoking test: hole_and_straddle_fault_without_device_calls
test hole_and_straddle_fault_without_device_calls ... ok
Invoking test: device_read_masking
test device_read_masking ... ok
Invoking test: attach_rejections_on_wasm32
test attach_rejections_on_wasm32 ... ok

test result: ok. 5 passed; 0 failed; 0 ignored; 0 filtered out; finished in 0.01s

     Running tests/retirement_capture.rs (/Users/blamy/Documents/Codex/wasm-vm/target/wasm32-unknown-unknown/debug/deps/retirement_capture-61ddabb101586689.wasm)
running 2 tests
Invoking test: wasm_unit_capture_preserves_lrsc_amo_fp_store_effects
test wasm_unit_capture_preserves_lrsc_amo_fp_store_effects ... ok
Invoking test: wasm_unit_and_false_sink_paths_preserve_parity
test wasm_unit_and_false_sink_paths_preserve_parity ... ok

test result: ok. 2 passed; 0 failed; 0 ignored; 0 filtered out; finished in 0.02s

     Running tests/retirement_capture_baseline.rs (/Users/blamy/Documents/Codex/wasm-vm/target/wasm32-unknown-unknown/debug/deps/retirement_capture_baseline-05d09673be6d4934.wasm)
running 1 test
Invoking test: actual_wasm_capture_matrix_matches_independently_retained_baseline
E5-T26P_BASELINE_V1
CASE machine-matrix mode=cache=ordinary capture=untraced
HART_SNAPSHOT_SHA256=a97cb0239e07965e54b11aa6148e0cd57f1de30e0240486414cd3933919e9c70 HART_SNAPSHOT_LEN=1189
RAM_SHA256=de625270ab24177166da167fbc9fef2811dc59a1495c28cadfecca9a4c9a1f29
RAM_CHANGED=none
RESULT=max-instrs
REGS=pc:0x0000000080000020,x1:0x0000000000000041,x4:0x0000000000000000,x5:0x0000000000000007,x6:0x0000000000000008,x7:0x0000000000000000,x8:0x0000000000000000
MMIO_UART_ORDER=41
MMIO_DEVICE_HITS=0x0000000010001000:0,0x0000000010000000:1
MMIO_ORDER=
CONTROL_BEFORE_HART_SHA256=302854663666eda2a8b7bb8c49a6824852b040f2e6e63561e0d29d961c814392
TRACE_RECORDS=0
TRACE_SHA256=none
TRACE_CANONICAL=none
END_CASE
CASE machine-matrix mode=cache=ordinary capture=recording
HART_SNAPSHOT_SHA256=a97cb0239e07965e54b11aa6148e0cd57f1de30e0240486414cd3933919e9c70 HART_SNAPSHOT_LEN=1189
RAM_SHA256=de625270ab24177166da167fbc9fef2811dc59a1495c28cadfecca9a4c9a1f29
RAM_CHANGED=none
RESULT=max-instrs
REGS=pc:0x0000000080000020,x1:0x0000000000000041,x4:0x0000000000000000,x5:0x0000000000000007,x6:0x0000000000000008,x7:0x0000000000000000,x8:0x0000000000000000
MMIO_UART_ORDER=41
MMIO_DEVICE_HITS=0x0000000010001000:0,0x0000000010000000:1
MMIO_ORDER=
CONTROL_BEFORE_HART_SHA256=302854663666eda2a8b7bb8c49a6824852b040f2e6e63561e0d29d961c814392
TRACE_RECORDS=7
TRACE_SHA256=bbda7ff995d2fd074000690e086cff0e993de1731c7ed3aaef511ce09ecab8b7
TRACE_CANONICAL_BEGIN
core 0: 0x0000000080000000 (0x04100093) x1 0x0000000000000041
core 0: 0x0000000080000004 (0x00110023) mem 0x0000000010000000 0x41
core 0: 0x0000000080000008 (0x00100193) x3 0x0000000000000001
core 0: 0x000000008000000c (0x00318463)
core 0: 0x0000000080000014 (0x00000013)
core 0: 0x0000000080000018 (0x00700293) x5 0x0000000000000007
core 0: 0x000000008000001c (0x00128313) x6 0x0000000000000008
TRACE_CANONICAL_END
END_CASE
CASE machine-matrix mode=cache=cached capture=untraced
HART_SNAPSHOT_SHA256=a97cb0239e07965e54b11aa6148e0cd57f1de30e0240486414cd3933919e9c70 HART_SNAPSHOT_LEN=1189
RAM_SHA256=de625270ab24177166da167fbc9fef2811dc59a1495c28cadfecca9a4c9a1f29
RAM_CHANGED=none
RESULT=max-instrs
REGS=pc:0x0000000080000020,x1:0x0000000000000041,x4:0x0000000000000000,x5:0x0000000000000007,x6:0x0000000000000008,x7:0x0000000000000000,x8:0x0000000000000000
MMIO_UART_ORDER=41
MMIO_DEVICE_HITS=0x0000000010001000:0,0x0000000010000000:1
MMIO_ORDER=
CONTROL_BEFORE_HART_SHA256=302854663666eda2a8b7bb8c49a6824852b040f2e6e63561e0d29d961c814392
TRACE_RECORDS=0
TRACE_SHA256=none
TRACE_CANONICAL=none
END_CASE
CASE machine-matrix mode=cache=cached capture=recording
HART_SNAPSHOT_SHA256=a97cb0239e07965e54b11aa6148e0cd57f1de30e0240486414cd3933919e9c70 HART_SNAPSHOT_LEN=1189
RAM_SHA256=de625270ab24177166da167fbc9fef2811dc59a1495c28cadfecca9a4c9a1f29
RAM_CHANGED=none
RESULT=max-instrs
REGS=pc:0x0000000080000020,x1:0x0000000000000041,x4:0x0000000000000000,x5:0x0000000000000007,x6:0x0000000000000008,x7:0x0000000000000000,x8:0x0000000000000000
MMIO_UART_ORDER=41
MMIO_DEVICE_HITS=0x0000000010001000:0,0x0000000010000000:1
MMIO_ORDER=
CONTROL_BEFORE_HART_SHA256=302854663666eda2a8b7bb8c49a6824852b040f2e6e63561e0d29d961c814392
TRACE_RECORDS=7
TRACE_SHA256=bbda7ff995d2fd074000690e086cff0e993de1731c7ed3aaef511ce09ecab8b7
TRACE_CANONICAL_BEGIN
core 0: 0x0000000080000000 (0x04100093) x1 0x0000000000000041
core 0: 0x0000000080000004 (0x00110023) mem 0x0000000010000000 0x41
core 0: 0x0000000080000008 (0x00100193) x3 0x0000000000000001
core 0: 0x000000008000000c (0x00318463)
core 0: 0x0000000080000014 (0x00000013)
core 0: 0x0000000080000018 (0x00700293) x5 0x0000000000000007
core 0: 0x000000008000001c (0x00128313) x6 0x0000000000000008
TRACE_CANONICAL_END
END_CASE
CASE scalar-sb-overlap direct=unit
HART_SNAPSHOT_SHA256=8ff444c197efb492af6eda269d11f8431c2b06b1df7fdb66859ec94074da867c HART_SNAPSHOT_LEN=1189
RAM_SHA256=b465cfe802d8377de546db82df4cc455b240c551ad823a729f70330d435ef9ed
RAM_CHANGED=0x80002002:ab
RESULT=ok RETIRED=1
RESERVATION=none
MMIO_UART_ORDER=
BUS_EVENTS=L16@0x0000000080000000=0x123,L16@0x0000000080000002=0x31,S8@0x0000000080002002<=0x00000000000000ab:OK
TRACE_RECORDS=0
TRACE_SHA256=none
TRACE_CANONICAL=none
END_CASE
CASE scalar-sb-overlap direct=recording
HART_SNAPSHOT_SHA256=8ff444c197efb492af6eda269d11f8431c2b06b1df7fdb66859ec94074da867c HART_SNAPSHOT_LEN=1189
RAM_SHA256=b465cfe802d8377de546db82df4cc455b240c551ad823a729f70330d435ef9ed
RAM_CHANGED=0x80002002:ab
RESULT=ok RETIRED=1
RESERVATION=none
MMIO_UART_ORDER=
BUS_EVENTS=L16@0x0000000080000000=0x123,L16@0x0000000080000002=0x31,S8@0x0000000080002002<=0x00000000000000ab:OK
TRACE_RECORDS=1
TRACE_SHA256=f5e59568e4f8258f242f9ba056fe4d9cd67e042a511475b90df4a96db99c11d4
TRACE_CANONICAL_BEGIN
core 0: 0x0000000080000000 (0x00310123) mem 0x0000000080002002 0xab
TRACE_CANONICAL_END
END_CASE
CASE scalar-sb-overlap mode=cache=ordinary capture=untraced
HART_SNAPSHOT_SHA256=8ff444c197efb492af6eda269d11f8431c2b06b1df7fdb66859ec94074da867c HART_SNAPSHOT_LEN=1189
RAM_SHA256=b465cfe802d8377de546db82df4cc455b240c551ad823a729f70330d435ef9ed
RAM_CHANGED=0x80002002:ab
RESULT=max-instrs
REGS=pc:0x0000000080000004,x1:0x0000000000000000,x4:0x0000000000000000,x5:0x0000000000000000,x6:0x0000000000000000,x7:0x0000000000000000,x8:0x0000000000000000
MMIO_UART_ORDER=
MMIO_DEVICE_HITS=0x0000000010001000:0,0x0000000010000000:0
MMIO_ORDER=
CONTROL_BEFORE_HART_SHA256=c55ac39ccf16163fec8a2299b8e33936e4e8fb8fb6fba85b928bd6dd89bd5754
TRACE_RECORDS=0
TRACE_SHA256=none
TRACE_CANONICAL=none
END_CASE
CASE scalar-sb-overlap mode=cache=ordinary capture=recording
HART_SNAPSHOT_SHA256=8ff444c197efb492af6eda269d11f8431c2b06b1df7fdb66859ec94074da867c HART_SNAPSHOT_LEN=1189
RAM_SHA256=b465cfe802d8377de546db82df4cc455b240c551ad823a729f70330d435ef9ed
RAM_CHANGED=0x80002002:ab
RESULT=max-instrs
REGS=pc:0x0000000080000004,x1:0x0000000000000000,x4:0x0000000000000000,x5:0x0000000000000000,x6:0x0000000000000000,x7:0x0000000000000000,x8:0x0000000000000000
MMIO_UART_ORDER=
MMIO_DEVICE_HITS=0x0000000010001000:0,0x0000000010000000:0
MMIO_ORDER=
CONTROL_BEFORE_HART_SHA256=c55ac39ccf16163fec8a2299b8e33936e4e8fb8fb6fba85b928bd6dd89bd5754
TRACE_RECORDS=1
TRACE_SHA256=f5e59568e4f8258f242f9ba056fe4d9cd67e042a511475b90df4a96db99c11d4
TRACE_CANONICAL_BEGIN
core 0: 0x0000000080000000 (0x00310123) mem 0x0000000080002002 0xab
TRACE_CANONICAL_END
END_CASE
CASE scalar-sb-overlap mode=cache=cached capture=untraced
HART_SNAPSHOT_SHA256=8ff444c197efb492af6eda269d11f8431c2b06b1df7fdb66859ec94074da867c HART_SNAPSHOT_LEN=1189
RAM_SHA256=b465cfe802d8377de546db82df4cc455b240c551ad823a729f70330d435ef9ed
RAM_CHANGED=0x80002002:ab
RESULT=max-instrs
REGS=pc:0x0000000080000004,x1:0x0000000000000000,x4:0x0000000000000000,x5:0x0000000000000000,x6:0x0000000000000000,x7:0x0000000000000000,x8:0x0000000000000000
MMIO_UART_ORDER=
MMIO_DEVICE_HITS=0x0000000010001000:0,0x0000000010000000:0
MMIO_ORDER=
CONTROL_BEFORE_HART_SHA256=c55ac39ccf16163fec8a2299b8e33936e4e8fb8fb6fba85b928bd6dd89bd5754
TRACE_RECORDS=0
TRACE_SHA256=none
TRACE_CANONICAL=none
END_CASE
CASE scalar-sb-overlap mode=cache=cached capture=recording
HART_SNAPSHOT_SHA256=8ff444c197efb492af6eda269d11f8431c2b06b1df7fdb66859ec94074da867c HART_SNAPSHOT_LEN=1189
RAM_SHA256=b465cfe802d8377de546db82df4cc455b240c551ad823a729f70330d435ef9ed
RAM_CHANGED=0x80002002:ab
RESULT=max-instrs
REGS=pc:0x0000000080000004,x1:0x0000000000000000,x4:0x0000000000000000,x5:0x0000000000000000,x6:0x0000000000000000,x7:0x0000000000000000,x8:0x0000000000000000
MMIO_UART_ORDER=
MMIO_DEVICE_HITS=0x0000000010001000:0,0x0000000010000000:0
MMIO_ORDER=
CONTROL_BEFORE_HART_SHA256=c55ac39ccf16163fec8a2299b8e33936e4e8fb8fb6fba85b928bd6dd89bd5754
TRACE_RECORDS=1
TRACE_SHA256=f5e59568e4f8258f242f9ba056fe4d9cd67e042a511475b90df4a96db99c11d4
TRACE_CANONICAL_BEGIN
core 0: 0x0000000080000000 (0x00310123) mem 0x0000000080002002 0xab
TRACE_CANONICAL_END
END_CASE
CASE scalar-sb-overlap-opposite-reservation direct=unit
HART_SNAPSHOT_SHA256=95d3a50c13a5a8c2b8474d5d9ce12e22727d4fc8c247857994d6c8f7768573dd HART_SNAPSHOT_LEN=1198
RAM_SHA256=b465cfe802d8377de546db82df4cc455b240c551ad823a729f70330d435ef9ed
RAM_CHANGED=0x80002002:ab
RESULT=ok RETIRED=1
RESERVATION=0x0000000080002010/8
MMIO_UART_ORDER=
BUS_EVENTS=L16@0x0000000080000000=0x123,L16@0x0000000080000002=0x31,S8@0x0000000080002002<=0x00000000000000ab:OK
TRACE_RECORDS=0
TRACE_SHA256=none
TRACE_CANONICAL=none
END_CASE
CASE scalar-sb-overlap-opposite-reservation direct=recording
HART_SNAPSHOT_SHA256=95d3a50c13a5a8c2b8474d5d9ce12e22727d4fc8c247857994d6c8f7768573dd HART_SNAPSHOT_LEN=1198
RAM_SHA256=b465cfe802d8377de546db82df4cc455b240c551ad823a729f70330d435ef9ed
RAM_CHANGED=0x80002002:ab
RESULT=ok RETIRED=1
RESERVATION=0x0000000080002010/8
MMIO_UART_ORDER=
BUS_EVENTS=L16@0x0000000080000000=0x123,L16@0x0000000080000002=0x31,S8@0x0000000080002002<=0x00000000000000ab:OK
TRACE_RECORDS=1
TRACE_SHA256=f5e59568e4f8258f242f9ba056fe4d9cd67e042a511475b90df4a96db99c11d4
TRACE_CANONICAL_BEGIN
core 0: 0x0000000080000000 (0x00310123) mem 0x0000000080002002 0xab
TRACE_CANONICAL_END
END_CASE
CASE scalar-sb-overlap-opposite-reservation mode=cache=ordinary capture=untraced
HART_SNAPSHOT_SHA256=95d3a50c13a5a8c2b8474d5d9ce12e22727d4fc8c247857994d6c8f7768573dd HART_SNAPSHOT_LEN=1198
RAM_SHA256=b465cfe802d8377de546db82df4cc455b240c551ad823a729f70330d435ef9ed
RAM_CHANGED=0x80002002:ab
RESULT=max-instrs
REGS=pc:0x0000000080000004,x1:0x0000000000000000,x4:0x0000000000000000,x5:0x0000000000000000,x6:0x0000000000000000,x7:0x0000000000000000,x8:0x0000000000000000
MMIO_UART_ORDER=
MMIO_DEVICE_HITS=0x0000000010001000:0,0x0000000010000000:0
MMIO_ORDER=
CONTROL_BEFORE_HART_SHA256=d019c06c7324afc4532027fd613fb37c591263a3574ed765d594fc757e44740c
TRACE_RECORDS=0
TRACE_SHA256=none
TRACE_CANONICAL=none
END_CASE
CASE scalar-sb-overlap-opposite-reservation mode=cache=ordinary capture=recording
HART_SNAPSHOT_SHA256=95d3a50c13a5a8c2b8474d5d9ce12e22727d4fc8c247857994d6c8f7768573dd HART_SNAPSHOT_LEN=1198
RAM_SHA256=b465cfe802d8377de546db82df4cc455b240c551ad823a729f70330d435ef9ed
RAM_CHANGED=0x80002002:ab
RESULT=max-instrs
REGS=pc:0x0000000080000004,x1:0x0000000000000000,x4:0x0000000000000000,x5:0x0000000000000000,x6:0x0000000000000000,x7:0x0000000000000000,x8:0x0000000000000000
MMIO_UART_ORDER=
MMIO_DEVICE_HITS=0x0000000010001000:0,0x0000000010000000:0
MMIO_ORDER=
CONTROL_BEFORE_HART_SHA256=d019c06c7324afc4532027fd613fb37c591263a3574ed765d594fc757e44740c
TRACE_RECORDS=1
TRACE_SHA256=f5e59568e4f8258f242f9ba056fe4d9cd67e042a511475b90df4a96db99c11d4
TRACE_CANONICAL_BEGIN
core 0: 0x0000000080000000 (0x00310123) mem 0x0000000080002002 0xab
TRACE_CANONICAL_END
END_CASE
CASE scalar-sb-overlap-opposite-reservation mode=cache=cached capture=untraced
HART_SNAPSHOT_SHA256=95d3a50c13a5a8c2b8474d5d9ce12e22727d4fc8c247857994d6c8f7768573dd HART_SNAPSHOT_LEN=1198
RAM_SHA256=b465cfe802d8377de546db82df4cc455b240c551ad823a729f70330d435ef9ed
RAM_CHANGED=0x80002002:ab
RESULT=max-instrs
REGS=pc:0x0000000080000004,x1:0x0000000000000000,x4:0x0000000000000000,x5:0x0000000000000000,x6:0x0000000000000000,x7:0x0000000000000000,x8:0x0000000000000000
MMIO_UART_ORDER=
MMIO_DEVICE_HITS=0x0000000010001000:0,0x0000000010000000:0
MMIO_ORDER=
CONTROL_BEFORE_HART_SHA256=d019c06c7324afc4532027fd613fb37c591263a3574ed765d594fc757e44740c
TRACE_RECORDS=0
TRACE_SHA256=none
TRACE_CANONICAL=none
END_CASE
CASE scalar-sb-overlap-opposite-reservation mode=cache=cached capture=recording
HART_SNAPSHOT_SHA256=95d3a50c13a5a8c2b8474d5d9ce12e22727d4fc8c247857994d6c8f7768573dd HART_SNAPSHOT_LEN=1198
RAM_SHA256=b465cfe802d8377de546db82df4cc455b240c551ad823a729f70330d435ef9ed
RAM_CHANGED=0x80002002:ab
RESULT=max-instrs
REGS=pc:0x0000000080000004,x1:0x0000000000000000,x4:0x0000000000000000,x5:0x0000000000000000,x6:0x0000000000000000,x7:0x0000000000000000,x8:0x0000000000000000
MMIO_UART_ORDER=
MMIO_DEVICE_HITS=0x0000000010001000:0,0x0000000010000000:0
MMIO_ORDER=
CONTROL_BEFORE_HART_SHA256=d019c06c7324afc4532027fd613fb37c591263a3574ed765d594fc757e44740c
TRACE_RECORDS=1
TRACE_SHA256=f5e59568e4f8258f242f9ba056fe4d9cd67e042a511475b90df4a96db99c11d4
TRACE_CANONICAL_BEGIN
core 0: 0x0000000080000000 (0x00310123) mem 0x0000000080002002 0xab
TRACE_CANONICAL_END
END_CASE
CASE scalar-sh-nonoverlap direct=unit
HART_SNAPSHOT_SHA256=12427ba4e99b5212aad6d4cabe12295ecc512819c08fd14fc28e9f49d4e15870 HART_SNAPSHOT_LEN=1198
RAM_SHA256=f7158e9d1b3f16e05809927b0ce40e22345a3f70ea075af25f43c1eb111325a4
RAM_CHANGED=0x80002008:efbe
RESULT=ok RETIRED=1
RESERVATION=0x0000000080002000/2
MMIO_UART_ORDER=
BUS_EVENTS=L16@0x0000000080000000=0x1423,L16@0x0000000080000002=0x31,S16@0x0000000080002008<=0x000000000000beef:OK
TRACE_RECORDS=0
TRACE_SHA256=none
TRACE_CANONICAL=none
END_CASE
CASE scalar-sh-nonoverlap direct=recording
HART_SNAPSHOT_SHA256=12427ba4e99b5212aad6d4cabe12295ecc512819c08fd14fc28e9f49d4e15870 HART_SNAPSHOT_LEN=1198
RAM_SHA256=f7158e9d1b3f16e05809927b0ce40e22345a3f70ea075af25f43c1eb111325a4
RAM_CHANGED=0x80002008:efbe
RESULT=ok RETIRED=1
RESERVATION=0x0000000080002000/2
MMIO_UART_ORDER=
BUS_EVENTS=L16@0x0000000080000000=0x1423,L16@0x0000000080000002=0x31,S16@0x0000000080002008<=0x000000000000beef:OK
TRACE_RECORDS=1
TRACE_SHA256=752a72a58eefb933b354cc1d7a4e40b4d90fb2420bed8b5838681b1aa269ae03
TRACE_CANONICAL_BEGIN
core 0: 0x0000000080000000 (0x00311423) mem 0x0000000080002008 0xbeef
TRACE_CANONICAL_END
END_CASE
CASE scalar-sh-nonoverlap mode=cache=ordinary capture=untraced
HART_SNAPSHOT_SHA256=12427ba4e99b5212aad6d4cabe12295ecc512819c08fd14fc28e9f49d4e15870 HART_SNAPSHOT_LEN=1198
RAM_SHA256=f7158e9d1b3f16e05809927b0ce40e22345a3f70ea075af25f43c1eb111325a4
RAM_CHANGED=0x80002008:efbe
RESULT=max-instrs
REGS=pc:0x0000000080000004,x1:0x0000000000000000,x4:0x0000000000000000,x5:0x0000000000000000,x6:0x0000000000000000,x7:0x0000000000000000,x8:0x0000000000000000
MMIO_UART_ORDER=
MMIO_DEVICE_HITS=0x0000000010001000:0,0x0000000010000000:0
MMIO_ORDER=
CONTROL_BEFORE_HART_SHA256=44ca038f3c3663dd4c3a5586e2c25010bbeaf3fc7a625b0fa217c0f809cf5773
TRACE_RECORDS=0
TRACE_SHA256=none
TRACE_CANONICAL=none
END_CASE
CASE scalar-sh-nonoverlap mode=cache=ordinary capture=recording
HART_SNAPSHOT_SHA256=12427ba4e99b5212aad6d4cabe12295ecc512819c08fd14fc28e9f49d4e15870 HART_SNAPSHOT_LEN=1198
RAM_SHA256=f7158e9d1b3f16e05809927b0ce40e22345a3f70ea075af25f43c1eb111325a4
RAM_CHANGED=0x80002008:efbe
RESULT=max-instrs
REGS=pc:0x0000000080000004,x1:0x0000000000000000,x4:0x0000000000000000,x5:0x0000000000000000,x6:0x0000000000000000,x7:0x0000000000000000,x8:0x0000000000000000
MMIO_UART_ORDER=
MMIO_DEVICE_HITS=0x0000000010001000:0,0x0000000010000000:0
MMIO_ORDER=
CONTROL_BEFORE_HART_SHA256=44ca038f3c3663dd4c3a5586e2c25010bbeaf3fc7a625b0fa217c0f809cf5773
TRACE_RECORDS=1
TRACE_SHA256=752a72a58eefb933b354cc1d7a4e40b4d90fb2420bed8b5838681b1aa269ae03
TRACE_CANONICAL_BEGIN
core 0: 0x0000000080000000 (0x00311423) mem 0x0000000080002008 0xbeef
TRACE_CANONICAL_END
END_CASE
CASE scalar-sh-nonoverlap mode=cache=cached capture=untraced
HART_SNAPSHOT_SHA256=12427ba4e99b5212aad6d4cabe12295ecc512819c08fd14fc28e9f49d4e15870 HART_SNAPSHOT_LEN=1198
RAM_SHA256=f7158e9d1b3f16e05809927b0ce40e22345a3f70ea075af25f43c1eb111325a4
RAM_CHANGED=0x80002008:efbe
RESULT=max-instrs
REGS=pc:0x0000000080000004,x1:0x0000000000000000,x4:0x0000000000000000,x5:0x0000000000000000,x6:0x0000000000000000,x7:0x0000000000000000,x8:0x0000000000000000
MMIO_UART_ORDER=
MMIO_DEVICE_HITS=0x0000000010001000:0,0x0000000010000000:0
MMIO_ORDER=
CONTROL_BEFORE_HART_SHA256=44ca038f3c3663dd4c3a5586e2c25010bbeaf3fc7a625b0fa217c0f809cf5773
TRACE_RECORDS=0
TRACE_SHA256=none
TRACE_CANONICAL=none
END_CASE
CASE scalar-sh-nonoverlap mode=cache=cached capture=recording
HART_SNAPSHOT_SHA256=12427ba4e99b5212aad6d4cabe12295ecc512819c08fd14fc28e9f49d4e15870 HART_SNAPSHOT_LEN=1198
RAM_SHA256=f7158e9d1b3f16e05809927b0ce40e22345a3f70ea075af25f43c1eb111325a4
RAM_CHANGED=0x80002008:efbe
RESULT=max-instrs
REGS=pc:0x0000000080000004,x1:0x0000000000000000,x4:0x0000000000000000,x5:0x0000000000000000,x6:0x0000000000000000,x7:0x0000000000000000,x8:0x0000000000000000
MMIO_UART_ORDER=
MMIO_DEVICE_HITS=0x0000000010001000:0,0x0000000010000000:0
MMIO_ORDER=
CONTROL_BEFORE_HART_SHA256=44ca038f3c3663dd4c3a5586e2c25010bbeaf3fc7a625b0fa217c0f809cf5773
TRACE_RECORDS=1
TRACE_SHA256=752a72a58eefb933b354cc1d7a4e40b4d90fb2420bed8b5838681b1aa269ae03
TRACE_CANONICAL_BEGIN
core 0: 0x0000000080000000 (0x00311423) mem 0x0000000080002008 0xbeef
TRACE_CANONICAL_END
END_CASE
CASE scalar-sh-nonoverlap-opposite-reservation direct=unit
HART_SNAPSHOT_SHA256=cdab4b96bdc87e1d848fd7c6010ff828badf12dde3680f98e95414e41d7de731 HART_SNAPSHOT_LEN=1189
RAM_SHA256=f7158e9d1b3f16e05809927b0ce40e22345a3f70ea075af25f43c1eb111325a4
RAM_CHANGED=0x80002008:efbe
RESULT=ok RETIRED=1
RESERVATION=none
MMIO_UART_ORDER=
BUS_EVENTS=L16@0x0000000080000000=0x1423,L16@0x0000000080000002=0x31,S16@0x0000000080002008<=0x000000000000beef:OK
TRACE_RECORDS=0
TRACE_SHA256=none
TRACE_CANONICAL=none
END_CASE
CASE scalar-sh-nonoverlap-opposite-reservation direct=recording
HART_SNAPSHOT_SHA256=cdab4b96bdc87e1d848fd7c6010ff828badf12dde3680f98e95414e41d7de731 HART_SNAPSHOT_LEN=1189
RAM_SHA256=f7158e9d1b3f16e05809927b0ce40e22345a3f70ea075af25f43c1eb111325a4
RAM_CHANGED=0x80002008:efbe
RESULT=ok RETIRED=1
RESERVATION=none
MMIO_UART_ORDER=
BUS_EVENTS=L16@0x0000000080000000=0x1423,L16@0x0000000080000002=0x31,S16@0x0000000080002008<=0x000000000000beef:OK
TRACE_RECORDS=1
TRACE_SHA256=752a72a58eefb933b354cc1d7a4e40b4d90fb2420bed8b5838681b1aa269ae03
TRACE_CANONICAL_BEGIN
core 0: 0x0000000080000000 (0x00311423) mem 0x0000000080002008 0xbeef
TRACE_CANONICAL_END
END_CASE
CASE scalar-sh-nonoverlap-opposite-reservation mode=cache=ordinary capture=untraced
HART_SNAPSHOT_SHA256=cdab4b96bdc87e1d848fd7c6010ff828badf12dde3680f98e95414e41d7de731 HART_SNAPSHOT_LEN=1189
RAM_SHA256=f7158e9d1b3f16e05809927b0ce40e22345a3f70ea075af25f43c1eb111325a4
RAM_CHANGED=0x80002008:efbe
RESULT=max-instrs
REGS=pc:0x0000000080000004,x1:0x0000000000000000,x4:0x0000000000000000,x5:0x0000000000000000,x6:0x0000000000000000,x7:0x0000000000000000,x8:0x0000000000000000
MMIO_UART_ORDER=
MMIO_DEVICE_HITS=0x0000000010001000:0,0x0000000010000000:0
MMIO_ORDER=
CONTROL_BEFORE_HART_SHA256=42c8b8fd0b359bdb4b65b8e5b588b5384293065771fb28970fd99e3054567e8c
TRACE_RECORDS=0
TRACE_SHA256=none
TRACE_CANONICAL=none
END_CASE
CASE scalar-sh-nonoverlap-opposite-reservation mode=cache=ordinary capture=recording
HART_SNAPSHOT_SHA256=cdab4b96bdc87e1d848fd7c6010ff828badf12dde3680f98e95414e41d7de731 HART_SNAPSHOT_LEN=1189
RAM_SHA256=f7158e9d1b3f16e05809927b0ce40e22345a3f70ea075af25f43c1eb111325a4
RAM_CHANGED=0x80002008:efbe
RESULT=max-instrs
REGS=pc:0x0000000080000004,x1:0x0000000000000000,x4:0x0000000000000000,x5:0x0000000000000000,x6:0x0000000000000000,x7:0x0000000000000000,x8:0x0000000000000000
MMIO_UART_ORDER=
MMIO_DEVICE_HITS=0x0000000010001000:0,0x0000000010000000:0
MMIO_ORDER=
CONTROL_BEFORE_HART_SHA256=42c8b8fd0b359bdb4b65b8e5b588b5384293065771fb28970fd99e3054567e8c
TRACE_RECORDS=1
TRACE_SHA256=752a72a58eefb933b354cc1d7a4e40b4d90fb2420bed8b5838681b1aa269ae03
TRACE_CANONICAL_BEGIN
core 0: 0x0000000080000000 (0x00311423) mem 0x0000000080002008 0xbeef
TRACE_CANONICAL_END
END_CASE
CASE scalar-sh-nonoverlap-opposite-reservation mode=cache=cached capture=untraced
HART_SNAPSHOT_SHA256=cdab4b96bdc87e1d848fd7c6010ff828badf12dde3680f98e95414e41d7de731 HART_SNAPSHOT_LEN=1189
RAM_SHA256=f7158e9d1b3f16e05809927b0ce40e22345a3f70ea075af25f43c1eb111325a4
RAM_CHANGED=0x80002008:efbe
RESULT=max-instrs
REGS=pc:0x0000000080000004,x1:0x0000000000000000,x4:0x0000000000000000,x5:0x0000000000000000,x6:0x0000000000000000,x7:0x0000000000000000,x8:0x0000000000000000
MMIO_UART_ORDER=
MMIO_DEVICE_HITS=0x0000000010001000:0,0x0000000010000000:0
MMIO_ORDER=
CONTROL_BEFORE_HART_SHA256=42c8b8fd0b359bdb4b65b8e5b588b5384293065771fb28970fd99e3054567e8c
TRACE_RECORDS=0
TRACE_SHA256=none
TRACE_CANONICAL=none
END_CASE
CASE scalar-sh-nonoverlap-opposite-reservation mode=cache=cached capture=recording
HART_SNAPSHOT_SHA256=cdab4b96bdc87e1d848fd7c6010ff828badf12dde3680f98e95414e41d7de731 HART_SNAPSHOT_LEN=1189
RAM_SHA256=f7158e9d1b3f16e05809927b0ce40e22345a3f70ea075af25f43c1eb111325a4
RAM_CHANGED=0x80002008:efbe
RESULT=max-instrs
REGS=pc:0x0000000080000004,x1:0x0000000000000000,x4:0x0000000000000000,x5:0x0000000000000000,x6:0x0000000000000000,x7:0x0000000000000000,x8:0x0000000000000000
MMIO_UART_ORDER=
MMIO_DEVICE_HITS=0x0000000010001000:0,0x0000000010000000:0
MMIO_ORDER=
CONTROL_BEFORE_HART_SHA256=42c8b8fd0b359bdb4b65b8e5b588b5384293065771fb28970fd99e3054567e8c
TRACE_RECORDS=1
TRACE_SHA256=752a72a58eefb933b354cc1d7a4e40b4d90fb2420bed8b5838681b1aa269ae03
TRACE_CANONICAL_BEGIN
core 0: 0x0000000080000000 (0x00311423) mem 0x0000000080002008 0xbeef
TRACE_CANONICAL_END
END_CASE
CASE scalar-sw-cross-page direct=unit
HART_SNAPSHOT_SHA256=c41cd633bd23712a7a0e7b4beb7e824b65a0e1da0d2558dae7b8a1f63693ae66 HART_SNAPSHOT_LEN=1198
RAM_SHA256=922dadea8423aa5b77cc129c01945732a92ee11175e324709bff9f8ba377360f
RAM_CHANGED=0x80002ffe:efbeadde
RESULT=ok RETIRED=1
RESERVATION=0x0000000080002000/4
MMIO_UART_ORDER=
BUS_EVENTS=L16@0x0000000080000000=0x2023,L16@0x0000000080000002=0x31,S8@0x0000000080002ffe<=0x00000000000000ef:OK,S8@0x0000000080002fff<=0x00000000000000be:OK,S8@0x0000000080003000<=0x00000000000000ad:OK,S8@0x0000000080003001<=0x00000000000000de:OK
TRACE_RECORDS=0
TRACE_SHA256=none
TRACE_CANONICAL=none
END_CASE
CASE scalar-sw-cross-page direct=recording
HART_SNAPSHOT_SHA256=c41cd633bd23712a7a0e7b4beb7e824b65a0e1da0d2558dae7b8a1f63693ae66 HART_SNAPSHOT_LEN=1198
RAM_SHA256=922dadea8423aa5b77cc129c01945732a92ee11175e324709bff9f8ba377360f
RAM_CHANGED=0x80002ffe:efbeadde
RESULT=ok RETIRED=1
RESERVATION=0x0000000080002000/4
MMIO_UART_ORDER=
BUS_EVENTS=L16@0x0000000080000000=0x2023,L16@0x0000000080000002=0x31,S8@0x0000000080002ffe<=0x00000000000000ef:OK,S8@0x0000000080002fff<=0x00000000000000be:OK,S8@0x0000000080003000<=0x00000000000000ad:OK,S8@0x0000000080003001<=0x00000000000000de:OK
TRACE_RECORDS=1
TRACE_SHA256=e0759461762fd776a3c1bcee8ee633098c2357fb8bcbc120d7ec2968a1ab6370
TRACE_CANONICAL_BEGIN
core 0: 0x0000000080000000 (0x00312023) mem 0x0000000080002ffe 0xdeadbeef
TRACE_CANONICAL_END
END_CASE
CASE scalar-sw-cross-page mode=cache=ordinary capture=untraced
HART_SNAPSHOT_SHA256=c41cd633bd23712a7a0e7b4beb7e824b65a0e1da0d2558dae7b8a1f63693ae66 HART_SNAPSHOT_LEN=1198
RAM_SHA256=922dadea8423aa5b77cc129c01945732a92ee11175e324709bff9f8ba377360f
RAM_CHANGED=0x80002ffe:efbeadde
RESULT=max-instrs
REGS=pc:0x0000000080000004,x1:0x0000000000000000,x4:0x0000000000000000,x5:0x0000000000000000,x6:0x0000000000000000,x7:0x0000000000000000,x8:0x0000000000000000
MMIO_UART_ORDER=
MMIO_DEVICE_HITS=0x0000000010001000:0,0x0000000010000000:0
MMIO_ORDER=
CONTROL_BEFORE_HART_SHA256=f11ed993ec21a5531179a53043f88ea9a578b0b069a447a6b37a1e5cc485336e
TRACE_RECORDS=0
TRACE_SHA256=none
TRACE_CANONICAL=none
END_CASE
CASE scalar-sw-cross-page mode=cache=ordinary capture=recording
HART_SNAPSHOT_SHA256=c41cd633bd23712a7a0e7b4beb7e824b65a0e1da0d2558dae7b8a1f63693ae66 HART_SNAPSHOT_LEN=1198
RAM_SHA256=922dadea8423aa5b77cc129c01945732a92ee11175e324709bff9f8ba377360f
RAM_CHANGED=0x80002ffe:efbeadde
RESULT=max-instrs
REGS=pc:0x0000000080000004,x1:0x0000000000000000,x4:0x0000000000000000,x5:0x0000000000000000,x6:0x0000000000000000,x7:0x0000000000000000,x8:0x0000000000000000
MMIO_UART_ORDER=
MMIO_DEVICE_HITS=0x0000000010001000:0,0x0000000010000000:0
MMIO_ORDER=
CONTROL_BEFORE_HART_SHA256=f11ed993ec21a5531179a53043f88ea9a578b0b069a447a6b37a1e5cc485336e
TRACE_RECORDS=1
TRACE_SHA256=e0759461762fd776a3c1bcee8ee633098c2357fb8bcbc120d7ec2968a1ab6370
TRACE_CANONICAL_BEGIN
core 0: 0x0000000080000000 (0x00312023) mem 0x0000000080002ffe 0xdeadbeef
TRACE_CANONICAL_END
END_CASE
CASE scalar-sw-cross-page mode=cache=cached capture=untraced
HART_SNAPSHOT_SHA256=c41cd633bd23712a7a0e7b4beb7e824b65a0e1da0d2558dae7b8a1f63693ae66 HART_SNAPSHOT_LEN=1198
RAM_SHA256=922dadea8423aa5b77cc129c01945732a92ee11175e324709bff9f8ba377360f
RAM_CHANGED=0x80002ffe:efbeadde
RESULT=max-instrs
REGS=pc:0x0000000080000004,x1:0x0000000000000000,x4:0x0000000000000000,x5:0x0000000000000000,x6:0x0000000000000000,x7:0x0000000000000000,x8:0x0000000000000000
MMIO_UART_ORDER=
MMIO_DEVICE_HITS=0x0000000010001000:0,0x0000000010000000:0
MMIO_ORDER=
CONTROL_BEFORE_HART_SHA256=f11ed993ec21a5531179a53043f88ea9a578b0b069a447a6b37a1e5cc485336e
TRACE_RECORDS=0
TRACE_SHA256=none
TRACE_CANONICAL=none
END_CASE
CASE scalar-sw-cross-page mode=cache=cached capture=recording
HART_SNAPSHOT_SHA256=c41cd633bd23712a7a0e7b4beb7e824b65a0e1da0d2558dae7b8a1f63693ae66 HART_SNAPSHOT_LEN=1198
RAM_SHA256=922dadea8423aa5b77cc129c01945732a92ee11175e324709bff9f8ba377360f
RAM_CHANGED=0x80002ffe:efbeadde
RESULT=max-instrs
REGS=pc:0x0000000080000004,x1:0x0000000000000000,x4:0x0000000000000000,x5:0x0000000000000000,x6:0x0000000000000000,x7:0x0000000000000000,x8:0x0000000000000000
MMIO_UART_ORDER=
MMIO_DEVICE_HITS=0x0000000010001000:0,0x0000000010000000:0
MMIO_ORDER=
CONTROL_BEFORE_HART_SHA256=f11ed993ec21a5531179a53043f88ea9a578b0b069a447a6b37a1e5cc485336e
TRACE_RECORDS=1
TRACE_SHA256=e0759461762fd776a3c1bcee8ee633098c2357fb8bcbc120d7ec2968a1ab6370
TRACE_CANONICAL_BEGIN
core 0: 0x0000000080000000 (0x00312023) mem 0x0000000080002ffe 0xdeadbeef
TRACE_CANONICAL_END
END_CASE
CASE scalar-sw-cross-page-opposite-reservation direct=unit
HART_SNAPSHOT_SHA256=5e2c37a12f56589f561b7e5dc018037c69647b44c102c5308551f9dc462a1fda HART_SNAPSHOT_LEN=1189
RAM_SHA256=922dadea8423aa5b77cc129c01945732a92ee11175e324709bff9f8ba377360f
RAM_CHANGED=0x80002ffe:efbeadde
RESULT=ok RETIRED=1
RESERVATION=none
MMIO_UART_ORDER=
BUS_EVENTS=L16@0x0000000080000000=0x2023,L16@0x0000000080000002=0x31,S8@0x0000000080002ffe<=0x00000000000000ef:OK,S8@0x0000000080002fff<=0x00000000000000be:OK,S8@0x0000000080003000<=0x00000000000000ad:OK,S8@0x0000000080003001<=0x00000000000000de:OK
TRACE_RECORDS=0
TRACE_SHA256=none
TRACE_CANONICAL=none
END_CASE
CASE scalar-sw-cross-page-opposite-reservation direct=recording
HART_SNAPSHOT_SHA256=5e2c37a12f56589f561b7e5dc018037c69647b44c102c5308551f9dc462a1fda HART_SNAPSHOT_LEN=1189
RAM_SHA256=922dadea8423aa5b77cc129c01945732a92ee11175e324709bff9f8ba377360f
RAM_CHANGED=0x80002ffe:efbeadde
RESULT=ok RETIRED=1
RESERVATION=none
MMIO_UART_ORDER=
BUS_EVENTS=L16@0x0000000080000000=0x2023,L16@0x0000000080000002=0x31,S8@0x0000000080002ffe<=0x00000000000000ef:OK,S8@0x0000000080002fff<=0x00000000000000be:OK,S8@0x0000000080003000<=0x00000000000000ad:OK,S8@0x0000000080003001<=0x00000000000000de:OK
TRACE_RECORDS=1
TRACE_SHA256=e0759461762fd776a3c1bcee8ee633098c2357fb8bcbc120d7ec2968a1ab6370
TRACE_CANONICAL_BEGIN
core 0: 0x0000000080000000 (0x00312023) mem 0x0000000080002ffe 0xdeadbeef
TRACE_CANONICAL_END
END_CASE
CASE scalar-sw-cross-page-opposite-reservation mode=cache=ordinary capture=untraced
HART_SNAPSHOT_SHA256=5e2c37a12f56589f561b7e5dc018037c69647b44c102c5308551f9dc462a1fda HART_SNAPSHOT_LEN=1189
RAM_SHA256=922dadea8423aa5b77cc129c01945732a92ee11175e324709bff9f8ba377360f
RAM_CHANGED=0x80002ffe:efbeadde
RESULT=max-instrs
REGS=pc:0x0000000080000004,x1:0x0000000000000000,x4:0x0000000000000000,x5:0x0000000000000000,x6:0x0000000000000000,x7:0x0000000000000000,x8:0x0000000000000000
MMIO_UART_ORDER=
MMIO_DEVICE_HITS=0x0000000010001000:0,0x0000000010000000:0
MMIO_ORDER=
CONTROL_BEFORE_HART_SHA256=782fdcab2c85f13daf8555470171f00e12b4613360ce6b21598be788e4d3c8ce
TRACE_RECORDS=0
TRACE_SHA256=none
TRACE_CANONICAL=none
END_CASE
CASE scalar-sw-cross-page-opposite-reservation mode=cache=ordinary capture=recording
HART_SNAPSHOT_SHA256=5e2c37a12f56589f561b7e5dc018037c69647b44c102c5308551f9dc462a1fda HART_SNAPSHOT_LEN=1189
RAM_SHA256=922dadea8423aa5b77cc129c01945732a92ee11175e324709bff9f8ba377360f
RAM_CHANGED=0x80002ffe:efbeadde
RESULT=max-instrs
REGS=pc:0x0000000080000004,x1:0x0000000000000000,x4:0x0000000000000000,x5:0x0000000000000000,x6:0x0000000000000000,x7:0x0000000000000000,x8:0x0000000000000000
MMIO_UART_ORDER=
MMIO_DEVICE_HITS=0x0000000010001000:0,0x0000000010000000:0
MMIO_ORDER=
CONTROL_BEFORE_HART_SHA256=782fdcab2c85f13daf8555470171f00e12b4613360ce6b21598be788e4d3c8ce
TRACE_RECORDS=1
TRACE_SHA256=e0759461762fd776a3c1bcee8ee633098c2357fb8bcbc120d7ec2968a1ab6370
TRACE_CANONICAL_BEGIN
core 0: 0x0000000080000000 (0x00312023) mem 0x0000000080002ffe 0xdeadbeef
TRACE_CANONICAL_END
END_CASE
CASE scalar-sw-cross-page-opposite-reservation mode=cache=cached capture=untraced
HART_SNAPSHOT_SHA256=5e2c37a12f56589f561b7e5dc018037c69647b44c102c5308551f9dc462a1fda HART_SNAPSHOT_LEN=1189
RAM_SHA256=922dadea8423aa5b77cc129c01945732a92ee11175e324709bff9f8ba377360f
RAM_CHANGED=0x80002ffe:efbeadde
RESULT=max-instrs
REGS=pc:0x0000000080000004,x1:0x0000000000000000,x4:0x0000000000000000,x5:0x0000000000000000,x6:0x0000000000000000,x7:0x0000000000000000,x8:0x0000000000000000
MMIO_UART_ORDER=
MMIO_DEVICE_HITS=0x0000000010001000:0,0x0000000010000000:0
MMIO_ORDER=
CONTROL_BEFORE_HART_SHA256=782fdcab2c85f13daf8555470171f00e12b4613360ce6b21598be788e4d3c8ce
TRACE_RECORDS=0
TRACE_SHA256=none
TRACE_CANONICAL=none
END_CASE
CASE scalar-sw-cross-page-opposite-reservation mode=cache=cached capture=recording
HART_SNAPSHOT_SHA256=5e2c37a12f56589f561b7e5dc018037c69647b44c102c5308551f9dc462a1fda HART_SNAPSHOT_LEN=1189
RAM_SHA256=922dadea8423aa5b77cc129c01945732a92ee11175e324709bff9f8ba377360f
RAM_CHANGED=0x80002ffe:efbeadde
RESULT=max-instrs
REGS=pc:0x0000000080000004,x1:0x0000000000000000,x4:0x0000000000000000,x5:0x0000000000000000,x6:0x0000000000000000,x7:0x0000000000000000,x8:0x0000000000000000
MMIO_UART_ORDER=
MMIO_DEVICE_HITS=0x0000000010001000:0,0x0000000010000000:0
MMIO_ORDER=
CONTROL_BEFORE_HART_SHA256=782fdcab2c85f13daf8555470171f00e12b4613360ce6b21598be788e4d3c8ce
TRACE_RECORDS=1
TRACE_SHA256=e0759461762fd776a3c1bcee8ee633098c2357fb8bcbc120d7ec2968a1ab6370
TRACE_CANONICAL_BEGIN
core 0: 0x0000000080000000 (0x00312023) mem 0x0000000080002ffe 0xdeadbeef
TRACE_CANONICAL_END
END_CASE
CASE scalar-sd-nonoverlap direct=unit
HART_SNAPSHOT_SHA256=8ce45139bd88992af9a1737da8871824543b64d1c1f4223205dd9b6abeade5ce HART_SNAPSHOT_LEN=1198
RAM_SHA256=dd8cb52bf338859c7dbd71588e807f97e712d7fd035aa164413c5848c09687a0
RAM_CHANGED=0x80002010:efcdab8967452301
RESULT=ok RETIRED=1
RESERVATION=0x0000000080002000/8
MMIO_UART_ORDER=
BUS_EVENTS=L16@0x0000000080000000=0x3823,L16@0x0000000080000002=0x31,S64@0x0000000080002010<=0x0123456789abcdef:OK
TRACE_RECORDS=0
TRACE_SHA256=none
TRACE_CANONICAL=none
END_CASE
CASE scalar-sd-nonoverlap direct=recording
HART_SNAPSHOT_SHA256=8ce45139bd88992af9a1737da8871824543b64d1c1f4223205dd9b6abeade5ce HART_SNAPSHOT_LEN=1198
RAM_SHA256=dd8cb52bf338859c7dbd71588e807f97e712d7fd035aa164413c5848c09687a0
RAM_CHANGED=0x80002010:efcdab8967452301
RESULT=ok RETIRED=1
RESERVATION=0x0000000080002000/8
MMIO_UART_ORDER=
BUS_EVENTS=L16@0x0000000080000000=0x3823,L16@0x0000000080000002=0x31,S64@0x0000000080002010<=0x0123456789abcdef:OK
TRACE_RECORDS=1
TRACE_SHA256=fede637af1c3ff12b76e61eeb60c63df1dfd8c2bd20d8541922ce08d9347f97a
TRACE_CANONICAL_BEGIN
core 0: 0x0000000080000000 (0x00313823) mem 0x0000000080002010 0x0123456789abcdef
TRACE_CANONICAL_END
END_CASE
CASE scalar-sd-nonoverlap mode=cache=ordinary capture=untraced
HART_SNAPSHOT_SHA256=8ce45139bd88992af9a1737da8871824543b64d1c1f4223205dd9b6abeade5ce HART_SNAPSHOT_LEN=1198
RAM_SHA256=dd8cb52bf338859c7dbd71588e807f97e712d7fd035aa164413c5848c09687a0
RAM_CHANGED=0x80002010:efcdab8967452301
RESULT=max-instrs
REGS=pc:0x0000000080000004,x1:0x0000000000000000,x4:0x0000000000000000,x5:0x0000000000000000,x6:0x0000000000000000,x7:0x0000000000000000,x8:0x0000000000000000
MMIO_UART_ORDER=
MMIO_DEVICE_HITS=0x0000000010001000:0,0x0000000010000000:0
MMIO_ORDER=
CONTROL_BEFORE_HART_SHA256=4e3bb9835713212ce657072a01f2d4381a3095da03a884553f95a1958ceaddaa
TRACE_RECORDS=0
TRACE_SHA256=none
TRACE_CANONICAL=none
END_CASE
CASE scalar-sd-nonoverlap mode=cache=ordinary capture=recording
HART_SNAPSHOT_SHA256=8ce45139bd88992af9a1737da8871824543b64d1c1f4223205dd9b6abeade5ce HART_SNAPSHOT_LEN=1198
RAM_SHA256=dd8cb52bf338859c7dbd71588e807f97e712d7fd035aa164413c5848c09687a0
RAM_CHANGED=0x80002010:efcdab8967452301
RESULT=max-instrs
REGS=pc:0x0000000080000004,x1:0x0000000000000000,x4:0x0000000000000000,x5:0x0000000000000000,x6:0x0000000000000000,x7:0x0000000000000000,x8:0x0000000000000000
MMIO_UART_ORDER=
MMIO_DEVICE_HITS=0x0000000010001000:0,0x0000000010000000:0
MMIO_ORDER=
CONTROL_BEFORE_HART_SHA256=4e3bb9835713212ce657072a01f2d4381a3095da03a884553f95a1958ceaddaa
TRACE_RECORDS=1
TRACE_SHA256=fede637af1c3ff12b76e61eeb60c63df1dfd8c2bd20d8541922ce08d9347f97a
TRACE_CANONICAL_BEGIN
core 0: 0x0000000080000000 (0x00313823) mem 0x0000000080002010 0x0123456789abcdef
TRACE_CANONICAL_END
END_CASE
CASE scalar-sd-nonoverlap mode=cache=cached capture=untraced
HART_SNAPSHOT_SHA256=8ce45139bd88992af9a1737da8871824543b64d1c1f4223205dd9b6abeade5ce HART_SNAPSHOT_LEN=1198
RAM_SHA256=dd8cb52bf338859c7dbd71588e807f97e712d7fd035aa164413c5848c09687a0
RAM_CHANGED=0x80002010:efcdab8967452301
RESULT=max-instrs
REGS=pc:0x0000000080000004,x1:0x0000000000000000,x4:0x0000000000000000,x5:0x0000000000000000,x6:0x0000000000000000,x7:0x0000000000000000,x8:0x0000000000000000
MMIO_UART_ORDER=
MMIO_DEVICE_HITS=0x0000000010001000:0,0x0000000010000000:0
MMIO_ORDER=
CONTROL_BEFORE_HART_SHA256=4e3bb9835713212ce657072a01f2d4381a3095da03a884553f95a1958ceaddaa
TRACE_RECORDS=0
TRACE_SHA256=none
TRACE_CANONICAL=none
END_CASE
CASE scalar-sd-nonoverlap mode=cache=cached capture=recording
HART_SNAPSHOT_SHA256=8ce45139bd88992af9a1737da8871824543b64d1c1f4223205dd9b6abeade5ce HART_SNAPSHOT_LEN=1198
RAM_SHA256=dd8cb52bf338859c7dbd71588e807f97e712d7fd035aa164413c5848c09687a0
RAM_CHANGED=0x80002010:efcdab8967452301
RESULT=max-instrs
REGS=pc:0x0000000080000004,x1:0x0000000000000000,x4:0x0000000000000000,x5:0x0000000000000000,x6:0x0000000000000000,x7:0x0000000000000000,x8:0x0000000000000000
MMIO_UART_ORDER=
MMIO_DEVICE_HITS=0x0000000010001000:0,0x0000000010000000:0
MMIO_ORDER=
CONTROL_BEFORE_HART_SHA256=4e3bb9835713212ce657072a01f2d4381a3095da03a884553f95a1958ceaddaa
TRACE_RECORDS=1
TRACE_SHA256=fede637af1c3ff12b76e61eeb60c63df1dfd8c2bd20d8541922ce08d9347f97a
TRACE_CANONICAL_BEGIN
core 0: 0x0000000080000000 (0x00313823) mem 0x0000000080002010 0x0123456789abcdef
TRACE_CANONICAL_END
END_CASE
CASE scalar-sd-nonoverlap-opposite-reservation direct=unit
HART_SNAPSHOT_SHA256=08b420d5baa4222b4eda66aeda106e93c84de2dc0337d592bb0e60788f53564c HART_SNAPSHOT_LEN=1189
RAM_SHA256=dd8cb52bf338859c7dbd71588e807f97e712d7fd035aa164413c5848c09687a0
RAM_CHANGED=0x80002010:efcdab8967452301
RESULT=ok RETIRED=1
RESERVATION=none
MMIO_UART_ORDER=
BUS_EVENTS=L16@0x0000000080000000=0x3823,L16@0x0000000080000002=0x31,S64@0x0000000080002010<=0x0123456789abcdef:OK
TRACE_RECORDS=0
TRACE_SHA256=none
TRACE_CANONICAL=none
END_CASE
CASE scalar-sd-nonoverlap-opposite-reservation direct=recording
HART_SNAPSHOT_SHA256=08b420d5baa4222b4eda66aeda106e93c84de2dc0337d592bb0e60788f53564c HART_SNAPSHOT_LEN=1189
RAM_SHA256=dd8cb52bf338859c7dbd71588e807f97e712d7fd035aa164413c5848c09687a0
RAM_CHANGED=0x80002010:efcdab8967452301
RESULT=ok RETIRED=1
RESERVATION=none
MMIO_UART_ORDER=
BUS_EVENTS=L16@0x0000000080000000=0x3823,L16@0x0000000080000002=0x31,S64@0x0000000080002010<=0x0123456789abcdef:OK
TRACE_RECORDS=1
TRACE_SHA256=fede637af1c3ff12b76e61eeb60c63df1dfd8c2bd20d8541922ce08d9347f97a
TRACE_CANONICAL_BEGIN
core 0: 0x0000000080000000 (0x00313823) mem 0x0000000080002010 0x0123456789abcdef
TRACE_CANONICAL_END
END_CASE
CASE scalar-sd-nonoverlap-opposite-reservation mode=cache=ordinary capture=untraced
HART_SNAPSHOT_SHA256=08b420d5baa4222b4eda66aeda106e93c84de2dc0337d592bb0e60788f53564c HART_SNAPSHOT_LEN=1189
RAM_SHA256=dd8cb52bf338859c7dbd71588e807f97e712d7fd035aa164413c5848c09687a0
RAM_CHANGED=0x80002010:efcdab8967452301
RESULT=max-instrs
REGS=pc:0x0000000080000004,x1:0x0000000000000000,x4:0x0000000000000000,x5:0x0000000000000000,x6:0x0000000000000000,x7:0x0000000000000000,x8:0x0000000000000000
MMIO_UART_ORDER=
MMIO_DEVICE_HITS=0x0000000010001000:0,0x0000000010000000:0
MMIO_ORDER=
CONTROL_BEFORE_HART_SHA256=6948cb9f8628f0d87fb90c6f63282a365db58f9b2deb52b55e684e2089fce4e3
TRACE_RECORDS=0
TRACE_SHA256=none
TRACE_CANONICAL=none
END_CASE
CASE scalar-sd-nonoverlap-opposite-reservation mode=cache=ordinary capture=recording
HART_SNAPSHOT_SHA256=08b420d5baa4222b4eda66aeda106e93c84de2dc0337d592bb0e60788f53564c HART_SNAPSHOT_LEN=1189
RAM_SHA256=dd8cb52bf338859c7dbd71588e807f97e712d7fd035aa164413c5848c09687a0
RAM_CHANGED=0x80002010:efcdab8967452301
RESULT=max-instrs
REGS=pc:0x0000000080000004,x1:0x0000000000000000,x4:0x0000000000000000,x5:0x0000000000000000,x6:0x0000000000000000,x7:0x0000000000000000,x8:0x0000000000000000
MMIO_UART_ORDER=
MMIO_DEVICE_HITS=0x0000000010001000:0,0x0000000010000000:0
MMIO_ORDER=
CONTROL_BEFORE_HART_SHA256=6948cb9f8628f0d87fb90c6f63282a365db58f9b2deb52b55e684e2089fce4e3
TRACE_RECORDS=1
TRACE_SHA256=fede637af1c3ff12b76e61eeb60c63df1dfd8c2bd20d8541922ce08d9347f97a
TRACE_CANONICAL_BEGIN
core 0: 0x0000000080000000 (0x00313823) mem 0x0000000080002010 0x0123456789abcdef
TRACE_CANONICAL_END
END_CASE
CASE scalar-sd-nonoverlap-opposite-reservation mode=cache=cached capture=untraced
HART_SNAPSHOT_SHA256=08b420d5baa4222b4eda66aeda106e93c84de2dc0337d592bb0e60788f53564c HART_SNAPSHOT_LEN=1189
RAM_SHA256=dd8cb52bf338859c7dbd71588e807f97e712d7fd035aa164413c5848c09687a0
RAM_CHANGED=0x80002010:efcdab8967452301
RESULT=max-instrs
REGS=pc:0x0000000080000004,x1:0x0000000000000000,x4:0x0000000000000000,x5:0x0000000000000000,x6:0x0000000000000000,x7:0x0000000000000000,x8:0x0000000000000000
MMIO_UART_ORDER=
MMIO_DEVICE_HITS=0x0000000010001000:0,0x0000000010000000:0
MMIO_ORDER=
CONTROL_BEFORE_HART_SHA256=6948cb9f8628f0d87fb90c6f63282a365db58f9b2deb52b55e684e2089fce4e3
TRACE_RECORDS=0
TRACE_SHA256=none
TRACE_CANONICAL=none
END_CASE
CASE scalar-sd-nonoverlap-opposite-reservation mode=cache=cached capture=recording
HART_SNAPSHOT_SHA256=08b420d5baa4222b4eda66aeda106e93c84de2dc0337d592bb0e60788f53564c HART_SNAPSHOT_LEN=1189
RAM_SHA256=dd8cb52bf338859c7dbd71588e807f97e712d7fd035aa164413c5848c09687a0
RAM_CHANGED=0x80002010:efcdab8967452301
RESULT=max-instrs
REGS=pc:0x0000000080000004,x1:0x0000000000000000,x4:0x0000000000000000,x5:0x0000000000000000,x6:0x0000000000000000,x7:0x0000000000000000,x8:0x0000000000000000
MMIO_UART_ORDER=
MMIO_DEVICE_HITS=0x0000000010001000:0,0x0000000010000000:0
MMIO_ORDER=
CONTROL_BEFORE_HART_SHA256=6948cb9f8628f0d87fb90c6f63282a365db58f9b2deb52b55e684e2089fce4e3
TRACE_RECORDS=1
TRACE_SHA256=fede637af1c3ff12b76e61eeb60c63df1dfd8c2bd20d8541922ce08d9347f97a
TRACE_CANONICAL_BEGIN
core 0: 0x0000000080000000 (0x00313823) mem 0x0000000080002010 0x0123456789abcdef
TRACE_CANONICAL_END
END_CASE
CASE fp-fsw-overlap direct=unit
HART_SNAPSHOT_SHA256=65587418a56f78dcd85dbec1a2b22ecba3c8c19f26ca1d42442c45d875f35b87 HART_SNAPSHOT_LEN=1189
RAM_SHA256=cf50a51bf9a68f8500fcabad4b3130c661cbd9e83f3ddc76399ee34abd458065
RAM_CHANGED=0x80002002:0000803f
RESULT=ok RETIRED=1
RESERVATION=none
MMIO_UART_ORDER=
BUS_EVENTS=L16@0x0000000080000000=0x2127,L16@0x0000000080000002=0x11,S8@0x0000000080002002<=0x0000000000000000:OK,S8@0x0000000080002003<=0x0000000000000000:OK,S8@0x0000000080002004<=0x0000000000000080:OK,S8@0x0000000080002005<=0x000000000000003f:OK
TRACE_RECORDS=0
TRACE_SHA256=none
TRACE_CANONICAL=none
END_CASE
CASE fp-fsw-overlap direct=recording
HART_SNAPSHOT_SHA256=65587418a56f78dcd85dbec1a2b22ecba3c8c19f26ca1d42442c45d875f35b87 HART_SNAPSHOT_LEN=1189
RAM_SHA256=cf50a51bf9a68f8500fcabad4b3130c661cbd9e83f3ddc76399ee34abd458065
RAM_CHANGED=0x80002002:0000803f
RESULT=ok RETIRED=1
RESERVATION=none
MMIO_UART_ORDER=
BUS_EVENTS=L16@0x0000000080000000=0x2127,L16@0x0000000080000002=0x11,S8@0x0000000080002002<=0x0000000000000000:OK,S8@0x0000000080002003<=0x0000000000000000:OK,S8@0x0000000080002004<=0x0000000000000080:OK,S8@0x0000000080002005<=0x000000000000003f:OK
TRACE_RECORDS=1
TRACE_SHA256=8386eae789a4569014c721680bc6a23a5e25636d13786f6a60909fdd80f18645
TRACE_CANONICAL_BEGIN
core 0: 0x0000000080000000 (0x00112127) mem 0x0000000080002002 0x3f800000
TRACE_CANONICAL_END
END_CASE
CASE fp-fsw-overlap mode=cache=ordinary capture=untraced
HART_SNAPSHOT_SHA256=65587418a56f78dcd85dbec1a2b22ecba3c8c19f26ca1d42442c45d875f35b87 HART_SNAPSHOT_LEN=1189
RAM_SHA256=cf50a51bf9a68f8500fcabad4b3130c661cbd9e83f3ddc76399ee34abd458065
RAM_CHANGED=0x80002002:0000803f
RESULT=max-instrs
REGS=pc:0x0000000080000004,x1:0x0000000000000000,x4:0x0000000000000000,x5:0x0000000000000000,x6:0x0000000000000000,x7:0x0000000000000000,x8:0x0000000000000000
MMIO_UART_ORDER=
MMIO_DEVICE_HITS=0x0000000010001000:0,0x0000000010000000:0
MMIO_ORDER=
CONTROL_BEFORE_HART_SHA256=424a0ee528a6352951338ac88a2b4bc2f1cda0b436ab6d3cdf32c2195d782181
TRACE_RECORDS=0
TRACE_SHA256=none
TRACE_CANONICAL=none
END_CASE
CASE fp-fsw-overlap mode=cache=ordinary capture=recording
HART_SNAPSHOT_SHA256=65587418a56f78dcd85dbec1a2b22ecba3c8c19f26ca1d42442c45d875f35b87 HART_SNAPSHOT_LEN=1189
RAM_SHA256=cf50a51bf9a68f8500fcabad4b3130c661cbd9e83f3ddc76399ee34abd458065
RAM_CHANGED=0x80002002:0000803f
RESULT=max-instrs
REGS=pc:0x0000000080000004,x1:0x0000000000000000,x4:0x0000000000000000,x5:0x0000000000000000,x6:0x0000000000000000,x7:0x0000000000000000,x8:0x0000000000000000
MMIO_UART_ORDER=
MMIO_DEVICE_HITS=0x0000000010001000:0,0x0000000010000000:0
MMIO_ORDER=
CONTROL_BEFORE_HART_SHA256=424a0ee528a6352951338ac88a2b4bc2f1cda0b436ab6d3cdf32c2195d782181
TRACE_RECORDS=1
TRACE_SHA256=8386eae789a4569014c721680bc6a23a5e25636d13786f6a60909fdd80f18645
TRACE_CANONICAL_BEGIN
core 0: 0x0000000080000000 (0x00112127) mem 0x0000000080002002 0x3f800000
TRACE_CANONICAL_END
END_CASE
CASE fp-fsw-overlap mode=cache=cached capture=untraced
HART_SNAPSHOT_SHA256=65587418a56f78dcd85dbec1a2b22ecba3c8c19f26ca1d42442c45d875f35b87 HART_SNAPSHOT_LEN=1189
RAM_SHA256=cf50a51bf9a68f8500fcabad4b3130c661cbd9e83f3ddc76399ee34abd458065
RAM_CHANGED=0x80002002:0000803f
RESULT=max-instrs
REGS=pc:0x0000000080000004,x1:0x0000000000000000,x4:0x0000000000000000,x5:0x0000000000000000,x6:0x0000000000000000,x7:0x0000000000000000,x8:0x0000000000000000
MMIO_UART_ORDER=
MMIO_DEVICE_HITS=0x0000000010001000:0,0x0000000010000000:0
MMIO_ORDER=
CONTROL_BEFORE_HART_SHA256=424a0ee528a6352951338ac88a2b4bc2f1cda0b436ab6d3cdf32c2195d782181
TRACE_RECORDS=0
TRACE_SHA256=none
TRACE_CANONICAL=none
END_CASE
CASE fp-fsw-overlap mode=cache=cached capture=recording
HART_SNAPSHOT_SHA256=65587418a56f78dcd85dbec1a2b22ecba3c8c19f26ca1d42442c45d875f35b87 HART_SNAPSHOT_LEN=1189
RAM_SHA256=cf50a51bf9a68f8500fcabad4b3130c661cbd9e83f3ddc76399ee34abd458065
RAM_CHANGED=0x80002002:0000803f
RESULT=max-instrs
REGS=pc:0x0000000080000004,x1:0x0000000000000000,x4:0x0000000000000000,x5:0x0000000000000000,x6:0x0000000000000000,x7:0x0000000000000000,x8:0x0000000000000000
MMIO_UART_ORDER=
MMIO_DEVICE_HITS=0x0000000010001000:0,0x0000000010000000:0
MMIO_ORDER=
CONTROL_BEFORE_HART_SHA256=424a0ee528a6352951338ac88a2b4bc2f1cda0b436ab6d3cdf32c2195d782181
TRACE_RECORDS=1
TRACE_SHA256=8386eae789a4569014c721680bc6a23a5e25636d13786f6a60909fdd80f18645
TRACE_CANONICAL_BEGIN
core 0: 0x0000000080000000 (0x00112127) mem 0x0000000080002002 0x3f800000
TRACE_CANONICAL_END
END_CASE
CASE fp-fsw-overlap-opposite-reservation direct=unit
HART_SNAPSHOT_SHA256=6261479e3a89d913c5d59993c8bd010df0a8c74e14f20bb68d2dabe7949d078c HART_SNAPSHOT_LEN=1198
RAM_SHA256=cf50a51bf9a68f8500fcabad4b3130c661cbd9e83f3ddc76399ee34abd458065
RAM_CHANGED=0x80002002:0000803f
RESULT=ok RETIRED=1
RESERVATION=0x0000000080002010/8
MMIO_UART_ORDER=
BUS_EVENTS=L16@0x0000000080000000=0x2127,L16@0x0000000080000002=0x11,S8@0x0000000080002002<=0x0000000000000000:OK,S8@0x0000000080002003<=0x0000000000000000:OK,S8@0x0000000080002004<=0x0000000000000080:OK,S8@0x0000000080002005<=0x000000000000003f:OK
TRACE_RECORDS=0
TRACE_SHA256=none
TRACE_CANONICAL=none
END_CASE
CASE fp-fsw-overlap-opposite-reservation direct=recording
HART_SNAPSHOT_SHA256=6261479e3a89d913c5d59993c8bd010df0a8c74e14f20bb68d2dabe7949d078c HART_SNAPSHOT_LEN=1198
RAM_SHA256=cf50a51bf9a68f8500fcabad4b3130c661cbd9e83f3ddc76399ee34abd458065
RAM_CHANGED=0x80002002:0000803f
RESULT=ok RETIRED=1
RESERVATION=0x0000000080002010/8
MMIO_UART_ORDER=
BUS_EVENTS=L16@0x0000000080000000=0x2127,L16@0x0000000080000002=0x11,S8@0x0000000080002002<=0x0000000000000000:OK,S8@0x0000000080002003<=0x0000000000000000:OK,S8@0x0000000080002004<=0x0000000000000080:OK,S8@0x0000000080002005<=0x000000000000003f:OK
TRACE_RECORDS=1
TRACE_SHA256=8386eae789a4569014c721680bc6a23a5e25636d13786f6a60909fdd80f18645
TRACE_CANONICAL_BEGIN
core 0: 0x0000000080000000 (0x00112127) mem 0x0000000080002002 0x3f800000
TRACE_CANONICAL_END
END_CASE
CASE fp-fsw-overlap-opposite-reservation mode=cache=ordinary capture=untraced
HART_SNAPSHOT_SHA256=6261479e3a89d913c5d59993c8bd010df0a8c74e14f20bb68d2dabe7949d078c HART_SNAPSHOT_LEN=1198
RAM_SHA256=cf50a51bf9a68f8500fcabad4b3130c661cbd9e83f3ddc76399ee34abd458065
RAM_CHANGED=0x80002002:0000803f
RESULT=max-instrs
REGS=pc:0x0000000080000004,x1:0x0000000000000000,x4:0x0000000000000000,x5:0x0000000000000000,x6:0x0000000000000000,x7:0x0000000000000000,x8:0x0000000000000000
MMIO_UART_ORDER=
MMIO_DEVICE_HITS=0x0000000010001000:0,0x0000000010000000:0
MMIO_ORDER=
CONTROL_BEFORE_HART_SHA256=7ea8165bab14ea3e997c686118713047b8bd0812f909ab5ecac38fa3e518c772
TRACE_RECORDS=0
TRACE_SHA256=none
TRACE_CANONICAL=none
END_CASE
CASE fp-fsw-overlap-opposite-reservation mode=cache=ordinary capture=recording
HART_SNAPSHOT_SHA256=6261479e3a89d913c5d59993c8bd010df0a8c74e14f20bb68d2dabe7949d078c HART_SNAPSHOT_LEN=1198
RAM_SHA256=cf50a51bf9a68f8500fcabad4b3130c661cbd9e83f3ddc76399ee34abd458065
RAM_CHANGED=0x80002002:0000803f
RESULT=max-instrs
REGS=pc:0x0000000080000004,x1:0x0000000000000000,x4:0x0000000000000000,x5:0x0000000000000000,x6:0x0000000000000000,x7:0x0000000000000000,x8:0x0000000000000000
MMIO_UART_ORDER=
MMIO_DEVICE_HITS=0x0000000010001000:0,0x0000000010000000:0
MMIO_ORDER=
CONTROL_BEFORE_HART_SHA256=7ea8165bab14ea3e997c686118713047b8bd0812f909ab5ecac38fa3e518c772
TRACE_RECORDS=1
TRACE_SHA256=8386eae789a4569014c721680bc6a23a5e25636d13786f6a60909fdd80f18645
TRACE_CANONICAL_BEGIN
core 0: 0x0000000080000000 (0x00112127) mem 0x0000000080002002 0x3f800000
TRACE_CANONICAL_END
END_CASE
CASE fp-fsw-overlap-opposite-reservation mode=cache=cached capture=untraced
HART_SNAPSHOT_SHA256=6261479e3a89d913c5d59993c8bd010df0a8c74e14f20bb68d2dabe7949d078c HART_SNAPSHOT_LEN=1198
RAM_SHA256=cf50a51bf9a68f8500fcabad4b3130c661cbd9e83f3ddc76399ee34abd458065
RAM_CHANGED=0x80002002:0000803f
RESULT=max-instrs
REGS=pc:0x0000000080000004,x1:0x0000000000000000,x4:0x0000000000000000,x5:0x0000000000000000,x6:0x0000000000000000,x7:0x0000000000000000,x8:0x0000000000000000
MMIO_UART_ORDER=
MMIO_DEVICE_HITS=0x0000000010001000:0,0x0000000010000000:0
MMIO_ORDER=
CONTROL_BEFORE_HART_SHA256=7ea8165bab14ea3e997c686118713047b8bd0812f909ab5ecac38fa3e518c772
TRACE_RECORDS=0
TRACE_SHA256=none
TRACE_CANONICAL=none
END_CASE
CASE fp-fsw-overlap-opposite-reservation mode=cache=cached capture=recording
HART_SNAPSHOT_SHA256=6261479e3a89d913c5d59993c8bd010df0a8c74e14f20bb68d2dabe7949d078c HART_SNAPSHOT_LEN=1198
RAM_SHA256=cf50a51bf9a68f8500fcabad4b3130c661cbd9e83f3ddc76399ee34abd458065
RAM_CHANGED=0x80002002:0000803f
RESULT=max-instrs
REGS=pc:0x0000000080000004,x1:0x0000000000000000,x4:0x0000000000000000,x5:0x0000000000000000,x6:0x0000000000000000,x7:0x0000000000000000,x8:0x0000000000000000
MMIO_UART_ORDER=
MMIO_DEVICE_HITS=0x0000000010001000:0,0x0000000010000000:0
MMIO_ORDER=
CONTROL_BEFORE_HART_SHA256=7ea8165bab14ea3e997c686118713047b8bd0812f909ab5ecac38fa3e518c772
TRACE_RECORDS=1
TRACE_SHA256=8386eae789a4569014c721680bc6a23a5e25636d13786f6a60909fdd80f18645
TRACE_CANONICAL_BEGIN
core 0: 0x0000000080000000 (0x00112127) mem 0x0000000080002002 0x3f800000
TRACE_CANONICAL_END
END_CASE
CASE fp-fsd-nonoverlap direct=unit
HART_SNAPSHOT_SHA256=67ffbed9577f3e612ce4ee123ca212cde965b091ebc23d29af79aecec6258f0f HART_SNAPSHOT_LEN=1198
RAM_SHA256=8f4fd6430b86e0035b01cdcd215c0dd55547cbb735625b321f89aa4940e59a6b
RAM_CHANGED=0x80002010:efcdab8967452301
RESULT=ok RETIRED=1
RESERVATION=0x0000000080002000/8
MMIO_UART_ORDER=
BUS_EVENTS=L16@0x0000000080000000=0x3827,L16@0x0000000080000002=0x11,S64@0x0000000080002010<=0x0123456789abcdef:OK
TRACE_RECORDS=0
TRACE_SHA256=none
TRACE_CANONICAL=none
END_CASE
CASE fp-fsd-nonoverlap direct=recording
HART_SNAPSHOT_SHA256=67ffbed9577f3e612ce4ee123ca212cde965b091ebc23d29af79aecec6258f0f HART_SNAPSHOT_LEN=1198
RAM_SHA256=8f4fd6430b86e0035b01cdcd215c0dd55547cbb735625b321f89aa4940e59a6b
RAM_CHANGED=0x80002010:efcdab8967452301
RESULT=ok RETIRED=1
RESERVATION=0x0000000080002000/8
MMIO_UART_ORDER=
BUS_EVENTS=L16@0x0000000080000000=0x3827,L16@0x0000000080000002=0x11,S64@0x0000000080002010<=0x0123456789abcdef:OK
TRACE_RECORDS=1
TRACE_SHA256=0a221517597d7d20ec7957f3acc78149cdacdf687c4986a08dd473d029c87c94
TRACE_CANONICAL_BEGIN
core 0: 0x0000000080000000 (0x00113827) mem 0x0000000080002010 0x0123456789abcdef
TRACE_CANONICAL_END
END_CASE
CASE fp-fsd-nonoverlap mode=cache=ordinary capture=untraced
HART_SNAPSHOT_SHA256=67ffbed9577f3e612ce4ee123ca212cde965b091ebc23d29af79aecec6258f0f HART_SNAPSHOT_LEN=1198
RAM_SHA256=8f4fd6430b86e0035b01cdcd215c0dd55547cbb735625b321f89aa4940e59a6b
RAM_CHANGED=0x80002010:efcdab8967452301
RESULT=max-instrs
REGS=pc:0x0000000080000004,x1:0x0000000000000000,x4:0x0000000000000000,x5:0x0000000000000000,x6:0x0000000000000000,x7:0x0000000000000000,x8:0x0000000000000000
MMIO_UART_ORDER=
MMIO_DEVICE_HITS=0x0000000010001000:0,0x0000000010000000:0
MMIO_ORDER=
CONTROL_BEFORE_HART_SHA256=a3489217cd595636ef27c61b167a7cf9ee2176c620aa2647179b450530fd3b2f
TRACE_RECORDS=0
TRACE_SHA256=none
TRACE_CANONICAL=none
END_CASE
CASE fp-fsd-nonoverlap mode=cache=ordinary capture=recording
HART_SNAPSHOT_SHA256=67ffbed9577f3e612ce4ee123ca212cde965b091ebc23d29af79aecec6258f0f HART_SNAPSHOT_LEN=1198
RAM_SHA256=8f4fd6430b86e0035b01cdcd215c0dd55547cbb735625b321f89aa4940e59a6b
RAM_CHANGED=0x80002010:efcdab8967452301
RESULT=max-instrs
REGS=pc:0x0000000080000004,x1:0x0000000000000000,x4:0x0000000000000000,x5:0x0000000000000000,x6:0x0000000000000000,x7:0x0000000000000000,x8:0x0000000000000000
MMIO_UART_ORDER=
MMIO_DEVICE_HITS=0x0000000010001000:0,0x0000000010000000:0
MMIO_ORDER=
CONTROL_BEFORE_HART_SHA256=a3489217cd595636ef27c61b167a7cf9ee2176c620aa2647179b450530fd3b2f
TRACE_RECORDS=1
TRACE_SHA256=0a221517597d7d20ec7957f3acc78149cdacdf687c4986a08dd473d029c87c94
TRACE_CANONICAL_BEGIN
core 0: 0x0000000080000000 (0x00113827) mem 0x0000000080002010 0x0123456789abcdef
TRACE_CANONICAL_END
END_CASE
CASE fp-fsd-nonoverlap mode=cache=cached capture=untraced
HART_SNAPSHOT_SHA256=67ffbed9577f3e612ce4ee123ca212cde965b091ebc23d29af79aecec6258f0f HART_SNAPSHOT_LEN=1198
RAM_SHA256=8f4fd6430b86e0035b01cdcd215c0dd55547cbb735625b321f89aa4940e59a6b
RAM_CHANGED=0x80002010:efcdab8967452301
RESULT=max-instrs
REGS=pc:0x0000000080000004,x1:0x0000000000000000,x4:0x0000000000000000,x5:0x0000000000000000,x6:0x0000000000000000,x7:0x0000000000000000,x8:0x0000000000000000
MMIO_UART_ORDER=
MMIO_DEVICE_HITS=0x0000000010001000:0,0x0000000010000000:0
MMIO_ORDER=
CONTROL_BEFORE_HART_SHA256=a3489217cd595636ef27c61b167a7cf9ee2176c620aa2647179b450530fd3b2f
TRACE_RECORDS=0
TRACE_SHA256=none
TRACE_CANONICAL=none
END_CASE
CASE fp-fsd-nonoverlap mode=cache=cached capture=recording
HART_SNAPSHOT_SHA256=67ffbed9577f3e612ce4ee123ca212cde965b091ebc23d29af79aecec6258f0f HART_SNAPSHOT_LEN=1198
RAM_SHA256=8f4fd6430b86e0035b01cdcd215c0dd55547cbb735625b321f89aa4940e59a6b
RAM_CHANGED=0x80002010:efcdab8967452301
RESULT=max-instrs
REGS=pc:0x0000000080000004,x1:0x0000000000000000,x4:0x0000000000000000,x5:0x0000000000000000,x6:0x0000000000000000,x7:0x0000000000000000,x8:0x0000000000000000
MMIO_UART_ORDER=
MMIO_DEVICE_HITS=0x0000000010001000:0,0x0000000010000000:0
MMIO_ORDER=
CONTROL_BEFORE_HART_SHA256=a3489217cd595636ef27c61b167a7cf9ee2176c620aa2647179b450530fd3b2f
TRACE_RECORDS=1
TRACE_SHA256=0a221517597d7d20ec7957f3acc78149cdacdf687c4986a08dd473d029c87c94
TRACE_CANONICAL_BEGIN
core 0: 0x0000000080000000 (0x00113827) mem 0x0000000080002010 0x0123456789abcdef
TRACE_CANONICAL_END
END_CASE
CASE fp-fsd-nonoverlap-opposite-reservation direct=unit
HART_SNAPSHOT_SHA256=f5856b720c8696d31c6de893c83f402ae6f8a3676966849fdaef577e0f62b635 HART_SNAPSHOT_LEN=1189
RAM_SHA256=8f4fd6430b86e0035b01cdcd215c0dd55547cbb735625b321f89aa4940e59a6b
RAM_CHANGED=0x80002010:efcdab8967452301
RESULT=ok RETIRED=1
RESERVATION=none
MMIO_UART_ORDER=
BUS_EVENTS=L16@0x0000000080000000=0x3827,L16@0x0000000080000002=0x11,S64@0x0000000080002010<=0x0123456789abcdef:OK
TRACE_RECORDS=0
TRACE_SHA256=none
TRACE_CANONICAL=none
END_CASE
CASE fp-fsd-nonoverlap-opposite-reservation direct=recording
HART_SNAPSHOT_SHA256=f5856b720c8696d31c6de893c83f402ae6f8a3676966849fdaef577e0f62b635 HART_SNAPSHOT_LEN=1189
RAM_SHA256=8f4fd6430b86e0035b01cdcd215c0dd55547cbb735625b321f89aa4940e59a6b
RAM_CHANGED=0x80002010:efcdab8967452301
RESULT=ok RETIRED=1
RESERVATION=none
MMIO_UART_ORDER=
BUS_EVENTS=L16@0x0000000080000000=0x3827,L16@0x0000000080000002=0x11,S64@0x0000000080002010<=0x0123456789abcdef:OK
TRACE_RECORDS=1
TRACE_SHA256=0a221517597d7d20ec7957f3acc78149cdacdf687c4986a08dd473d029c87c94
TRACE_CANONICAL_BEGIN
core 0: 0x0000000080000000 (0x00113827) mem 0x0000000080002010 0x0123456789abcdef
TRACE_CANONICAL_END
END_CASE
CASE fp-fsd-nonoverlap-opposite-reservation mode=cache=ordinary capture=untraced
HART_SNAPSHOT_SHA256=f5856b720c8696d31c6de893c83f402ae6f8a3676966849fdaef577e0f62b635 HART_SNAPSHOT_LEN=1189
RAM_SHA256=8f4fd6430b86e0035b01cdcd215c0dd55547cbb735625b321f89aa4940e59a6b
RAM_CHANGED=0x80002010:efcdab8967452301
RESULT=max-instrs
REGS=pc:0x0000000080000004,x1:0x0000000000000000,x4:0x0000000000000000,x5:0x0000000000000000,x6:0x0000000000000000,x7:0x0000000000000000,x8:0x0000000000000000
MMIO_UART_ORDER=
MMIO_DEVICE_HITS=0x0000000010001000:0,0x0000000010000000:0
MMIO_ORDER=
CONTROL_BEFORE_HART_SHA256=1f18ac49d4a5bc0d1b1c9cd90b496ced58aae8717b311570a83ce8197292958a
TRACE_RECORDS=0
TRACE_SHA256=none
TRACE_CANONICAL=none
END_CASE
CASE fp-fsd-nonoverlap-opposite-reservation mode=cache=ordinary capture=recording
HART_SNAPSHOT_SHA256=f5856b720c8696d31c6de893c83f402ae6f8a3676966849fdaef577e0f62b635 HART_SNAPSHOT_LEN=1189
RAM_SHA256=8f4fd6430b86e0035b01cdcd215c0dd55547cbb735625b321f89aa4940e59a6b
RAM_CHANGED=0x80002010:efcdab8967452301
RESULT=max-instrs
REGS=pc:0x0000000080000004,x1:0x0000000000000000,x4:0x0000000000000000,x5:0x0000000000000000,x6:0x0000000000000000,x7:0x0000000000000000,x8:0x0000000000000000
MMIO_UART_ORDER=
MMIO_DEVICE_HITS=0x0000000010001000:0,0x0000000010000000:0
MMIO_ORDER=
CONTROL_BEFORE_HART_SHA256=1f18ac49d4a5bc0d1b1c9cd90b496ced58aae8717b311570a83ce8197292958a
TRACE_RECORDS=1
TRACE_SHA256=0a221517597d7d20ec7957f3acc78149cdacdf687c4986a08dd473d029c87c94
TRACE_CANONICAL_BEGIN
core 0: 0x0000000080000000 (0x00113827) mem 0x0000000080002010 0x0123456789abcdef
TRACE_CANONICAL_END
END_CASE
CASE fp-fsd-nonoverlap-opposite-reservation mode=cache=cached capture=untraced
HART_SNAPSHOT_SHA256=f5856b720c8696d31c6de893c83f402ae6f8a3676966849fdaef577e0f62b635 HART_SNAPSHOT_LEN=1189
RAM_SHA256=8f4fd6430b86e0035b01cdcd215c0dd55547cbb735625b321f89aa4940e59a6b
RAM_CHANGED=0x80002010:efcdab8967452301
RESULT=max-instrs
REGS=pc:0x0000000080000004,x1:0x0000000000000000,x4:0x0000000000000000,x5:0x0000000000000000,x6:0x0000000000000000,x7:0x0000000000000000,x8:0x0000000000000000
MMIO_UART_ORDER=
MMIO_DEVICE_HITS=0x0000000010001000:0,0x0000000010000000:0
MMIO_ORDER=
CONTROL_BEFORE_HART_SHA256=1f18ac49d4a5bc0d1b1c9cd90b496ced58aae8717b311570a83ce8197292958a
TRACE_RECORDS=0
TRACE_SHA256=none
TRACE_CANONICAL=none
END_CASE
CASE fp-fsd-nonoverlap-opposite-reservation mode=cache=cached capture=recording
HART_SNAPSHOT_SHA256=f5856b720c8696d31c6de893c83f402ae6f8a3676966849fdaef577e0f62b635 HART_SNAPSHOT_LEN=1189
RAM_SHA256=8f4fd6430b86e0035b01cdcd215c0dd55547cbb735625b321f89aa4940e59a6b
RAM_CHANGED=0x80002010:efcdab8967452301
RESULT=max-instrs
REGS=pc:0x0000000080000004,x1:0x0000000000000000,x4:0x0000000000000000,x5:0x0000000000000000,x6:0x0000000000000000,x7:0x0000000000000000,x8:0x0000000000000000
MMIO_UART_ORDER=
MMIO_DEVICE_HITS=0x0000000010001000:0,0x0000000010000000:0
MMIO_ORDER=
CONTROL_BEFORE_HART_SHA256=1f18ac49d4a5bc0d1b1c9cd90b496ced58aae8717b311570a83ce8197292958a
TRACE_RECORDS=1
TRACE_SHA256=0a221517597d7d20ec7957f3acc78149cdacdf687c4986a08dd473d029c87c94
TRACE_CANONICAL_BEGIN
core 0: 0x0000000080000000 (0x00113827) mem 0x0000000080002010 0x0123456789abcdef
TRACE_CANONICAL_END
END_CASE
CASE scalar-fault-sd direct=unit
HART_SNAPSHOT_SHA256=13f16b4b93c47d4c524601eaed206dec21c45c433ad64be2bc178c6658362f76 HART_SNAPSHOT_LEN=1198
RAM_SHA256=4f68119aa3244ae0b46cc86df441f257e79f8623ad92ac8c4d75e8116c5beea8
RAM_CHANGED=none
RESULT=trap:StoreAccessFault,tval=0x0000000080008100 RETIRED=0
RESERVATION=0x0000000080002000/8
MMIO_UART_ORDER=
BUS_EVENTS=L16@0x0000000080000000=0xb023,L16@0x0000000080000002=0x30,S64@0x0000000080008100<=0x0123456789abcdef:ERR:Access
TRACE_RECORDS=0
TRACE_SHA256=none
TRACE_CANONICAL=none
END_CASE
CASE scalar-fault-sd direct=recording
HART_SNAPSHOT_SHA256=13f16b4b93c47d4c524601eaed206dec21c45c433ad64be2bc178c6658362f76 HART_SNAPSHOT_LEN=1198
RAM_SHA256=4f68119aa3244ae0b46cc86df441f257e79f8623ad92ac8c4d75e8116c5beea8
RAM_CHANGED=none
RESULT=trap:StoreAccessFault,tval=0x0000000080008100 RETIRED=0
RESERVATION=0x0000000080002000/8
MMIO_UART_ORDER=
BUS_EVENTS=L16@0x0000000080000000=0xb023,L16@0x0000000080000002=0x30,S64@0x0000000080008100<=0x0123456789abcdef:ERR:Access
TRACE_RECORDS=0
TRACE_SHA256=e3b0c44298fc1c149afbf4c8996fb92427ae41e4649b934ca495991b7852b855
TRACE_CANONICAL_BEGIN
TRACE_CANONICAL_END
END_CASE
CASE scalar-fault-sd mode=cache=ordinary capture=untraced
HART_SNAPSHOT_SHA256=e2bb7f33d7e45b2bf51a6474211ec452ff5bc869a24d5e92248242d4470ae43a HART_SNAPSHOT_LEN=1198
RAM_SHA256=4f68119aa3244ae0b46cc86df441f257e79f8623ad92ac8c4d75e8116c5beea8
RAM_CHANGED=none
RESULT=trapped=StoreAccessFault,tval=0x0000000080008100
REGS=pc:0x0000000080000000,x1:0x0000000080008100,x4:0x0000000000000000,x5:0x0000000000000000,x6:0x0000000000000000,x7:0x0000000000000000,x8:0x0000000000000000
MMIO_UART_ORDER=
MMIO_DEVICE_HITS=0x0000000010001000:0,0x0000000010000000:0
MMIO_ORDER=
CONTROL_BEFORE_HART_SHA256=e2bb7f33d7e45b2bf51a6474211ec452ff5bc869a24d5e92248242d4470ae43a
TRACE_RECORDS=0
TRACE_SHA256=none
TRACE_CANONICAL=none
END_CASE
CASE scalar-fault-sd mode=cache=ordinary capture=recording
HART_SNAPSHOT_SHA256=e2bb7f33d7e45b2bf51a6474211ec452ff5bc869a24d5e92248242d4470ae43a HART_SNAPSHOT_LEN=1198
RAM_SHA256=4f68119aa3244ae0b46cc86df441f257e79f8623ad92ac8c4d75e8116c5beea8
RAM_CHANGED=none
RESULT=trapped=StoreAccessFault,tval=0x0000000080008100
REGS=pc:0x0000000080000000,x1:0x0000000080008100,x4:0x0000000000000000,x5:0x0000000000000000,x6:0x0000000000000000,x7:0x0000000000000000,x8:0x0000000000000000
MMIO_UART_ORDER=
MMIO_DEVICE_HITS=0x0000000010001000:0,0x0000000010000000:0
MMIO_ORDER=
CONTROL_BEFORE_HART_SHA256=e2bb7f33d7e45b2bf51a6474211ec452ff5bc869a24d5e92248242d4470ae43a
TRACE_RECORDS=0
TRACE_SHA256=e3b0c44298fc1c149afbf4c8996fb92427ae41e4649b934ca495991b7852b855
TRACE_CANONICAL_BEGIN
TRACE_CANONICAL_END
END_CASE
CASE scalar-fault-sd mode=cache=cached capture=untraced
HART_SNAPSHOT_SHA256=e2bb7f33d7e45b2bf51a6474211ec452ff5bc869a24d5e92248242d4470ae43a HART_SNAPSHOT_LEN=1198
RAM_SHA256=4f68119aa3244ae0b46cc86df441f257e79f8623ad92ac8c4d75e8116c5beea8
RAM_CHANGED=none
RESULT=trapped=StoreAccessFault,tval=0x0000000080008100
REGS=pc:0x0000000080000000,x1:0x0000000080008100,x4:0x0000000000000000,x5:0x0000000000000000,x6:0x0000000000000000,x7:0x0000000000000000,x8:0x0000000000000000
MMIO_UART_ORDER=
MMIO_DEVICE_HITS=0x0000000010001000:0,0x0000000010000000:0
MMIO_ORDER=
CONTROL_BEFORE_HART_SHA256=e2bb7f33d7e45b2bf51a6474211ec452ff5bc869a24d5e92248242d4470ae43a
TRACE_RECORDS=0
TRACE_SHA256=none
TRACE_CANONICAL=none
END_CASE
CASE scalar-fault-sd mode=cache=cached capture=recording
HART_SNAPSHOT_SHA256=e2bb7f33d7e45b2bf51a6474211ec452ff5bc869a24d5e92248242d4470ae43a HART_SNAPSHOT_LEN=1198
RAM_SHA256=4f68119aa3244ae0b46cc86df441f257e79f8623ad92ac8c4d75e8116c5beea8
RAM_CHANGED=none
RESULT=trapped=StoreAccessFault,tval=0x0000000080008100
REGS=pc:0x0000000080000000,x1:0x0000000080008100,x4:0x0000000000000000,x5:0x0000000000000000,x6:0x0000000000000000,x7:0x0000000000000000,x8:0x0000000000000000
MMIO_UART_ORDER=
MMIO_DEVICE_HITS=0x0000000010001000:0,0x0000000010000000:0
MMIO_ORDER=
CONTROL_BEFORE_HART_SHA256=e2bb7f33d7e45b2bf51a6474211ec452ff5bc869a24d5e92248242d4470ae43a
TRACE_RECORDS=0
TRACE_SHA256=e3b0c44298fc1c149afbf4c8996fb92427ae41e4649b934ca495991b7852b855
TRACE_CANONICAL_BEGIN
TRACE_CANONICAL_END
END_CASE
CASE fp-fault-fsd direct=unit
HART_SNAPSHOT_SHA256=eba4e8981a6373d085a9e6e36b5ec9b2a2a486454eb5f5b441ac28fba0787636 HART_SNAPSHOT_LEN=1198
RAM_SHA256=9dccefbe950dea8849f4b0305a2f53b0b3a7d12d16c0ec72adcfa9b5e856f5ff
RAM_CHANGED=none
RESULT=trap:StoreAccessFault,tval=0x0000000080008100 RETIRED=0
RESERVATION=0x0000000080002000/8
MMIO_UART_ORDER=
BUS_EVENTS=L16@0x0000000080000000=0xb027,L16@0x0000000080000002=0x10,S64@0x0000000080008100<=0x0123456789abcdef:ERR:Access
TRACE_RECORDS=0
TRACE_SHA256=none
TRACE_CANONICAL=none
END_CASE
CASE fp-fault-fsd direct=recording
HART_SNAPSHOT_SHA256=eba4e8981a6373d085a9e6e36b5ec9b2a2a486454eb5f5b441ac28fba0787636 HART_SNAPSHOT_LEN=1198
RAM_SHA256=9dccefbe950dea8849f4b0305a2f53b0b3a7d12d16c0ec72adcfa9b5e856f5ff
RAM_CHANGED=none
RESULT=trap:StoreAccessFault,tval=0x0000000080008100 RETIRED=0
RESERVATION=0x0000000080002000/8
MMIO_UART_ORDER=
BUS_EVENTS=L16@0x0000000080000000=0xb027,L16@0x0000000080000002=0x10,S64@0x0000000080008100<=0x0123456789abcdef:ERR:Access
TRACE_RECORDS=0
TRACE_SHA256=e3b0c44298fc1c149afbf4c8996fb92427ae41e4649b934ca495991b7852b855
TRACE_CANONICAL_BEGIN
TRACE_CANONICAL_END
END_CASE
CASE fp-fault-fsd mode=cache=ordinary capture=untraced
HART_SNAPSHOT_SHA256=eba4e8981a6373d085a9e6e36b5ec9b2a2a486454eb5f5b441ac28fba0787636 HART_SNAPSHOT_LEN=1198
RAM_SHA256=9dccefbe950dea8849f4b0305a2f53b0b3a7d12d16c0ec72adcfa9b5e856f5ff
RAM_CHANGED=none
RESULT=trapped=StoreAccessFault,tval=0x0000000080008100
REGS=pc:0x0000000080000000,x1:0x0000000080008100,x4:0x0000000000000000,x5:0x0000000000000000,x6:0x0000000000000000,x7:0x0000000000000000,x8:0x0000000000000000
MMIO_UART_ORDER=
MMIO_DEVICE_HITS=0x0000000010001000:0,0x0000000010000000:0
MMIO_ORDER=
CONTROL_BEFORE_HART_SHA256=eba4e8981a6373d085a9e6e36b5ec9b2a2a486454eb5f5b441ac28fba0787636
TRACE_RECORDS=0
TRACE_SHA256=none
TRACE_CANONICAL=none
END_CASE
CASE fp-fault-fsd mode=cache=ordinary capture=recording
HART_SNAPSHOT_SHA256=eba4e8981a6373d085a9e6e36b5ec9b2a2a486454eb5f5b441ac28fba0787636 HART_SNAPSHOT_LEN=1198
RAM_SHA256=9dccefbe950dea8849f4b0305a2f53b0b3a7d12d16c0ec72adcfa9b5e856f5ff
RAM_CHANGED=none
RESULT=trapped=StoreAccessFault,tval=0x0000000080008100
REGS=pc:0x0000000080000000,x1:0x0000000080008100,x4:0x0000000000000000,x5:0x0000000000000000,x6:0x0000000000000000,x7:0x0000000000000000,x8:0x0000000000000000
MMIO_UART_ORDER=
MMIO_DEVICE_HITS=0x0000000010001000:0,0x0000000010000000:0
MMIO_ORDER=
CONTROL_BEFORE_HART_SHA256=eba4e8981a6373d085a9e6e36b5ec9b2a2a486454eb5f5b441ac28fba0787636
TRACE_RECORDS=0
TRACE_SHA256=e3b0c44298fc1c149afbf4c8996fb92427ae41e4649b934ca495991b7852b855
TRACE_CANONICAL_BEGIN
TRACE_CANONICAL_END
END_CASE
CASE fp-fault-fsd mode=cache=cached capture=untraced
HART_SNAPSHOT_SHA256=eba4e8981a6373d085a9e6e36b5ec9b2a2a486454eb5f5b441ac28fba0787636 HART_SNAPSHOT_LEN=1198
RAM_SHA256=9dccefbe950dea8849f4b0305a2f53b0b3a7d12d16c0ec72adcfa9b5e856f5ff
RAM_CHANGED=none
RESULT=trapped=StoreAccessFault,tval=0x0000000080008100
REGS=pc:0x0000000080000000,x1:0x0000000080008100,x4:0x0000000000000000,x5:0x0000000000000000,x6:0x0000000000000000,x7:0x0000000000000000,x8:0x0000000000000000
MMIO_UART_ORDER=
MMIO_DEVICE_HITS=0x0000000010001000:0,0x0000000010000000:0
MMIO_ORDER=
CONTROL_BEFORE_HART_SHA256=eba4e8981a6373d085a9e6e36b5ec9b2a2a486454eb5f5b441ac28fba0787636
TRACE_RECORDS=0
TRACE_SHA256=none
TRACE_CANONICAL=none
END_CASE
CASE fp-fault-fsd mode=cache=cached capture=recording
HART_SNAPSHOT_SHA256=eba4e8981a6373d085a9e6e36b5ec9b2a2a486454eb5f5b441ac28fba0787636 HART_SNAPSHOT_LEN=1198
RAM_SHA256=9dccefbe950dea8849f4b0305a2f53b0b3a7d12d16c0ec72adcfa9b5e856f5ff
RAM_CHANGED=none
RESULT=trapped=StoreAccessFault,tval=0x0000000080008100
REGS=pc:0x0000000080000000,x1:0x0000000080008100,x4:0x0000000000000000,x5:0x0000000000000000,x6:0x0000000000000000,x7:0x0000000000000000,x8:0x0000000000000000
MMIO_UART_ORDER=
MMIO_DEVICE_HITS=0x0000000010001000:0,0x0000000010000000:0
MMIO_ORDER=
CONTROL_BEFORE_HART_SHA256=eba4e8981a6373d085a9e6e36b5ec9b2a2a486454eb5f5b441ac28fba0787636
TRACE_RECORDS=0
TRACE_SHA256=e3b0c44298fc1c149afbf4c8996fb92427ae41e4649b934ca495991b7852b855
TRACE_CANONICAL_BEGIN
TRACE_CANONICAL_END
END_CASE
CASE lr-sc-success direct=unit
HART_SNAPSHOT_SHA256=aedf95b9a26f874f2529ab2acdc9adadedb2900c90ea6cf471aedac5b667d8e9 HART_SNAPSHOT_LEN=1189
RAM_SHA256=1607642eef8a27ce82a39f0c357e4999cea923c4d67c7ed7acb5ed8f94f968dc
RAM_CHANGED=0x80002000:20
RESULT=ok RETIRED=2
RESERVATION=none
MMIO_UART_ORDER=
BUS_EVENTS=L16@0x0000000080000000=0x22af,L16@0x0000000080000002=0x1005,L32@0x0000000080002000=0x10,L16@0x0000000080000004=0x22af,L16@0x0000000080000006=0x1865,S32@0x0000000080002000<=0x0000000000000020:OK
TRACE_RECORDS=0
TRACE_SHA256=none
TRACE_CANONICAL=none
END_CASE
CASE lr-sc-success direct=recording
HART_SNAPSHOT_SHA256=aedf95b9a26f874f2529ab2acdc9adadedb2900c90ea6cf471aedac5b667d8e9 HART_SNAPSHOT_LEN=1189
RAM_SHA256=1607642eef8a27ce82a39f0c357e4999cea923c4d67c7ed7acb5ed8f94f968dc
RAM_CHANGED=0x80002000:20
RESULT=ok RETIRED=2
RESERVATION=none
MMIO_UART_ORDER=
BUS_EVENTS=L16@0x0000000080000000=0x22af,L16@0x0000000080000002=0x1005,L32@0x0000000080002000=0x10,L16@0x0000000080000004=0x22af,L16@0x0000000080000006=0x1865,S32@0x0000000080002000<=0x0000000000000020:OK
TRACE_RECORDS=2
TRACE_SHA256=b9746993f3d86d34724cceca8e6ea9deb8f62c130ab6d543741481ed7f74a47c
TRACE_CANONICAL_BEGIN
core 0: 0x0000000080000000 (0x100522af) x5 0x0000000000000010 mem 0x0000000080002000
core 0: 0x0000000080000004 (0x186522af) x5 0x0000000000000000 mem 0x0000000080002000 0x00000020
TRACE_CANONICAL_END
END_CASE
CASE lr-sc-success mode=cache=ordinary capture=untraced
HART_SNAPSHOT_SHA256=aedf95b9a26f874f2529ab2acdc9adadedb2900c90ea6cf471aedac5b667d8e9 HART_SNAPSHOT_LEN=1189
RAM_SHA256=1607642eef8a27ce82a39f0c357e4999cea923c4d67c7ed7acb5ed8f94f968dc
RAM_CHANGED=0x80002000:20
RESULT=max-instrs
REGS=pc:0x0000000080000008,x1:0x0000000000000000,x4:0x0000000000000000,x5:0x0000000000000000,x6:0x0000000000000020,x7:0x0000000000000000,x8:0x0000000000000000
MMIO_UART_ORDER=
MMIO_DEVICE_HITS=0x0000000010001000:0,0x0000000010000000:0
MMIO_ORDER=
CONTROL_BEFORE_HART_SHA256=e21e88c16a7eb547951dbc223c16658fcd3cb225968914107a5583f33913a1af
TRACE_RECORDS=0
TRACE_SHA256=none
TRACE_CANONICAL=none
END_CASE
CASE lr-sc-success mode=cache=ordinary capture=recording
HART_SNAPSHOT_SHA256=aedf95b9a26f874f2529ab2acdc9adadedb2900c90ea6cf471aedac5b667d8e9 HART_SNAPSHOT_LEN=1189
RAM_SHA256=1607642eef8a27ce82a39f0c357e4999cea923c4d67c7ed7acb5ed8f94f968dc
RAM_CHANGED=0x80002000:20
RESULT=max-instrs
REGS=pc:0x0000000080000008,x1:0x0000000000000000,x4:0x0000000000000000,x5:0x0000000000000000,x6:0x0000000000000020,x7:0x0000000000000000,x8:0x0000000000000000
MMIO_UART_ORDER=
MMIO_DEVICE_HITS=0x0000000010001000:0,0x0000000010000000:0
MMIO_ORDER=
CONTROL_BEFORE_HART_SHA256=e21e88c16a7eb547951dbc223c16658fcd3cb225968914107a5583f33913a1af
TRACE_RECORDS=2
TRACE_SHA256=b9746993f3d86d34724cceca8e6ea9deb8f62c130ab6d543741481ed7f74a47c
TRACE_CANONICAL_BEGIN
core 0: 0x0000000080000000 (0x100522af) x5 0x0000000000000010 mem 0x0000000080002000
core 0: 0x0000000080000004 (0x186522af) x5 0x0000000000000000 mem 0x0000000080002000 0x00000020
TRACE_CANONICAL_END
END_CASE
CASE lr-sc-success mode=cache=cached capture=untraced
HART_SNAPSHOT_SHA256=aedf95b9a26f874f2529ab2acdc9adadedb2900c90ea6cf471aedac5b667d8e9 HART_SNAPSHOT_LEN=1189
RAM_SHA256=1607642eef8a27ce82a39f0c357e4999cea923c4d67c7ed7acb5ed8f94f968dc
RAM_CHANGED=0x80002000:20
RESULT=max-instrs
REGS=pc:0x0000000080000008,x1:0x0000000000000000,x4:0x0000000000000000,x5:0x0000000000000000,x6:0x0000000000000020,x7:0x0000000000000000,x8:0x0000000000000000
MMIO_UART_ORDER=
MMIO_DEVICE_HITS=0x0000000010001000:0,0x0000000010000000:0
MMIO_ORDER=
CONTROL_BEFORE_HART_SHA256=e21e88c16a7eb547951dbc223c16658fcd3cb225968914107a5583f33913a1af
TRACE_RECORDS=0
TRACE_SHA256=none
TRACE_CANONICAL=none
END_CASE
CASE lr-sc-success mode=cache=cached capture=recording
HART_SNAPSHOT_SHA256=aedf95b9a26f874f2529ab2acdc9adadedb2900c90ea6cf471aedac5b667d8e9 HART_SNAPSHOT_LEN=1189
RAM_SHA256=1607642eef8a27ce82a39f0c357e4999cea923c4d67c7ed7acb5ed8f94f968dc
RAM_CHANGED=0x80002000:20
RESULT=max-instrs
REGS=pc:0x0000000080000008,x1:0x0000000000000000,x4:0x0000000000000000,x5:0x0000000000000000,x6:0x0000000000000020,x7:0x0000000000000000,x8:0x0000000000000000
MMIO_UART_ORDER=
MMIO_DEVICE_HITS=0x0000000010001000:0,0x0000000010000000:0
MMIO_ORDER=
CONTROL_BEFORE_HART_SHA256=e21e88c16a7eb547951dbc223c16658fcd3cb225968914107a5583f33913a1af
TRACE_RECORDS=2
TRACE_SHA256=b9746993f3d86d34724cceca8e6ea9deb8f62c130ab6d543741481ed7f74a47c
TRACE_CANONICAL_BEGIN
core 0: 0x0000000080000000 (0x100522af) x5 0x0000000000000010 mem 0x0000000080002000
core 0: 0x0000000080000004 (0x186522af) x5 0x0000000000000000 mem 0x0000000080002000 0x00000020
TRACE_CANONICAL_END
END_CASE
CASE lr-sc-d-success direct=unit
HART_SNAPSHOT_SHA256=aedf95b9a26f874f2529ab2acdc9adadedb2900c90ea6cf471aedac5b667d8e9 HART_SNAPSHOT_LEN=1189
RAM_SHA256=0e1d8b944dc8f9105fd83027f606aa54cf7fff3b5c9967be203003e33d8f66e2
RAM_CHANGED=0x80002000:20
RESULT=ok RETIRED=2
RESERVATION=none
MMIO_UART_ORDER=
BUS_EVENTS=L16@0x0000000080000000=0x32af,L16@0x0000000080000002=0x1005,L64@0x0000000080002000=0x10,L16@0x0000000080000004=0x32af,L16@0x0000000080000006=0x1865,S64@0x0000000080002000<=0x0000000000000020:OK
TRACE_RECORDS=0
TRACE_SHA256=none
TRACE_CANONICAL=none
END_CASE
CASE lr-sc-d-success direct=recording
HART_SNAPSHOT_SHA256=aedf95b9a26f874f2529ab2acdc9adadedb2900c90ea6cf471aedac5b667d8e9 HART_SNAPSHOT_LEN=1189
RAM_SHA256=0e1d8b944dc8f9105fd83027f606aa54cf7fff3b5c9967be203003e33d8f66e2
RAM_CHANGED=0x80002000:20
RESULT=ok RETIRED=2
RESERVATION=none
MMIO_UART_ORDER=
BUS_EVENTS=L16@0x0000000080000000=0x32af,L16@0x0000000080000002=0x1005,L64@0x0000000080002000=0x10,L16@0x0000000080000004=0x32af,L16@0x0000000080000006=0x1865,S64@0x0000000080002000<=0x0000000000000020:OK
TRACE_RECORDS=2
TRACE_SHA256=7f326752b757fd015b51036d2824535d9e37118bdcdc94f317af39f6137c14ab
TRACE_CANONICAL_BEGIN
core 0: 0x0000000080000000 (0x100532af) x5 0x0000000000000010 mem 0x0000000080002000
core 0: 0x0000000080000004 (0x186532af) x5 0x0000000000000000 mem 0x0000000080002000 0x0000000000000020
TRACE_CANONICAL_END
END_CASE
CASE lr-sc-d-success mode=cache=ordinary capture=untraced
HART_SNAPSHOT_SHA256=aedf95b9a26f874f2529ab2acdc9adadedb2900c90ea6cf471aedac5b667d8e9 HART_SNAPSHOT_LEN=1189
RAM_SHA256=0e1d8b944dc8f9105fd83027f606aa54cf7fff3b5c9967be203003e33d8f66e2
RAM_CHANGED=0x80002000:20
RESULT=max-instrs
REGS=pc:0x0000000080000008,x1:0x0000000000000000,x4:0x0000000000000000,x5:0x0000000000000000,x6:0x0000000000000020,x7:0x0000000000000000,x8:0x0000000000000000
MMIO_UART_ORDER=
MMIO_DEVICE_HITS=0x0000000010001000:0,0x0000000010000000:0
MMIO_ORDER=
CONTROL_BEFORE_HART_SHA256=e21e88c16a7eb547951dbc223c16658fcd3cb225968914107a5583f33913a1af
TRACE_RECORDS=0
TRACE_SHA256=none
TRACE_CANONICAL=none
END_CASE
CASE lr-sc-d-success mode=cache=ordinary capture=recording
HART_SNAPSHOT_SHA256=aedf95b9a26f874f2529ab2acdc9adadedb2900c90ea6cf471aedac5b667d8e9 HART_SNAPSHOT_LEN=1189
RAM_SHA256=0e1d8b944dc8f9105fd83027f606aa54cf7fff3b5c9967be203003e33d8f66e2
RAM_CHANGED=0x80002000:20
RESULT=max-instrs
REGS=pc:0x0000000080000008,x1:0x0000000000000000,x4:0x0000000000000000,x5:0x0000000000000000,x6:0x0000000000000020,x7:0x0000000000000000,x8:0x0000000000000000
MMIO_UART_ORDER=
MMIO_DEVICE_HITS=0x0000000010001000:0,0x0000000010000000:0
MMIO_ORDER=
CONTROL_BEFORE_HART_SHA256=e21e88c16a7eb547951dbc223c16658fcd3cb225968914107a5583f33913a1af
TRACE_RECORDS=2
TRACE_SHA256=7f326752b757fd015b51036d2824535d9e37118bdcdc94f317af39f6137c14ab
TRACE_CANONICAL_BEGIN
core 0: 0x0000000080000000 (0x100532af) x5 0x0000000000000010 mem 0x0000000080002000
core 0: 0x0000000080000004 (0x186532af) x5 0x0000000000000000 mem 0x0000000080002000 0x0000000000000020
TRACE_CANONICAL_END
END_CASE
CASE lr-sc-d-success mode=cache=cached capture=untraced
HART_SNAPSHOT_SHA256=aedf95b9a26f874f2529ab2acdc9adadedb2900c90ea6cf471aedac5b667d8e9 HART_SNAPSHOT_LEN=1189
RAM_SHA256=0e1d8b944dc8f9105fd83027f606aa54cf7fff3b5c9967be203003e33d8f66e2
RAM_CHANGED=0x80002000:20
RESULT=max-instrs
REGS=pc:0x0000000080000008,x1:0x0000000000000000,x4:0x0000000000000000,x5:0x0000000000000000,x6:0x0000000000000020,x7:0x0000000000000000,x8:0x0000000000000000
MMIO_UART_ORDER=
MMIO_DEVICE_HITS=0x0000000010001000:0,0x0000000010000000:0
MMIO_ORDER=
CONTROL_BEFORE_HART_SHA256=e21e88c16a7eb547951dbc223c16658fcd3cb225968914107a5583f33913a1af
TRACE_RECORDS=0
TRACE_SHA256=none
TRACE_CANONICAL=none
END_CASE
CASE lr-sc-d-success mode=cache=cached capture=recording
HART_SNAPSHOT_SHA256=aedf95b9a26f874f2529ab2acdc9adadedb2900c90ea6cf471aedac5b667d8e9 HART_SNAPSHOT_LEN=1189
RAM_SHA256=0e1d8b944dc8f9105fd83027f606aa54cf7fff3b5c9967be203003e33d8f66e2
RAM_CHANGED=0x80002000:20
RESULT=max-instrs
REGS=pc:0x0000000080000008,x1:0x0000000000000000,x4:0x0000000000000000,x5:0x0000000000000000,x6:0x0000000000000020,x7:0x0000000000000000,x8:0x0000000000000000
MMIO_UART_ORDER=
MMIO_DEVICE_HITS=0x0000000010001000:0,0x0000000010000000:0
MMIO_ORDER=
CONTROL_BEFORE_HART_SHA256=e21e88c16a7eb547951dbc223c16658fcd3cb225968914107a5583f33913a1af
TRACE_RECORDS=2
TRACE_SHA256=7f326752b757fd015b51036d2824535d9e37118bdcdc94f317af39f6137c14ab
TRACE_CANONICAL_BEGIN
core 0: 0x0000000080000000 (0x100532af) x5 0x0000000000000010 mem 0x0000000080002000
core 0: 0x0000000080000004 (0x186532af) x5 0x0000000000000000 mem 0x0000000080002000 0x0000000000000020
TRACE_CANONICAL_END
END_CASE
CASE lr-sc-overlap-failure direct=unit
HART_SNAPSHOT_SHA256=15f49ffa39ca3f510c9501cc31996a641499d2278d7c94a3efed56b7e4951ae0 HART_SNAPSHOT_LEN=1189
RAM_SHA256=1054408e45d1d320e20602d0144cbfb67a984e5013ca30d715c5fbb4fb7e023f
RAM_CHANGED=0x80002000:30
RESULT=ok RETIRED=3
RESERVATION=none
MMIO_UART_ORDER=
BUS_EVENTS=L16@0x0000000080000000=0x22af,L16@0x0000000080000002=0x1005,L32@0x0000000080002000=0x10,L16@0x0000000080000004=0x2023,L16@0x0000000080000006=0x75,S32@0x0000000080002000<=0x0000000000000030:OK,L16@0x0000000080000008=0x22af,L16@0x000000008000000a=0x1865
TRACE_RECORDS=0
TRACE_SHA256=none
TRACE_CANONICAL=none
END_CASE
CASE lr-sc-overlap-failure direct=recording
HART_SNAPSHOT_SHA256=15f49ffa39ca3f510c9501cc31996a641499d2278d7c94a3efed56b7e4951ae0 HART_SNAPSHOT_LEN=1189
RAM_SHA256=1054408e45d1d320e20602d0144cbfb67a984e5013ca30d715c5fbb4fb7e023f
RAM_CHANGED=0x80002000:30
RESULT=ok RETIRED=3
RESERVATION=none
MMIO_UART_ORDER=
BUS_EVENTS=L16@0x0000000080000000=0x22af,L16@0x0000000080000002=0x1005,L32@0x0000000080002000=0x10,L16@0x0000000080000004=0x2023,L16@0x0000000080000006=0x75,S32@0x0000000080002000<=0x0000000000000030:OK,L16@0x0000000080000008=0x22af,L16@0x000000008000000a=0x1865
TRACE_RECORDS=3
TRACE_SHA256=ef6c98c3afa2416e3a8cf79a8a79599eb34bbdf05989ee71a21092e306570b55
TRACE_CANONICAL_BEGIN
core 0: 0x0000000080000000 (0x100522af) x5 0x0000000000000010 mem 0x0000000080002000
core 0: 0x0000000080000004 (0x00752023) mem 0x0000000080002000 0x00000030
core 0: 0x0000000080000008 (0x186522af) x5 0x0000000000000001
TRACE_CANONICAL_END
END_CASE
CASE lr-sc-overlap-failure mode=cache=ordinary capture=untraced
HART_SNAPSHOT_SHA256=15f49ffa39ca3f510c9501cc31996a641499d2278d7c94a3efed56b7e4951ae0 HART_SNAPSHOT_LEN=1189
RAM_SHA256=1054408e45d1d320e20602d0144cbfb67a984e5013ca30d715c5fbb4fb7e023f
RAM_CHANGED=0x80002000:30
RESULT=max-instrs
REGS=pc:0x000000008000000c,x1:0x0000000000000000,x4:0x0000000000000000,x5:0x0000000000000001,x6:0x0000000000000020,x7:0x0000000000000030,x8:0x0000000000000000
MMIO_UART_ORDER=
MMIO_DEVICE_HITS=0x0000000010001000:0,0x0000000010000000:0
MMIO_ORDER=
CONTROL_BEFORE_HART_SHA256=5ae7d97cdddd0273b5aff8f17f3b1f60038eaa0560baeeeb1c9e1e2a638278dc
TRACE_RECORDS=0
TRACE_SHA256=none
TRACE_CANONICAL=none
END_CASE
CASE lr-sc-overlap-failure mode=cache=ordinary capture=recording
HART_SNAPSHOT_SHA256=15f49ffa39ca3f510c9501cc31996a641499d2278d7c94a3efed56b7e4951ae0 HART_SNAPSHOT_LEN=1189
RAM_SHA256=1054408e45d1d320e20602d0144cbfb67a984e5013ca30d715c5fbb4fb7e023f
RAM_CHANGED=0x80002000:30
RESULT=max-instrs
REGS=pc:0x000000008000000c,x1:0x0000000000000000,x4:0x0000000000000000,x5:0x0000000000000001,x6:0x0000000000000020,x7:0x0000000000000030,x8:0x0000000000000000
MMIO_UART_ORDER=
MMIO_DEVICE_HITS=0x0000000010001000:0,0x0000000010000000:0
MMIO_ORDER=
CONTROL_BEFORE_HART_SHA256=5ae7d97cdddd0273b5aff8f17f3b1f60038eaa0560baeeeb1c9e1e2a638278dc
TRACE_RECORDS=3
TRACE_SHA256=ef6c98c3afa2416e3a8cf79a8a79599eb34bbdf05989ee71a21092e306570b55
TRACE_CANONICAL_BEGIN
core 0: 0x0000000080000000 (0x100522af) x5 0x0000000000000010 mem 0x0000000080002000
core 0: 0x0000000080000004 (0x00752023) mem 0x0000000080002000 0x00000030
core 0: 0x0000000080000008 (0x186522af) x5 0x0000000000000001
TRACE_CANONICAL_END
END_CASE
CASE lr-sc-overlap-failure mode=cache=cached capture=untraced
HART_SNAPSHOT_SHA256=15f49ffa39ca3f510c9501cc31996a641499d2278d7c94a3efed56b7e4951ae0 HART_SNAPSHOT_LEN=1189
RAM_SHA256=1054408e45d1d320e20602d0144cbfb67a984e5013ca30d715c5fbb4fb7e023f
RAM_CHANGED=0x80002000:30
RESULT=max-instrs
REGS=pc:0x000000008000000c,x1:0x0000000000000000,x4:0x0000000000000000,x5:0x0000000000000001,x6:0x0000000000000020,x7:0x0000000000000030,x8:0x0000000000000000
MMIO_UART_ORDER=
MMIO_DEVICE_HITS=0x0000000010001000:0,0x0000000010000000:0
MMIO_ORDER=
CONTROL_BEFORE_HART_SHA256=5ae7d97cdddd0273b5aff8f17f3b1f60038eaa0560baeeeb1c9e1e2a638278dc
TRACE_RECORDS=0
TRACE_SHA256=none
TRACE_CANONICAL=none
END_CASE
CASE lr-sc-overlap-failure mode=cache=cached capture=recording
HART_SNAPSHOT_SHA256=15f49ffa39ca3f510c9501cc31996a641499d2278d7c94a3efed56b7e4951ae0 HART_SNAPSHOT_LEN=1189
RAM_SHA256=1054408e45d1d320e20602d0144cbfb67a984e5013ca30d715c5fbb4fb7e023f
RAM_CHANGED=0x80002000:30
RESULT=max-instrs
REGS=pc:0x000000008000000c,x1:0x0000000000000000,x4:0x0000000000000000,x5:0x0000000000000001,x6:0x0000000000000020,x7:0x0000000000000030,x8:0x0000000000000000
MMIO_UART_ORDER=
MMIO_DEVICE_HITS=0x0000000010001000:0,0x0000000010000000:0
MMIO_ORDER=
CONTROL_BEFORE_HART_SHA256=5ae7d97cdddd0273b5aff8f17f3b1f60038eaa0560baeeeb1c9e1e2a638278dc
TRACE_RECORDS=3
TRACE_SHA256=ef6c98c3afa2416e3a8cf79a8a79599eb34bbdf05989ee71a21092e306570b55
TRACE_CANONICAL_BEGIN
core 0: 0x0000000080000000 (0x100522af) x5 0x0000000000000010 mem 0x0000000080002000
core 0: 0x0000000080000004 (0x00752023) mem 0x0000000080002000 0x00000030
core 0: 0x0000000080000008 (0x186522af) x5 0x0000000000000001
TRACE_CANONICAL_END
END_CASE
CASE lr-sc-d-overlap-failure direct=unit
HART_SNAPSHOT_SHA256=15f49ffa39ca3f510c9501cc31996a641499d2278d7c94a3efed56b7e4951ae0 HART_SNAPSHOT_LEN=1189
RAM_SHA256=43548fc9b069acb97a894cd1fa1e7525913144aa512d6265b80d5ea934b3aca6
RAM_CHANGED=0x80002000:30
RESULT=ok RETIRED=3
RESERVATION=none
MMIO_UART_ORDER=
BUS_EVENTS=L16@0x0000000080000000=0x32af,L16@0x0000000080000002=0x1005,L64@0x0000000080002000=0x10,L16@0x0000000080000004=0x3023,L16@0x0000000080000006=0x75,S64@0x0000000080002000<=0x0000000000000030:OK,L16@0x0000000080000008=0x32af,L16@0x000000008000000a=0x1865
TRACE_RECORDS=0
TRACE_SHA256=none
TRACE_CANONICAL=none
END_CASE
CASE lr-sc-d-overlap-failure direct=recording
HART_SNAPSHOT_SHA256=15f49ffa39ca3f510c9501cc31996a641499d2278d7c94a3efed56b7e4951ae0 HART_SNAPSHOT_LEN=1189
RAM_SHA256=43548fc9b069acb97a894cd1fa1e7525913144aa512d6265b80d5ea934b3aca6
RAM_CHANGED=0x80002000:30
RESULT=ok RETIRED=3
RESERVATION=none
MMIO_UART_ORDER=
BUS_EVENTS=L16@0x0000000080000000=0x32af,L16@0x0000000080000002=0x1005,L64@0x0000000080002000=0x10,L16@0x0000000080000004=0x3023,L16@0x0000000080000006=0x75,S64@0x0000000080002000<=0x0000000000000030:OK,L16@0x0000000080000008=0x32af,L16@0x000000008000000a=0x1865
TRACE_RECORDS=3
TRACE_SHA256=ef0f4a2b2375645c526aa0629ba43f5825eaeb02089408064ad512e8c6a60d90
TRACE_CANONICAL_BEGIN
core 0: 0x0000000080000000 (0x100532af) x5 0x0000000000000010 mem 0x0000000080002000
core 0: 0x0000000080000004 (0x00753023) mem 0x0000000080002000 0x0000000000000030
core 0: 0x0000000080000008 (0x186532af) x5 0x0000000000000001
TRACE_CANONICAL_END
END_CASE
CASE lr-sc-d-overlap-failure mode=cache=ordinary capture=untraced
HART_SNAPSHOT_SHA256=15f49ffa39ca3f510c9501cc31996a641499d2278d7c94a3efed56b7e4951ae0 HART_SNAPSHOT_LEN=1189
RAM_SHA256=43548fc9b069acb97a894cd1fa1e7525913144aa512d6265b80d5ea934b3aca6
RAM_CHANGED=0x80002000:30
RESULT=max-instrs
REGS=pc:0x000000008000000c,x1:0x0000000000000000,x4:0x0000000000000000,x5:0x0000000000000001,x6:0x0000000000000020,x7:0x0000000000000030,x8:0x0000000000000000
MMIO_UART_ORDER=
MMIO_DEVICE_HITS=0x0000000010001000:0,0x0000000010000000:0
MMIO_ORDER=
CONTROL_BEFORE_HART_SHA256=5ae7d97cdddd0273b5aff8f17f3b1f60038eaa0560baeeeb1c9e1e2a638278dc
TRACE_RECORDS=0
TRACE_SHA256=none
TRACE_CANONICAL=none
END_CASE
CASE lr-sc-d-overlap-failure mode=cache=ordinary capture=recording
HART_SNAPSHOT_SHA256=15f49ffa39ca3f510c9501cc31996a641499d2278d7c94a3efed56b7e4951ae0 HART_SNAPSHOT_LEN=1189
RAM_SHA256=43548fc9b069acb97a894cd1fa1e7525913144aa512d6265b80d5ea934b3aca6
RAM_CHANGED=0x80002000:30
RESULT=max-instrs
REGS=pc:0x000000008000000c,x1:0x0000000000000000,x4:0x0000000000000000,x5:0x0000000000000001,x6:0x0000000000000020,x7:0x0000000000000030,x8:0x0000000000000000
MMIO_UART_ORDER=
MMIO_DEVICE_HITS=0x0000000010001000:0,0x0000000010000000:0
MMIO_ORDER=
CONTROL_BEFORE_HART_SHA256=5ae7d97cdddd0273b5aff8f17f3b1f60038eaa0560baeeeb1c9e1e2a638278dc
TRACE_RECORDS=3
TRACE_SHA256=ef0f4a2b2375645c526aa0629ba43f5825eaeb02089408064ad512e8c6a60d90
TRACE_CANONICAL_BEGIN
core 0: 0x0000000080000000 (0x100532af) x5 0x0000000000000010 mem 0x0000000080002000
core 0: 0x0000000080000004 (0x00753023) mem 0x0000000080002000 0x0000000000000030
core 0: 0x0000000080000008 (0x186532af) x5 0x0000000000000001
TRACE_CANONICAL_END
END_CASE
CASE lr-sc-d-overlap-failure mode=cache=cached capture=untraced
HART_SNAPSHOT_SHA256=15f49ffa39ca3f510c9501cc31996a641499d2278d7c94a3efed56b7e4951ae0 HART_SNAPSHOT_LEN=1189
RAM_SHA256=43548fc9b069acb97a894cd1fa1e7525913144aa512d6265b80d5ea934b3aca6
RAM_CHANGED=0x80002000:30
RESULT=max-instrs
REGS=pc:0x000000008000000c,x1:0x0000000000000000,x4:0x0000000000000000,x5:0x0000000000000001,x6:0x0000000000000020,x7:0x0000000000000030,x8:0x0000000000000000
MMIO_UART_ORDER=
MMIO_DEVICE_HITS=0x0000000010001000:0,0x0000000010000000:0
MMIO_ORDER=
CONTROL_BEFORE_HART_SHA256=5ae7d97cdddd0273b5aff8f17f3b1f60038eaa0560baeeeb1c9e1e2a638278dc
TRACE_RECORDS=0
TRACE_SHA256=none
TRACE_CANONICAL=none
END_CASE
CASE lr-sc-d-overlap-failure mode=cache=cached capture=recording
HART_SNAPSHOT_SHA256=15f49ffa39ca3f510c9501cc31996a641499d2278d7c94a3efed56b7e4951ae0 HART_SNAPSHOT_LEN=1189
RAM_SHA256=43548fc9b069acb97a894cd1fa1e7525913144aa512d6265b80d5ea934b3aca6
RAM_CHANGED=0x80002000:30
RESULT=max-instrs
REGS=pc:0x000000008000000c,x1:0x0000000000000000,x4:0x0000000000000000,x5:0x0000000000000001,x6:0x0000000000000020,x7:0x0000000000000030,x8:0x0000000000000000
MMIO_UART_ORDER=
MMIO_DEVICE_HITS=0x0000000010001000:0,0x0000000010000000:0
MMIO_ORDER=
CONTROL_BEFORE_HART_SHA256=5ae7d97cdddd0273b5aff8f17f3b1f60038eaa0560baeeeb1c9e1e2a638278dc
TRACE_RECORDS=3
TRACE_SHA256=ef0f4a2b2375645c526aa0629ba43f5825eaeb02089408064ad512e8c6a60d90
TRACE_CANONICAL_BEGIN
core 0: 0x0000000080000000 (0x100532af) x5 0x0000000000000010 mem 0x0000000080002000
core 0: 0x0000000080000004 (0x00753023) mem 0x0000000080002000 0x0000000000000030
core 0: 0x0000000080000008 (0x186532af) x5 0x0000000000000001
TRACE_CANONICAL_END
END_CASE
CASE lr-align-trap direct=unit
HART_SNAPSHOT_SHA256=0b37b998ac0429f6763d89a77a5cbd61029c58985ef93cbbdf944d8fbf3407e4 HART_SNAPSHOT_LEN=1198
RAM_SHA256=0cfe3d065ab7479ee71cb974e0955436b9705f1308114993befe3da00f001db7
RAM_CHANGED=none
RESULT=trap:LoadAddrMisaligned,tval=0x0000000080002002 RETIRED=0
RESERVATION=0x0000000080002000/4
MMIO_UART_ORDER=
BUS_EVENTS=L16@0x0000000080000000=0x22af,L16@0x0000000080000002=0x1005
TRACE_RECORDS=0
TRACE_SHA256=none
TRACE_CANONICAL=none
END_CASE
CASE lr-align-trap direct=recording
HART_SNAPSHOT_SHA256=0b37b998ac0429f6763d89a77a5cbd61029c58985ef93cbbdf944d8fbf3407e4 HART_SNAPSHOT_LEN=1198
RAM_SHA256=0cfe3d065ab7479ee71cb974e0955436b9705f1308114993befe3da00f001db7
RAM_CHANGED=none
RESULT=trap:LoadAddrMisaligned,tval=0x0000000080002002 RETIRED=0
RESERVATION=0x0000000080002000/4
MMIO_UART_ORDER=
BUS_EVENTS=L16@0x0000000080000000=0x22af,L16@0x0000000080000002=0x1005
TRACE_RECORDS=0
TRACE_SHA256=e3b0c44298fc1c149afbf4c8996fb92427ae41e4649b934ca495991b7852b855
TRACE_CANONICAL_BEGIN
TRACE_CANONICAL_END
END_CASE
CASE lr-align-trap mode=cache=ordinary capture=untraced
HART_SNAPSHOT_SHA256=0b37b998ac0429f6763d89a77a5cbd61029c58985ef93cbbdf944d8fbf3407e4 HART_SNAPSHOT_LEN=1198
RAM_SHA256=0cfe3d065ab7479ee71cb974e0955436b9705f1308114993befe3da00f001db7
RAM_CHANGED=none
RESULT=trapped=LoadAddrMisaligned,tval=0x0000000080002002
REGS=pc:0x0000000080000000,x1:0x0000000000000000,x4:0x0000000000000000,x5:0x0000000000000000,x6:0x0000000000000099,x7:0x0000000000000000,x8:0x0000000000000000
MMIO_UART_ORDER=
MMIO_DEVICE_HITS=0x0000000010001000:0,0x0000000010000000:0
MMIO_ORDER=
CONTROL_BEFORE_HART_SHA256=0b37b998ac0429f6763d89a77a5cbd61029c58985ef93cbbdf944d8fbf3407e4
TRACE_RECORDS=0
TRACE_SHA256=none
TRACE_CANONICAL=none
END_CASE
CASE lr-align-trap mode=cache=ordinary capture=recording
HART_SNAPSHOT_SHA256=0b37b998ac0429f6763d89a77a5cbd61029c58985ef93cbbdf944d8fbf3407e4 HART_SNAPSHOT_LEN=1198
RAM_SHA256=0cfe3d065ab7479ee71cb974e0955436b9705f1308114993befe3da00f001db7
RAM_CHANGED=none
RESULT=trapped=LoadAddrMisaligned,tval=0x0000000080002002
REGS=pc:0x0000000080000000,x1:0x0000000000000000,x4:0x0000000000000000,x5:0x0000000000000000,x6:0x0000000000000099,x7:0x0000000000000000,x8:0x0000000000000000
MMIO_UART_ORDER=
MMIO_DEVICE_HITS=0x0000000010001000:0,0x0000000010000000:0
MMIO_ORDER=
CONTROL_BEFORE_HART_SHA256=0b37b998ac0429f6763d89a77a5cbd61029c58985ef93cbbdf944d8fbf3407e4
TRACE_RECORDS=0
TRACE_SHA256=e3b0c44298fc1c149afbf4c8996fb92427ae41e4649b934ca495991b7852b855
TRACE_CANONICAL_BEGIN
TRACE_CANONICAL_END
END_CASE
CASE lr-align-trap mode=cache=cached capture=untraced
HART_SNAPSHOT_SHA256=0b37b998ac0429f6763d89a77a5cbd61029c58985ef93cbbdf944d8fbf3407e4 HART_SNAPSHOT_LEN=1198
RAM_SHA256=0cfe3d065ab7479ee71cb974e0955436b9705f1308114993befe3da00f001db7
RAM_CHANGED=none
RESULT=trapped=LoadAddrMisaligned,tval=0x0000000080002002
REGS=pc:0x0000000080000000,x1:0x0000000000000000,x4:0x0000000000000000,x5:0x0000000000000000,x6:0x0000000000000099,x7:0x0000000000000000,x8:0x0000000000000000
MMIO_UART_ORDER=
MMIO_DEVICE_HITS=0x0000000010001000:0,0x0000000010000000:0
MMIO_ORDER=
CONTROL_BEFORE_HART_SHA256=0b37b998ac0429f6763d89a77a5cbd61029c58985ef93cbbdf944d8fbf3407e4
TRACE_RECORDS=0
TRACE_SHA256=none
TRACE_CANONICAL=none
END_CASE
CASE lr-align-trap mode=cache=cached capture=recording
HART_SNAPSHOT_SHA256=0b37b998ac0429f6763d89a77a5cbd61029c58985ef93cbbdf944d8fbf3407e4 HART_SNAPSHOT_LEN=1198
RAM_SHA256=0cfe3d065ab7479ee71cb974e0955436b9705f1308114993befe3da00f001db7
RAM_CHANGED=none
RESULT=trapped=LoadAddrMisaligned,tval=0x0000000080002002
REGS=pc:0x0000000080000000,x1:0x0000000000000000,x4:0x0000000000000000,x5:0x0000000000000000,x6:0x0000000000000099,x7:0x0000000000000000,x8:0x0000000000000000
MMIO_UART_ORDER=
MMIO_DEVICE_HITS=0x0000000010001000:0,0x0000000010000000:0
MMIO_ORDER=
CONTROL_BEFORE_HART_SHA256=0b37b998ac0429f6763d89a77a5cbd61029c58985ef93cbbdf944d8fbf3407e4
TRACE_RECORDS=0
TRACE_SHA256=e3b0c44298fc1c149afbf4c8996fb92427ae41e4649b934ca495991b7852b855
TRACE_CANONICAL_BEGIN
TRACE_CANONICAL_END
END_CASE
CASE lr-d-align-trap direct=unit
HART_SNAPSHOT_SHA256=011ab1318a8a03cad5afa134c7fee29d1d0212ccac9e0cdcaf7873d90bf8c354 HART_SNAPSHOT_LEN=1198
RAM_SHA256=1f6a65ace6a3bfb399b159f7e8bce38697781c54d5e88cd01a3bef8080bcd3cf
RAM_CHANGED=none
RESULT=trap:LoadAddrMisaligned,tval=0x0000000080002002 RETIRED=0
RESERVATION=0x0000000080002000/8
MMIO_UART_ORDER=
BUS_EVENTS=L16@0x0000000080000000=0x32af,L16@0x0000000080000002=0x1005
TRACE_RECORDS=0
TRACE_SHA256=none
TRACE_CANONICAL=none
END_CASE
CASE lr-d-align-trap direct=recording
HART_SNAPSHOT_SHA256=011ab1318a8a03cad5afa134c7fee29d1d0212ccac9e0cdcaf7873d90bf8c354 HART_SNAPSHOT_LEN=1198
RAM_SHA256=1f6a65ace6a3bfb399b159f7e8bce38697781c54d5e88cd01a3bef8080bcd3cf
RAM_CHANGED=none
RESULT=trap:LoadAddrMisaligned,tval=0x0000000080002002 RETIRED=0
RESERVATION=0x0000000080002000/8
MMIO_UART_ORDER=
BUS_EVENTS=L16@0x0000000080000000=0x32af,L16@0x0000000080000002=0x1005
TRACE_RECORDS=0
TRACE_SHA256=e3b0c44298fc1c149afbf4c8996fb92427ae41e4649b934ca495991b7852b855
TRACE_CANONICAL_BEGIN
TRACE_CANONICAL_END
END_CASE
CASE lr-d-align-trap mode=cache=ordinary capture=untraced
HART_SNAPSHOT_SHA256=011ab1318a8a03cad5afa134c7fee29d1d0212ccac9e0cdcaf7873d90bf8c354 HART_SNAPSHOT_LEN=1198
RAM_SHA256=1f6a65ace6a3bfb399b159f7e8bce38697781c54d5e88cd01a3bef8080bcd3cf
RAM_CHANGED=none
RESULT=trapped=LoadAddrMisaligned,tval=0x0000000080002002
REGS=pc:0x0000000080000000,x1:0x0000000000000000,x4:0x0000000000000000,x5:0x0000000000000000,x6:0x0000000000000099,x7:0x0000000000000000,x8:0x0000000000000000
MMIO_UART_ORDER=
MMIO_DEVICE_HITS=0x0000000010001000:0,0x0000000010000000:0
MMIO_ORDER=
CONTROL_BEFORE_HART_SHA256=011ab1318a8a03cad5afa134c7fee29d1d0212ccac9e0cdcaf7873d90bf8c354
TRACE_RECORDS=0
TRACE_SHA256=none
TRACE_CANONICAL=none
END_CASE
CASE lr-d-align-trap mode=cache=ordinary capture=recording
HART_SNAPSHOT_SHA256=011ab1318a8a03cad5afa134c7fee29d1d0212ccac9e0cdcaf7873d90bf8c354 HART_SNAPSHOT_LEN=1198
RAM_SHA256=1f6a65ace6a3bfb399b159f7e8bce38697781c54d5e88cd01a3bef8080bcd3cf
RAM_CHANGED=none
RESULT=trapped=LoadAddrMisaligned,tval=0x0000000080002002
REGS=pc:0x0000000080000000,x1:0x0000000000000000,x4:0x0000000000000000,x5:0x0000000000000000,x6:0x0000000000000099,x7:0x0000000000000000,x8:0x0000000000000000
MMIO_UART_ORDER=
MMIO_DEVICE_HITS=0x0000000010001000:0,0x0000000010000000:0
MMIO_ORDER=
CONTROL_BEFORE_HART_SHA256=011ab1318a8a03cad5afa134c7fee29d1d0212ccac9e0cdcaf7873d90bf8c354
TRACE_RECORDS=0
TRACE_SHA256=e3b0c44298fc1c149afbf4c8996fb92427ae41e4649b934ca495991b7852b855
TRACE_CANONICAL_BEGIN
TRACE_CANONICAL_END
END_CASE
CASE lr-d-align-trap mode=cache=cached capture=untraced
HART_SNAPSHOT_SHA256=011ab1318a8a03cad5afa134c7fee29d1d0212ccac9e0cdcaf7873d90bf8c354 HART_SNAPSHOT_LEN=1198
RAM_SHA256=1f6a65ace6a3bfb399b159f7e8bce38697781c54d5e88cd01a3bef8080bcd3cf
RAM_CHANGED=none
RESULT=trapped=LoadAddrMisaligned,tval=0x0000000080002002
REGS=pc:0x0000000080000000,x1:0x0000000000000000,x4:0x0000000000000000,x5:0x0000000000000000,x6:0x0000000000000099,x7:0x0000000000000000,x8:0x0000000000000000
MMIO_UART_ORDER=
MMIO_DEVICE_HITS=0x0000000010001000:0,0x0000000010000000:0
MMIO_ORDER=
CONTROL_BEFORE_HART_SHA256=011ab1318a8a03cad5afa134c7fee29d1d0212ccac9e0cdcaf7873d90bf8c354
TRACE_RECORDS=0
TRACE_SHA256=none
TRACE_CANONICAL=none
END_CASE
CASE lr-d-align-trap mode=cache=cached capture=recording
HART_SNAPSHOT_SHA256=011ab1318a8a03cad5afa134c7fee29d1d0212ccac9e0cdcaf7873d90bf8c354 HART_SNAPSHOT_LEN=1198
RAM_SHA256=1f6a65ace6a3bfb399b159f7e8bce38697781c54d5e88cd01a3bef8080bcd3cf
RAM_CHANGED=none
RESULT=trapped=LoadAddrMisaligned,tval=0x0000000080002002
REGS=pc:0x0000000080000000,x1:0x0000000000000000,x4:0x0000000000000000,x5:0x0000000000000000,x6:0x0000000000000099,x7:0x0000000000000000,x8:0x0000000000000000
MMIO_UART_ORDER=
MMIO_DEVICE_HITS=0x0000000010001000:0,0x0000000010000000:0
MMIO_ORDER=
CONTROL_BEFORE_HART_SHA256=011ab1318a8a03cad5afa134c7fee29d1d0212ccac9e0cdcaf7873d90bf8c354
TRACE_RECORDS=0
TRACE_SHA256=e3b0c44298fc1c149afbf4c8996fb92427ae41e4649b934ca495991b7852b855
TRACE_CANONICAL_BEGIN
TRACE_CANONICAL_END
END_CASE
CASE sc-align-trap-preserves-reservation direct=unit
HART_SNAPSHOT_SHA256=eec52e949bbb1361c8b0163ceefba4326c0627c93816b81bb8e0c6fc74583809 HART_SNAPSHOT_LEN=1198
RAM_SHA256=051a152cc96ebdb342e6629b02d9cafd6e64000269ad41fd84ed7b9c45121d97
RAM_CHANGED=none
RESULT=trap:StoreAddrMisaligned,tval=0x0000000080002002 RETIRED=0
RESERVATION=0x0000000080002002/4
MMIO_UART_ORDER=
BUS_EVENTS=L16@0x0000000080000000=0x22af,L16@0x0000000080000002=0x1865
TRACE_RECORDS=0
TRACE_SHA256=none
TRACE_CANONICAL=none
END_CASE
CASE sc-align-trap-preserves-reservation direct=recording
HART_SNAPSHOT_SHA256=eec52e949bbb1361c8b0163ceefba4326c0627c93816b81bb8e0c6fc74583809 HART_SNAPSHOT_LEN=1198
RAM_SHA256=051a152cc96ebdb342e6629b02d9cafd6e64000269ad41fd84ed7b9c45121d97
RAM_CHANGED=none
RESULT=trap:StoreAddrMisaligned,tval=0x0000000080002002 RETIRED=0
RESERVATION=0x0000000080002002/4
MMIO_UART_ORDER=
BUS_EVENTS=L16@0x0000000080000000=0x22af,L16@0x0000000080000002=0x1865
TRACE_RECORDS=0
TRACE_SHA256=e3b0c44298fc1c149afbf4c8996fb92427ae41e4649b934ca495991b7852b855
TRACE_CANONICAL_BEGIN
TRACE_CANONICAL_END
END_CASE
CASE sc-align-trap-preserves-reservation mode=cache=ordinary capture=untraced
HART_SNAPSHOT_SHA256=eec52e949bbb1361c8b0163ceefba4326c0627c93816b81bb8e0c6fc74583809 HART_SNAPSHOT_LEN=1198
RAM_SHA256=051a152cc96ebdb342e6629b02d9cafd6e64000269ad41fd84ed7b9c45121d97
RAM_CHANGED=none
RESULT=trapped=StoreAddrMisaligned,tval=0x0000000080002002
REGS=pc:0x0000000080000000,x1:0x0000000000000000,x4:0x0000000000000000,x5:0x0000000000000000,x6:0x0000000000000099,x7:0x0000000000000000,x8:0x0000000000000000
MMIO_UART_ORDER=
MMIO_DEVICE_HITS=0x0000000010001000:0,0x0000000010000000:0
MMIO_ORDER=
CONTROL_BEFORE_HART_SHA256=eec52e949bbb1361c8b0163ceefba4326c0627c93816b81bb8e0c6fc74583809
TRACE_RECORDS=0
TRACE_SHA256=none
TRACE_CANONICAL=none
END_CASE
CASE sc-align-trap-preserves-reservation mode=cache=ordinary capture=recording
HART_SNAPSHOT_SHA256=eec52e949bbb1361c8b0163ceefba4326c0627c93816b81bb8e0c6fc74583809 HART_SNAPSHOT_LEN=1198
RAM_SHA256=051a152cc96ebdb342e6629b02d9cafd6e64000269ad41fd84ed7b9c45121d97
RAM_CHANGED=none
RESULT=trapped=StoreAddrMisaligned,tval=0x0000000080002002
REGS=pc:0x0000000080000000,x1:0x0000000000000000,x4:0x0000000000000000,x5:0x0000000000000000,x6:0x0000000000000099,x7:0x0000000000000000,x8:0x0000000000000000
MMIO_UART_ORDER=
MMIO_DEVICE_HITS=0x0000000010001000:0,0x0000000010000000:0
MMIO_ORDER=
CONTROL_BEFORE_HART_SHA256=eec52e949bbb1361c8b0163ceefba4326c0627c93816b81bb8e0c6fc74583809
TRACE_RECORDS=0
TRACE_SHA256=e3b0c44298fc1c149afbf4c8996fb92427ae41e4649b934ca495991b7852b855
TRACE_CANONICAL_BEGIN
TRACE_CANONICAL_END
END_CASE
CASE sc-align-trap-preserves-reservation mode=cache=cached capture=untraced
HART_SNAPSHOT_SHA256=eec52e949bbb1361c8b0163ceefba4326c0627c93816b81bb8e0c6fc74583809 HART_SNAPSHOT_LEN=1198
RAM_SHA256=051a152cc96ebdb342e6629b02d9cafd6e64000269ad41fd84ed7b9c45121d97
RAM_CHANGED=none
RESULT=trapped=StoreAddrMisaligned,tval=0x0000000080002002
REGS=pc:0x0000000080000000,x1:0x0000000000000000,x4:0x0000000000000000,x5:0x0000000000000000,x6:0x0000000000000099,x7:0x0000000000000000,x8:0x0000000000000000
MMIO_UART_ORDER=
MMIO_DEVICE_HITS=0x0000000010001000:0,0x0000000010000000:0
MMIO_ORDER=
CONTROL_BEFORE_HART_SHA256=eec52e949bbb1361c8b0163ceefba4326c0627c93816b81bb8e0c6fc74583809
TRACE_RECORDS=0
TRACE_SHA256=none
TRACE_CANONICAL=none
END_CASE
CASE sc-align-trap-preserves-reservation mode=cache=cached capture=recording
HART_SNAPSHOT_SHA256=eec52e949bbb1361c8b0163ceefba4326c0627c93816b81bb8e0c6fc74583809 HART_SNAPSHOT_LEN=1198
RAM_SHA256=051a152cc96ebdb342e6629b02d9cafd6e64000269ad41fd84ed7b9c45121d97
RAM_CHANGED=none
RESULT=trapped=StoreAddrMisaligned,tval=0x0000000080002002
REGS=pc:0x0000000080000000,x1:0x0000000000000000,x4:0x0000000000000000,x5:0x0000000000000000,x6:0x0000000000000099,x7:0x0000000000000000,x8:0x0000000000000000
MMIO_UART_ORDER=
MMIO_DEVICE_HITS=0x0000000010001000:0,0x0000000010000000:0
MMIO_ORDER=
CONTROL_BEFORE_HART_SHA256=eec52e949bbb1361c8b0163ceefba4326c0627c93816b81bb8e0c6fc74583809
TRACE_RECORDS=0
TRACE_SHA256=e3b0c44298fc1c149afbf4c8996fb92427ae41e4649b934ca495991b7852b855
TRACE_CANONICAL_BEGIN
TRACE_CANONICAL_END
END_CASE
CASE sc-d-align-trap-preserves-reservation direct=unit
HART_SNAPSHOT_SHA256=517956cc49a28e6dd863b8ca2a600f773d8e2bab8911bc91627c8f141d57e80a HART_SNAPSHOT_LEN=1198
RAM_SHA256=a2967cbce8da0259e674ffcf90123dc2c7bcde8cffc02f12a64d5fc1dc7d0ebc
RAM_CHANGED=none
RESULT=trap:StoreAddrMisaligned,tval=0x0000000080002002 RETIRED=0
RESERVATION=0x0000000080002002/8
MMIO_UART_ORDER=
BUS_EVENTS=L16@0x0000000080000000=0x32af,L16@0x0000000080000002=0x1865
TRACE_RECORDS=0
TRACE_SHA256=none
TRACE_CANONICAL=none
END_CASE
CASE sc-d-align-trap-preserves-reservation direct=recording
HART_SNAPSHOT_SHA256=517956cc49a28e6dd863b8ca2a600f773d8e2bab8911bc91627c8f141d57e80a HART_SNAPSHOT_LEN=1198
RAM_SHA256=a2967cbce8da0259e674ffcf90123dc2c7bcde8cffc02f12a64d5fc1dc7d0ebc
RAM_CHANGED=none
RESULT=trap:StoreAddrMisaligned,tval=0x0000000080002002 RETIRED=0
RESERVATION=0x0000000080002002/8
MMIO_UART_ORDER=
BUS_EVENTS=L16@0x0000000080000000=0x32af,L16@0x0000000080000002=0x1865
TRACE_RECORDS=0
TRACE_SHA256=e3b0c44298fc1c149afbf4c8996fb92427ae41e4649b934ca495991b7852b855
TRACE_CANONICAL_BEGIN
TRACE_CANONICAL_END
END_CASE
CASE sc-d-align-trap-preserves-reservation mode=cache=ordinary capture=untraced
HART_SNAPSHOT_SHA256=517956cc49a28e6dd863b8ca2a600f773d8e2bab8911bc91627c8f141d57e80a HART_SNAPSHOT_LEN=1198
RAM_SHA256=a2967cbce8da0259e674ffcf90123dc2c7bcde8cffc02f12a64d5fc1dc7d0ebc
RAM_CHANGED=none
RESULT=trapped=StoreAddrMisaligned,tval=0x0000000080002002
REGS=pc:0x0000000080000000,x1:0x0000000000000000,x4:0x0000000000000000,x5:0x0000000000000000,x6:0x0000000000000099,x7:0x0000000000000000,x8:0x0000000000000000
MMIO_UART_ORDER=
MMIO_DEVICE_HITS=0x0000000010001000:0,0x0000000010000000:0
MMIO_ORDER=
CONTROL_BEFORE_HART_SHA256=517956cc49a28e6dd863b8ca2a600f773d8e2bab8911bc91627c8f141d57e80a
TRACE_RECORDS=0
TRACE_SHA256=none
TRACE_CANONICAL=none
END_CASE
CASE sc-d-align-trap-preserves-reservation mode=cache=ordinary capture=recording
HART_SNAPSHOT_SHA256=517956cc49a28e6dd863b8ca2a600f773d8e2bab8911bc91627c8f141d57e80a HART_SNAPSHOT_LEN=1198
RAM_SHA256=a2967cbce8da0259e674ffcf90123dc2c7bcde8cffc02f12a64d5fc1dc7d0ebc
RAM_CHANGED=none
RESULT=trapped=StoreAddrMisaligned,tval=0x0000000080002002
REGS=pc:0x0000000080000000,x1:0x0000000000000000,x4:0x0000000000000000,x5:0x0000000000000000,x6:0x0000000000000099,x7:0x0000000000000000,x8:0x0000000000000000
MMIO_UART_ORDER=
MMIO_DEVICE_HITS=0x0000000010001000:0,0x0000000010000000:0
MMIO_ORDER=
CONTROL_BEFORE_HART_SHA256=517956cc49a28e6dd863b8ca2a600f773d8e2bab8911bc91627c8f141d57e80a
TRACE_RECORDS=0
TRACE_SHA256=e3b0c44298fc1c149afbf4c8996fb92427ae41e4649b934ca495991b7852b855
TRACE_CANONICAL_BEGIN
TRACE_CANONICAL_END
END_CASE
CASE sc-d-align-trap-preserves-reservation mode=cache=cached capture=untraced
HART_SNAPSHOT_SHA256=517956cc49a28e6dd863b8ca2a600f773d8e2bab8911bc91627c8f141d57e80a HART_SNAPSHOT_LEN=1198
RAM_SHA256=a2967cbce8da0259e674ffcf90123dc2c7bcde8cffc02f12a64d5fc1dc7d0ebc
RAM_CHANGED=none
RESULT=trapped=StoreAddrMisaligned,tval=0x0000000080002002
REGS=pc:0x0000000080000000,x1:0x0000000000000000,x4:0x0000000000000000,x5:0x0000000000000000,x6:0x0000000000000099,x7:0x0000000000000000,x8:0x0000000000000000
MMIO_UART_ORDER=
MMIO_DEVICE_HITS=0x0000000010001000:0,0x0000000010000000:0
MMIO_ORDER=
CONTROL_BEFORE_HART_SHA256=517956cc49a28e6dd863b8ca2a600f773d8e2bab8911bc91627c8f141d57e80a
TRACE_RECORDS=0
TRACE_SHA256=none
TRACE_CANONICAL=none
END_CASE
CASE sc-d-align-trap-preserves-reservation mode=cache=cached capture=recording
HART_SNAPSHOT_SHA256=517956cc49a28e6dd863b8ca2a600f773d8e2bab8911bc91627c8f141d57e80a HART_SNAPSHOT_LEN=1198
RAM_SHA256=a2967cbce8da0259e674ffcf90123dc2c7bcde8cffc02f12a64d5fc1dc7d0ebc
RAM_CHANGED=none
RESULT=trapped=StoreAddrMisaligned,tval=0x0000000080002002
REGS=pc:0x0000000080000000,x1:0x0000000000000000,x4:0x0000000000000000,x5:0x0000000000000000,x6:0x0000000000000099,x7:0x0000000000000000,x8:0x0000000000000000
MMIO_UART_ORDER=
MMIO_DEVICE_HITS=0x0000000010001000:0,0x0000000010000000:0
MMIO_ORDER=
CONTROL_BEFORE_HART_SHA256=517956cc49a28e6dd863b8ca2a600f773d8e2bab8911bc91627c8f141d57e80a
TRACE_RECORDS=0
TRACE_SHA256=e3b0c44298fc1c149afbf4c8996fb92427ae41e4649b934ca495991b7852b855
TRACE_CANONICAL_BEGIN
TRACE_CANONICAL_END
END_CASE
CASE sc-access-fault-consumes-reservation direct=unit
HART_SNAPSHOT_SHA256=edd75c8d2e9560f8c42322cfd88eb53cac586f1f33da75ac91c5fa34d1b5314f HART_SNAPSHOT_LEN=1189
RAM_SHA256=051a152cc96ebdb342e6629b02d9cafd6e64000269ad41fd84ed7b9c45121d97
RAM_CHANGED=none
RESULT=trap:StoreAccessFault,tval=0x0000000080008100 RETIRED=0
RESERVATION=none
MMIO_UART_ORDER=
BUS_EVENTS=L16@0x0000000080000000=0x22af,L16@0x0000000080000002=0x1865,S32@0x0000000080008100<=0x0000000000000099:ERR:Access
TRACE_RECORDS=0
TRACE_SHA256=none
TRACE_CANONICAL=none
END_CASE
CASE sc-access-fault-consumes-reservation direct=recording
HART_SNAPSHOT_SHA256=edd75c8d2e9560f8c42322cfd88eb53cac586f1f33da75ac91c5fa34d1b5314f HART_SNAPSHOT_LEN=1189
RAM_SHA256=051a152cc96ebdb342e6629b02d9cafd6e64000269ad41fd84ed7b9c45121d97
RAM_CHANGED=none
RESULT=trap:StoreAccessFault,tval=0x0000000080008100 RETIRED=0
RESERVATION=none
MMIO_UART_ORDER=
BUS_EVENTS=L16@0x0000000080000000=0x22af,L16@0x0000000080000002=0x1865,S32@0x0000000080008100<=0x0000000000000099:ERR:Access
TRACE_RECORDS=0
TRACE_SHA256=e3b0c44298fc1c149afbf4c8996fb92427ae41e4649b934ca495991b7852b855
TRACE_CANONICAL_BEGIN
TRACE_CANONICAL_END
END_CASE
CASE sc-access-fault-consumes-reservation mode=cache=ordinary capture=untraced
HART_SNAPSHOT_SHA256=edd75c8d2e9560f8c42322cfd88eb53cac586f1f33da75ac91c5fa34d1b5314f HART_SNAPSHOT_LEN=1189
RAM_SHA256=051a152cc96ebdb342e6629b02d9cafd6e64000269ad41fd84ed7b9c45121d97
RAM_CHANGED=none
RESULT=trapped=StoreAccessFault,tval=0x0000000080008100
REGS=pc:0x0000000080000000,x1:0x0000000000000000,x4:0x0000000000000000,x5:0x0000000000000000,x6:0x0000000000000099,x7:0x0000000000000000,x8:0x0000000000000000
MMIO_UART_ORDER=
MMIO_DEVICE_HITS=0x0000000010001000:0,0x0000000010000000:0
MMIO_ORDER=
CONTROL_BEFORE_HART_SHA256=2fdf3575f8e651b3063b961751c8c9678cc899760237ba2ff6f92ed1782c6618
TRACE_RECORDS=0
TRACE_SHA256=none
TRACE_CANONICAL=none
END_CASE
CASE sc-access-fault-consumes-reservation mode=cache=ordinary capture=recording
HART_SNAPSHOT_SHA256=edd75c8d2e9560f8c42322cfd88eb53cac586f1f33da75ac91c5fa34d1b5314f HART_SNAPSHOT_LEN=1189
RAM_SHA256=051a152cc96ebdb342e6629b02d9cafd6e64000269ad41fd84ed7b9c45121d97
RAM_CHANGED=none
RESULT=trapped=StoreAccessFault,tval=0x0000000080008100
REGS=pc:0x0000000080000000,x1:0x0000000000000000,x4:0x0000000000000000,x5:0x0000000000000000,x6:0x0000000000000099,x7:0x0000000000000000,x8:0x0000000000000000
MMIO_UART_ORDER=
MMIO_DEVICE_HITS=0x0000000010001000:0,0x0000000010000000:0
MMIO_ORDER=
CONTROL_BEFORE_HART_SHA256=2fdf3575f8e651b3063b961751c8c9678cc899760237ba2ff6f92ed1782c6618
TRACE_RECORDS=0
TRACE_SHA256=e3b0c44298fc1c149afbf4c8996fb92427ae41e4649b934ca495991b7852b855
TRACE_CANONICAL_BEGIN
TRACE_CANONICAL_END
END_CASE
CASE sc-access-fault-consumes-reservation mode=cache=cached capture=untraced
HART_SNAPSHOT_SHA256=edd75c8d2e9560f8c42322cfd88eb53cac586f1f33da75ac91c5fa34d1b5314f HART_SNAPSHOT_LEN=1189
RAM_SHA256=051a152cc96ebdb342e6629b02d9cafd6e64000269ad41fd84ed7b9c45121d97
RAM_CHANGED=none
RESULT=trapped=StoreAccessFault,tval=0x0000000080008100
REGS=pc:0x0000000080000000,x1:0x0000000000000000,x4:0x0000000000000000,x5:0x0000000000000000,x6:0x0000000000000099,x7:0x0000000000000000,x8:0x0000000000000000
MMIO_UART_ORDER=
MMIO_DEVICE_HITS=0x0000000010001000:0,0x0000000010000000:0
MMIO_ORDER=
CONTROL_BEFORE_HART_SHA256=2fdf3575f8e651b3063b961751c8c9678cc899760237ba2ff6f92ed1782c6618
TRACE_RECORDS=0
TRACE_SHA256=none
TRACE_CANONICAL=none
END_CASE
CASE sc-access-fault-consumes-reservation mode=cache=cached capture=recording
HART_SNAPSHOT_SHA256=edd75c8d2e9560f8c42322cfd88eb53cac586f1f33da75ac91c5fa34d1b5314f HART_SNAPSHOT_LEN=1189
RAM_SHA256=051a152cc96ebdb342e6629b02d9cafd6e64000269ad41fd84ed7b9c45121d97
RAM_CHANGED=none
RESULT=trapped=StoreAccessFault,tval=0x0000000080008100
REGS=pc:0x0000000080000000,x1:0x0000000000000000,x4:0x0000000000000000,x5:0x0000000000000000,x6:0x0000000000000099,x7:0x0000000000000000,x8:0x0000000000000000
MMIO_UART_ORDER=
MMIO_DEVICE_HITS=0x0000000010001000:0,0x0000000010000000:0
MMIO_ORDER=
CONTROL_BEFORE_HART_SHA256=2fdf3575f8e651b3063b961751c8c9678cc899760237ba2ff6f92ed1782c6618
TRACE_RECORDS=0
TRACE_SHA256=e3b0c44298fc1c149afbf4c8996fb92427ae41e4649b934ca495991b7852b855
TRACE_CANONICAL_BEGIN
TRACE_CANONICAL_END
END_CASE
CASE sc-d-access-fault-consumes-reservation direct=unit
HART_SNAPSHOT_SHA256=edd75c8d2e9560f8c42322cfd88eb53cac586f1f33da75ac91c5fa34d1b5314f HART_SNAPSHOT_LEN=1189
RAM_SHA256=a2967cbce8da0259e674ffcf90123dc2c7bcde8cffc02f12a64d5fc1dc7d0ebc
RAM_CHANGED=none
RESULT=trap:StoreAccessFault,tval=0x0000000080008100 RETIRED=0
RESERVATION=none
MMIO_UART_ORDER=
BUS_EVENTS=L16@0x0000000080000000=0x32af,L16@0x0000000080000002=0x1865,S64@0x0000000080008100<=0x0000000000000099:ERR:Access
TRACE_RECORDS=0
TRACE_SHA256=none
TRACE_CANONICAL=none
END_CASE
CASE sc-d-access-fault-consumes-reservation direct=recording
HART_SNAPSHOT_SHA256=edd75c8d2e9560f8c42322cfd88eb53cac586f1f33da75ac91c5fa34d1b5314f HART_SNAPSHOT_LEN=1189
RAM_SHA256=a2967cbce8da0259e674ffcf90123dc2c7bcde8cffc02f12a64d5fc1dc7d0ebc
RAM_CHANGED=none
RESULT=trap:StoreAccessFault,tval=0x0000000080008100 RETIRED=0
RESERVATION=none
MMIO_UART_ORDER=
BUS_EVENTS=L16@0x0000000080000000=0x32af,L16@0x0000000080000002=0x1865,S64@0x0000000080008100<=0x0000000000000099:ERR:Access
TRACE_RECORDS=0
TRACE_SHA256=e3b0c44298fc1c149afbf4c8996fb92427ae41e4649b934ca495991b7852b855
TRACE_CANONICAL_BEGIN
TRACE_CANONICAL_END
END_CASE
CASE sc-d-access-fault-consumes-reservation mode=cache=ordinary capture=untraced
HART_SNAPSHOT_SHA256=edd75c8d2e9560f8c42322cfd88eb53cac586f1f33da75ac91c5fa34d1b5314f HART_SNAPSHOT_LEN=1189
RAM_SHA256=a2967cbce8da0259e674ffcf90123dc2c7bcde8cffc02f12a64d5fc1dc7d0ebc
RAM_CHANGED=none
RESULT=trapped=StoreAccessFault,tval=0x0000000080008100
REGS=pc:0x0000000080000000,x1:0x0000000000000000,x4:0x0000000000000000,x5:0x0000000000000000,x6:0x0000000000000099,x7:0x0000000000000000,x8:0x0000000000000000
MMIO_UART_ORDER=
MMIO_DEVICE_HITS=0x0000000010001000:0,0x0000000010000000:0
MMIO_ORDER=
CONTROL_BEFORE_HART_SHA256=e4db5d2009ff477918311363fd4304d6073cdd3e4bc4c16d5f1c30675dfe564a
TRACE_RECORDS=0
TRACE_SHA256=none
TRACE_CANONICAL=none
END_CASE
CASE sc-d-access-fault-consumes-reservation mode=cache=ordinary capture=recording
HART_SNAPSHOT_SHA256=edd75c8d2e9560f8c42322cfd88eb53cac586f1f33da75ac91c5fa34d1b5314f HART_SNAPSHOT_LEN=1189
RAM_SHA256=a2967cbce8da0259e674ffcf90123dc2c7bcde8cffc02f12a64d5fc1dc7d0ebc
RAM_CHANGED=none
RESULT=trapped=StoreAccessFault,tval=0x0000000080008100
REGS=pc:0x0000000080000000,x1:0x0000000000000000,x4:0x0000000000000000,x5:0x0000000000000000,x6:0x0000000000000099,x7:0x0000000000000000,x8:0x0000000000000000
MMIO_UART_ORDER=
MMIO_DEVICE_HITS=0x0000000010001000:0,0x0000000010000000:0
MMIO_ORDER=
CONTROL_BEFORE_HART_SHA256=e4db5d2009ff477918311363fd4304d6073cdd3e4bc4c16d5f1c30675dfe564a
TRACE_RECORDS=0
TRACE_SHA256=e3b0c44298fc1c149afbf4c8996fb92427ae41e4649b934ca495991b7852b855
TRACE_CANONICAL_BEGIN
TRACE_CANONICAL_END
END_CASE
CASE sc-d-access-fault-consumes-reservation mode=cache=cached capture=untraced
HART_SNAPSHOT_SHA256=edd75c8d2e9560f8c42322cfd88eb53cac586f1f33da75ac91c5fa34d1b5314f HART_SNAPSHOT_LEN=1189
RAM_SHA256=a2967cbce8da0259e674ffcf90123dc2c7bcde8cffc02f12a64d5fc1dc7d0ebc
RAM_CHANGED=none
RESULT=trapped=StoreAccessFault,tval=0x0000000080008100
REGS=pc:0x0000000080000000,x1:0x0000000000000000,x4:0x0000000000000000,x5:0x0000000000000000,x6:0x0000000000000099,x7:0x0000000000000000,x8:0x0000000000000000
MMIO_UART_ORDER=
MMIO_DEVICE_HITS=0x0000000010001000:0,0x0000000010000000:0
MMIO_ORDER=
CONTROL_BEFORE_HART_SHA256=e4db5d2009ff477918311363fd4304d6073cdd3e4bc4c16d5f1c30675dfe564a
TRACE_RECORDS=0
TRACE_SHA256=none
TRACE_CANONICAL=none
END_CASE
CASE sc-d-access-fault-consumes-reservation mode=cache=cached capture=recording
HART_SNAPSHOT_SHA256=edd75c8d2e9560f8c42322cfd88eb53cac586f1f33da75ac91c5fa34d1b5314f HART_SNAPSHOT_LEN=1189
RAM_SHA256=a2967cbce8da0259e674ffcf90123dc2c7bcde8cffc02f12a64d5fc1dc7d0ebc
RAM_CHANGED=none
RESULT=trapped=StoreAccessFault,tval=0x0000000080008100
REGS=pc:0x0000000080000000,x1:0x0000000000000000,x4:0x0000000000000000,x5:0x0000000000000000,x6:0x0000000000000099,x7:0x0000000000000000,x8:0x0000000000000000
MMIO_UART_ORDER=
MMIO_DEVICE_HITS=0x0000000010001000:0,0x0000000010000000:0
MMIO_ORDER=
CONTROL_BEFORE_HART_SHA256=e4db5d2009ff477918311363fd4304d6073cdd3e4bc4c16d5f1c30675dfe564a
TRACE_RECORDS=0
TRACE_SHA256=e3b0c44298fc1c149afbf4c8996fb92427ae41e4649b934ca495991b7852b855
TRACE_CANONICAL_BEGIN
TRACE_CANONICAL_END
END_CASE
CASE amo-w-old-new-overlap=false direct=unit
HART_SNAPSHOT_SHA256=a20491e9d7adc331a3eaa7724a4454bc47f0c9ccfb910bc37d641534b7f26471 HART_SNAPSHOT_LEN=1198
RAM_SHA256=b5e66503f8d26cb8f3a2528388b4f8070ab1cfc3943fad32aad6a74091a33202
RAM_CHANGED=0x80002000:07
RESULT=ok RETIRED=1
RESERVATION=0x0000000080002010/4
MMIO_UART_ORDER=
BUS_EVENTS=L16@0x0000000080000000=0x22af,L16@0x0000000080000002=0x65,L32@0x0000000080002000=0x4,S32@0x0000000080002000<=0x0000000000000007:OK
TRACE_RECORDS=0
TRACE_SHA256=none
TRACE_CANONICAL=none
END_CASE
CASE amo-w-old-new-overlap=false direct=recording
HART_SNAPSHOT_SHA256=a20491e9d7adc331a3eaa7724a4454bc47f0c9ccfb910bc37d641534b7f26471 HART_SNAPSHOT_LEN=1198
RAM_SHA256=b5e66503f8d26cb8f3a2528388b4f8070ab1cfc3943fad32aad6a74091a33202
RAM_CHANGED=0x80002000:07
RESULT=ok RETIRED=1
RESERVATION=0x0000000080002010/4
MMIO_UART_ORDER=
BUS_EVENTS=L16@0x0000000080000000=0x22af,L16@0x0000000080000002=0x65,L32@0x0000000080002000=0x4,S32@0x0000000080002000<=0x0000000000000007:OK
TRACE_RECORDS=1
TRACE_SHA256=6ea2dec5b3a072f88cf1094d9293306e19d24df7a2a2232d771a96be5030fd49
TRACE_CANONICAL_BEGIN
core 0: 0x0000000080000000 (0x006522af) x5 0x0000000000000004 mem 0x0000000080002000 0x00000007
TRACE_CANONICAL_END
END_CASE
CASE amo-w-old-new-overlap=false mode=cache=ordinary capture=untraced
HART_SNAPSHOT_SHA256=a20491e9d7adc331a3eaa7724a4454bc47f0c9ccfb910bc37d641534b7f26471 HART_SNAPSHOT_LEN=1198
RAM_SHA256=b5e66503f8d26cb8f3a2528388b4f8070ab1cfc3943fad32aad6a74091a33202
RAM_CHANGED=0x80002000:07
RESULT=max-instrs
REGS=pc:0x0000000080000004,x1:0x0000000000000000,x4:0x0000000000000000,x5:0x0000000000000004,x6:0x0000000000000003,x7:0x0000000000000000,x8:0x0000000000000000
MMIO_UART_ORDER=
MMIO_DEVICE_HITS=0x0000000010001000:0,0x0000000010000000:0
MMIO_ORDER=
CONTROL_BEFORE_HART_SHA256=421e6357c2e74783df0b4f4353d24fdd3393e1d55d051f1250d29311cd4fcbde
TRACE_RECORDS=0
TRACE_SHA256=none
TRACE_CANONICAL=none
END_CASE
CASE amo-w-old-new-overlap=false mode=cache=ordinary capture=recording
HART_SNAPSHOT_SHA256=a20491e9d7adc331a3eaa7724a4454bc47f0c9ccfb910bc37d641534b7f26471 HART_SNAPSHOT_LEN=1198
RAM_SHA256=b5e66503f8d26cb8f3a2528388b4f8070ab1cfc3943fad32aad6a74091a33202
RAM_CHANGED=0x80002000:07
RESULT=max-instrs
REGS=pc:0x0000000080000004,x1:0x0000000000000000,x4:0x0000000000000000,x5:0x0000000000000004,x6:0x0000000000000003,x7:0x0000000000000000,x8:0x0000000000000000
MMIO_UART_ORDER=
MMIO_DEVICE_HITS=0x0000000010001000:0,0x0000000010000000:0
MMIO_ORDER=
CONTROL_BEFORE_HART_SHA256=421e6357c2e74783df0b4f4353d24fdd3393e1d55d051f1250d29311cd4fcbde
TRACE_RECORDS=1
TRACE_SHA256=6ea2dec5b3a072f88cf1094d9293306e19d24df7a2a2232d771a96be5030fd49
TRACE_CANONICAL_BEGIN
core 0: 0x0000000080000000 (0x006522af) x5 0x0000000000000004 mem 0x0000000080002000 0x00000007
TRACE_CANONICAL_END
END_CASE
CASE amo-w-old-new-overlap=false mode=cache=cached capture=untraced
HART_SNAPSHOT_SHA256=a20491e9d7adc331a3eaa7724a4454bc47f0c9ccfb910bc37d641534b7f26471 HART_SNAPSHOT_LEN=1198
RAM_SHA256=b5e66503f8d26cb8f3a2528388b4f8070ab1cfc3943fad32aad6a74091a33202
RAM_CHANGED=0x80002000:07
RESULT=max-instrs
REGS=pc:0x0000000080000004,x1:0x0000000000000000,x4:0x0000000000000000,x5:0x0000000000000004,x6:0x0000000000000003,x7:0x0000000000000000,x8:0x0000000000000000
MMIO_UART_ORDER=
MMIO_DEVICE_HITS=0x0000000010001000:0,0x0000000010000000:0
MMIO_ORDER=
CONTROL_BEFORE_HART_SHA256=421e6357c2e74783df0b4f4353d24fdd3393e1d55d051f1250d29311cd4fcbde
TRACE_RECORDS=0
TRACE_SHA256=none
TRACE_CANONICAL=none
END_CASE
CASE amo-w-old-new-overlap=false mode=cache=cached capture=recording
HART_SNAPSHOT_SHA256=a20491e9d7adc331a3eaa7724a4454bc47f0c9ccfb910bc37d641534b7f26471 HART_SNAPSHOT_LEN=1198
RAM_SHA256=b5e66503f8d26cb8f3a2528388b4f8070ab1cfc3943fad32aad6a74091a33202
RAM_CHANGED=0x80002000:07
RESULT=max-instrs
REGS=pc:0x0000000080000004,x1:0x0000000000000000,x4:0x0000000000000000,x5:0x0000000000000004,x6:0x0000000000000003,x7:0x0000000000000000,x8:0x0000000000000000
MMIO_UART_ORDER=
MMIO_DEVICE_HITS=0x0000000010001000:0,0x0000000010000000:0
MMIO_ORDER=
CONTROL_BEFORE_HART_SHA256=421e6357c2e74783df0b4f4353d24fdd3393e1d55d051f1250d29311cd4fcbde
TRACE_RECORDS=1
TRACE_SHA256=6ea2dec5b3a072f88cf1094d9293306e19d24df7a2a2232d771a96be5030fd49
TRACE_CANONICAL_BEGIN
core 0: 0x0000000080000000 (0x006522af) x5 0x0000000000000004 mem 0x0000000080002000 0x00000007
TRACE_CANONICAL_END
END_CASE
CASE amo-w-old-new-overlap=true direct=unit
HART_SNAPSHOT_SHA256=2eace73c845967e5ad426f44f96175e5c17ffb8e8fb4cd82dc5be464f94f8c2a HART_SNAPSHOT_LEN=1189
RAM_SHA256=b5e66503f8d26cb8f3a2528388b4f8070ab1cfc3943fad32aad6a74091a33202
RAM_CHANGED=0x80002000:07
RESULT=ok RETIRED=1
RESERVATION=none
MMIO_UART_ORDER=
BUS_EVENTS=L16@0x0000000080000000=0x22af,L16@0x0000000080000002=0x65,L32@0x0000000080002000=0x4,S32@0x0000000080002000<=0x0000000000000007:OK
TRACE_RECORDS=0
TRACE_SHA256=none
TRACE_CANONICAL=none
END_CASE
CASE amo-w-old-new-overlap=true direct=recording
HART_SNAPSHOT_SHA256=2eace73c845967e5ad426f44f96175e5c17ffb8e8fb4cd82dc5be464f94f8c2a HART_SNAPSHOT_LEN=1189
RAM_SHA256=b5e66503f8d26cb8f3a2528388b4f8070ab1cfc3943fad32aad6a74091a33202
RAM_CHANGED=0x80002000:07
RESULT=ok RETIRED=1
RESERVATION=none
MMIO_UART_ORDER=
BUS_EVENTS=L16@0x0000000080000000=0x22af,L16@0x0000000080000002=0x65,L32@0x0000000080002000=0x4,S32@0x0000000080002000<=0x0000000000000007:OK
TRACE_RECORDS=1
TRACE_SHA256=6ea2dec5b3a072f88cf1094d9293306e19d24df7a2a2232d771a96be5030fd49
TRACE_CANONICAL_BEGIN
core 0: 0x0000000080000000 (0x006522af) x5 0x0000000000000004 mem 0x0000000080002000 0x00000007
TRACE_CANONICAL_END
END_CASE
CASE amo-w-old-new-overlap=true mode=cache=ordinary capture=untraced
HART_SNAPSHOT_SHA256=2eace73c845967e5ad426f44f96175e5c17ffb8e8fb4cd82dc5be464f94f8c2a HART_SNAPSHOT_LEN=1189
RAM_SHA256=b5e66503f8d26cb8f3a2528388b4f8070ab1cfc3943fad32aad6a74091a33202
RAM_CHANGED=0x80002000:07
RESULT=max-instrs
REGS=pc:0x0000000080000004,x1:0x0000000000000000,x4:0x0000000000000000,x5:0x0000000000000004,x6:0x0000000000000003,x7:0x0000000000000000,x8:0x0000000000000000
MMIO_UART_ORDER=
MMIO_DEVICE_HITS=0x0000000010001000:0,0x0000000010000000:0
MMIO_ORDER=
CONTROL_BEFORE_HART_SHA256=0b9bd8e3fd7d4d54ec67efe6cb4bff156a6be8cb0229c3612c5b698067b84a10
TRACE_RECORDS=0
TRACE_SHA256=none
TRACE_CANONICAL=none
END_CASE
CASE amo-w-old-new-overlap=true mode=cache=ordinary capture=recording
HART_SNAPSHOT_SHA256=2eace73c845967e5ad426f44f96175e5c17ffb8e8fb4cd82dc5be464f94f8c2a HART_SNAPSHOT_LEN=1189
RAM_SHA256=b5e66503f8d26cb8f3a2528388b4f8070ab1cfc3943fad32aad6a74091a33202
RAM_CHANGED=0x80002000:07
RESULT=max-instrs
REGS=pc:0x0000000080000004,x1:0x0000000000000000,x4:0x0000000000000000,x5:0x0000000000000004,x6:0x0000000000000003,x7:0x0000000000000000,x8:0x0000000000000000
MMIO_UART_ORDER=
MMIO_DEVICE_HITS=0x0000000010001000:0,0x0000000010000000:0
MMIO_ORDER=
CONTROL_BEFORE_HART_SHA256=0b9bd8e3fd7d4d54ec67efe6cb4bff156a6be8cb0229c3612c5b698067b84a10
TRACE_RECORDS=1
TRACE_SHA256=6ea2dec5b3a072f88cf1094d9293306e19d24df7a2a2232d771a96be5030fd49
TRACE_CANONICAL_BEGIN
core 0: 0x0000000080000000 (0x006522af) x5 0x0000000000000004 mem 0x0000000080002000 0x00000007
TRACE_CANONICAL_END
END_CASE
CASE amo-w-old-new-overlap=true mode=cache=cached capture=untraced
HART_SNAPSHOT_SHA256=2eace73c845967e5ad426f44f96175e5c17ffb8e8fb4cd82dc5be464f94f8c2a HART_SNAPSHOT_LEN=1189
RAM_SHA256=b5e66503f8d26cb8f3a2528388b4f8070ab1cfc3943fad32aad6a74091a33202
RAM_CHANGED=0x80002000:07
RESULT=max-instrs
REGS=pc:0x0000000080000004,x1:0x0000000000000000,x4:0x0000000000000000,x5:0x0000000000000004,x6:0x0000000000000003,x7:0x0000000000000000,x8:0x0000000000000000
MMIO_UART_ORDER=
MMIO_DEVICE_HITS=0x0000000010001000:0,0x0000000010000000:0
MMIO_ORDER=
CONTROL_BEFORE_HART_SHA256=0b9bd8e3fd7d4d54ec67efe6cb4bff156a6be8cb0229c3612c5b698067b84a10
TRACE_RECORDS=0
TRACE_SHA256=none
TRACE_CANONICAL=none
END_CASE
CASE amo-w-old-new-overlap=true mode=cache=cached capture=recording
HART_SNAPSHOT_SHA256=2eace73c845967e5ad426f44f96175e5c17ffb8e8fb4cd82dc5be464f94f8c2a HART_SNAPSHOT_LEN=1189
RAM_SHA256=b5e66503f8d26cb8f3a2528388b4f8070ab1cfc3943fad32aad6a74091a33202
RAM_CHANGED=0x80002000:07
RESULT=max-instrs
REGS=pc:0x0000000080000004,x1:0x0000000000000000,x4:0x0000000000000000,x5:0x0000000000000004,x6:0x0000000000000003,x7:0x0000000000000000,x8:0x0000000000000000
MMIO_UART_ORDER=
MMIO_DEVICE_HITS=0x0000000010001000:0,0x0000000010000000:0
MMIO_ORDER=
CONTROL_BEFORE_HART_SHA256=0b9bd8e3fd7d4d54ec67efe6cb4bff156a6be8cb0229c3612c5b698067b84a10
TRACE_RECORDS=1
TRACE_SHA256=6ea2dec5b3a072f88cf1094d9293306e19d24df7a2a2232d771a96be5030fd49
TRACE_CANONICAL_BEGIN
core 0: 0x0000000080000000 (0x006522af) x5 0x0000000000000004 mem 0x0000000080002000 0x00000007
TRACE_CANONICAL_END
END_CASE
CASE amo-w-sign-extended-old-overlap=false direct=unit
HART_SNAPSHOT_SHA256=72ea9de2fdf498e580ced3637db28f14b0056348a8a66cd54a2f6a6950fa69f1 HART_SNAPSHOT_LEN=1198
RAM_SHA256=32593c5c6414ac7f96fb68f497917f5e13b734e86fb3605e5e2cb172c4f4a5e4
RAM_CHANGED=0x80002000:01000000
RESULT=ok RETIRED=1
RESERVATION=0x0000000080002010/4
MMIO_UART_ORDER=
BUS_EVENTS=L16@0x0000000080000000=0x22af,L16@0x0000000080000002=0x65,L32@0x0000000080002000=0xfffffffe,S32@0x0000000080002000<=0x0000000000000001:OK
TRACE_RECORDS=0
TRACE_SHA256=none
TRACE_CANONICAL=none
END_CASE
CASE amo-w-sign-extended-old-overlap=false direct=recording
HART_SNAPSHOT_SHA256=72ea9de2fdf498e580ced3637db28f14b0056348a8a66cd54a2f6a6950fa69f1 HART_SNAPSHOT_LEN=1198
RAM_SHA256=32593c5c6414ac7f96fb68f497917f5e13b734e86fb3605e5e2cb172c4f4a5e4
RAM_CHANGED=0x80002000:01000000
RESULT=ok RETIRED=1
RESERVATION=0x0000000080002010/4
MMIO_UART_ORDER=
BUS_EVENTS=L16@0x0000000080000000=0x22af,L16@0x0000000080000002=0x65,L32@0x0000000080002000=0xfffffffe,S32@0x0000000080002000<=0x0000000000000001:OK
TRACE_RECORDS=1
TRACE_SHA256=f8a933c8d158751c1d49d256208397ffb1cccc1d8098abcc50b4f2e61e876c48
TRACE_CANONICAL_BEGIN
core 0: 0x0000000080000000 (0x006522af) x5 0xfffffffffffffffe mem 0x0000000080002000 0x00000001
TRACE_CANONICAL_END
END_CASE
CASE amo-w-sign-extended-old-overlap=false mode=cache=ordinary capture=untraced
HART_SNAPSHOT_SHA256=72ea9de2fdf498e580ced3637db28f14b0056348a8a66cd54a2f6a6950fa69f1 HART_SNAPSHOT_LEN=1198
RAM_SHA256=32593c5c6414ac7f96fb68f497917f5e13b734e86fb3605e5e2cb172c4f4a5e4
RAM_CHANGED=0x80002000:01000000
RESULT=max-instrs
REGS=pc:0x0000000080000004,x1:0x0000000000000000,x4:0x0000000000000000,x5:0xfffffffffffffffe,x6:0x0000000000000003,x7:0x0000000000000000,x8:0x0000000000000000
MMIO_UART_ORDER=
MMIO_DEVICE_HITS=0x0000000010001000:0,0x0000000010000000:0
MMIO_ORDER=
CONTROL_BEFORE_HART_SHA256=421e6357c2e74783df0b4f4353d24fdd3393e1d55d051f1250d29311cd4fcbde
TRACE_RECORDS=0
TRACE_SHA256=none
TRACE_CANONICAL=none
END_CASE
CASE amo-w-sign-extended-old-overlap=false mode=cache=ordinary capture=recording
HART_SNAPSHOT_SHA256=72ea9de2fdf498e580ced3637db28f14b0056348a8a66cd54a2f6a6950fa69f1 HART_SNAPSHOT_LEN=1198
RAM_SHA256=32593c5c6414ac7f96fb68f497917f5e13b734e86fb3605e5e2cb172c4f4a5e4
RAM_CHANGED=0x80002000:01000000
RESULT=max-instrs
REGS=pc:0x0000000080000004,x1:0x0000000000000000,x4:0x0000000000000000,x5:0xfffffffffffffffe,x6:0x0000000000000003,x7:0x0000000000000000,x8:0x0000000000000000
MMIO_UART_ORDER=
MMIO_DEVICE_HITS=0x0000000010001000:0,0x0000000010000000:0
MMIO_ORDER=
CONTROL_BEFORE_HART_SHA256=421e6357c2e74783df0b4f4353d24fdd3393e1d55d051f1250d29311cd4fcbde
TRACE_RECORDS=1
TRACE_SHA256=f8a933c8d158751c1d49d256208397ffb1cccc1d8098abcc50b4f2e61e876c48
TRACE_CANONICAL_BEGIN
core 0: 0x0000000080000000 (0x006522af) x5 0xfffffffffffffffe mem 0x0000000080002000 0x00000001
TRACE_CANONICAL_END
END_CASE
CASE amo-w-sign-extended-old-overlap=false mode=cache=cached capture=untraced
HART_SNAPSHOT_SHA256=72ea9de2fdf498e580ced3637db28f14b0056348a8a66cd54a2f6a6950fa69f1 HART_SNAPSHOT_LEN=1198
RAM_SHA256=32593c5c6414ac7f96fb68f497917f5e13b734e86fb3605e5e2cb172c4f4a5e4
RAM_CHANGED=0x80002000:01000000
RESULT=max-instrs
REGS=pc:0x0000000080000004,x1:0x0000000000000000,x4:0x0000000000000000,x5:0xfffffffffffffffe,x6:0x0000000000000003,x7:0x0000000000000000,x8:0x0000000000000000
MMIO_UART_ORDER=
MMIO_DEVICE_HITS=0x0000000010001000:0,0x0000000010000000:0
MMIO_ORDER=
CONTROL_BEFORE_HART_SHA256=421e6357c2e74783df0b4f4353d24fdd3393e1d55d051f1250d29311cd4fcbde
TRACE_RECORDS=0
TRACE_SHA256=none
TRACE_CANONICAL=none
END_CASE
CASE amo-w-sign-extended-old-overlap=false mode=cache=cached capture=recording
HART_SNAPSHOT_SHA256=72ea9de2fdf498e580ced3637db28f14b0056348a8a66cd54a2f6a6950fa69f1 HART_SNAPSHOT_LEN=1198
RAM_SHA256=32593c5c6414ac7f96fb68f497917f5e13b734e86fb3605e5e2cb172c4f4a5e4
RAM_CHANGED=0x80002000:01000000
RESULT=max-instrs
REGS=pc:0x0000000080000004,x1:0x0000000000000000,x4:0x0000000000000000,x5:0xfffffffffffffffe,x6:0x0000000000000003,x7:0x0000000000000000,x8:0x0000000000000000
MMIO_UART_ORDER=
MMIO_DEVICE_HITS=0x0000000010001000:0,0x0000000010000000:0
MMIO_ORDER=
CONTROL_BEFORE_HART_SHA256=421e6357c2e74783df0b4f4353d24fdd3393e1d55d051f1250d29311cd4fcbde
TRACE_RECORDS=1
TRACE_SHA256=f8a933c8d158751c1d49d256208397ffb1cccc1d8098abcc50b4f2e61e876c48
TRACE_CANONICAL_BEGIN
core 0: 0x0000000080000000 (0x006522af) x5 0xfffffffffffffffe mem 0x0000000080002000 0x00000001
TRACE_CANONICAL_END
END_CASE
CASE amo-w-sign-extended-old-overlap=true direct=unit
HART_SNAPSHOT_SHA256=1a1964fe1afb4ada2291f9ce79053b428a3c2bfc46302fc7c96e21350d9be4ce HART_SNAPSHOT_LEN=1189
RAM_SHA256=32593c5c6414ac7f96fb68f497917f5e13b734e86fb3605e5e2cb172c4f4a5e4
RAM_CHANGED=0x80002000:01000000
RESULT=ok RETIRED=1
RESERVATION=none
MMIO_UART_ORDER=
BUS_EVENTS=L16@0x0000000080000000=0x22af,L16@0x0000000080000002=0x65,L32@0x0000000080002000=0xfffffffe,S32@0x0000000080002000<=0x0000000000000001:OK
TRACE_RECORDS=0
TRACE_SHA256=none
TRACE_CANONICAL=none
END_CASE
CASE amo-w-sign-extended-old-overlap=true direct=recording
HART_SNAPSHOT_SHA256=1a1964fe1afb4ada2291f9ce79053b428a3c2bfc46302fc7c96e21350d9be4ce HART_SNAPSHOT_LEN=1189
RAM_SHA256=32593c5c6414ac7f96fb68f497917f5e13b734e86fb3605e5e2cb172c4f4a5e4
RAM_CHANGED=0x80002000:01000000
RESULT=ok RETIRED=1
RESERVATION=none
MMIO_UART_ORDER=
BUS_EVENTS=L16@0x0000000080000000=0x22af,L16@0x0000000080000002=0x65,L32@0x0000000080002000=0xfffffffe,S32@0x0000000080002000<=0x0000000000000001:OK
TRACE_RECORDS=1
TRACE_SHA256=f8a933c8d158751c1d49d256208397ffb1cccc1d8098abcc50b4f2e61e876c48
TRACE_CANONICAL_BEGIN
core 0: 0x0000000080000000 (0x006522af) x5 0xfffffffffffffffe mem 0x0000000080002000 0x00000001
TRACE_CANONICAL_END
END_CASE
CASE amo-w-sign-extended-old-overlap=true mode=cache=ordinary capture=untraced
HART_SNAPSHOT_SHA256=1a1964fe1afb4ada2291f9ce79053b428a3c2bfc46302fc7c96e21350d9be4ce HART_SNAPSHOT_LEN=1189
RAM_SHA256=32593c5c6414ac7f96fb68f497917f5e13b734e86fb3605e5e2cb172c4f4a5e4
RAM_CHANGED=0x80002000:01000000
RESULT=max-instrs
REGS=pc:0x0000000080000004,x1:0x0000000000000000,x4:0x0000000000000000,x5:0xfffffffffffffffe,x6:0x0000000000000003,x7:0x0000000000000000,x8:0x0000000000000000
MMIO_UART_ORDER=
MMIO_DEVICE_HITS=0x0000000010001000:0,0x0000000010000000:0
MMIO_ORDER=
CONTROL_BEFORE_HART_SHA256=0b9bd8e3fd7d4d54ec67efe6cb4bff156a6be8cb0229c3612c5b698067b84a10
TRACE_RECORDS=0
TRACE_SHA256=none
TRACE_CANONICAL=none
END_CASE
CASE amo-w-sign-extended-old-overlap=true mode=cache=ordinary capture=recording
HART_SNAPSHOT_SHA256=1a1964fe1afb4ada2291f9ce79053b428a3c2bfc46302fc7c96e21350d9be4ce HART_SNAPSHOT_LEN=1189
RAM_SHA256=32593c5c6414ac7f96fb68f497917f5e13b734e86fb3605e5e2cb172c4f4a5e4
RAM_CHANGED=0x80002000:01000000
RESULT=max-instrs
REGS=pc:0x0000000080000004,x1:0x0000000000000000,x4:0x0000000000000000,x5:0xfffffffffffffffe,x6:0x0000000000000003,x7:0x0000000000000000,x8:0x0000000000000000
MMIO_UART_ORDER=
MMIO_DEVICE_HITS=0x0000000010001000:0,0x0000000010000000:0
MMIO_ORDER=
CONTROL_BEFORE_HART_SHA256=0b9bd8e3fd7d4d54ec67efe6cb4bff156a6be8cb0229c3612c5b698067b84a10
TRACE_RECORDS=1
TRACE_SHA256=f8a933c8d158751c1d49d256208397ffb1cccc1d8098abcc50b4f2e61e876c48
TRACE_CANONICAL_BEGIN
core 0: 0x0000000080000000 (0x006522af) x5 0xfffffffffffffffe mem 0x0000000080002000 0x00000001
TRACE_CANONICAL_END
END_CASE
CASE amo-w-sign-extended-old-overlap=true mode=cache=cached capture=untraced
HART_SNAPSHOT_SHA256=1a1964fe1afb4ada2291f9ce79053b428a3c2bfc46302fc7c96e21350d9be4ce HART_SNAPSHOT_LEN=1189
RAM_SHA256=32593c5c6414ac7f96fb68f497917f5e13b734e86fb3605e5e2cb172c4f4a5e4
RAM_CHANGED=0x80002000:01000000
RESULT=max-instrs
REGS=pc:0x0000000080000004,x1:0x0000000000000000,x4:0x0000000000000000,x5:0xfffffffffffffffe,x6:0x0000000000000003,x7:0x0000000000000000,x8:0x0000000000000000
MMIO_UART_ORDER=
MMIO_DEVICE_HITS=0x0000000010001000:0,0x0000000010000000:0
MMIO_ORDER=
CONTROL_BEFORE_HART_SHA256=0b9bd8e3fd7d4d54ec67efe6cb4bff156a6be8cb0229c3612c5b698067b84a10
TRACE_RECORDS=0
TRACE_SHA256=none
TRACE_CANONICAL=none
END_CASE
CASE amo-w-sign-extended-old-overlap=true mode=cache=cached capture=recording
HART_SNAPSHOT_SHA256=1a1964fe1afb4ada2291f9ce79053b428a3c2bfc46302fc7c96e21350d9be4ce HART_SNAPSHOT_LEN=1189
RAM_SHA256=32593c5c6414ac7f96fb68f497917f5e13b734e86fb3605e5e2cb172c4f4a5e4
RAM_CHANGED=0x80002000:01000000
RESULT=max-instrs
REGS=pc:0x0000000080000004,x1:0x0000000000000000,x4:0x0000000000000000,x5:0xfffffffffffffffe,x6:0x0000000000000003,x7:0x0000000000000000,x8:0x0000000000000000
MMIO_UART_ORDER=
MMIO_DEVICE_HITS=0x0000000010001000:0,0x0000000010000000:0
MMIO_ORDER=
CONTROL_BEFORE_HART_SHA256=0b9bd8e3fd7d4d54ec67efe6cb4bff156a6be8cb0229c3612c5b698067b84a10
TRACE_RECORDS=1
TRACE_SHA256=f8a933c8d158751c1d49d256208397ffb1cccc1d8098abcc50b4f2e61e876c48
TRACE_CANONICAL_BEGIN
core 0: 0x0000000080000000 (0x006522af) x5 0xfffffffffffffffe mem 0x0000000080002000 0x00000001
TRACE_CANONICAL_END
END_CASE
CASE amo-d-old-new-overlap=false direct=unit
HART_SNAPSHOT_SHA256=715e42ba364ba845ff0141ded333f2d9ebb459455fca98aed6874ad20f98112b HART_SNAPSHOT_LEN=1198
RAM_SHA256=53dae74eabe61b52875baef0b9aa0a619943254cd50af51b25f45dc3df1c0aa7
RAM_CHANGED=0x80002000:43
RESULT=ok RETIRED=1
RESERVATION=0x0000000080002010/8
MMIO_UART_ORDER=
BUS_EVENTS=L16@0x0000000080000000=0x32af,L16@0x0000000080000002=0x65,L64@0x0000000080002000=0x40,S64@0x0000000080002000<=0x0000000000000043:OK
TRACE_RECORDS=0
TRACE_SHA256=none
TRACE_CANONICAL=none
END_CASE
CASE amo-d-old-new-overlap=false direct=recording
HART_SNAPSHOT_SHA256=715e42ba364ba845ff0141ded333f2d9ebb459455fca98aed6874ad20f98112b HART_SNAPSHOT_LEN=1198
RAM_SHA256=53dae74eabe61b52875baef0b9aa0a619943254cd50af51b25f45dc3df1c0aa7
RAM_CHANGED=0x80002000:43
RESULT=ok RETIRED=1
RESERVATION=0x0000000080002010/8
MMIO_UART_ORDER=
BUS_EVENTS=L16@0x0000000080000000=0x32af,L16@0x0000000080000002=0x65,L64@0x0000000080002000=0x40,S64@0x0000000080002000<=0x0000000000000043:OK
TRACE_RECORDS=1
TRACE_SHA256=b851794f5bf14510bfdc4ff132667df532e60a676e7924e1aece46c9dca0c6ea
TRACE_CANONICAL_BEGIN
core 0: 0x0000000080000000 (0x006532af) x5 0x0000000000000040 mem 0x0000000080002000 0x0000000000000043
TRACE_CANONICAL_END
END_CASE
CASE amo-d-old-new-overlap=false mode=cache=ordinary capture=untraced
HART_SNAPSHOT_SHA256=715e42ba364ba845ff0141ded333f2d9ebb459455fca98aed6874ad20f98112b HART_SNAPSHOT_LEN=1198
RAM_SHA256=53dae74eabe61b52875baef0b9aa0a619943254cd50af51b25f45dc3df1c0aa7
RAM_CHANGED=0x80002000:43
RESULT=max-instrs
REGS=pc:0x0000000080000004,x1:0x0000000000000000,x4:0x0000000000000000,x5:0x0000000000000040,x6:0x0000000000000003,x7:0x0000000000000000,x8:0x0000000000000000
MMIO_UART_ORDER=
MMIO_DEVICE_HITS=0x0000000010001000:0,0x0000000010000000:0
MMIO_ORDER=
CONTROL_BEFORE_HART_SHA256=42513a0d798173e918ed3ecccd1eadd5f2e61145e7d9d5bddb3f73a318e4eb2e
TRACE_RECORDS=0
TRACE_SHA256=none
TRACE_CANONICAL=none
END_CASE
CASE amo-d-old-new-overlap=false mode=cache=ordinary capture=recording
HART_SNAPSHOT_SHA256=715e42ba364ba845ff0141ded333f2d9ebb459455fca98aed6874ad20f98112b HART_SNAPSHOT_LEN=1198
RAM_SHA256=53dae74eabe61b52875baef0b9aa0a619943254cd50af51b25f45dc3df1c0aa7
RAM_CHANGED=0x80002000:43
RESULT=max-instrs
REGS=pc:0x0000000080000004,x1:0x0000000000000000,x4:0x0000000000000000,x5:0x0000000000000040,x6:0x0000000000000003,x7:0x0000000000000000,x8:0x0000000000000000
MMIO_UART_ORDER=
MMIO_DEVICE_HITS=0x0000000010001000:0,0x0000000010000000:0
MMIO_ORDER=
CONTROL_BEFORE_HART_SHA256=42513a0d798173e918ed3ecccd1eadd5f2e61145e7d9d5bddb3f73a318e4eb2e
TRACE_RECORDS=1
TRACE_SHA256=b851794f5bf14510bfdc4ff132667df532e60a676e7924e1aece46c9dca0c6ea
TRACE_CANONICAL_BEGIN
core 0: 0x0000000080000000 (0x006532af) x5 0x0000000000000040 mem 0x0000000080002000 0x0000000000000043
TRACE_CANONICAL_END
END_CASE
CASE amo-d-old-new-overlap=false mode=cache=cached capture=untraced
HART_SNAPSHOT_SHA256=715e42ba364ba845ff0141ded333f2d9ebb459455fca98aed6874ad20f98112b HART_SNAPSHOT_LEN=1198
RAM_SHA256=53dae74eabe61b52875baef0b9aa0a619943254cd50af51b25f45dc3df1c0aa7
RAM_CHANGED=0x80002000:43
RESULT=max-instrs
REGS=pc:0x0000000080000004,x1:0x0000000000000000,x4:0x0000000000000000,x5:0x0000000000000040,x6:0x0000000000000003,x7:0x0000000000000000,x8:0x0000000000000000
MMIO_UART_ORDER=
MMIO_DEVICE_HITS=0x0000000010001000:0,0x0000000010000000:0
MMIO_ORDER=
CONTROL_BEFORE_HART_SHA256=42513a0d798173e918ed3ecccd1eadd5f2e61145e7d9d5bddb3f73a318e4eb2e
TRACE_RECORDS=0
TRACE_SHA256=none
TRACE_CANONICAL=none
END_CASE
CASE amo-d-old-new-overlap=false mode=cache=cached capture=recording
HART_SNAPSHOT_SHA256=715e42ba364ba845ff0141ded333f2d9ebb459455fca98aed6874ad20f98112b HART_SNAPSHOT_LEN=1198
RAM_SHA256=53dae74eabe61b52875baef0b9aa0a619943254cd50af51b25f45dc3df1c0aa7
RAM_CHANGED=0x80002000:43
RESULT=max-instrs
REGS=pc:0x0000000080000004,x1:0x0000000000000000,x4:0x0000000000000000,x5:0x0000000000000040,x6:0x0000000000000003,x7:0x0000000000000000,x8:0x0000000000000000
MMIO_UART_ORDER=
MMIO_DEVICE_HITS=0x0000000010001000:0,0x0000000010000000:0
MMIO_ORDER=
CONTROL_BEFORE_HART_SHA256=42513a0d798173e918ed3ecccd1eadd5f2e61145e7d9d5bddb3f73a318e4eb2e
TRACE_RECORDS=1
TRACE_SHA256=b851794f5bf14510bfdc4ff132667df532e60a676e7924e1aece46c9dca0c6ea
TRACE_CANONICAL_BEGIN
core 0: 0x0000000080000000 (0x006532af) x5 0x0000000000000040 mem 0x0000000080002000 0x0000000000000043
TRACE_CANONICAL_END
END_CASE
CASE amo-d-old-new-overlap=true direct=unit
HART_SNAPSHOT_SHA256=d2a513eb059c132c4838728d543f990f2098e73e32c3f8af4512aeedd9e6d586 HART_SNAPSHOT_LEN=1189
RAM_SHA256=53dae74eabe61b52875baef0b9aa0a619943254cd50af51b25f45dc3df1c0aa7
RAM_CHANGED=0x80002000:43
RESULT=ok RETIRED=1
RESERVATION=none
MMIO_UART_ORDER=
BUS_EVENTS=L16@0x0000000080000000=0x32af,L16@0x0000000080000002=0x65,L64@0x0000000080002000=0x40,S64@0x0000000080002000<=0x0000000000000043:OK
TRACE_RECORDS=0
TRACE_SHA256=none
TRACE_CANONICAL=none
END_CASE
CASE amo-d-old-new-overlap=true direct=recording
HART_SNAPSHOT_SHA256=d2a513eb059c132c4838728d543f990f2098e73e32c3f8af4512aeedd9e6d586 HART_SNAPSHOT_LEN=1189
RAM_SHA256=53dae74eabe61b52875baef0b9aa0a619943254cd50af51b25f45dc3df1c0aa7
RAM_CHANGED=0x80002000:43
RESULT=ok RETIRED=1
RESERVATION=none
MMIO_UART_ORDER=
BUS_EVENTS=L16@0x0000000080000000=0x32af,L16@0x0000000080000002=0x65,L64@0x0000000080002000=0x40,S64@0x0000000080002000<=0x0000000000000043:OK
TRACE_RECORDS=1
TRACE_SHA256=b851794f5bf14510bfdc4ff132667df532e60a676e7924e1aece46c9dca0c6ea
TRACE_CANONICAL_BEGIN
core 0: 0x0000000080000000 (0x006532af) x5 0x0000000000000040 mem 0x0000000080002000 0x0000000000000043
TRACE_CANONICAL_END
END_CASE
CASE amo-d-old-new-overlap=true mode=cache=ordinary capture=untraced
HART_SNAPSHOT_SHA256=d2a513eb059c132c4838728d543f990f2098e73e32c3f8af4512aeedd9e6d586 HART_SNAPSHOT_LEN=1189
RAM_SHA256=53dae74eabe61b52875baef0b9aa0a619943254cd50af51b25f45dc3df1c0aa7
RAM_CHANGED=0x80002000:43
RESULT=max-instrs
REGS=pc:0x0000000080000004,x1:0x0000000000000000,x4:0x0000000000000000,x5:0x0000000000000040,x6:0x0000000000000003,x7:0x0000000000000000,x8:0x0000000000000000
MMIO_UART_ORDER=
MMIO_DEVICE_HITS=0x0000000010001000:0,0x0000000010000000:0
MMIO_ORDER=
CONTROL_BEFORE_HART_SHA256=1ab39eaedea5f687230f99c64b723bc1013164d7034779d4a4610941d22a0df9
TRACE_RECORDS=0
TRACE_SHA256=none
TRACE_CANONICAL=none
END_CASE
CASE amo-d-old-new-overlap=true mode=cache=ordinary capture=recording
HART_SNAPSHOT_SHA256=d2a513eb059c132c4838728d543f990f2098e73e32c3f8af4512aeedd9e6d586 HART_SNAPSHOT_LEN=1189
RAM_SHA256=53dae74eabe61b52875baef0b9aa0a619943254cd50af51b25f45dc3df1c0aa7
RAM_CHANGED=0x80002000:43
RESULT=max-instrs
REGS=pc:0x0000000080000004,x1:0x0000000000000000,x4:0x0000000000000000,x5:0x0000000000000040,x6:0x0000000000000003,x7:0x0000000000000000,x8:0x0000000000000000
MMIO_UART_ORDER=
MMIO_DEVICE_HITS=0x0000000010001000:0,0x0000000010000000:0
MMIO_ORDER=
CONTROL_BEFORE_HART_SHA256=1ab39eaedea5f687230f99c64b723bc1013164d7034779d4a4610941d22a0df9
TRACE_RECORDS=1
TRACE_SHA256=b851794f5bf14510bfdc4ff132667df532e60a676e7924e1aece46c9dca0c6ea
TRACE_CANONICAL_BEGIN
core 0: 0x0000000080000000 (0x006532af) x5 0x0000000000000040 mem 0x0000000080002000 0x0000000000000043
TRACE_CANONICAL_END
END_CASE
CASE amo-d-old-new-overlap=true mode=cache=cached capture=untraced
HART_SNAPSHOT_SHA256=d2a513eb059c132c4838728d543f990f2098e73e32c3f8af4512aeedd9e6d586 HART_SNAPSHOT_LEN=1189
RAM_SHA256=53dae74eabe61b52875baef0b9aa0a619943254cd50af51b25f45dc3df1c0aa7
RAM_CHANGED=0x80002000:43
RESULT=max-instrs
REGS=pc:0x0000000080000004,x1:0x0000000000000000,x4:0x0000000000000000,x5:0x0000000000000040,x6:0x0000000000000003,x7:0x0000000000000000,x8:0x0000000000000000
MMIO_UART_ORDER=
MMIO_DEVICE_HITS=0x0000000010001000:0,0x0000000010000000:0
MMIO_ORDER=
CONTROL_BEFORE_HART_SHA256=1ab39eaedea5f687230f99c64b723bc1013164d7034779d4a4610941d22a0df9
TRACE_RECORDS=0
TRACE_SHA256=none
TRACE_CANONICAL=none
END_CASE
CASE amo-d-old-new-overlap=true mode=cache=cached capture=recording
HART_SNAPSHOT_SHA256=d2a513eb059c132c4838728d543f990f2098e73e32c3f8af4512aeedd9e6d586 HART_SNAPSHOT_LEN=1189
RAM_SHA256=53dae74eabe61b52875baef0b9aa0a619943254cd50af51b25f45dc3df1c0aa7
RAM_CHANGED=0x80002000:43
RESULT=max-instrs
REGS=pc:0x0000000080000004,x1:0x0000000000000000,x4:0x0000000000000000,x5:0x0000000000000040,x6:0x0000000000000003,x7:0x0000000000000000,x8:0x0000000000000000
MMIO_UART_ORDER=
MMIO_DEVICE_HITS=0x0000000010001000:0,0x0000000010000000:0
MMIO_ORDER=
CONTROL_BEFORE_HART_SHA256=1ab39eaedea5f687230f99c64b723bc1013164d7034779d4a4610941d22a0df9
TRACE_RECORDS=1
TRACE_SHA256=b851794f5bf14510bfdc4ff132667df532e60a676e7924e1aece46c9dca0c6ea
TRACE_CANONICAL_BEGIN
core 0: 0x0000000080000000 (0x006532af) x5 0x0000000000000040 mem 0x0000000080002000 0x0000000000000043
TRACE_CANONICAL_END
END_CASE
CASE lr-access-fault-preserves-reservation mode=cache=ordinary capture=untraced
HART_SNAPSHOT_SHA256=a9651c34b205d654a4e52c8f03aa4b1bcd305c933dc8600cc8ccea22732b55f3 HART_SNAPSHOT_LEN=1198
RAM_SHA256=0cfe3d065ab7479ee71cb974e0955436b9705f1308114993befe3da00f001db7
RAM_CHANGED=none
RESULT=trapped=LoadAccessFault,tval=0x0000000080008100
REGS=pc:0x0000000080000000,x1:0x0000000000000000,x4:0x0000000000000000,x5:0x0000000000000000,x6:0x0000000000000001,x7:0x0000000000000000,x8:0x0000000000000000
MMIO_UART_ORDER=
MMIO_DEVICE_HITS=0x0000000010001000:0,0x0000000010000000:0
MMIO_ORDER=
CONTROL_BEFORE_HART_SHA256=a9651c34b205d654a4e52c8f03aa4b1bcd305c933dc8600cc8ccea22732b55f3
TRACE_RECORDS=0
TRACE_SHA256=none
TRACE_CANONICAL=none
END_CASE
CASE lr-access-fault-preserves-reservation mode=cache=ordinary capture=recording
HART_SNAPSHOT_SHA256=a9651c34b205d654a4e52c8f03aa4b1bcd305c933dc8600cc8ccea22732b55f3 HART_SNAPSHOT_LEN=1198
RAM_SHA256=0cfe3d065ab7479ee71cb974e0955436b9705f1308114993befe3da00f001db7
RAM_CHANGED=none
RESULT=trapped=LoadAccessFault,tval=0x0000000080008100
REGS=pc:0x0000000080000000,x1:0x0000000000000000,x4:0x0000000000000000,x5:0x0000000000000000,x6:0x0000000000000001,x7:0x0000000000000000,x8:0x0000000000000000
MMIO_UART_ORDER=
MMIO_DEVICE_HITS=0x0000000010001000:0,0x0000000010000000:0
MMIO_ORDER=
CONTROL_BEFORE_HART_SHA256=a9651c34b205d654a4e52c8f03aa4b1bcd305c933dc8600cc8ccea22732b55f3
TRACE_RECORDS=0
TRACE_SHA256=e3b0c44298fc1c149afbf4c8996fb92427ae41e4649b934ca495991b7852b855
TRACE_CANONICAL_BEGIN
TRACE_CANONICAL_END
END_CASE
CASE lr-access-fault-preserves-reservation mode=cache=cached capture=untraced
HART_SNAPSHOT_SHA256=a9651c34b205d654a4e52c8f03aa4b1bcd305c933dc8600cc8ccea22732b55f3 HART_SNAPSHOT_LEN=1198
RAM_SHA256=0cfe3d065ab7479ee71cb974e0955436b9705f1308114993befe3da00f001db7
RAM_CHANGED=none
RESULT=trapped=LoadAccessFault,tval=0x0000000080008100
REGS=pc:0x0000000080000000,x1:0x0000000000000000,x4:0x0000000000000000,x5:0x0000000000000000,x6:0x0000000000000001,x7:0x0000000000000000,x8:0x0000000000000000
MMIO_UART_ORDER=
MMIO_DEVICE_HITS=0x0000000010001000:0,0x0000000010000000:0
MMIO_ORDER=
CONTROL_BEFORE_HART_SHA256=a9651c34b205d654a4e52c8f03aa4b1bcd305c933dc8600cc8ccea22732b55f3
TRACE_RECORDS=0
TRACE_SHA256=none
TRACE_CANONICAL=none
END_CASE
CASE lr-access-fault-preserves-reservation mode=cache=cached capture=recording
HART_SNAPSHOT_SHA256=a9651c34b205d654a4e52c8f03aa4b1bcd305c933dc8600cc8ccea22732b55f3 HART_SNAPSHOT_LEN=1198
RAM_SHA256=0cfe3d065ab7479ee71cb974e0955436b9705f1308114993befe3da00f001db7
RAM_CHANGED=none
RESULT=trapped=LoadAccessFault,tval=0x0000000080008100
REGS=pc:0x0000000080000000,x1:0x0000000000000000,x4:0x0000000000000000,x5:0x0000000000000000,x6:0x0000000000000001,x7:0x0000000000000000,x8:0x0000000000000000
MMIO_UART_ORDER=
MMIO_DEVICE_HITS=0x0000000010001000:0,0x0000000010000000:0
MMIO_ORDER=
CONTROL_BEFORE_HART_SHA256=a9651c34b205d654a4e52c8f03aa4b1bcd305c933dc8600cc8ccea22732b55f3
TRACE_RECORDS=0
TRACE_SHA256=e3b0c44298fc1c149afbf4c8996fb92427ae41e4649b934ca495991b7852b855
TRACE_CANONICAL_BEGIN
TRACE_CANONICAL_END
END_CASE
CASE lr-d-access-fault-preserves-reservation mode=cache=ordinary capture=untraced
HART_SNAPSHOT_SHA256=c1f165cc6d0431fce8dc308ee63647b8fdd9511feb8ddb4eb5d772241d53f38f HART_SNAPSHOT_LEN=1198
RAM_SHA256=1f6a65ace6a3bfb399b159f7e8bce38697781c54d5e88cd01a3bef8080bcd3cf
RAM_CHANGED=none
RESULT=trapped=LoadAccessFault,tval=0x0000000080008100
REGS=pc:0x0000000080000000,x1:0x0000000000000000,x4:0x0000000000000000,x5:0x0000000000000000,x6:0x0000000000000001,x7:0x0000000000000000,x8:0x0000000000000000
MMIO_UART_ORDER=
MMIO_DEVICE_HITS=0x0000000010001000:0,0x0000000010000000:0
MMIO_ORDER=
CONTROL_BEFORE_HART_SHA256=c1f165cc6d0431fce8dc308ee63647b8fdd9511feb8ddb4eb5d772241d53f38f
TRACE_RECORDS=0
TRACE_SHA256=none
TRACE_CANONICAL=none
END_CASE
CASE lr-d-access-fault-preserves-reservation mode=cache=ordinary capture=recording
HART_SNAPSHOT_SHA256=c1f165cc6d0431fce8dc308ee63647b8fdd9511feb8ddb4eb5d772241d53f38f HART_SNAPSHOT_LEN=1198
RAM_SHA256=1f6a65ace6a3bfb399b159f7e8bce38697781c54d5e88cd01a3bef8080bcd3cf
RAM_CHANGED=none
RESULT=trapped=LoadAccessFault,tval=0x0000000080008100
REGS=pc:0x0000000080000000,x1:0x0000000000000000,x4:0x0000000000000000,x5:0x0000000000000000,x6:0x0000000000000001,x7:0x0000000000000000,x8:0x0000000000000000
MMIO_UART_ORDER=
MMIO_DEVICE_HITS=0x0000000010001000:0,0x0000000010000000:0
MMIO_ORDER=
CONTROL_BEFORE_HART_SHA256=c1f165cc6d0431fce8dc308ee63647b8fdd9511feb8ddb4eb5d772241d53f38f
TRACE_RECORDS=0
TRACE_SHA256=e3b0c44298fc1c149afbf4c8996fb92427ae41e4649b934ca495991b7852b855
TRACE_CANONICAL_BEGIN
TRACE_CANONICAL_END
END_CASE
CASE lr-d-access-fault-preserves-reservation mode=cache=cached capture=untraced
HART_SNAPSHOT_SHA256=c1f165cc6d0431fce8dc308ee63647b8fdd9511feb8ddb4eb5d772241d53f38f HART_SNAPSHOT_LEN=1198
RAM_SHA256=1f6a65ace6a3bfb399b159f7e8bce38697781c54d5e88cd01a3bef8080bcd3cf
RAM_CHANGED=none
RESULT=trapped=LoadAccessFault,tval=0x0000000080008100
REGS=pc:0x0000000080000000,x1:0x0000000000000000,x4:0x0000000000000000,x5:0x0000000000000000,x6:0x0000000000000001,x7:0x0000000000000000,x8:0x0000000000000000
MMIO_UART_ORDER=
MMIO_DEVICE_HITS=0x0000000010001000:0,0x0000000010000000:0
MMIO_ORDER=
CONTROL_BEFORE_HART_SHA256=c1f165cc6d0431fce8dc308ee63647b8fdd9511feb8ddb4eb5d772241d53f38f
TRACE_RECORDS=0
TRACE_SHA256=none
TRACE_CANONICAL=none
END_CASE
CASE lr-d-access-fault-preserves-reservation mode=cache=cached capture=recording
HART_SNAPSHOT_SHA256=c1f165cc6d0431fce8dc308ee63647b8fdd9511feb8ddb4eb5d772241d53f38f HART_SNAPSHOT_LEN=1198
RAM_SHA256=1f6a65ace6a3bfb399b159f7e8bce38697781c54d5e88cd01a3bef8080bcd3cf
RAM_CHANGED=none
RESULT=trapped=LoadAccessFault,tval=0x0000000080008100
REGS=pc:0x0000000080000000,x1:0x0000000000000000,x4:0x0000000000000000,x5:0x0000000000000000,x6:0x0000000000000001,x7:0x0000000000000000,x8:0x0000000000000000
MMIO_UART_ORDER=
MMIO_DEVICE_HITS=0x0000000010001000:0,0x0000000010000000:0
MMIO_ORDER=
CONTROL_BEFORE_HART_SHA256=c1f165cc6d0431fce8dc308ee63647b8fdd9511feb8ddb4eb5d772241d53f38f
TRACE_RECORDS=0
TRACE_SHA256=e3b0c44298fc1c149afbf4c8996fb92427ae41e4649b934ca495991b7852b855
TRACE_CANONICAL_BEGIN
TRACE_CANONICAL_END
END_CASE
CASE amo-access-fault-preserves-reservation mode=cache=ordinary capture=untraced
HART_SNAPSHOT_SHA256=a9651c34b205d654a4e52c8f03aa4b1bcd305c933dc8600cc8ccea22732b55f3 HART_SNAPSHOT_LEN=1198
RAM_SHA256=4602576df4e566420f0480ec2bbbe0bbe7531d871484fce747be82def00b63fc
RAM_CHANGED=none
RESULT=trapped=StoreAccessFault,tval=0x0000000080008100
REGS=pc:0x0000000080000000,x1:0x0000000000000000,x4:0x0000000000000000,x5:0x0000000000000000,x6:0x0000000000000001,x7:0x0000000000000000,x8:0x0000000000000000
MMIO_UART_ORDER=
MMIO_DEVICE_HITS=0x0000000010001000:0,0x0000000010000000:0
MMIO_ORDER=
CONTROL_BEFORE_HART_SHA256=a9651c34b205d654a4e52c8f03aa4b1bcd305c933dc8600cc8ccea22732b55f3
TRACE_RECORDS=0
TRACE_SHA256=none
TRACE_CANONICAL=none
END_CASE
CASE amo-access-fault-preserves-reservation mode=cache=ordinary capture=recording
HART_SNAPSHOT_SHA256=a9651c34b205d654a4e52c8f03aa4b1bcd305c933dc8600cc8ccea22732b55f3 HART_SNAPSHOT_LEN=1198
RAM_SHA256=4602576df4e566420f0480ec2bbbe0bbe7531d871484fce747be82def00b63fc
RAM_CHANGED=none
RESULT=trapped=StoreAccessFault,tval=0x0000000080008100
REGS=pc:0x0000000080000000,x1:0x0000000000000000,x4:0x0000000000000000,x5:0x0000000000000000,x6:0x0000000000000001,x7:0x0000000000000000,x8:0x0000000000000000
MMIO_UART_ORDER=
MMIO_DEVICE_HITS=0x0000000010001000:0,0x0000000010000000:0
MMIO_ORDER=
CONTROL_BEFORE_HART_SHA256=a9651c34b205d654a4e52c8f03aa4b1bcd305c933dc8600cc8ccea22732b55f3
TRACE_RECORDS=0
TRACE_SHA256=e3b0c44298fc1c149afbf4c8996fb92427ae41e4649b934ca495991b7852b855
TRACE_CANONICAL_BEGIN
TRACE_CANONICAL_END
END_CASE
CASE amo-access-fault-preserves-reservation mode=cache=cached capture=untraced
HART_SNAPSHOT_SHA256=a9651c34b205d654a4e52c8f03aa4b1bcd305c933dc8600cc8ccea22732b55f3 HART_SNAPSHOT_LEN=1198
RAM_SHA256=4602576df4e566420f0480ec2bbbe0bbe7531d871484fce747be82def00b63fc
RAM_CHANGED=none
RESULT=trapped=StoreAccessFault,tval=0x0000000080008100
REGS=pc:0x0000000080000000,x1:0x0000000000000000,x4:0x0000000000000000,x5:0x0000000000000000,x6:0x0000000000000001,x7:0x0000000000000000,x8:0x0000000000000000
MMIO_UART_ORDER=
MMIO_DEVICE_HITS=0x0000000010001000:0,0x0000000010000000:0
MMIO_ORDER=
CONTROL_BEFORE_HART_SHA256=a9651c34b205d654a4e52c8f03aa4b1bcd305c933dc8600cc8ccea22732b55f3
TRACE_RECORDS=0
TRACE_SHA256=none
TRACE_CANONICAL=none
END_CASE
CASE amo-access-fault-preserves-reservation mode=cache=cached capture=recording
HART_SNAPSHOT_SHA256=a9651c34b205d654a4e52c8f03aa4b1bcd305c933dc8600cc8ccea22732b55f3 HART_SNAPSHOT_LEN=1198
RAM_SHA256=4602576df4e566420f0480ec2bbbe0bbe7531d871484fce747be82def00b63fc
RAM_CHANGED=none
RESULT=trapped=StoreAccessFault,tval=0x0000000080008100
REGS=pc:0x0000000080000000,x1:0x0000000000000000,x4:0x0000000000000000,x5:0x0000000000000000,x6:0x0000000000000001,x7:0x0000000000000000,x8:0x0000000000000000
MMIO_UART_ORDER=
MMIO_DEVICE_HITS=0x0000000010001000:0,0x0000000010000000:0
MMIO_ORDER=
CONTROL_BEFORE_HART_SHA256=a9651c34b205d654a4e52c8f03aa4b1bcd305c933dc8600cc8ccea22732b55f3
TRACE_RECORDS=0
TRACE_SHA256=e3b0c44298fc1c149afbf4c8996fb92427ae41e4649b934ca495991b7852b855
TRACE_CANONICAL_BEGIN
TRACE_CANONICAL_END
END_CASE
CASE amo-d-access-fault-preserves-reservation mode=cache=ordinary capture=untraced
HART_SNAPSHOT_SHA256=c1f165cc6d0431fce8dc308ee63647b8fdd9511feb8ddb4eb5d772241d53f38f HART_SNAPSHOT_LEN=1198
RAM_SHA256=95aadf1d94e5c1d132f48ed773bce6701212a8b999fa44d8a0c1f6f5648e13df
RAM_CHANGED=none
RESULT=trapped=StoreAccessFault,tval=0x0000000080008100
REGS=pc:0x0000000080000000,x1:0x0000000000000000,x4:0x0000000000000000,x5:0x0000000000000000,x6:0x0000000000000001,x7:0x0000000000000000,x8:0x0000000000000000
MMIO_UART_ORDER=
MMIO_DEVICE_HITS=0x0000000010001000:0,0x0000000010000000:0
MMIO_ORDER=
CONTROL_BEFORE_HART_SHA256=c1f165cc6d0431fce8dc308ee63647b8fdd9511feb8ddb4eb5d772241d53f38f
TRACE_RECORDS=0
TRACE_SHA256=none
TRACE_CANONICAL=none
END_CASE
CASE amo-d-access-fault-preserves-reservation mode=cache=ordinary capture=recording
HART_SNAPSHOT_SHA256=c1f165cc6d0431fce8dc308ee63647b8fdd9511feb8ddb4eb5d772241d53f38f HART_SNAPSHOT_LEN=1198
RAM_SHA256=95aadf1d94e5c1d132f48ed773bce6701212a8b999fa44d8a0c1f6f5648e13df
RAM_CHANGED=none
RESULT=trapped=StoreAccessFault,tval=0x0000000080008100
REGS=pc:0x0000000080000000,x1:0x0000000000000000,x4:0x0000000000000000,x5:0x0000000000000000,x6:0x0000000000000001,x7:0x0000000000000000,x8:0x0000000000000000
MMIO_UART_ORDER=
MMIO_DEVICE_HITS=0x0000000010001000:0,0x0000000010000000:0
MMIO_ORDER=
CONTROL_BEFORE_HART_SHA256=c1f165cc6d0431fce8dc308ee63647b8fdd9511feb8ddb4eb5d772241d53f38f
TRACE_RECORDS=0
TRACE_SHA256=e3b0c44298fc1c149afbf4c8996fb92427ae41e4649b934ca495991b7852b855
TRACE_CANONICAL_BEGIN
TRACE_CANONICAL_END
END_CASE
CASE amo-d-access-fault-preserves-reservation mode=cache=cached capture=untraced
HART_SNAPSHOT_SHA256=c1f165cc6d0431fce8dc308ee63647b8fdd9511feb8ddb4eb5d772241d53f38f HART_SNAPSHOT_LEN=1198
RAM_SHA256=95aadf1d94e5c1d132f48ed773bce6701212a8b999fa44d8a0c1f6f5648e13df
RAM_CHANGED=none
RESULT=trapped=StoreAccessFault,tval=0x0000000080008100
REGS=pc:0x0000000080000000,x1:0x0000000000000000,x4:0x0000000000000000,x5:0x0000000000000000,x6:0x0000000000000001,x7:0x0000000000000000,x8:0x0000000000000000
MMIO_UART_ORDER=
MMIO_DEVICE_HITS=0x0000000010001000:0,0x0000000010000000:0
MMIO_ORDER=
CONTROL_BEFORE_HART_SHA256=c1f165cc6d0431fce8dc308ee63647b8fdd9511feb8ddb4eb5d772241d53f38f
TRACE_RECORDS=0
TRACE_SHA256=none
TRACE_CANONICAL=none
END_CASE
CASE amo-d-access-fault-preserves-reservation mode=cache=cached capture=recording
HART_SNAPSHOT_SHA256=c1f165cc6d0431fce8dc308ee63647b8fdd9511feb8ddb4eb5d772241d53f38f HART_SNAPSHOT_LEN=1198
RAM_SHA256=95aadf1d94e5c1d132f48ed773bce6701212a8b999fa44d8a0c1f6f5648e13df
RAM_CHANGED=none
RESULT=trapped=StoreAccessFault,tval=0x0000000080008100
REGS=pc:0x0000000080000000,x1:0x0000000000000000,x4:0x0000000000000000,x5:0x0000000000000000,x6:0x0000000000000001,x7:0x0000000000000000,x8:0x0000000000000000
MMIO_UART_ORDER=
MMIO_DEVICE_HITS=0x0000000010001000:0,0x0000000010000000:0
MMIO_ORDER=
CONTROL_BEFORE_HART_SHA256=c1f165cc6d0431fce8dc308ee63647b8fdd9511feb8ddb4eb5d772241d53f38f
TRACE_RECORDS=0
TRACE_SHA256=e3b0c44298fc1c149afbf4c8996fb92427ae41e4649b934ca495991b7852b855
TRACE_CANONICAL_BEGIN
TRACE_CANONICAL_END
END_CASE
CASE raw-compressed-trap-tval direct=unit
HART_SNAPSHOT_SHA256=03919b337dfa7134eeff82fac53c2d399b711a395497474ffa2cefa26ae2edb2 HART_SNAPSHOT_LEN=1189
RAM_SHA256=ebc10aea7c6081d2b57986cfaf5bfab998e9eb3f08aad24ed64089972c0a6afe
RAM_CHANGED=none
RESULT=trap:IllegalInstruction,tval=0x0000000000008000 RETIRED=0
RESERVATION=none
MMIO_UART_ORDER=
BUS_EVENTS=L16@0x0000000080000000=0x8000
TRACE_RECORDS=0
TRACE_SHA256=none
TRACE_CANONICAL=none
END_CASE
CASE raw-compressed-trap-tval direct=recording
HART_SNAPSHOT_SHA256=03919b337dfa7134eeff82fac53c2d399b711a395497474ffa2cefa26ae2edb2 HART_SNAPSHOT_LEN=1189
RAM_SHA256=ebc10aea7c6081d2b57986cfaf5bfab998e9eb3f08aad24ed64089972c0a6afe
RAM_CHANGED=none
RESULT=trap:IllegalInstruction,tval=0x0000000000008000 RETIRED=0
RESERVATION=none
MMIO_UART_ORDER=
BUS_EVENTS=L16@0x0000000080000000=0x8000
TRACE_RECORDS=0
TRACE_SHA256=e3b0c44298fc1c149afbf4c8996fb92427ae41e4649b934ca495991b7852b855
TRACE_CANONICAL_BEGIN
TRACE_CANONICAL_END
END_CASE
CASE raw-compressed-trap-tval mode=cache=ordinary capture=untraced
HART_SNAPSHOT_SHA256=03919b337dfa7134eeff82fac53c2d399b711a395497474ffa2cefa26ae2edb2 HART_SNAPSHOT_LEN=1189
RAM_SHA256=ebc10aea7c6081d2b57986cfaf5bfab998e9eb3f08aad24ed64089972c0a6afe
RAM_CHANGED=none
RESULT=trapped=IllegalInstruction,tval=0x0000000000008000
REGS=pc:0x0000000080000000,x1:0x0000000000000000,x4:0x0000000000000000,x5:0x0000000000000000,x6:0x0000000000000000,x7:0x0000000000000000,x8:0x0000000000000000
MMIO_UART_ORDER=
MMIO_DEVICE_HITS=0x0000000010001000:0,0x0000000010000000:0
MMIO_ORDER=
CONTROL_BEFORE_HART_SHA256=03919b337dfa7134eeff82fac53c2d399b711a395497474ffa2cefa26ae2edb2
TRACE_RECORDS=0
TRACE_SHA256=none
TRACE_CANONICAL=none
END_CASE
CASE raw-compressed-trap-tval mode=cache=ordinary capture=recording
HART_SNAPSHOT_SHA256=03919b337dfa7134eeff82fac53c2d399b711a395497474ffa2cefa26ae2edb2 HART_SNAPSHOT_LEN=1189
RAM_SHA256=ebc10aea7c6081d2b57986cfaf5bfab998e9eb3f08aad24ed64089972c0a6afe
RAM_CHANGED=none
RESULT=trapped=IllegalInstruction,tval=0x0000000000008000
REGS=pc:0x0000000080000000,x1:0x0000000000000000,x4:0x0000000000000000,x5:0x0000000000000000,x6:0x0000000000000000,x7:0x0000000000000000,x8:0x0000000000000000
MMIO_UART_ORDER=
MMIO_DEVICE_HITS=0x0000000010001000:0,0x0000000010000000:0
MMIO_ORDER=
CONTROL_BEFORE_HART_SHA256=03919b337dfa7134eeff82fac53c2d399b711a395497474ffa2cefa26ae2edb2
TRACE_RECORDS=0
TRACE_SHA256=e3b0c44298fc1c149afbf4c8996fb92427ae41e4649b934ca495991b7852b855
TRACE_CANONICAL_BEGIN
TRACE_CANONICAL_END
END_CASE
CASE raw-compressed-trap-tval mode=cache=cached capture=untraced
HART_SNAPSHOT_SHA256=03919b337dfa7134eeff82fac53c2d399b711a395497474ffa2cefa26ae2edb2 HART_SNAPSHOT_LEN=1189
RAM_SHA256=ebc10aea7c6081d2b57986cfaf5bfab998e9eb3f08aad24ed64089972c0a6afe
RAM_CHANGED=none
RESULT=trapped=IllegalInstruction,tval=0x0000000000008000
REGS=pc:0x0000000080000000,x1:0x0000000000000000,x4:0x0000000000000000,x5:0x0000000000000000,x6:0x0000000000000000,x7:0x0000000000000000,x8:0x0000000000000000
MMIO_UART_ORDER=
MMIO_DEVICE_HITS=0x0000000010001000:0,0x0000000010000000:0
MMIO_ORDER=
CONTROL_BEFORE_HART_SHA256=03919b337dfa7134eeff82fac53c2d399b711a395497474ffa2cefa26ae2edb2
TRACE_RECORDS=0
TRACE_SHA256=none
TRACE_CANONICAL=none
END_CASE
CASE raw-compressed-trap-tval mode=cache=cached capture=recording
HART_SNAPSHOT_SHA256=03919b337dfa7134eeff82fac53c2d399b711a395497474ffa2cefa26ae2edb2 HART_SNAPSHOT_LEN=1189
RAM_SHA256=ebc10aea7c6081d2b57986cfaf5bfab998e9eb3f08aad24ed64089972c0a6afe
RAM_CHANGED=none
RESULT=trapped=IllegalInstruction,tval=0x0000000000008000
REGS=pc:0x0000000080000000,x1:0x0000000000000000,x4:0x0000000000000000,x5:0x0000000000000000,x6:0x0000000000000000,x7:0x0000000000000000,x8:0x0000000000000000
MMIO_UART_ORDER=
MMIO_DEVICE_HITS=0x0000000010001000:0,0x0000000010000000:0
MMIO_ORDER=
CONTROL_BEFORE_HART_SHA256=03919b337dfa7134eeff82fac53c2d399b711a395497474ffa2cefa26ae2edb2
TRACE_RECORDS=0
TRACE_SHA256=e3b0c44298fc1c149afbf4c8996fb92427ae41e4649b934ca495991b7852b855
TRACE_CANONICAL_BEGIN
TRACE_CANONICAL_END
END_CASE
CASE x0-counter-write-control-flow mode=cache=ordinary capture=untraced
HART_SNAPSHOT_SHA256=2241acff9c06045318afd63fcfe466df17bb41952f207019b2b1c43a8401913a HART_SNAPSHOT_LEN=1189
RAM_SHA256=9ea02ff840b9ec74f63fdda480506f7677a06891072c57e97b43b3fe26fe255f
RAM_CHANGED=none
RESULT=max-instrs
REGS=pc:0x0000000080000020,x1:0x0000000000000000,x4:0x0000000000000000,x5:0x0000000000000064,x6:0x0000000000000064,x7:0x0000000000000067,x8:0x0000000000000068
MMIO_UART_ORDER=
MMIO_DEVICE_HITS=0x0000000010001000:0,0x0000000010000000:0
MMIO_ORDER=
CONTROL_BEFORE_HART_SHA256=c879708eb1164eb593199dc4a4b5bd98fa1511d9df950d39e42ee7feb19cb82c
TRACE_RECORDS=0
TRACE_SHA256=none
TRACE_CANONICAL=none
END_CASE
CASE x0-counter-write-control-flow mode=cache=ordinary capture=recording
HART_SNAPSHOT_SHA256=2241acff9c06045318afd63fcfe466df17bb41952f207019b2b1c43a8401913a HART_SNAPSHOT_LEN=1189
RAM_SHA256=9ea02ff840b9ec74f63fdda480506f7677a06891072c57e97b43b3fe26fe255f
RAM_CHANGED=none
RESULT=max-instrs
REGS=pc:0x0000000080000020,x1:0x0000000000000000,x4:0x0000000000000000,x5:0x0000000000000064,x6:0x0000000000000064,x7:0x0000000000000067,x8:0x0000000000000068
MMIO_UART_ORDER=
MMIO_DEVICE_HITS=0x0000000010001000:0,0x0000000010000000:0
MMIO_ORDER=
CONTROL_BEFORE_HART_SHA256=c879708eb1164eb593199dc4a4b5bd98fa1511d9df950d39e42ee7feb19cb82c
TRACE_RECORDS=7
TRACE_SHA256=b20a807c314aaeefb28beadede6e35358f66683894febb2ffccace33680623ae
TRACE_CANONICAL_BEGIN
core 0: 0x0000000080000000 (0xc02020f3) x1 0x0000000000000000
core 0: 0x0000000080000004 (0xb0229073)
core 0: 0x0000000080000008 (0xb0202373) x6 0x0000000000000064
core 0: 0x000000008000000c (0x06300013)
core 0: 0x0000000080000010 (0x00318463)
core 0: 0x0000000080000018 (0xb02023f3) x7 0x0000000000000067
core 0: 0x000000008000001c (0x00138413) x8 0x0000000000000068
TRACE_CANONICAL_END
END_CASE
CASE x0-counter-write-control-flow mode=cache=cached capture=untraced
HART_SNAPSHOT_SHA256=2241acff9c06045318afd63fcfe466df17bb41952f207019b2b1c43a8401913a HART_SNAPSHOT_LEN=1189
RAM_SHA256=9ea02ff840b9ec74f63fdda480506f7677a06891072c57e97b43b3fe26fe255f
RAM_CHANGED=none
RESULT=max-instrs
REGS=pc:0x0000000080000020,x1:0x0000000000000000,x4:0x0000000000000000,x5:0x0000000000000064,x6:0x0000000000000064,x7:0x0000000000000067,x8:0x0000000000000068
MMIO_UART_ORDER=
MMIO_DEVICE_HITS=0x0000000010001000:0,0x0000000010000000:0
MMIO_ORDER=
CONTROL_BEFORE_HART_SHA256=c879708eb1164eb593199dc4a4b5bd98fa1511d9df950d39e42ee7feb19cb82c
TRACE_RECORDS=0
TRACE_SHA256=none
TRACE_CANONICAL=none
END_CASE
CASE x0-counter-write-control-flow mode=cache=cached capture=recording
HART_SNAPSHOT_SHA256=2241acff9c06045318afd63fcfe466df17bb41952f207019b2b1c43a8401913a HART_SNAPSHOT_LEN=1189
RAM_SHA256=9ea02ff840b9ec74f63fdda480506f7677a06891072c57e97b43b3fe26fe255f
RAM_CHANGED=none
RESULT=max-instrs
REGS=pc:0x0000000080000020,x1:0x0000000000000000,x4:0x0000000000000000,x5:0x0000000000000064,x6:0x0000000000000064,x7:0x0000000000000067,x8:0x0000000000000068
MMIO_UART_ORDER=
MMIO_DEVICE_HITS=0x0000000010001000:0,0x0000000010000000:0
MMIO_ORDER=
CONTROL_BEFORE_HART_SHA256=c879708eb1164eb593199dc4a4b5bd98fa1511d9df950d39e42ee7feb19cb82c
TRACE_RECORDS=7
TRACE_SHA256=b20a807c314aaeefb28beadede6e35358f66683894febb2ffccace33680623ae
TRACE_CANONICAL_BEGIN
core 0: 0x0000000080000000 (0xc02020f3) x1 0x0000000000000000
core 0: 0x0000000080000004 (0xb0229073)
core 0: 0x0000000080000008 (0xb0202373) x6 0x0000000000000064
core 0: 0x000000008000000c (0x06300013)
core 0: 0x0000000080000010 (0x00318463)
core 0: 0x0000000080000018 (0xb02023f3) x7 0x0000000000000067
core 0: 0x000000008000001c (0x00138413) x8 0x0000000000000068
TRACE_CANONICAL_END
END_CASE
CASE mmio-recorder-width-order mode=cache=ordinary capture=untraced
HART_SNAPSHOT_SHA256=91d576845788b30fad38581f54e24ae4ed72eabdbdeacd32f880d1af0da9b161 HART_SNAPSHOT_LEN=1189
RAM_SHA256=940dbf98111c22dfdbcf385ea81b62a8960d405049ab1b55926b86a03a03d2ec
RAM_CHANGED=none
RESULT=max-instrs
REGS=pc:0x0000000080000014,x1:0x0000000000000000,x4:0x0000000000000011,x5:0x0000000000000000,x6:0x0000000000000000,x7:0x0000000000000000,x8:0x0000000000000000
MMIO_UART_ORDER=
MMIO_DEVICE_HITS=0x0000000010001000:5,0x0000000010000000:0
MMIO_ORDER=W1@0x0<=0x11:OK,W2@0x2<=0x2211:OK,W4@0x4<=0x44332211:OK,W8@0x8<=0x8877665544332211:OK,R1@0x0=0x11
CONTROL_BEFORE_HART_SHA256=a691299de03f3ba7d04afef75c1a3bd62f5924d94845673b8f73ac595083d247
TRACE_RECORDS=0
TRACE_SHA256=none
TRACE_CANONICAL=none
END_CASE
CASE mmio-recorder-width-order mode=cache=ordinary capture=recording
HART_SNAPSHOT_SHA256=91d576845788b30fad38581f54e24ae4ed72eabdbdeacd32f880d1af0da9b161 HART_SNAPSHOT_LEN=1189
RAM_SHA256=940dbf98111c22dfdbcf385ea81b62a8960d405049ab1b55926b86a03a03d2ec
RAM_CHANGED=none
RESULT=max-instrs
REGS=pc:0x0000000080000014,x1:0x0000000000000000,x4:0x0000000000000011,x5:0x0000000000000000,x6:0x0000000000000000,x7:0x0000000000000000,x8:0x0000000000000000
MMIO_UART_ORDER=
MMIO_DEVICE_HITS=0x0000000010001000:5,0x0000000010000000:0
MMIO_ORDER=W1@0x0<=0x11:OK,W2@0x2<=0x2211:OK,W4@0x4<=0x44332211:OK,W8@0x8<=0x8877665544332211:OK,R1@0x0=0x11
CONTROL_BEFORE_HART_SHA256=a691299de03f3ba7d04afef75c1a3bd62f5924d94845673b8f73ac595083d247
TRACE_RECORDS=5
TRACE_SHA256=974a07db55525032ee9c750552d0ed64b4c3ee9f7aa608bd9a3a49da5470878d
TRACE_CANONICAL_BEGIN
core 0: 0x0000000080000000 (0x00310023) mem 0x0000000010001000 0x11
core 0: 0x0000000080000004 (0x00311123) mem 0x0000000010001002 0x2211
core 0: 0x0000000080000008 (0x00312223) mem 0x0000000010001004 0x44332211
core 0: 0x000000008000000c (0x00313423) mem 0x0000000010001008 0x8877665544332211
core 0: 0x0000000080000010 (0x00010203) x4 0x0000000000000011 mem 0x0000000010001000
TRACE_CANONICAL_END
END_CASE
CASE mmio-recorder-width-order mode=cache=cached capture=untraced
HART_SNAPSHOT_SHA256=91d576845788b30fad38581f54e24ae4ed72eabdbdeacd32f880d1af0da9b161 HART_SNAPSHOT_LEN=1189
RAM_SHA256=940dbf98111c22dfdbcf385ea81b62a8960d405049ab1b55926b86a03a03d2ec
RAM_CHANGED=none
RESULT=max-instrs
REGS=pc:0x0000000080000014,x1:0x0000000000000000,x4:0x0000000000000011,x5:0x0000000000000000,x6:0x0000000000000000,x7:0x0000000000000000,x8:0x0000000000000000
MMIO_UART_ORDER=
MMIO_DEVICE_HITS=0x0000000010001000:5,0x0000000010000000:0
MMIO_ORDER=W1@0x0<=0x11:OK,W2@0x2<=0x2211:OK,W4@0x4<=0x44332211:OK,W8@0x8<=0x8877665544332211:OK,R1@0x0=0x11
CONTROL_BEFORE_HART_SHA256=a691299de03f3ba7d04afef75c1a3bd62f5924d94845673b8f73ac595083d247
TRACE_RECORDS=0
TRACE_SHA256=none
TRACE_CANONICAL=none
END_CASE
CASE mmio-recorder-width-order mode=cache=cached capture=recording
HART_SNAPSHOT_SHA256=91d576845788b30fad38581f54e24ae4ed72eabdbdeacd32f880d1af0da9b161 HART_SNAPSHOT_LEN=1189
RAM_SHA256=940dbf98111c22dfdbcf385ea81b62a8960d405049ab1b55926b86a03a03d2ec
RAM_CHANGED=none
RESULT=max-instrs
REGS=pc:0x0000000080000014,x1:0x0000000000000000,x4:0x0000000000000011,x5:0x0000000000000000,x6:0x0000000000000000,x7:0x0000000000000000,x8:0x0000000000000000
MMIO_UART_ORDER=
MMIO_DEVICE_HITS=0x0000000010001000:5,0x0000000010000000:0
MMIO_ORDER=W1@0x0<=0x11:OK,W2@0x2<=0x2211:OK,W4@0x4<=0x44332211:OK,W8@0x8<=0x8877665544332211:OK,R1@0x0=0x11
CONTROL_BEFORE_HART_SHA256=a691299de03f3ba7d04afef75c1a3bd62f5924d94845673b8f73ac595083d247
TRACE_RECORDS=5
TRACE_SHA256=974a07db55525032ee9c750552d0ed64b4c3ee9f7aa608bd9a3a49da5470878d
TRACE_CANONICAL_BEGIN
core 0: 0x0000000080000000 (0x00310023) mem 0x0000000010001000 0x11
core 0: 0x0000000080000004 (0x00311123) mem 0x0000000010001002 0x2211
core 0: 0x0000000080000008 (0x00312223) mem 0x0000000010001004 0x44332211
core 0: 0x000000008000000c (0x00313423) mem 0x0000000010001008 0x8877665544332211
core 0: 0x0000000080000010 (0x00010203) x4 0x0000000000000011 mem 0x0000000010001000
TRACE_CANONICAL_END
END_CASE
CASE mmio-recorder-fp-widths mode=cache=ordinary capture=untraced
HART_SNAPSHOT_SHA256=5c41ce95a139629baf161ad1d69e83d30d8ebfa35f84c1cca65e2beb396c7049 HART_SNAPSHOT_LEN=1189
RAM_SHA256=2efc45d79fcc5cf25fea70947388f041e50ddb522315298fc55f3effee9378bf
RAM_CHANGED=none
RESULT=max-instrs
REGS=pc:0x0000000080000008,x1:0x0000000000000000,x4:0x0000000000000000,x5:0x0000000000000000,x6:0x0000000000000000,x7:0x0000000000000000,x8:0x0000000000000000
MMIO_UART_ORDER=
MMIO_DEVICE_HITS=0x0000000010001000:2,0x0000000010000000:0
MMIO_ORDER=W4@0x0<=0x44332211:OK,W8@0x8<=0x8877665544332211:OK
CONTROL_BEFORE_HART_SHA256=e72294c434d7de8447dcaa1f880db0550e80222448148b9ed3d78b8a182aa669
TRACE_RECORDS=0
TRACE_SHA256=none
TRACE_CANONICAL=none
END_CASE
CASE mmio-recorder-fp-widths mode=cache=ordinary capture=recording
HART_SNAPSHOT_SHA256=5c41ce95a139629baf161ad1d69e83d30d8ebfa35f84c1cca65e2beb396c7049 HART_SNAPSHOT_LEN=1189
RAM_SHA256=2efc45d79fcc5cf25fea70947388f041e50ddb522315298fc55f3effee9378bf
RAM_CHANGED=none
RESULT=max-instrs
REGS=pc:0x0000000080000008,x1:0x0000000000000000,x4:0x0000000000000000,x5:0x0000000000000000,x6:0x0000000000000000,x7:0x0000000000000000,x8:0x0000000000000000
MMIO_UART_ORDER=
MMIO_DEVICE_HITS=0x0000000010001000:2,0x0000000010000000:0
MMIO_ORDER=W4@0x0<=0x44332211:OK,W8@0x8<=0x8877665544332211:OK
CONTROL_BEFORE_HART_SHA256=e72294c434d7de8447dcaa1f880db0550e80222448148b9ed3d78b8a182aa669
TRACE_RECORDS=2
TRACE_SHA256=f545610c86d3af8e09b74a6e0342ecf4f7c557fb5b1fcfafedbf50648c578bfe
TRACE_CANONICAL_BEGIN
core 0: 0x0000000080000000 (0x00112027) mem 0x0000000010001000 0x44332211
core 0: 0x0000000080000004 (0x00113427) mem 0x0000000010001008 0x8877665544332211
TRACE_CANONICAL_END
END_CASE
CASE mmio-recorder-fp-widths mode=cache=cached capture=untraced
HART_SNAPSHOT_SHA256=5c41ce95a139629baf161ad1d69e83d30d8ebfa35f84c1cca65e2beb396c7049 HART_SNAPSHOT_LEN=1189
RAM_SHA256=2efc45d79fcc5cf25fea70947388f041e50ddb522315298fc55f3effee9378bf
RAM_CHANGED=none
RESULT=max-instrs
REGS=pc:0x0000000080000008,x1:0x0000000000000000,x4:0x0000000000000000,x5:0x0000000000000000,x6:0x0000000000000000,x7:0x0000000000000000,x8:0x0000000000000000
MMIO_UART_ORDER=
MMIO_DEVICE_HITS=0x0000000010001000:2,0x0000000010000000:0
MMIO_ORDER=W4@0x0<=0x44332211:OK,W8@0x8<=0x8877665544332211:OK
CONTROL_BEFORE_HART_SHA256=e72294c434d7de8447dcaa1f880db0550e80222448148b9ed3d78b8a182aa669
TRACE_RECORDS=0
TRACE_SHA256=none
TRACE_CANONICAL=none
END_CASE
CASE mmio-recorder-fp-widths mode=cache=cached capture=recording
HART_SNAPSHOT_SHA256=5c41ce95a139629baf161ad1d69e83d30d8ebfa35f84c1cca65e2beb396c7049 HART_SNAPSHOT_LEN=1189
RAM_SHA256=2efc45d79fcc5cf25fea70947388f041e50ddb522315298fc55f3effee9378bf
RAM_CHANGED=none
RESULT=max-instrs
REGS=pc:0x0000000080000008,x1:0x0000000000000000,x4:0x0000000000000000,x5:0x0000000000000000,x6:0x0000000000000000,x7:0x0000000000000000,x8:0x0000000000000000
MMIO_UART_ORDER=
MMIO_DEVICE_HITS=0x0000000010001000:2,0x0000000010000000:0
MMIO_ORDER=W4@0x0<=0x44332211:OK,W8@0x8<=0x8877665544332211:OK
CONTROL_BEFORE_HART_SHA256=e72294c434d7de8447dcaa1f880db0550e80222448148b9ed3d78b8a182aa669
TRACE_RECORDS=2
TRACE_SHA256=f545610c86d3af8e09b74a6e0342ecf4f7c557fb5b1fcfafedbf50648c578bfe
TRACE_CANONICAL_BEGIN
core 0: 0x0000000080000000 (0x00112027) mem 0x0000000010001000 0x44332211
core 0: 0x0000000080000004 (0x00113427) mem 0x0000000010001008 0x8877665544332211
TRACE_CANONICAL_END
END_CASE
CASE mmio-recorder-lr-sc mode=cache=ordinary capture=untraced
HART_SNAPSHOT_SHA256=83f32cb8b4d605104bcdd8a9e33465ebb814a9c5dd665a4e35e1f8f527d80110 HART_SNAPSHOT_LEN=1189
RAM_SHA256=34a432bd130c1429e61180a4585681ca83f154fc6b7efd4b4a920315e768f4d2
RAM_CHANGED=none
RESULT=max-instrs
REGS=pc:0x0000000080000008,x1:0x0000000000000000,x4:0x0000000000000000,x5:0x0000000000000000,x6:0x0000000000000099,x7:0x0000000000000000,x8:0x0000000000000000
MMIO_UART_ORDER=
MMIO_DEVICE_HITS=0x0000000010001000:2,0x0000000010000000:0
MMIO_ORDER=R4@0x0=0x44332211,W4@0x0<=0x00000099:OK
CONTROL_BEFORE_HART_SHA256=fefeea9a183bf980bcef9d57144553dbd12486422f6a45de44a49e13579c0937
TRACE_RECORDS=0
TRACE_SHA256=none
TRACE_CANONICAL=none
END_CASE
CASE mmio-recorder-lr-sc mode=cache=ordinary capture=recording
HART_SNAPSHOT_SHA256=83f32cb8b4d605104bcdd8a9e33465ebb814a9c5dd665a4e35e1f8f527d80110 HART_SNAPSHOT_LEN=1189
RAM_SHA256=34a432bd130c1429e61180a4585681ca83f154fc6b7efd4b4a920315e768f4d2
RAM_CHANGED=none
RESULT=max-instrs
REGS=pc:0x0000000080000008,x1:0x0000000000000000,x4:0x0000000000000000,x5:0x0000000000000000,x6:0x0000000000000099,x7:0x0000000000000000,x8:0x0000000000000000
MMIO_UART_ORDER=
MMIO_DEVICE_HITS=0x0000000010001000:2,0x0000000010000000:0
MMIO_ORDER=R4@0x0=0x44332211,W4@0x0<=0x00000099:OK
CONTROL_BEFORE_HART_SHA256=fefeea9a183bf980bcef9d57144553dbd12486422f6a45de44a49e13579c0937
TRACE_RECORDS=2
TRACE_SHA256=8a68ee4bdd4819955f23514858780986917f08f812be618abd5efdf77dcb3943
TRACE_CANONICAL_BEGIN
core 0: 0x0000000080000000 (0x100122af) x5 0x0000000044332211 mem 0x0000000010001000
core 0: 0x0000000080000004 (0x186122af) x5 0x0000000000000000 mem 0x0000000010001000 0x00000099
TRACE_CANONICAL_END
END_CASE
CASE mmio-recorder-lr-sc mode=cache=cached capture=untraced
HART_SNAPSHOT_SHA256=83f32cb8b4d605104bcdd8a9e33465ebb814a9c5dd665a4e35e1f8f527d80110 HART_SNAPSHOT_LEN=1189
RAM_SHA256=34a432bd130c1429e61180a4585681ca83f154fc6b7efd4b4a920315e768f4d2
RAM_CHANGED=none
RESULT=max-instrs
REGS=pc:0x0000000080000008,x1:0x0000000000000000,x4:0x0000000000000000,x5:0x0000000000000000,x6:0x0000000000000099,x7:0x0000000000000000,x8:0x0000000000000000
MMIO_UART_ORDER=
MMIO_DEVICE_HITS=0x0000000010001000:2,0x0000000010000000:0
MMIO_ORDER=R4@0x0=0x44332211,W4@0x0<=0x00000099:OK
CONTROL_BEFORE_HART_SHA256=fefeea9a183bf980bcef9d57144553dbd12486422f6a45de44a49e13579c0937
TRACE_RECORDS=0
TRACE_SHA256=none
TRACE_CANONICAL=none
END_CASE
CASE mmio-recorder-lr-sc mode=cache=cached capture=recording
HART_SNAPSHOT_SHA256=83f32cb8b4d605104bcdd8a9e33465ebb814a9c5dd665a4e35e1f8f527d80110 HART_SNAPSHOT_LEN=1189
RAM_SHA256=34a432bd130c1429e61180a4585681ca83f154fc6b7efd4b4a920315e768f4d2
RAM_CHANGED=none
RESULT=max-instrs
REGS=pc:0x0000000080000008,x1:0x0000000000000000,x4:0x0000000000000000,x5:0x0000000000000000,x6:0x0000000000000099,x7:0x0000000000000000,x8:0x0000000000000000
MMIO_UART_ORDER=
MMIO_DEVICE_HITS=0x0000000010001000:2,0x0000000010000000:0
MMIO_ORDER=R4@0x0=0x44332211,W4@0x0<=0x00000099:OK
CONTROL_BEFORE_HART_SHA256=fefeea9a183bf980bcef9d57144553dbd12486422f6a45de44a49e13579c0937
TRACE_RECORDS=2
TRACE_SHA256=8a68ee4bdd4819955f23514858780986917f08f812be618abd5efdf77dcb3943
TRACE_CANONICAL_BEGIN
core 0: 0x0000000080000000 (0x100122af) x5 0x0000000044332211 mem 0x0000000010001000
core 0: 0x0000000080000004 (0x186122af) x5 0x0000000000000000 mem 0x0000000010001000 0x00000099
TRACE_CANONICAL_END
END_CASE
CASE mmio-recorder-amo mode=cache=ordinary capture=untraced
HART_SNAPSHOT_SHA256=c88f8468222821e917b6ed6e6bc7e65474326b5852f897cfeea20b7ec09299af HART_SNAPSHOT_LEN=1189
RAM_SHA256=f63fa7fbf40171f58f88ae47c6b2eab0501eb9458e05ffecc5204458ed98259b
RAM_CHANGED=none
RESULT=max-instrs
REGS=pc:0x0000000080000004,x1:0x0000000000000000,x4:0x0000000000000000,x5:0x0000000044332211,x6:0x0000000000000003,x7:0x0000000000000000,x8:0x0000000000000000
MMIO_UART_ORDER=
MMIO_DEVICE_HITS=0x0000000010001000:2,0x0000000010000000:0
MMIO_ORDER=R4@0x0=0x44332211,W4@0x0<=0x44332214:OK
CONTROL_BEFORE_HART_SHA256=de50cff6bad71cc86658d1e00744940308d1ba4482f4d3c1855949ab17e51e58
TRACE_RECORDS=0
TRACE_SHA256=none
TRACE_CANONICAL=none
END_CASE
CASE mmio-recorder-amo mode=cache=ordinary capture=recording
HART_SNAPSHOT_SHA256=c88f8468222821e917b6ed6e6bc7e65474326b5852f897cfeea20b7ec09299af HART_SNAPSHOT_LEN=1189
RAM_SHA256=f63fa7fbf40171f58f88ae47c6b2eab0501eb9458e05ffecc5204458ed98259b
RAM_CHANGED=none
RESULT=max-instrs
REGS=pc:0x0000000080000004,x1:0x0000000000000000,x4:0x0000000000000000,x5:0x0000000044332211,x6:0x0000000000000003,x7:0x0000000000000000,x8:0x0000000000000000
MMIO_UART_ORDER=
MMIO_DEVICE_HITS=0x0000000010001000:2,0x0000000010000000:0
MMIO_ORDER=R4@0x0=0x44332211,W4@0x0<=0x44332214:OK
CONTROL_BEFORE_HART_SHA256=de50cff6bad71cc86658d1e00744940308d1ba4482f4d3c1855949ab17e51e58
TRACE_RECORDS=1
TRACE_SHA256=793fd50e75706a4f90cb9325b125cd8c5d4bb722b87b7806ebef5d959cbc8c87
TRACE_CANONICAL_BEGIN
core 0: 0x0000000080000000 (0x006122af) x5 0x0000000044332211 mem 0x0000000010001000 0x44332214
TRACE_CANONICAL_END
END_CASE
CASE mmio-recorder-amo mode=cache=cached capture=untraced
HART_SNAPSHOT_SHA256=c88f8468222821e917b6ed6e6bc7e65474326b5852f897cfeea20b7ec09299af HART_SNAPSHOT_LEN=1189
RAM_SHA256=f63fa7fbf40171f58f88ae47c6b2eab0501eb9458e05ffecc5204458ed98259b
RAM_CHANGED=none
RESULT=max-instrs
REGS=pc:0x0000000080000004,x1:0x0000000000000000,x4:0x0000000000000000,x5:0x0000000044332211,x6:0x0000000000000003,x7:0x0000000000000000,x8:0x0000000000000000
MMIO_UART_ORDER=
MMIO_DEVICE_HITS=0x0000000010001000:2,0x0000000010000000:0
MMIO_ORDER=R4@0x0=0x44332211,W4@0x0<=0x44332214:OK
CONTROL_BEFORE_HART_SHA256=de50cff6bad71cc86658d1e00744940308d1ba4482f4d3c1855949ab17e51e58
TRACE_RECORDS=0
TRACE_SHA256=none
TRACE_CANONICAL=none
END_CASE
CASE mmio-recorder-amo mode=cache=cached capture=recording
HART_SNAPSHOT_SHA256=c88f8468222821e917b6ed6e6bc7e65474326b5852f897cfeea20b7ec09299af HART_SNAPSHOT_LEN=1189
RAM_SHA256=f63fa7fbf40171f58f88ae47c6b2eab0501eb9458e05ffecc5204458ed98259b
RAM_CHANGED=none
RESULT=max-instrs
REGS=pc:0x0000000080000004,x1:0x0000000000000000,x4:0x0000000000000000,x5:0x0000000044332211,x6:0x0000000000000003,x7:0x0000000000000000,x8:0x0000000000000000
MMIO_UART_ORDER=
MMIO_DEVICE_HITS=0x0000000010001000:2,0x0000000010000000:0
MMIO_ORDER=R4@0x0=0x44332211,W4@0x0<=0x44332214:OK
CONTROL_BEFORE_HART_SHA256=de50cff6bad71cc86658d1e00744940308d1ba4482f4d3c1855949ab17e51e58
TRACE_RECORDS=1
TRACE_SHA256=793fd50e75706a4f90cb9325b125cd8c5d4bb722b87b7806ebef5d959cbc8c87
TRACE_CANONICAL_BEGIN
core 0: 0x0000000080000000 (0x006122af) x5 0x0000000044332211 mem 0x0000000010001000 0x44332214
TRACE_CANONICAL_END
END_CASE
CASE mmio-recorder-fault mode=cache=ordinary capture=untraced
HART_SNAPSHOT_SHA256=2b9952d52bfa564acce0ecac0153e3c51864175ded295204887b687d6bf8083f HART_SNAPSHOT_LEN=1198
RAM_SHA256=b9fff639cf2873ef9b7cfb2f0843f43d539cc3a2e16d9fbcf3eceb31a56e400c
RAM_CHANGED=none
RESULT=trapped=StoreAccessFault,tval=0x00000000100010f0
REGS=pc:0x0000000080000000,x1:0x0000000000000000,x4:0x0000000000000000,x5:0x0000000000000000,x6:0x0000000000000000,x7:0x0000000000000000,x8:0x0000000000000000
MMIO_UART_ORDER=
MMIO_DEVICE_HITS=0x0000000010001000:1,0x0000000010000000:0
MMIO_ORDER=W4@0xf0<=0xdeadbeef:ERR:Access
CONTROL_BEFORE_HART_SHA256=2b9952d52bfa564acce0ecac0153e3c51864175ded295204887b687d6bf8083f
TRACE_RECORDS=0
TRACE_SHA256=none
TRACE_CANONICAL=none
END_CASE
CASE mmio-recorder-fault mode=cache=ordinary capture=recording
HART_SNAPSHOT_SHA256=2b9952d52bfa564acce0ecac0153e3c51864175ded295204887b687d6bf8083f HART_SNAPSHOT_LEN=1198
RAM_SHA256=b9fff639cf2873ef9b7cfb2f0843f43d539cc3a2e16d9fbcf3eceb31a56e400c
RAM_CHANGED=none
RESULT=trapped=StoreAccessFault,tval=0x00000000100010f0
REGS=pc:0x0000000080000000,x1:0x0000000000000000,x4:0x0000000000000000,x5:0x0000000000000000,x6:0x0000000000000000,x7:0x0000000000000000,x8:0x0000000000000000
MMIO_UART_ORDER=
MMIO_DEVICE_HITS=0x0000000010001000:1,0x0000000010000000:0
MMIO_ORDER=W4@0xf0<=0xdeadbeef:ERR:Access
CONTROL_BEFORE_HART_SHA256=2b9952d52bfa564acce0ecac0153e3c51864175ded295204887b687d6bf8083f
TRACE_RECORDS=0
TRACE_SHA256=e3b0c44298fc1c149afbf4c8996fb92427ae41e4649b934ca495991b7852b855
TRACE_CANONICAL_BEGIN
TRACE_CANONICAL_END
END_CASE
CASE mmio-recorder-fault mode=cache=cached capture=untraced
HART_SNAPSHOT_SHA256=2b9952d52bfa564acce0ecac0153e3c51864175ded295204887b687d6bf8083f HART_SNAPSHOT_LEN=1198
RAM_SHA256=b9fff639cf2873ef9b7cfb2f0843f43d539cc3a2e16d9fbcf3eceb31a56e400c
RAM_CHANGED=none
RESULT=trapped=StoreAccessFault,tval=0x00000000100010f0
REGS=pc:0x0000000080000000,x1:0x0000000000000000,x4:0x0000000000000000,x5:0x0000000000000000,x6:0x0000000000000000,x7:0x0000000000000000,x8:0x0000000000000000
MMIO_UART_ORDER=
MMIO_DEVICE_HITS=0x0000000010001000:1,0x0000000010000000:0
MMIO_ORDER=W4@0xf0<=0xdeadbeef:ERR:Access
CONTROL_BEFORE_HART_SHA256=2b9952d52bfa564acce0ecac0153e3c51864175ded295204887b687d6bf8083f
TRACE_RECORDS=0
TRACE_SHA256=none
TRACE_CANONICAL=none
END_CASE
CASE mmio-recorder-fault mode=cache=cached capture=recording
HART_SNAPSHOT_SHA256=2b9952d52bfa564acce0ecac0153e3c51864175ded295204887b687d6bf8083f HART_SNAPSHOT_LEN=1198
RAM_SHA256=b9fff639cf2873ef9b7cfb2f0843f43d539cc3a2e16d9fbcf3eceb31a56e400c
RAM_CHANGED=none
RESULT=trapped=StoreAccessFault,tval=0x00000000100010f0
REGS=pc:0x0000000080000000,x1:0x0000000000000000,x4:0x0000000000000000,x5:0x0000000000000000,x6:0x0000000000000000,x7:0x0000000000000000,x8:0x0000000000000000
MMIO_UART_ORDER=
MMIO_DEVICE_HITS=0x0000000010001000:1,0x0000000010000000:0
MMIO_ORDER=W4@0xf0<=0xdeadbeef:ERR:Access
CONTROL_BEFORE_HART_SHA256=2b9952d52bfa564acce0ecac0153e3c51864175ded295204887b687d6bf8083f
TRACE_RECORDS=0
TRACE_SHA256=e3b0c44298fc1c149afbf4c8996fb92427ae41e4649b934ca495991b7852b855
TRACE_CANONICAL_BEGIN
TRACE_CANONICAL_END
END_CASE
CASE mmio-recorder-read-fault mode=cache=ordinary capture=untraced
HART_SNAPSHOT_SHA256=8e9973853fc01ca6ac4bdb439384b0e86a5987382c25ec406670431ba85eb9ea HART_SNAPSHOT_LEN=1198
RAM_SHA256=d5b2ae712bd4680aca43e8949988f608260d9c0f4172af964375e80a9fcbb03e
RAM_CHANGED=none
RESULT=trapped=LoadAccessFault,tval=0x00000000100010f0
REGS=pc:0x0000000080000000,x1:0x0000000000000000,x4:0x0000000000000000,x5:0x0000000000000000,x6:0x0000000000000000,x7:0x0000000000000000,x8:0x0000000000000000
MMIO_UART_ORDER=
MMIO_DEVICE_HITS=0x0000000010001000:1,0x0000000010000000:0
MMIO_ORDER=R4@0xf0=ERR:Access
CONTROL_BEFORE_HART_SHA256=8e9973853fc01ca6ac4bdb439384b0e86a5987382c25ec406670431ba85eb9ea
TRACE_RECORDS=0
TRACE_SHA256=none
TRACE_CANONICAL=none
END_CASE
CASE mmio-recorder-read-fault mode=cache=ordinary capture=recording
HART_SNAPSHOT_SHA256=8e9973853fc01ca6ac4bdb439384b0e86a5987382c25ec406670431ba85eb9ea HART_SNAPSHOT_LEN=1198
RAM_SHA256=d5b2ae712bd4680aca43e8949988f608260d9c0f4172af964375e80a9fcbb03e
RAM_CHANGED=none
RESULT=trapped=LoadAccessFault,tval=0x00000000100010f0
REGS=pc:0x0000000080000000,x1:0x0000000000000000,x4:0x0000000000000000,x5:0x0000000000000000,x6:0x0000000000000000,x7:0x0000000000000000,x8:0x0000000000000000
MMIO_UART_ORDER=
MMIO_DEVICE_HITS=0x0000000010001000:1,0x0000000010000000:0
MMIO_ORDER=R4@0xf0=ERR:Access
CONTROL_BEFORE_HART_SHA256=8e9973853fc01ca6ac4bdb439384b0e86a5987382c25ec406670431ba85eb9ea
TRACE_RECORDS=0
TRACE_SHA256=e3b0c44298fc1c149afbf4c8996fb92427ae41e4649b934ca495991b7852b855
TRACE_CANONICAL_BEGIN
TRACE_CANONICAL_END
END_CASE
CASE mmio-recorder-read-fault mode=cache=cached capture=untraced
HART_SNAPSHOT_SHA256=8e9973853fc01ca6ac4bdb439384b0e86a5987382c25ec406670431ba85eb9ea HART_SNAPSHOT_LEN=1198
RAM_SHA256=d5b2ae712bd4680aca43e8949988f608260d9c0f4172af964375e80a9fcbb03e
RAM_CHANGED=none
RESULT=trapped=LoadAccessFault,tval=0x00000000100010f0
REGS=pc:0x0000000080000000,x1:0x0000000000000000,x4:0x0000000000000000,x5:0x0000000000000000,x6:0x0000000000000000,x7:0x0000000000000000,x8:0x0000000000000000
MMIO_UART_ORDER=
MMIO_DEVICE_HITS=0x0000000010001000:1,0x0000000010000000:0
MMIO_ORDER=R4@0xf0=ERR:Access
CONTROL_BEFORE_HART_SHA256=8e9973853fc01ca6ac4bdb439384b0e86a5987382c25ec406670431ba85eb9ea
TRACE_RECORDS=0
TRACE_SHA256=none
TRACE_CANONICAL=none
END_CASE
CASE mmio-recorder-read-fault mode=cache=cached capture=recording
HART_SNAPSHOT_SHA256=8e9973853fc01ca6ac4bdb439384b0e86a5987382c25ec406670431ba85eb9ea HART_SNAPSHOT_LEN=1198
RAM_SHA256=d5b2ae712bd4680aca43e8949988f608260d9c0f4172af964375e80a9fcbb03e
RAM_CHANGED=none
RESULT=trapped=LoadAccessFault,tval=0x00000000100010f0
REGS=pc:0x0000000080000000,x1:0x0000000000000000,x4:0x0000000000000000,x5:0x0000000000000000,x6:0x0000000000000000,x7:0x0000000000000000,x8:0x0000000000000000
MMIO_UART_ORDER=
MMIO_DEVICE_HITS=0x0000000010001000:1,0x0000000010000000:0
MMIO_ORDER=R4@0xf0=ERR:Access
CONTROL_BEFORE_HART_SHA256=8e9973853fc01ca6ac4bdb439384b0e86a5987382c25ec406670431ba85eb9ea
TRACE_RECORDS=0
TRACE_SHA256=e3b0c44298fc1c149afbf4c8996fb92427ae41e4649b934ca495991b7852b855
TRACE_CANONICAL_BEGIN
TRACE_CANONICAL_END
END_CASE
CASE scalar-pmp-fault-overlap-width=1 mode=cache=ordinary capture=untraced
HART_SNAPSHOT_SHA256=67d770443b43e3f35b46275e636d04432dce891f6ac2ae72932b1ffd1c33f007 HART_SNAPSHOT_LEN=1198
RAM_SHA256=ed4946f0754fd1c47ad5cce551595c783aff0e41e105e5129afbf7865a4209ba
RAM_CHANGED=none
RESULT=trapped=StoreAccessFault,tval=0x0000000080002000
REGS=pc:0x0000000080000000,x1:0x0000000000000000,x4:0x0000000000000000,x5:0x0000000000000000,x6:0x0000000000000000,x7:0x0000000000000000,x8:0x0000000000000000
MMIO_UART_ORDER=
MMIO_DEVICE_HITS=0x0000000010001000:0,0x0000000010000000:0
MMIO_ORDER=
CONTROL_BEFORE_HART_SHA256=67d770443b43e3f35b46275e636d04432dce891f6ac2ae72932b1ffd1c33f007
TRACE_RECORDS=0
TRACE_SHA256=none
TRACE_CANONICAL=none
END_CASE
CASE scalar-pmp-fault-overlap-width=1 mode=cache=ordinary capture=recording
HART_SNAPSHOT_SHA256=67d770443b43e3f35b46275e636d04432dce891f6ac2ae72932b1ffd1c33f007 HART_SNAPSHOT_LEN=1198
RAM_SHA256=ed4946f0754fd1c47ad5cce551595c783aff0e41e105e5129afbf7865a4209ba
RAM_CHANGED=none
RESULT=trapped=StoreAccessFault,tval=0x0000000080002000
REGS=pc:0x0000000080000000,x1:0x0000000000000000,x4:0x0000000000000000,x5:0x0000000000000000,x6:0x0000000000000000,x7:0x0000000000000000,x8:0x0000000000000000
MMIO_UART_ORDER=
MMIO_DEVICE_HITS=0x0000000010001000:0,0x0000000010000000:0
MMIO_ORDER=
CONTROL_BEFORE_HART_SHA256=67d770443b43e3f35b46275e636d04432dce891f6ac2ae72932b1ffd1c33f007
TRACE_RECORDS=0
TRACE_SHA256=e3b0c44298fc1c149afbf4c8996fb92427ae41e4649b934ca495991b7852b855
TRACE_CANONICAL_BEGIN
TRACE_CANONICAL_END
END_CASE
CASE scalar-pmp-fault-overlap-width=1 mode=cache=cached capture=untraced
HART_SNAPSHOT_SHA256=67d770443b43e3f35b46275e636d04432dce891f6ac2ae72932b1ffd1c33f007 HART_SNAPSHOT_LEN=1198
RAM_SHA256=ed4946f0754fd1c47ad5cce551595c783aff0e41e105e5129afbf7865a4209ba
RAM_CHANGED=none
RESULT=trapped=StoreAccessFault,tval=0x0000000080002000
REGS=pc:0x0000000080000000,x1:0x0000000000000000,x4:0x0000000000000000,x5:0x0000000000000000,x6:0x0000000000000000,x7:0x0000000000000000,x8:0x0000000000000000
MMIO_UART_ORDER=
MMIO_DEVICE_HITS=0x0000000010001000:0,0x0000000010000000:0
MMIO_ORDER=
CONTROL_BEFORE_HART_SHA256=67d770443b43e3f35b46275e636d04432dce891f6ac2ae72932b1ffd1c33f007
TRACE_RECORDS=0
TRACE_SHA256=none
TRACE_CANONICAL=none
END_CASE
CASE scalar-pmp-fault-overlap-width=1 mode=cache=cached capture=recording
HART_SNAPSHOT_SHA256=67d770443b43e3f35b46275e636d04432dce891f6ac2ae72932b1ffd1c33f007 HART_SNAPSHOT_LEN=1198
RAM_SHA256=ed4946f0754fd1c47ad5cce551595c783aff0e41e105e5129afbf7865a4209ba
RAM_CHANGED=none
RESULT=trapped=StoreAccessFault,tval=0x0000000080002000
REGS=pc:0x0000000080000000,x1:0x0000000000000000,x4:0x0000000000000000,x5:0x0000000000000000,x6:0x0000000000000000,x7:0x0000000000000000,x8:0x0000000000000000
MMIO_UART_ORDER=
MMIO_DEVICE_HITS=0x0000000010001000:0,0x0000000010000000:0
MMIO_ORDER=
CONTROL_BEFORE_HART_SHA256=67d770443b43e3f35b46275e636d04432dce891f6ac2ae72932b1ffd1c33f007
TRACE_RECORDS=0
TRACE_SHA256=e3b0c44298fc1c149afbf4c8996fb92427ae41e4649b934ca495991b7852b855
TRACE_CANONICAL_BEGIN
TRACE_CANONICAL_END
END_CASE
CASE scalar-pmp-fault-overlap-width=2 mode=cache=ordinary capture=untraced
HART_SNAPSHOT_SHA256=67d770443b43e3f35b46275e636d04432dce891f6ac2ae72932b1ffd1c33f007 HART_SNAPSHOT_LEN=1198
RAM_SHA256=557d2c1be7949fe15a26c550df61ab1d0f75a741d9a05e338b2bf402f28a2717
RAM_CHANGED=none
RESULT=trapped=StoreAccessFault,tval=0x0000000080002000
REGS=pc:0x0000000080000000,x1:0x0000000000000000,x4:0x0000000000000000,x5:0x0000000000000000,x6:0x0000000000000000,x7:0x0000000000000000,x8:0x0000000000000000
MMIO_UART_ORDER=
MMIO_DEVICE_HITS=0x0000000010001000:0,0x0000000010000000:0
MMIO_ORDER=
CONTROL_BEFORE_HART_SHA256=67d770443b43e3f35b46275e636d04432dce891f6ac2ae72932b1ffd1c33f007
TRACE_RECORDS=0
TRACE_SHA256=none
TRACE_CANONICAL=none
END_CASE
CASE scalar-pmp-fault-overlap-width=2 mode=cache=ordinary capture=recording
HART_SNAPSHOT_SHA256=67d770443b43e3f35b46275e636d04432dce891f6ac2ae72932b1ffd1c33f007 HART_SNAPSHOT_LEN=1198
RAM_SHA256=557d2c1be7949fe15a26c550df61ab1d0f75a741d9a05e338b2bf402f28a2717
RAM_CHANGED=none
RESULT=trapped=StoreAccessFault,tval=0x0000000080002000
REGS=pc:0x0000000080000000,x1:0x0000000000000000,x4:0x0000000000000000,x5:0x0000000000000000,x6:0x0000000000000000,x7:0x0000000000000000,x8:0x0000000000000000
MMIO_UART_ORDER=
MMIO_DEVICE_HITS=0x0000000010001000:0,0x0000000010000000:0
MMIO_ORDER=
CONTROL_BEFORE_HART_SHA256=67d770443b43e3f35b46275e636d04432dce891f6ac2ae72932b1ffd1c33f007
TRACE_RECORDS=0
TRACE_SHA256=e3b0c44298fc1c149afbf4c8996fb92427ae41e4649b934ca495991b7852b855
TRACE_CANONICAL_BEGIN
TRACE_CANONICAL_END
END_CASE
CASE scalar-pmp-fault-overlap-width=2 mode=cache=cached capture=untraced
HART_SNAPSHOT_SHA256=67d770443b43e3f35b46275e636d04432dce891f6ac2ae72932b1ffd1c33f007 HART_SNAPSHOT_LEN=1198
RAM_SHA256=557d2c1be7949fe15a26c550df61ab1d0f75a741d9a05e338b2bf402f28a2717
RAM_CHANGED=none
RESULT=trapped=StoreAccessFault,tval=0x0000000080002000
REGS=pc:0x0000000080000000,x1:0x0000000000000000,x4:0x0000000000000000,x5:0x0000000000000000,x6:0x0000000000000000,x7:0x0000000000000000,x8:0x0000000000000000
MMIO_UART_ORDER=
MMIO_DEVICE_HITS=0x0000000010001000:0,0x0000000010000000:0
MMIO_ORDER=
CONTROL_BEFORE_HART_SHA256=67d770443b43e3f35b46275e636d04432dce891f6ac2ae72932b1ffd1c33f007
TRACE_RECORDS=0
TRACE_SHA256=none
TRACE_CANONICAL=none
END_CASE
CASE scalar-pmp-fault-overlap-width=2 mode=cache=cached capture=recording
HART_SNAPSHOT_SHA256=67d770443b43e3f35b46275e636d04432dce891f6ac2ae72932b1ffd1c33f007 HART_SNAPSHOT_LEN=1198
RAM_SHA256=557d2c1be7949fe15a26c550df61ab1d0f75a741d9a05e338b2bf402f28a2717
RAM_CHANGED=none
RESULT=trapped=StoreAccessFault,tval=0x0000000080002000
REGS=pc:0x0000000080000000,x1:0x0000000000000000,x4:0x0000000000000000,x5:0x0000000000000000,x6:0x0000000000000000,x7:0x0000000000000000,x8:0x0000000000000000
MMIO_UART_ORDER=
MMIO_DEVICE_HITS=0x0000000010001000:0,0x0000000010000000:0
MMIO_ORDER=
CONTROL_BEFORE_HART_SHA256=67d770443b43e3f35b46275e636d04432dce891f6ac2ae72932b1ffd1c33f007
TRACE_RECORDS=0
TRACE_SHA256=e3b0c44298fc1c149afbf4c8996fb92427ae41e4649b934ca495991b7852b855
TRACE_CANONICAL_BEGIN
TRACE_CANONICAL_END
END_CASE
CASE scalar-pmp-fault-overlap-width=4 mode=cache=ordinary capture=untraced
HART_SNAPSHOT_SHA256=67d770443b43e3f35b46275e636d04432dce891f6ac2ae72932b1ffd1c33f007 HART_SNAPSHOT_LEN=1198
RAM_SHA256=7cc13e24e9145428000f37198f09242c40cdfd349b51fe7e7ea73477be321dfd
RAM_CHANGED=none
RESULT=trapped=StoreAccessFault,tval=0x0000000080002000
REGS=pc:0x0000000080000000,x1:0x0000000000000000,x4:0x0000000000000000,x5:0x0000000000000000,x6:0x0000000000000000,x7:0x0000000000000000,x8:0x0000000000000000
MMIO_UART_ORDER=
MMIO_DEVICE_HITS=0x0000000010001000:0,0x0000000010000000:0
MMIO_ORDER=
CONTROL_BEFORE_HART_SHA256=67d770443b43e3f35b46275e636d04432dce891f6ac2ae72932b1ffd1c33f007
TRACE_RECORDS=0
TRACE_SHA256=none
TRACE_CANONICAL=none
END_CASE
CASE scalar-pmp-fault-overlap-width=4 mode=cache=ordinary capture=recording
HART_SNAPSHOT_SHA256=67d770443b43e3f35b46275e636d04432dce891f6ac2ae72932b1ffd1c33f007 HART_SNAPSHOT_LEN=1198
RAM_SHA256=7cc13e24e9145428000f37198f09242c40cdfd349b51fe7e7ea73477be321dfd
RAM_CHANGED=none
RESULT=trapped=StoreAccessFault,tval=0x0000000080002000
REGS=pc:0x0000000080000000,x1:0x0000000000000000,x4:0x0000000000000000,x5:0x0000000000000000,x6:0x0000000000000000,x7:0x0000000000000000,x8:0x0000000000000000
MMIO_UART_ORDER=
MMIO_DEVICE_HITS=0x0000000010001000:0,0x0000000010000000:0
MMIO_ORDER=
CONTROL_BEFORE_HART_SHA256=67d770443b43e3f35b46275e636d04432dce891f6ac2ae72932b1ffd1c33f007
TRACE_RECORDS=0
TRACE_SHA256=e3b0c44298fc1c149afbf4c8996fb92427ae41e4649b934ca495991b7852b855
TRACE_CANONICAL_BEGIN
TRACE_CANONICAL_END
END_CASE
CASE scalar-pmp-fault-overlap-width=4 mode=cache=cached capture=untraced
HART_SNAPSHOT_SHA256=67d770443b43e3f35b46275e636d04432dce891f6ac2ae72932b1ffd1c33f007 HART_SNAPSHOT_LEN=1198
RAM_SHA256=7cc13e24e9145428000f37198f09242c40cdfd349b51fe7e7ea73477be321dfd
RAM_CHANGED=none
RESULT=trapped=StoreAccessFault,tval=0x0000000080002000
REGS=pc:0x0000000080000000,x1:0x0000000000000000,x4:0x0000000000000000,x5:0x0000000000000000,x6:0x0000000000000000,x7:0x0000000000000000,x8:0x0000000000000000
MMIO_UART_ORDER=
MMIO_DEVICE_HITS=0x0000000010001000:0,0x0000000010000000:0
MMIO_ORDER=
CONTROL_BEFORE_HART_SHA256=67d770443b43e3f35b46275e636d04432dce891f6ac2ae72932b1ffd1c33f007
TRACE_RECORDS=0
TRACE_SHA256=none
TRACE_CANONICAL=none
END_CASE
CASE scalar-pmp-fault-overlap-width=4 mode=cache=cached capture=recording
HART_SNAPSHOT_SHA256=67d770443b43e3f35b46275e636d04432dce891f6ac2ae72932b1ffd1c33f007 HART_SNAPSHOT_LEN=1198
RAM_SHA256=7cc13e24e9145428000f37198f09242c40cdfd349b51fe7e7ea73477be321dfd
RAM_CHANGED=none
RESULT=trapped=StoreAccessFault,tval=0x0000000080002000
REGS=pc:0x0000000080000000,x1:0x0000000000000000,x4:0x0000000000000000,x5:0x0000000000000000,x6:0x0000000000000000,x7:0x0000000000000000,x8:0x0000000000000000
MMIO_UART_ORDER=
MMIO_DEVICE_HITS=0x0000000010001000:0,0x0000000010000000:0
MMIO_ORDER=
CONTROL_BEFORE_HART_SHA256=67d770443b43e3f35b46275e636d04432dce891f6ac2ae72932b1ffd1c33f007
TRACE_RECORDS=0
TRACE_SHA256=e3b0c44298fc1c149afbf4c8996fb92427ae41e4649b934ca495991b7852b855
TRACE_CANONICAL_BEGIN
TRACE_CANONICAL_END
END_CASE
CASE scalar-pmp-fault-overlap-width=8 mode=cache=ordinary capture=untraced
HART_SNAPSHOT_SHA256=67d770443b43e3f35b46275e636d04432dce891f6ac2ae72932b1ffd1c33f007 HART_SNAPSHOT_LEN=1198
RAM_SHA256=74906afd9347c5d51f3132202cf5be56cb25ae54724853a9065f391515f2a7c5
RAM_CHANGED=none
RESULT=trapped=StoreAccessFault,tval=0x0000000080002000
REGS=pc:0x0000000080000000,x1:0x0000000000000000,x4:0x0000000000000000,x5:0x0000000000000000,x6:0x0000000000000000,x7:0x0000000000000000,x8:0x0000000000000000
MMIO_UART_ORDER=
MMIO_DEVICE_HITS=0x0000000010001000:0,0x0000000010000000:0
MMIO_ORDER=
CONTROL_BEFORE_HART_SHA256=67d770443b43e3f35b46275e636d04432dce891f6ac2ae72932b1ffd1c33f007
TRACE_RECORDS=0
TRACE_SHA256=none
TRACE_CANONICAL=none
END_CASE
CASE scalar-pmp-fault-overlap-width=8 mode=cache=ordinary capture=recording
HART_SNAPSHOT_SHA256=67d770443b43e3f35b46275e636d04432dce891f6ac2ae72932b1ffd1c33f007 HART_SNAPSHOT_LEN=1198
RAM_SHA256=74906afd9347c5d51f3132202cf5be56cb25ae54724853a9065f391515f2a7c5
RAM_CHANGED=none
RESULT=trapped=StoreAccessFault,tval=0x0000000080002000
REGS=pc:0x0000000080000000,x1:0x0000000000000000,x4:0x0000000000000000,x5:0x0000000000000000,x6:0x0000000000000000,x7:0x0000000000000000,x8:0x0000000000000000
MMIO_UART_ORDER=
MMIO_DEVICE_HITS=0x0000000010001000:0,0x0000000010000000:0
MMIO_ORDER=
CONTROL_BEFORE_HART_SHA256=67d770443b43e3f35b46275e636d04432dce891f6ac2ae72932b1ffd1c33f007
TRACE_RECORDS=0
TRACE_SHA256=e3b0c44298fc1c149afbf4c8996fb92427ae41e4649b934ca495991b7852b855
TRACE_CANONICAL_BEGIN
TRACE_CANONICAL_END
END_CASE
CASE scalar-pmp-fault-overlap-width=8 mode=cache=cached capture=untraced
HART_SNAPSHOT_SHA256=67d770443b43e3f35b46275e636d04432dce891f6ac2ae72932b1ffd1c33f007 HART_SNAPSHOT_LEN=1198
RAM_SHA256=74906afd9347c5d51f3132202cf5be56cb25ae54724853a9065f391515f2a7c5
RAM_CHANGED=none
RESULT=trapped=StoreAccessFault,tval=0x0000000080002000
REGS=pc:0x0000000080000000,x1:0x0000000000000000,x4:0x0000000000000000,x5:0x0000000000000000,x6:0x0000000000000000,x7:0x0000000000000000,x8:0x0000000000000000
MMIO_UART_ORDER=
MMIO_DEVICE_HITS=0x0000000010001000:0,0x0000000010000000:0
MMIO_ORDER=
CONTROL_BEFORE_HART_SHA256=67d770443b43e3f35b46275e636d04432dce891f6ac2ae72932b1ffd1c33f007
TRACE_RECORDS=0
TRACE_SHA256=none
TRACE_CANONICAL=none
END_CASE
CASE scalar-pmp-fault-overlap-width=8 mode=cache=cached capture=recording
HART_SNAPSHOT_SHA256=67d770443b43e3f35b46275e636d04432dce891f6ac2ae72932b1ffd1c33f007 HART_SNAPSHOT_LEN=1198
RAM_SHA256=74906afd9347c5d51f3132202cf5be56cb25ae54724853a9065f391515f2a7c5
RAM_CHANGED=none
RESULT=trapped=StoreAccessFault,tval=0x0000000080002000
REGS=pc:0x0000000080000000,x1:0x0000000000000000,x4:0x0000000000000000,x5:0x0000000000000000,x6:0x0000000000000000,x7:0x0000000000000000,x8:0x0000000000000000
MMIO_UART_ORDER=
MMIO_DEVICE_HITS=0x0000000010001000:0,0x0000000010000000:0
MMIO_ORDER=
CONTROL_BEFORE_HART_SHA256=67d770443b43e3f35b46275e636d04432dce891f6ac2ae72932b1ffd1c33f007
TRACE_RECORDS=0
TRACE_SHA256=e3b0c44298fc1c149afbf4c8996fb92427ae41e4649b934ca495991b7852b855
TRACE_CANONICAL_BEGIN
TRACE_CANONICAL_END
END_CASE
CASE fp-pmp-fault-overlap-width=4 mode=cache=ordinary capture=untraced
HART_SNAPSHOT_SHA256=67d770443b43e3f35b46275e636d04432dce891f6ac2ae72932b1ffd1c33f007 HART_SNAPSHOT_LEN=1198
RAM_SHA256=b59909340627be0db714eae1f924c08ae43c49b4ea3a5c51a400f4132570e293
RAM_CHANGED=none
RESULT=trapped=StoreAccessFault,tval=0x0000000080002000
REGS=pc:0x0000000080000000,x1:0x0000000000000000,x4:0x0000000000000000,x5:0x0000000000000000,x6:0x0000000000000000,x7:0x0000000000000000,x8:0x0000000000000000
MMIO_UART_ORDER=
MMIO_DEVICE_HITS=0x0000000010001000:0,0x0000000010000000:0
MMIO_ORDER=
CONTROL_BEFORE_HART_SHA256=67d770443b43e3f35b46275e636d04432dce891f6ac2ae72932b1ffd1c33f007
TRACE_RECORDS=0
TRACE_SHA256=none
TRACE_CANONICAL=none
END_CASE
CASE fp-pmp-fault-overlap-width=4 mode=cache=ordinary capture=recording
HART_SNAPSHOT_SHA256=67d770443b43e3f35b46275e636d04432dce891f6ac2ae72932b1ffd1c33f007 HART_SNAPSHOT_LEN=1198
RAM_SHA256=b59909340627be0db714eae1f924c08ae43c49b4ea3a5c51a400f4132570e293
RAM_CHANGED=none
RESULT=trapped=StoreAccessFault,tval=0x0000000080002000
REGS=pc:0x0000000080000000,x1:0x0000000000000000,x4:0x0000000000000000,x5:0x0000000000000000,x6:0x0000000000000000,x7:0x0000000000000000,x8:0x0000000000000000
MMIO_UART_ORDER=
MMIO_DEVICE_HITS=0x0000000010001000:0,0x0000000010000000:0
MMIO_ORDER=
CONTROL_BEFORE_HART_SHA256=67d770443b43e3f35b46275e636d04432dce891f6ac2ae72932b1ffd1c33f007
TRACE_RECORDS=0
TRACE_SHA256=e3b0c44298fc1c149afbf4c8996fb92427ae41e4649b934ca495991b7852b855
TRACE_CANONICAL_BEGIN
TRACE_CANONICAL_END
END_CASE
CASE fp-pmp-fault-overlap-width=4 mode=cache=cached capture=untraced
HART_SNAPSHOT_SHA256=67d770443b43e3f35b46275e636d04432dce891f6ac2ae72932b1ffd1c33f007 HART_SNAPSHOT_LEN=1198
RAM_SHA256=b59909340627be0db714eae1f924c08ae43c49b4ea3a5c51a400f4132570e293
RAM_CHANGED=none
RESULT=trapped=StoreAccessFault,tval=0x0000000080002000
REGS=pc:0x0000000080000000,x1:0x0000000000000000,x4:0x0000000000000000,x5:0x0000000000000000,x6:0x0000000000000000,x7:0x0000000000000000,x8:0x0000000000000000
MMIO_UART_ORDER=
MMIO_DEVICE_HITS=0x0000000010001000:0,0x0000000010000000:0
MMIO_ORDER=
CONTROL_BEFORE_HART_SHA256=67d770443b43e3f35b46275e636d04432dce891f6ac2ae72932b1ffd1c33f007
TRACE_RECORDS=0
TRACE_SHA256=none
TRACE_CANONICAL=none
END_CASE
CASE fp-pmp-fault-overlap-width=4 mode=cache=cached capture=recording
HART_SNAPSHOT_SHA256=67d770443b43e3f35b46275e636d04432dce891f6ac2ae72932b1ffd1c33f007 HART_SNAPSHOT_LEN=1198
RAM_SHA256=b59909340627be0db714eae1f924c08ae43c49b4ea3a5c51a400f4132570e293
RAM_CHANGED=none
RESULT=trapped=StoreAccessFault,tval=0x0000000080002000
REGS=pc:0x0000000080000000,x1:0x0000000000000000,x4:0x0000000000000000,x5:0x0000000000000000,x6:0x0000000000000000,x7:0x0000000000000000,x8:0x0000000000000000
MMIO_UART_ORDER=
MMIO_DEVICE_HITS=0x0000000010001000:0,0x0000000010000000:0
MMIO_ORDER=
CONTROL_BEFORE_HART_SHA256=67d770443b43e3f35b46275e636d04432dce891f6ac2ae72932b1ffd1c33f007
TRACE_RECORDS=0
TRACE_SHA256=e3b0c44298fc1c149afbf4c8996fb92427ae41e4649b934ca495991b7852b855
TRACE_CANONICAL_BEGIN
TRACE_CANONICAL_END
END_CASE
CASE fp-pmp-fault-overlap-width=8 mode=cache=ordinary capture=untraced
HART_SNAPSHOT_SHA256=67d770443b43e3f35b46275e636d04432dce891f6ac2ae72932b1ffd1c33f007 HART_SNAPSHOT_LEN=1198
RAM_SHA256=a8839b8cf1044317bf9b2799d1c27fcdc1727db4584244eb615717650350536b
RAM_CHANGED=none
RESULT=trapped=StoreAccessFault,tval=0x0000000080002000
REGS=pc:0x0000000080000000,x1:0x0000000000000000,x4:0x0000000000000000,x5:0x0000000000000000,x6:0x0000000000000000,x7:0x0000000000000000,x8:0x0000000000000000
MMIO_UART_ORDER=
MMIO_DEVICE_HITS=0x0000000010001000:0,0x0000000010000000:0
MMIO_ORDER=
CONTROL_BEFORE_HART_SHA256=67d770443b43e3f35b46275e636d04432dce891f6ac2ae72932b1ffd1c33f007
TRACE_RECORDS=0
TRACE_SHA256=none
TRACE_CANONICAL=none
END_CASE
CASE fp-pmp-fault-overlap-width=8 mode=cache=ordinary capture=recording
HART_SNAPSHOT_SHA256=67d770443b43e3f35b46275e636d04432dce891f6ac2ae72932b1ffd1c33f007 HART_SNAPSHOT_LEN=1198
RAM_SHA256=a8839b8cf1044317bf9b2799d1c27fcdc1727db4584244eb615717650350536b
RAM_CHANGED=none
RESULT=trapped=StoreAccessFault,tval=0x0000000080002000
REGS=pc:0x0000000080000000,x1:0x0000000000000000,x4:0x0000000000000000,x5:0x0000000000000000,x6:0x0000000000000000,x7:0x0000000000000000,x8:0x0000000000000000
MMIO_UART_ORDER=
MMIO_DEVICE_HITS=0x0000000010001000:0,0x0000000010000000:0
MMIO_ORDER=
CONTROL_BEFORE_HART_SHA256=67d770443b43e3f35b46275e636d04432dce891f6ac2ae72932b1ffd1c33f007
TRACE_RECORDS=0
TRACE_SHA256=e3b0c44298fc1c149afbf4c8996fb92427ae41e4649b934ca495991b7852b855
TRACE_CANONICAL_BEGIN
TRACE_CANONICAL_END
END_CASE
CASE fp-pmp-fault-overlap-width=8 mode=cache=cached capture=untraced
HART_SNAPSHOT_SHA256=67d770443b43e3f35b46275e636d04432dce891f6ac2ae72932b1ffd1c33f007 HART_SNAPSHOT_LEN=1198
RAM_SHA256=a8839b8cf1044317bf9b2799d1c27fcdc1727db4584244eb615717650350536b
RAM_CHANGED=none
RESULT=trapped=StoreAccessFault,tval=0x0000000080002000
REGS=pc:0x0000000080000000,x1:0x0000000000000000,x4:0x0000000000000000,x5:0x0000000000000000,x6:0x0000000000000000,x7:0x0000000000000000,x8:0x0000000000000000
MMIO_UART_ORDER=
MMIO_DEVICE_HITS=0x0000000010001000:0,0x0000000010000000:0
MMIO_ORDER=
CONTROL_BEFORE_HART_SHA256=67d770443b43e3f35b46275e636d04432dce891f6ac2ae72932b1ffd1c33f007
TRACE_RECORDS=0
TRACE_SHA256=none
TRACE_CANONICAL=none
END_CASE
CASE fp-pmp-fault-overlap-width=8 mode=cache=cached capture=recording
HART_SNAPSHOT_SHA256=67d770443b43e3f35b46275e636d04432dce891f6ac2ae72932b1ffd1c33f007 HART_SNAPSHOT_LEN=1198
RAM_SHA256=a8839b8cf1044317bf9b2799d1c27fcdc1727db4584244eb615717650350536b
RAM_CHANGED=none
RESULT=trapped=StoreAccessFault,tval=0x0000000080002000
REGS=pc:0x0000000080000000,x1:0x0000000000000000,x4:0x0000000000000000,x5:0x0000000000000000,x6:0x0000000000000000,x7:0x0000000000000000,x8:0x0000000000000000
MMIO_UART_ORDER=
MMIO_DEVICE_HITS=0x0000000010001000:0,0x0000000010000000:0
MMIO_ORDER=
CONTROL_BEFORE_HART_SHA256=67d770443b43e3f35b46275e636d04432dce891f6ac2ae72932b1ffd1c33f007
TRACE_RECORDS=0
TRACE_SHA256=e3b0c44298fc1c149afbf4c8996fb92427ae41e4649b934ca495991b7852b855
TRACE_CANONICAL_BEGIN
TRACE_CANONICAL_END
END_CASE
CASE smc-dma-host mode=cache=ordinary capture=untraced
HART_SNAPSHOT_SHA256=a3f593da714326b42002ab33c922e8d95f7abf958993a99a419d0955937fbae0 HART_SNAPSHOT_LEN=1189
RAM_SHA256=47052e1b4faebe4da231ddcc8152a27cef61ab4ed8617ebe93c2220728c91de9
RAM_CHANGED=0x80002ffe:70,0x80003001:8010
RESULT=max-instrs
REGS=pc:0x0000000080003004,x1:0x0000000000000008,x4:0x0000000000000000,x5:0x0000000000000000,x6:0x0000000000000000,x7:0x0000000000000000,x8:0x0000000000000000
MMIO_UART_ORDER=
MMIO_DEVICE_HITS=0x0000000010001000:0
MMIO_ORDER=
CONTROL_BEFORE_HART_SHA256=0333bc230944075a042f770c748edc192075d18bd6b1a64ff80d725379cd2590
TRACE_RECORDS=0
TRACE_SHA256=none
TRACE_CANONICAL=none
END_CASE
CASE smc-guest-cross-page mode=cache=ordinary capture=untraced
HART_SNAPSHOT_SHA256=0056cb906bd5eef72f754ee6e0c77cbb86ea858d1ad3454c1c6274bf9dfe6a54 HART_SNAPSHOT_LEN=1189
RAM_SHA256=e7c664bb4f80ca5471bbbeea66bde5b97811e511545749ecd82643975c583f42
RAM_CHANGED=0x80002ffe:70,0x80003000:93801000
RESULT=max-instrs
REGS=pc:0x0000000080003004,x1:0x0000000000000008,x4:0x0000000000000000,x5:0x0000000000000000,x6:0x0000000000000000,x7:0x0000000000000000,x8:0x0000000000000000
MMIO_UART_ORDER=
MMIO_DEVICE_HITS=0x0000000010001000:0
MMIO_ORDER=
CONTROL_BEFORE_HART_SHA256=f4b6396beb78a30adb73a4ef4c3bb7e74afca35fa7338e30522daff40b83d773
TRACE_RECORDS=0
TRACE_SHA256=none
TRACE_CANONICAL=none
END_CASE
CASE smc-dma-host mode=cache=ordinary capture=recording
HART_SNAPSHOT_SHA256=a3f593da714326b42002ab33c922e8d95f7abf958993a99a419d0955937fbae0 HART_SNAPSHOT_LEN=1189
RAM_SHA256=47052e1b4faebe4da231ddcc8152a27cef61ab4ed8617ebe93c2220728c91de9
RAM_CHANGED=0x80002ffe:70,0x80003001:8010
RESULT=max-instrs
REGS=pc:0x0000000080003004,x1:0x0000000000000008,x4:0x0000000000000000,x5:0x0000000000000000,x6:0x0000000000000000,x7:0x0000000000000000,x8:0x0000000000000000
MMIO_UART_ORDER=
MMIO_DEVICE_HITS=0x0000000010001000:0
MMIO_ORDER=
CONTROL_BEFORE_HART_SHA256=0333bc230944075a042f770c748edc192075d18bd6b1a64ff80d725379cd2590
TRACE_RECORDS=3
TRACE_SHA256=724a140e3c17fea7a864a479aefe19609e47b9cfd8669a09719d40403caddbc8
TRACE_CANONICAL_BEGIN
core 0: 0x0000000080002ffc (0x00500093) x1 0x0000000000000005
core 0: 0x0000000080002ffc (0x00700093) x1 0x0000000000000007
core 0: 0x0000000080003000 (0x00108093) x1 0x0000000000000008
TRACE_CANONICAL_END
END_CASE
CASE smc-guest-cross-page mode=cache=ordinary capture=recording
HART_SNAPSHOT_SHA256=0056cb906bd5eef72f754ee6e0c77cbb86ea858d1ad3454c1c6274bf9dfe6a54 HART_SNAPSHOT_LEN=1189
RAM_SHA256=e7c664bb4f80ca5471bbbeea66bde5b97811e511545749ecd82643975c583f42
RAM_CHANGED=0x80002ffe:70,0x80003000:93801000
RESULT=max-instrs
REGS=pc:0x0000000080003004,x1:0x0000000000000008,x4:0x0000000000000000,x5:0x0000000000000000,x6:0x0000000000000000,x7:0x0000000000000000,x8:0x0000000000000000
MMIO_UART_ORDER=
MMIO_DEVICE_HITS=0x0000000010001000:0
MMIO_ORDER=
CONTROL_BEFORE_HART_SHA256=f4b6396beb78a30adb73a4ef4c3bb7e74afca35fa7338e30522daff40b83d773
TRACE_RECORDS=6
TRACE_SHA256=dcdaa8162fbc546bbe73248fe8c112025b036ff2d6eae31b3cea8e54be98a4eb
TRACE_CANONICAL_BEGIN
core 0: 0x0000000080002ffc (0x00500093) x1 0x0000000000000005
core 0: 0x0000000080003000 (0x800fd06f)
core 0: 0x0000000080000000 (0x00313023) mem 0x0000000080002ffc 0x0010809300700093
core 0: 0x0000000080000004 (0x7f90206f)
core 0: 0x0000000080002ffc (0x00700093) x1 0x0000000000000007
core 0: 0x0000000080003000 (0x00108093) x1 0x0000000000000008
TRACE_CANONICAL_END
END_CASE
CASE smc-dma-host mode=cache=cached capture=untraced
HART_SNAPSHOT_SHA256=a3f593da714326b42002ab33c922e8d95f7abf958993a99a419d0955937fbae0 HART_SNAPSHOT_LEN=1189
RAM_SHA256=47052e1b4faebe4da231ddcc8152a27cef61ab4ed8617ebe93c2220728c91de9
RAM_CHANGED=0x80002ffe:70,0x80003001:8010
RESULT=max-instrs
REGS=pc:0x0000000080003004,x1:0x0000000000000008,x4:0x0000000000000000,x5:0x0000000000000000,x6:0x0000000000000000,x7:0x0000000000000000,x8:0x0000000000000000
MMIO_UART_ORDER=
MMIO_DEVICE_HITS=0x0000000010001000:0
MMIO_ORDER=
CONTROL_BEFORE_HART_SHA256=0333bc230944075a042f770c748edc192075d18bd6b1a64ff80d725379cd2590
TRACE_RECORDS=0
TRACE_SHA256=none
TRACE_CANONICAL=none
END_CASE
CASE smc-guest-cross-page mode=cache=cached capture=untraced
HART_SNAPSHOT_SHA256=0056cb906bd5eef72f754ee6e0c77cbb86ea858d1ad3454c1c6274bf9dfe6a54 HART_SNAPSHOT_LEN=1189
RAM_SHA256=e7c664bb4f80ca5471bbbeea66bde5b97811e511545749ecd82643975c583f42
RAM_CHANGED=0x80002ffe:70,0x80003000:93801000
RESULT=max-instrs
REGS=pc:0x0000000080003004,x1:0x0000000000000008,x4:0x0000000000000000,x5:0x0000000000000000,x6:0x0000000000000000,x7:0x0000000000000000,x8:0x0000000000000000
MMIO_UART_ORDER=
MMIO_DEVICE_HITS=0x0000000010001000:0
MMIO_ORDER=
CONTROL_BEFORE_HART_SHA256=f4b6396beb78a30adb73a4ef4c3bb7e74afca35fa7338e30522daff40b83d773
TRACE_RECORDS=0
TRACE_SHA256=none
TRACE_CANONICAL=none
END_CASE
CASE smc-dma-host mode=cache=cached capture=recording
HART_SNAPSHOT_SHA256=a3f593da714326b42002ab33c922e8d95f7abf958993a99a419d0955937fbae0 HART_SNAPSHOT_LEN=1189
RAM_SHA256=47052e1b4faebe4da231ddcc8152a27cef61ab4ed8617ebe93c2220728c91de9
RAM_CHANGED=0x80002ffe:70,0x80003001:8010
RESULT=max-instrs
REGS=pc:0x0000000080003004,x1:0x0000000000000008,x4:0x0000000000000000,x5:0x0000000000000000,x6:0x0000000000000000,x7:0x0000000000000000,x8:0x0000000000000000
MMIO_UART_ORDER=
MMIO_DEVICE_HITS=0x0000000010001000:0
MMIO_ORDER=
CONTROL_BEFORE_HART_SHA256=0333bc230944075a042f770c748edc192075d18bd6b1a64ff80d725379cd2590
TRACE_RECORDS=3
TRACE_SHA256=724a140e3c17fea7a864a479aefe19609e47b9cfd8669a09719d40403caddbc8
TRACE_CANONICAL_BEGIN
core 0: 0x0000000080002ffc (0x00500093) x1 0x0000000000000005
core 0: 0x0000000080002ffc (0x00700093) x1 0x0000000000000007
core 0: 0x0000000080003000 (0x00108093) x1 0x0000000000000008
TRACE_CANONICAL_END
END_CASE
CASE smc-guest-cross-page mode=cache=cached capture=recording
HART_SNAPSHOT_SHA256=0056cb906bd5eef72f754ee6e0c77cbb86ea858d1ad3454c1c6274bf9dfe6a54 HART_SNAPSHOT_LEN=1189
RAM_SHA256=e7c664bb4f80ca5471bbbeea66bde5b97811e511545749ecd82643975c583f42
RAM_CHANGED=0x80002ffe:70,0x80003000:93801000
RESULT=max-instrs
REGS=pc:0x0000000080003004,x1:0x0000000000000008,x4:0x0000000000000000,x5:0x0000000000000000,x6:0x0000000000000000,x7:0x0000000000000000,x8:0x0000000000000000
MMIO_UART_ORDER=
MMIO_DEVICE_HITS=0x0000000010001000:0
MMIO_ORDER=
CONTROL_BEFORE_HART_SHA256=f4b6396beb78a30adb73a4ef4c3bb7e74afca35fa7338e30522daff40b83d773
TRACE_RECORDS=6
TRACE_SHA256=dcdaa8162fbc546bbe73248fe8c112025b036ff2d6eae31b3cea8e54be98a4eb
TRACE_CANONICAL_BEGIN
core 0: 0x0000000080002ffc (0x00500093) x1 0x0000000000000005
core 0: 0x0000000080003000 (0x800fd06f)
core 0: 0x0000000080000000 (0x00313023) mem 0x0000000080002ffc 0x0010809300700093
core 0: 0x0000000080000004 (0x7f90206f)
core 0: 0x0000000080002ffc (0x00700093) x1 0x0000000000000007
core 0: 0x0000000080003000 (0x00108093) x1 0x0000000000000008
TRACE_CANONICAL_END
END_CASE
SMC_DMA_CROSS_PAGE=0x0000000080002ffc..0x0000000080003003
E5-T26P_BASELINE_DONE

test actual_wasm_capture_matrix_matches_independently_retained_baseline ... ok

test result: ok. 1 passed; 0 failed; 0 ignored; 0 filtered out; finished in 0.53s

     Running tests/retirement_capture_verifier.rs (/Users/blamy/Documents/Codex/wasm-vm/target/wasm32-unknown-unknown/debug/deps/retirement_capture_verifier-73d8c8b3d65fa3f3.wasm)
running 2 tests
Invoking test: wasm_ordinary_and_cached_x0_mmio_read_and_fault_keep_effects_and_callbacks
test wasm_ordinary_and_cached_x0_mmio_read_and_fault_keep_effects_and_callbacks ... ok
Invoking test: wasm_direct_x0_mmio_read_and_fault_keep_effects_and_callbacks
test wasm_direct_x0_mmio_read_and_fault_keep_effects_and_callbacks ... ok

test result: ok. 2 passed; 0 failed; 0 ignored; 0 filtered out; finished in 0.02s

     Running tests/rv64a.rs (/Users/blamy/Documents/Codex/wasm-vm/target/wasm32-unknown-unknown/debug/deps/rv64a-4a21d7751e60de11.wasm)
running 1 test
Invoking test: rv64a_reservation_and_amo_on_wasm32
test rv64a_reservation_and_amo_on_wasm32 ... ok

test result: ok. 1 passed; 0 failed; 0 ignored; 0 filtered out; finished in 0.03s

     Running tests/rv64d.rs (/Users/blamy/Documents/Codex/wasm-vm/target/wasm32-unknown-unknown/debug/deps/rv64d-b6e7714ab739c270.wasm)
running 1 test
Invoking test: rv64d_is_deterministic_on_wasm32
test rv64d_is_deterministic_on_wasm32 ... ok

test result: ok. 1 passed; 0 failed; 0 ignored; 0 filtered out; finished in 0.01s

     Running tests/rv64f.rs (/Users/blamy/Documents/Codex/wasm-vm/target/wasm32-unknown-unknown/debug/deps/rv64f-1306864f317af66e.wasm)
running 1 test
Invoking test: rv64f_is_deterministic_on_wasm32
test rv64f_is_deterministic_on_wasm32 ... ok

test result: ok. 1 passed; 0 failed; 0 ignored; 0 filtered out; finished in 0.01s

     Running tests/wrapper.rs (/Users/blamy/Documents/Codex/wasm-vm/target/wasm32-unknown-unknown/debug/deps/wrapper-d7184f4ff26ffc42.wasm)
running 10 tests
Invoking test: state_digest_matches_native_dump_state
test state_digest_matches_native_dump_state ... ok
Invoking test: run_before_load_and_after_exit_throw
test run_before_load_and_after_exit_throw ... ok
Invoking test: registers_expose_pc_and_32_gprs
test registers_expose_pc_and_32_gprs ... ok
Invoking test: reentrant_console_callback_is_a_caught_error_not_an_abort
test reentrant_console_callback_is_a_caught_error_not_an_abort ... ok
Invoking test: malformed_elf_throws_named_error_and_machine_survives
test malformed_elf_throws_named_error_and_machine_survives ... ok
Invoking test: loops_trace_first_40_lines_match_golden
test loops_trace_first_40_lines_match_golden ... ok
Invoking test: jit_residency_policies_publish_the_cache_and_execution_ledger
test jit_residency_policies_publish_the_cache_and_execution_ledger ... ok
Invoking test: jit_hot_loop_step_and_trace_report_exact_retirements
test jit_hot_loop_step_and_trace_report_exact_retirements ... ok
Invoking test: hostile_ram_size_throws_instead_of_aborting
test hostile_ram_size_throws_instead_of_aborting ... ok
Invoking test: hello_console_bytes_and_exit_status
test hello_console_bytes_and_exit_status ... ok

test result: ok. 10 passed; 0 failed; 0 ignored; 0 filtered out; finished in 7.43s

bash tools/check-zero-cost.sh --selftest
check-zero-cost OK: null-sink step path has no trace calls
check-zero-cost selftest OK: recording probe visibly references trace code
verify-E5-T26p (optional retirement capture; not F latency or Omarchy acceptance): OK
