HELD counter differential cap=1 seed=297 operations=100000
HELD counter differential cap=1 seed=29164 operations=100000
HELD counter differential cap=1 seed=24301 operations=100000
HELD counter differential cap=2 seed=297 operations=100000
HELD counter differential cap=2 seed=29164 operations=100000
HELD counter differential cap=2 seed=24301 operations=100000
HELD counter differential cap=8 seed=297 operations=100000
HELD counter differential cap=8 seed=29164 operations=100000
FAILED cap=8 seed=24301 step=31884 baseline=(1885, 3205) candidate=(1885, 3204)
0: flush_page(0x8000a) returns false/false
1: insert(0x8000b03e)
2: insert(0x80001052)
3: insert(0x800050bc)
4: insert(0x80000062)
5: insert(0x8000202e)
6: insert(0x8000406a)
7: insert(0x8000c0ba)
8: insert(0x80008088)
9: flush_page(0x80003) returns false/false
10: insert(0x800080dc)
11: insert(0x80009028)
12: insert(0x800060f6)
13: insert(0x8000202e)
14: insert(0x8000b0e8)
15: insert(0x800090ae)
16: flush_page(0x8000b) returns true/true
17: insert(0x8000c084)
18: insert(0x80006080)
19: insert(0x8000c02e)
20: insert(0x8000204c)
21: insert(0x800010a2)
22: insert(0x8000a056)
23: insert(0x80006042)
24: flush_page(0x80006) returns true/true
25: insert(0x80001030)
26: flush_page(0x80009) returns true/true
27: flush_page(0x8000c) returns true/true
28: insert(0x8000804e)
29: insert(0x80008064)
30: insert(0x8000c0e0)
31: insert(0x800030b4)
32: flush_page(0x80002) returns true/true
33: flush_page(0x80007) returns false/false
34: insert(0x800000c0)
35: flush_page(0x80002) returns false/false
36: insert(0x80004022)
37: insert(0x800050b6)
38: insert(0x80008058)
39: insert(0x80008078)
40: flush_page(0x80002) returns false/false
41: insert(0x8000203a)
42: insert(0x8000304a)
43: insert(0x800060ae)
44: insert(0x8000c09a)
45: flush_page(0x80001) returns true/true
46: insert(0x80000014)
47: insert(0x8000b0be)
48: insert(0x8000309c)
49: insert(0x80001096)
50: flush_page(0x8000b) returns true/false
51: flush_page(0x8000a) returns true/false
52: flush_page(0x80009) returns false/false
53: insert(0x8000809e)
54: insert(0x800030a0)
55: insert(0x8000206a)
56: insert(0x800000c8)
57: flush_page(0x8000c) returns true/false
58: insert(0x800020c0)
59: insert(0x80007024)
60: insert(0x80004044)
61: insert(0x8000108a)
62: insert(0x8000b04c)
63: insert(0x80006088)
64: insert(0x80008028)
65: insert(0x800060b8)
66: insert(0x80000076)
67: flush()
68: insert(0x80008010)
69: insert(0x800080b2)
70: insert(0x8000a000)
71: insert(0x80004076)
72: insert(0x8000c0c4)
73: insert(0x8000906e)
74: insert(0x800010b6)
75: flush_page(0x80007) returns false/false
76: insert(0x8000401e)
77: insert(0x80006044)
78: flush_page(0x80006) returns true/true
79: flush_page(0x80002) returns false/false
80: insert(0x80007026)
81: insert(0x8000908c)
82: insert(0x8000b0e4)
83: insert(0x8000301a)
84: insert(0x8000c082)
85: insert(0x80001006)
86: insert(0x800090ee)
87: insert(0x80008038)
88: insert(0x8000c0f4)
89: flush_page(0x8000c) returns true/true
90: insert(0x8000404a)
91: insert(0x8000801c)
92: insert(0x800020c0)
93: insert(0x80007044)
94: insert(0x800080a2)
95: insert(0x80006090)
96: flush_page(0x80006) returns true/true
97: flush_page(0x80003) returns true/false
98: insert(0x80005038)
99: insert(0x8000907c)
100: insert(0x800030a8)
101: insert(0x80007050)
102: insert(0x8000a022)
103: flush_page(0x8000a) returns true/true
104: insert(0x8000b0fc)
105: insert(0x80007016)
106: insert(0x8000c048)
107: flush_page(0x80009) returns true/false
108: flush()
109: insert(0x800090e2)
110: insert(0x800030d6)
111: insert(0x8000504a)
112: insert(0x80008044)
113: insert(0x8000601e)
114: flush_page(0x80007) returns false/false
115: insert(0x80008070)
116: insert(0x8000a070)
117: flush_page(0x80002) returns false/false
118: insert(0x800040d4)
119: insert(0x80003086)
120: insert(0x800010f0)
121: insert(0x8000b080)
122: insert(0x800010a8)
123: insert(0x800090ac)
124: insert(0x800000f6)
125: insert(0x80001014)
126: flush_page(0x80008) returns true/true
127: flush_page(0x8000b) returns true/false
128: insert(0x800020b4)
129: flush_page(0x8000c) returns false/false
130: flush_page(0x80002) returns true/true
131: flush_page(0x80007) returns false/false
132: insert(0x80001044)
133: flush_page(0x8000c) returns false/false
134: insert(0x800040b6)
135: insert(0x800010fc)
136: insert(0x80001098)
137: insert(0x800040c6)
138: insert(0x8000103e)
139: flush()
140: insert(0x800010b6)
141: insert(0x800020be)
142: flush_page(0x80004) returns false/false
143: insert(0x80008042)
144: insert(0x8000602e)
145: insert(0x80003006)
146: insert(0x8000402a)
147: insert(0x8000a04e)
148: insert(0x80008002)
149: insert(0x8000c0b8)
150: insert(0x8000408c)
151: insert(0x8000307c)
152: insert(0x80009084)
153: insert(0x800090d0)
154: insert(0x80004086)
155: insert(0x800090bc)
156: flush_page(0x80005) returns false/false
157: insert(0x8000b056)
158: insert(0x80009060)
159: insert(0x800070f0)
160: flush_page(0x80000) returns false/false
161: insert(0x8000c0be)
162: insert(0x800000fe)
163: flush_page(0x8000a) returns true/false
164: insert(0x80002060)
165: insert(0x80001000)
166: flush_page(0x8000c) returns true/false
167: insert(0x8000c0e6)
168: flush_page(0x80006) returns true/false
169: flush_page(0x80007) returns true/false
170: insert(0x8000009e)
171: insert(0x800010a8)
172: insert(0x800050b8)
173: insert(0x8000b0c0)
174: flush()
175: insert(0x80004010)
176: insert(0x80003082)
177: insert(0x8000008e)
178: insert(0x8000a088)
179: flush_page(0x80004) returns true/true
180: flush_page(0x8000c) returns false/false
181: insert(0x8000b0b6)
182: flush_page(0x8000c) returns false/false
183: insert(0x800020e8)
184: insert(0x800060a8)
185: flush_page(0x80009) returns false/false
186: insert(0x80008072)
187: insert(0x80004092)
188: insert(0x800040bc)
189: insert(0x8000b088)
190: insert(0x80007002)
191: insert(0x80007084)
192: insert(0x800040d4)
193: insert(0x8000a088)
194: insert(0x80003034)
195: flush_page(0x80006) returns true/false
196: insert(0x80005004)
197: insert(0x80009098)
198: flush_page(0x80002) returns true/false
199: insert(0x8000209a)
200: insert(0x8000c0e8)
201: insert(0x800080aa)
202: insert(0x800010f0)
203: insert(0x80005016)
204: flush_page(0x8000c) returns true/true
205: flush()
206: flush_page(0x80001) returns false/false
207: insert(0x8000305c)
208: insert(0x8000604e)
209: insert(0x8000200a)
210: insert(0x80001032)
211: insert(0x80000096)
212: insert(0x800060da)
213: insert(0x80004012)
214: insert(0x8000a082)
215: flush_page(0x80005) returns false/false
216: flush()
217: insert(0x80006096)
218: flush_page(0x80008) returns false/false
219: insert(0x80000072)
220: flush()
221: flush()
222: insert(0x800050ee)
223: flush_page(0x80004) returns false/false
224: flush()
225: flush_page(0x80002) returns false/false
226: insert(0x80002040)
227: insert(0x8000c02c)
228: insert(0x80001006)
229: insert(0x80003062)
230: insert(0x80007060)
231: insert(0x8000900a)
232: flush_page(0x80006) returns false/false
233: insert(0x8000c036)
234: insert(0x800030ea)
235: flush_page(0x80007) returns true/true
236: insert(0x80008070)
237: insert(0x8000808c)
238: insert(0x80003012)
239: insert(0x8000a0f8)
240: flush_page(0x80008) returns true/true
241: insert(0x80005066)
242: insert(0x80001088)
243: insert(0x8000003e)
244: flush()
245: flush_page(0x80000) returns false/false
246: insert(0x8000b0b2)
247: insert(0x8000001c)
248: insert(0x8000100e)
249: insert(0x800030a2)
250: flush()
251: flush_page(0x80001) returns false/false
252: insert(0x80000032)
253: flush_page(0x8000b) returns false/false
254: flush_page(0x8000a) returns false/false
255: flush_page(0x80000) returns true/true
256: insert(0x8000103e)
257: insert(0x80009094)
258: insert(0x800040ca)
259: insert(0x80004036)
260: insert(0x8000a066)
261: insert(0x80002050)
262: insert(0x8000404e)
263: insert(0x80004086)
264: insert(0x80004094)
265: flush_page(0x80002) returns true/true
266: flush_page(0x8000b) returns false/false
267: insert(0x80002012)
268: insert(0x8000a0f0)
269: flush_page(0x80002) returns true/true
270: insert(0x800000bc)
271: insert(0x800080c6)
272: insert(0x8000004c)
273: insert(0x8000509c)
274: flush_page(0x80008) returns true/true
275: insert(0x80008038)
276: insert(0x800080c6)
277: insert(0x8000909e)
278: flush_page(0x80007) returns false/false
279: insert(0x8000b068)
280: insert(0x80009084)
281: flush_page(0x80004) returns true/true
282: insert(0x8000904c)
283: insert(0x80001044)
284: insert(0x800070be)
285: flush()
286: flush_page(0x80007) returns false/false
287: flush_page(0x80004) returns false/false
288: insert(0x800010c0)
289: insert(0x80006072)
290: flush_page(0x80002) returns false/false
291: insert(0x8000b05e)
292: flush_page(0x80004) returns false/false
293: insert(0x8000a05e)
294: insert(0x8000c064)
295: flush_page(0x80007) returns false/false
296: insert(0x80007002)
297: insert(0x80003054)
298: insert(0x800020e2)
299: insert(0x800060ae)
300: insert(0x80004026)
301: insert(0x8000604e)
302: insert(0x80006050)
303: flush_page(0x8000a) returns true/true
304: insert(0x80007098)
305: insert(0x8000704a)
306: flush_page(0x80007) returns true/true
307: insert(0x80003008)
308: insert(0x800020d8)
309: insert(0x800090b8)
310: flush_page(0x8000b) returns true/false
311: insert(0x800060f6)
312: flush_page(0x80006) returns true/true
313: flush_page(0x80005) returns false/false
314: insert(0x8000507a)
315: insert(0x80001086)
316: flush_page(0x8000b) returns false/false
317: insert(0x80001088)
318: insert(0x80007094)
319: flush_page(0x80008) returns false/false
320: flush_page(0x80008) returns false/false
321: flush_page(0x80005) returns true/true
322: insert(0x80005014)
323: flush()
324: flush_page(0x80004) returns false/false
325: flush_page(0x80000) returns false/false
326: flush_page(0x80005) returns false/false
327: flush()
328: insert(0x800040e8)
329: insert(0x800050e8)
330: flush_page(0x80004) returns true/true
331: flush_page(0x80007) returns false/false
332: flush()
333: flush()
334: insert(0x8000601e)
335: insert(0x8000901e)
336: insert(0x800020b6)
337: insert(0x80001022)
338: flush()
339: insert(0x8000c070)
340: flush_page(0x80007) returns false/false
341: insert(0x8000108e)
342: insert(0x800010f0)
343: flush_page(0x80003) returns false/false
344: insert(0x80005086)
345: insert(0x80000090)
346: flush()
347: insert(0x8000a0bc)
348: flush_page(0x8000a) returns true/true
349: insert(0x80002098)
350: insert(0x800010f4)
351: flush_page(0x80005) returns false/false
352: insert(0x80009008)
353: flush_page(0x80004) returns false/false
354: insert(0x8000a0e0)
355: flush_page(0x80007) returns false/false
356: flush_page(0x80009) returns true/true
357: insert(0x8000a0a6)
358: flush()
359: insert(0x800000cc)
360: insert(0x800050fe)
361: flush()
362: insert(0x8000c0d8)
363: flush_page(0x80004) returns false/false
364: insert(0x800040ce)
365: insert(0x800000ee)
366: insert(0x80001042)
367: flush_page(0x80006) returns false/false
368: flush_page(0x80005) returns false/false
369: insert(0x80007082)
370: insert(0x8000102e)
371: insert(0x8000108c)
372: insert(0x80009038)
373: insert(0x80002098)
374: insert(0x80006014)
375: insert(0x80007002)
376: flush_page(0x80008) returns false/false
377: insert(0x80002044)
378: insert(0x800050f8)
379: insert(0x800020ce)
380: flush()
381: insert(0x800000fa)
382: insert(0x8000703c)
383: insert(0x80005054)
384: flush()
385: insert(0x800080f6)
386: insert(0x800050aa)
387: insert(0x800020c4)
388: insert(0x800000ae)
389: insert(0x800090fe)
390: insert(0x8000a0b4)
391: insert(0x8000c072)
392: insert(0x80000030)
393: insert(0x8000307c)
394: insert(0x800050d4)
395: flush_page(0x80002) returns true/false
396: flush()
397: flush_page(0x80005) returns false/false
398: flush_page(0x80006) returns false/false
399: flush_page(0x80003) returns false/false
400: insert(0x80002060)
401: flush_page(0x80004) returns false/false
402: insert(0x8000808e)
403: flush_page(0x80006) returns false/false
404: insert(0x8000a034)
405: insert(0x80001046)
406: insert(0x800070ae)
407: flush_page(0x80004) returns false/false
408: flush_page(0x80004) returns false/false
409: insert(0x8000006e)
410: flush()
411: flush_page(0x80001) returns false/false
412: insert(0x800090f0)
413: insert(0x8000707c)
414: insert(0x800020c2)
415: flush_page(0x80002) returns true/true
416: insert(0x800090ec)
417: flush()
418: insert(0x80007010)
419: insert(0x80006068)
420: insert(0x8000a088)
421: insert(0x8000c03a)
422: insert(0x80003036)
423: insert(0x80000074)
424: insert(0x80007036)
425: insert(0x8000606e)
426: flush()
427: flush()
428: insert(0x800070f8)
429: insert(0x800000ac)
430: insert(0x8000a0b0)
431: flush_page(0x80009) returns false/false
432: insert(0x800040c6)
433: insert(0x8000107a)
434: insert(0x8000c030)
435: insert(0x800060ec)
436: insert(0x800080a6)
437: flush_page(0x80004) returns true/true
438: insert(0x80008074)
439: insert(0x8000c010)
440: insert(0x80008040)
441: insert(0x80004042)
442: flush_page(0x80006) returns true/true
443: insert(0x800010ec)
444: insert(0x800050a6)
445: insert(0x80002024)
446: insert(0x80001050)
447: flush_page(0x80003) returns false/false
448: insert(0x800000ba)
449: insert(0x8000b01a)
450: flush_page(0x80009) returns false/false
451: insert(0x8000406c)
452: insert(0x80008082)
453: insert(0x80007012)
454: insert(0x8000a08a)
455: flush_page(0x80002) returns true/true
456: insert(0x80000028)
457: flush_page(0x80004) returns true/false
458: insert(0x800080be)
459: insert(0x80003086)
460: insert(0x8000606a)
461: insert(0x8000204a)
462: flush_page(0x80006) returns true/true
463: insert(0x800070d6)
464: insert(0x800080e2)
465: insert(0x8000c096)
466: insert(0x80007028)
467: flush_page(0x80004) returns false/false
468: insert(0x80001018)
469: insert(0x800040d0)
470: insert(0x80008052)
471: flush_page(0x80008) returns true/true
472: insert(0x80001018)
473: insert(0x80007018)
474: insert(0x8000505c)
475: insert(0x8000008c)
476: insert(0x8000b044)
477: flush()
478: insert(0x8000700c)
479: flush()
480: flush_page(0x80001) returns false/false
481: flush()
482: flush()
483: insert(0x800040e8)
484: insert(0x8000b0ec)
485: insert(0x800090e8)
486: flush()
487: insert(0x8000105a)
488: insert(0x80004010)
489: flush_page(0x80005) returns false/false
490: insert(0x80007002)
491: insert(0x800090d2)
492: flush()
493: insert(0x800030a8)
494: insert(0x800090a2)
495: insert(0x800070a0)
496: flush_page(0x80001) returns false/false
497: flush_page(0x80003) returns true/true
498: insert(0x8000a096)
499: insert(0x80003086)
500: insert(0x8000a0f2)
501: insert(0x8000105a)
502: insert(0x800080e0)
503: flush()
504: insert(0x800070f4)
505: insert(0x80004064)
506: flush_page(0x80006) returns false/false
507: insert(0x80007072)
508: insert(0x80000084)
509: insert(0x8000a0ec)
510: flush_page(0x8000b) returns false/false
511: insert(0x8000a056)
512: flush_page(0x80008) returns false/false
513: flush_page(0x80006) returns false/false
514: insert(0x8000504e)
515: insert(0x8000c0b2)
516: insert(0x800080de)
517: insert(0x8000507c)
518: insert(0x80008090)
519: insert(0x800030e2)
520: flush_page(0x80007) returns true/true
521: flush()
522: flush_page(0x80007) returns false/false
523: insert(0x800030bc)
524: insert(0x80003012)
525: insert(0x8000c0da)
526: flush_page(0x80007) returns false/false
527: insert(0x800020a6)
528: insert(0x8000401e)
529: insert(0x8000b0c8)
530: flush_page(0x80000) returns false/false
531: insert(0x8000101c)
532: insert(0x800060d2)
533: insert(0x8000206a)
534: insert(0x8000c0d0)
535: insert(0x8000104a)
536: insert(0x80004040)
537: flush_page(0x80009) returns false/false
538: insert(0x80009012)
539: insert(0x80003026)
540: flush_page(0x8000a) returns false/false
541: insert(0x800070c4)
542: insert(0x80000050)
543: insert(0x800080fa)
544: flush_page(0x80003) returns true/true
545: flush_page(0x80005) returns false/false
546: insert(0x80001064)
547: flush_page(0x80008) returns true/true
548: insert(0x8000808c)
549: insert(0x800060c6)
550: flush()
551: insert(0x800050d2)
552: flush_page(0x8000b) returns false/false
553: insert(0x800030f4)
554: insert(0x8000805c)
555: insert(0x8000b05c)
556: insert(0x80004022)
557: insert(0x80009060)
558: insert(0x800070e8)
559: flush_page(0x80003) returns true/true
560: insert(0x8000a060)
561: insert(0x8000a018)
562: insert(0x800050d8)
563: insert(0x8000b06c)
564: insert(0x8000a0da)
565: flush_page(0x8000c) returns false/false
566: flush()
567: flush()
568: insert(0x80001092)
569: insert(0x80001008)
570: insert(0x8000c00c)
571: flush()
572: insert(0x8000c0dc)
573: insert(0x800050ba)
574: insert(0x800080a8)
575: insert(0x800040e0)
576: insert(0x8000b08a)
577: insert(0x80000054)
578: flush_page(0x80001) returns false/false
579: insert(0x8000100e)
580: insert(0x8000109c)
581: insert(0x800000aa)
582: insert(0x800030be)
583: insert(0x800010fa)
584: flush_page(0x80008) returns true/false
585: flush_page(0x8000a) returns false/false
586: insert(0x8000b008)
587: insert(0x800050ec)
588: insert(0x800090c0)
589: flush_page(0x80001) returns true/true
590: insert(0x8000a098)
591: insert(0x8000304c)
592: insert(0x800020bc)
593: insert(0x80002072)
594: insert(0x8000500c)
595: insert(0x80001004)
596: insert(0x80009008)
597: insert(0x8000c0f6)
598: insert(0x800070ec)
599: insert(0x80009022)
600: insert(0x80005032)
601: insert(0x80001026)
602: insert(0x8000c040)
603: flush_page(0x80002) returns true/true
604: insert(0x800020f0)
605: insert(0x8000c016)
606: insert(0x800090b2)
607: insert(0x800000ca)
608: insert(0x80008010)
609: flush_page(0x8000a) returns true/false
610: insert(0x8000b098)
611: insert(0x80007040)
612: flush_page(0x8000b) returns true/true
613: flush_page(0x80007) returns true/true
614: insert(0x800030c8)
615: insert(0x800050d6)
616: insert(0x800050ea)
617: flush()
618: insert(0x80003002)
619: insert(0x80000064)
620: insert(0x800040da)
621: insert(0x8000a02a)
622: insert(0x80003092)
623: insert(0x800040b0)
624: insert(0x8000c04a)
625: insert(0x800080ce)
626: insert(0x800010dc)
627: insert(0x800050ea)
628: insert(0x8000508a)
629: insert(0x80009098)
630: insert(0x80003024)
631: insert(0x8000a0bc)
632: insert(0x800050be)
633: flush_page(0x80003) returns true/true
634: insert(0x80003082)
635: flush_page(0x80008) returns true/false
636: flush()
637: insert(0x800020f4)
638: flush()
639: flush()
640: insert(0x8000b052)
641: insert(0x80000054)
642: insert(0x8000004a)
643: insert(0x8000504c)
644: insert(0x800030a8)
645: insert(0x8000a016)
646: flush()
647: flush_page(0x80003) returns false/false
648: insert(0x80001012)
649: insert(0x800020d0)
650: insert(0x80002082)
651: insert(0x80005024)
652: insert(0x800020de)
653: insert(0x8000b0f8)
654: insert(0x80005006)
655: insert(0x8000c09c)
656: insert(0x800040aa)
657: flush_page(0x80009) returns false/false
658: insert(0x800060be)
659: flush_page(0x8000c) returns true/true
660: insert(0x8000300c)
661: insert(0x8000808c)
662: insert(0x800010bc)
663: flush_page(0x8000b) returns true/false
664: insert(0x8000c0b0)
665: flush()
666: insert(0x8000c01c)
667: insert(0x8000c0b2)
668: flush_page(0x80006) returns false/false
669: insert(0x8000c08c)
670: insert(0x8000607a)
671: insert(0x8000a066)
672: flush()
673: insert(0x8000108a)
674: flush_page(0x8000b) returns false/false
675: insert(0x8000c0d4)
676: insert(0x80009018)
677: flush_page(0x80001) returns true/true
678: insert(0x80002034)
679: insert(0x8000a078)
680: insert(0x800050cc)
681: flush_page(0x80006) returns false/false
682: flush_page(0x8000a) returns true/true
683: insert(0x80009098)
684: insert(0x8000b084)
685: insert(0x800040ba)
686: insert(0x80007074)
687: insert(0x800020c2)
688: insert(0x8000801c)
689: insert(0x80001064)
690: insert(0x8000106e)
691: flush_page(0x80003) returns false/false
692: insert(0x8000201a)
693: insert(0x80002088)
694: insert(0x800060c6)
695: insert(0x8000c084)
696: insert(0x800000fa)
697: flush_page(0x8000a) returns false/false
698: insert(0x80009076)
699: insert(0x80005072)
700: insert(0x80001096)
701: insert(0x80005076)
702: flush_page(0x80007) returns true/false
703: insert(0x800050f4)
704: insert(0x800060aa)
705: insert(0x800010f8)
706: insert(0x800040b4)
707: insert(0x8000a012)
708: flush()
709: insert(0x8000a0cc)
710: flush_page(0x80000) returns false/false
711: insert(0x8000503c)
712: insert(0x800020fc)
713: flush_page(0x80009) returns false/false
714: insert(0x8000c0d6)
715: insert(0x8000b0d6)
716: flush_page(0x8000c) returns true/true
717: insert(0x80003010)
718: insert(0x800080a4)
719: insert(0x80005058)
720: insert(0x8000509a)
721: insert(0x80004004)
722: flush_page(0x80003) returns true/true
723: insert(0x8000a0f6)
724: insert(0x80004062)
725: insert(0x800070e6)
726: insert(0x80008028)
727: insert(0x8000c066)
728: insert(0x8000b094)
729: insert(0x8000a0f8)
730: flush()
731: flush_page(0x80006) returns false/false
732: flush_page(0x80007) returns false/false
733: insert(0x800070f0)
734: insert(0x8000708e)
735: insert(0x80001006)
736: insert(0x80005072)
737: insert(0x80008074)
738: insert(0x80003026)
739: insert(0x8000c0fc)
740: insert(0x8000409c)
741: insert(0x8000908a)
742: insert(0x8000c0ea)
743: insert(0x80007072)
744: insert(0x8000401a)
745: flush_page(0x80001) returns true/false
746: insert(0x8000201e)
747: insert(0x8000a04c)
748: flush_page(0x8000c) returns true/false
749: insert(0x800040a2)
750: flush_page(0x80009) returns true/true
751: insert(0x8000a004)
752: insert(0x800010de)
753: insert(0x8000207e)
754: flush_page(0x8000a) returns true/true
755: flush_page(0x80001) returns true/true
756: insert(0x80000014)
757: insert(0x80004068)
758: flush_page(0x8000c) returns false/false
759: insert(0x800060a8)
760: insert(0x80000018)
761: insert(0x8000a086)
762: insert(0x80003000)
763: insert(0x80004082)
764: insert(0x80003062)
765: flush_page(0x80006) returns true/false
766: flush_page(0x80000) returns true/true
767: insert(0x80004008)
768: insert(0x8000907e)
769: insert(0x800000a2)
770: insert(0x800070d6)
771: flush_page(0x80005) returns true/false
772: insert(0x800040a4)
773: insert(0x800010dc)
774: flush()
775: flush_page(0x80005) returns false/false
776: flush_page(0x80002) returns false/false
777: flush_page(0x80005) returns false/false
778: insert(0x80008036)
779: insert(0x8000c05c)
780: flush_page(0x80006) returns false/false
781: insert(0x80009064)
782: insert(0x8000709a)
783: insert(0x800050b6)
784: insert(0x8000b088)
785: flush()
786: flush_page(0x80005) returns false/false
787: insert(0x80004098)
788: insert(0x80002038)
789: flush_page(0x80003) returns false/false
790: flush_page(0x80002) returns true/true
791: insert(0x80008016)
792: insert(0x80000050)
793: insert(0x8000508c)
794: insert(0x8000700c)
795: flush_page(0x80004) returns true/true
796: insert(0x80004076)
797: flush_page(0x80005) returns true/true
798: flush()
799: insert(0x8000306c)
800: insert(0x80002060)
801: insert(0x80006084)
802: insert(0x800090d0)
803: insert(0x8000a016)
804: flush_page(0x80001) returns false/false
805: flush()
806: flush_page(0x80001) returns false/false
807: insert(0x80004098)
808: insert(0x8000804e)
809: insert(0x80008018)
810: insert(0x8000a08e)
811: insert(0x8000b004)
812: insert(0x8000a0ea)
813: insert(0x8000c0d2)
814: insert(0x800010ee)
815: insert(0x8000a094)
816: insert(0x8000c01e)
817: insert(0x800080e4)
818: insert(0x8000900a)
819: insert(0x800040b8)
820: insert(0x800090f2)
821: flush_page(0x80006) returns false/false
822: insert(0x80000058)
823: insert(0x8000a0fc)
824: flush_page(0x8000c) returns true/true
825: insert(0x800090b8)
826: insert(0x800050f6)
827: insert(0x80006018)
828: insert(0x8000007a)
829: insert(0x80006046)
830: insert(0x800080be)
831: insert(0x80001082)
832: flush_page(0x8000b) returns true/false
833: insert(0x800010f6)
834: flush()
835: flush_page(0x80005) returns false/false
836: insert(0x80009032)
837: insert(0x8000b0ec)
838: flush()
839: flush_page(0x8000c) returns false/false
840: flush_page(0x80004) returns false/false
841: flush_page(0x80004) returns false/false
842: flush_page(0x80002) returns false/false
843: flush_page(0x80004) returns false/false
844: insert(0x8000c008)
845: flush_page(0x80001) returns false/false
846: insert(0x8000100e)
847: insert(0x800070d8)
848: insert(0x80004034)
849: insert(0x800060ea)
850: insert(0x800070b4)
851: insert(0x8000a0b2)
852: insert(0x800030ec)
853: insert(0x8000004e)
854: insert(0x80002098)
855: insert(0x80009080)
856: insert(0x80002068)
857: insert(0x80006014)
858: flush_page(0x80005) returns false/false
859: insert(0x800070a6)
860: flush_page(0x80008) returns false/false
861: insert(0x8000b072)
862: insert(0x8000c06a)
863: flush_page(0x80002) returns true/true
864: insert(0x80007022)
865: insert(0x80003034)
866: insert(0x8000b040)
867: insert(0x8000b094)
868: insert(0x80003018)
869: insert(0x80006072)
870: insert(0x800030fa)
871: flush_page(0x8000c) returns true/false
872: insert(0x80006096)
873: insert(0x800040ce)
874: insert(0x80001040)
875: flush_page(0x80005) returns false/false
876: flush_page(0x80007) returns true/false
877: insert(0x80005010)
878: insert(0x80001078)
879: insert(0x800030bc)
880: insert(0x80002070)
881: insert(0x80006002)
882: insert(0x8000b0c4)
883: flush_page(0x80009) returns true/false
884: flush_page(0x80005) returns true/false
885: insert(0x800000aa)
886: flush()
887: insert(0x80005012)
888: insert(0x80003008)
889: flush_page(0x80002) returns false/false
890: insert(0x8000906a)
891: insert(0x8000b0fa)
892: insert(0x8000506e)
893: insert(0x80003042)
894: flush_page(0x80004) returns false/false
895: insert(0x8000a0f0)
896: flush_page(0x80005) returns true/true
897: insert(0x80008060)
898: insert(0x800050d6)
899: insert(0x8000b050)
900: insert(0x80002050)
901: insert(0x8000b0a6)
902: insert(0x8000c0e6)
903: insert(0x8000b0fa)
904: insert(0x800010e4)
905: insert(0x8000406c)
906: flush_page(0x80003) returns true/true
907: insert(0x800070de)
908: insert(0x800030f0)
909: insert(0x80007008)
910: flush_page(0x80007) returns true/true
911: insert(0x80001054)
912: insert(0x800020a8)
913: insert(0x80003032)
914: insert(0x80005096)
915: flush()
916: flush_page(0x80009) returns false/false
917: insert(0x800020b8)
918: insert(0x8000200a)
919: flush_page(0x80003) returns false/false
920: flush_page(0x8000b) returns false/false
921: flush_page(0x80008) returns false/false
922: insert(0x8000000a)
923: insert(0x80009074)
924: insert(0x8000802c)
925: flush_page(0x80008) returns true/true
926: flush_page(0x8000c) returns false/false
927: flush()
928: insert(0x80005032)
929: insert(0x80009000)
930: insert(0x8000505a)
931: insert(0x80008084)
932: insert(0x800080fe)
933: flush_page(0x80009) returns true/true
934: insert(0x800080d4)
935: insert(0x8000806a)
936: flush_page(0x80001) returns false/false
937: insert(0x8000a0d2)
938: insert(0x80008070)
939: insert(0x8000803e)
940: insert(0x80008002)
941: insert(0x80007086)
942: flush_page(0x80000) returns false/false
943: flush_page(0x80001) returns false/false
944: insert(0x800020ee)
945: insert(0x8000306a)
946: insert(0x8000906e)
947: insert(0x80002018)
948: insert(0x800080dc)
949: insert(0x800070b8)
950: flush_page(0x80001) returns false/false
951: insert(0x8000c0be)
952: flush_page(0x80008) returns true/true
953: insert(0x80008054)
954: insert(0x80001024)
955: flush()
956: flush_page(0x80003) returns false/false
957: insert(0x800000e4)
958: flush_page(0x80008) returns false/false
959: insert(0x800040ae)
960: flush_page(0x8000a) returns false/false
961: insert(0x8000a08a)
962: insert(0x80005014)
963: flush_page(0x80001) returns false/false
964: flush_page(0x8000c) returns false/false
965: flush_page(0x80002) returns false/false
966: insert(0x800030f8)
967: insert(0x8000809e)
968: flush_page(0x80009) returns false/false
969: insert(0x8000b078)
970: insert(0x800000a4)
971: flush()
972: insert(0x80004066)
973: insert(0x8000b0c8)
974: insert(0x8000a024)
975: insert(0x8000a0b0)
976: insert(0x8000a0b0)
977: insert(0x80007002)
978: insert(0x800000a4)
979: insert(0x8000002a)
980: flush_page(0x80006) returns false/false
981: insert(0x800010a4)
982: insert(0x800050f6)
983: insert(0x8000008c)
984: insert(0x80000040)
985: insert(0x8000204a)
986: insert(0x8000a004)
987: insert(0x8000c0c4)
988: insert(0x8000c076)
989: flush_page(0x80004) returns true/true
990: flush_page(0x80003) returns false/false
991: insert(0x800060e0)
992: flush()
993: flush_page(0x80002) returns false/false
994: insert(0x8000b0c6)
995: flush_page(0x80008) returns false/false
996: insert(0x8000709e)
997: insert(0x8000c066)
998: insert(0x800070fa)
999: flush_page(0x80009) returns false/false
1000: flush_page(0x80000) returns false/false
1001: insert(0x8000107a)
1002: flush()
1003: flush_page(0x8000c) returns false/false
1004: insert(0x8000709c)
1005: flush_page(0x80004) returns false/false
1006: insert(0x800020fa)
1007: flush_page(0x80000) returns false/false
1008: flush_page(0x80009) returns false/false
1009: flush_page(0x80003) returns false/false
1010: insert(0x800090e8)
1011: insert(0x800050bc)
1012: insert(0x80009000)
1013: insert(0x80007008)
1014: insert(0x80001086)
1015: insert(0x8000b098)
1016: flush_page(0x80000) returns false/false
1017: insert(0x8000a0b0)
1018: insert(0x80004028)
1019: insert(0x800070a6)
1020: insert(0x800060f0)
1021: insert(0x800080fa)
1022: flush()
1023: flush_page(0x8000b) returns false/false
1024: insert(0x80006002)
1025: insert(0x800040e8)
1026: insert(0x800070d2)
1027: insert(0x800060f8)
1028: insert(0x8000a014)
1029: flush()
1030: insert(0x8000005e)
1031: insert(0x80007058)
1032: insert(0x80002032)
1033: insert(0x8000a096)
1034: flush_page(0x80009) returns false/false
1035: flush()
1036: insert(0x8000608c)
1037: insert(0x8000709e)
1038: flush_page(0x80001) returns false/false
1039: insert(0x800000e0)
1040: flush_page(0x80003) returns false/false
1041: insert(0x80002010)
1042: insert(0x8000c066)
1043: insert(0x800090e6)
1044: insert(0x80005038)
1045: insert(0x800000b0)
1046: flush()
1047: insert(0x8000007a)
1048: insert(0x800070fe)
1049: insert(0x800090bc)
1050: insert(0x800020ea)
1051: insert(0x8000b008)
1052: flush_page(0x80001) returns false/false
1053: insert(0x8000c0b8)
1054: flush_page(0x8000c) returns true/true
1055: insert(0x800030d0)
1056: flush_page(0x80008) returns false/false
1057: insert(0x8000b0e6)
1058: flush()
1059: insert(0x800090e2)
1060: flush_page(0x80002) returns false/false
1061: insert(0x8000303c)
1062: insert(0x80008008)
1063: insert(0x80002032)
1064: insert(0x8000400e)
1065: insert(0x80009034)
1066: flush_page(0x80005) returns false/false
1067: insert(0x8000106a)
1068: flush_page(0x80004) returns true/true
1069: insert(0x80004080)
1070: insert(0x800080f0)
1071: insert(0x80002024)
1072: insert(0x8000207e)
1073: insert(0x8000800a)
1074: insert(0x8000b002)
1075: flush()
1076: insert(0x80009036)
1077: insert(0x80007080)
1078: flush_page(0x80008) returns false/false
1079: insert(0x80006070)
1080: insert(0x8000a0de)
1081: insert(0x8000100a)
1082: insert(0x8000c038)
1083: flush_page(0x80008) returns false/false
1084: insert(0x8000a0d6)
1085: insert(0x800010ce)
1086: insert(0x80006090)
1087: flush_page(0x80007) returns true/true
1088: flush_page(0x80000) returns false/false
1089: insert(0x80005030)
1090: insert(0x8000b01a)
1091: insert(0x800050fc)
1092: insert(0x800010d0)
1093: flush_page(0x80005) returns true/true
1094: flush_page(0x80004) returns false/false
1095: flush_page(0x80008) returns false/false
1096: insert(0x8000b04a)
1097: flush()
1098: insert(0x8000909e)
1099: insert(0x8000607c)
1100: insert(0x8000b060)
1101: insert(0x80000048)
1102: insert(0x80004060)
1103: insert(0x800040cc)
1104: flush_page(0x80007) returns false/false
1105: flush_page(0x80006) returns true/true
1106: flush_page(0x80004) returns true/true
1107: insert(0x800030d4)
1108: insert(0x8000c042)
1109: flush_page(0x80005) returns false/false
1110: insert(0x80009028)
1111: flush_page(0x80007) returns false/false
1112: insert(0x80007018)
1113: insert(0x800050ae)
1114: flush_page(0x80001) returns false/false
1115: insert(0x8000402e)
1116: insert(0x8000203a)
1117: flush_page(0x80006) returns false/false
1118: insert(0x80008020)
1119: insert(0x80009052)
1120: flush_page(0x8000c) returns true/false
1121: insert(0x8000c092)
1122: insert(0x80006040)
1123: insert(0x8000a0e2)
1124: insert(0x800020c4)
1125: insert(0x8000c01a)
1126: insert(0x80004010)
1127: insert(0x80009046)
1128: flush_page(0x80000) returns true/false
1129: flush_page(0x80000) returns false/false
1130: insert(0x80003088)
1131: insert(0x8000a028)
1132: flush()
1133: insert(0x800080a0)
1134: insert(0x80009024)
1135: insert(0x8000a0fa)
1136: insert(0x800080e6)
1137: insert(0x8000309c)
1138: insert(0x800020f0)
1139: insert(0x8000709e)
1140: flush_page(0x80008) returns true/true
1141: insert(0x800070f0)
1142: insert(0x8000b040)
1143: flush_page(0x80004) returns false/false
1144: insert(0x800070be)
1145: insert(0x80007024)
1146: flush_page(0x80003) returns true/true
1147: flush_page(0x8000c) returns false/false
1148: insert(0x8000c04e)
1149: insert(0x8000a0aa)
1150: insert(0x800020b6)
1151: flush_page(0x80004) returns false/false
1152: insert(0x80002094)
1153: insert(0x8000b0de)
1154: insert(0x80006000)
1155: insert(0x8000a0c4)
1156: insert(0x80008040)
1157: flush()
1158: flush_page(0x80008) returns false/false
1159: flush_page(0x80002) returns false/false
1160: insert(0x800010cc)
1161: flush_page(0x80006) returns false/false
1162: insert(0x800050c0)
1163: insert(0x80008054)
1164: flush_page(0x8000b) returns false/false
1165: insert(0x800060a2)
1166: insert(0x8000400e)
1167: flush_page(0x80002) returns false/false
1168: flush_page(0x80008) returns true/true
1169: insert(0x8000003c)
1170: flush()
1171: insert(0x80002052)
1172: flush_page(0x80008) returns false/false
1173: flush_page(0x8000b) returns false/false
1174: insert(0x8000906e)
1175: insert(0x8000305e)
1176: insert(0x80003002)
1177: flush_page(0x80008) returns false/false
1178: insert(0x80005024)
1179: insert(0x80003036)
1180: insert(0x8000806a)
1181: insert(0x8000603c)
1182: insert(0x8000700a)
1183: insert(0x8000500e)
1184: flush_page(0x80004) returns false/false
1185: flush_page(0x80004) returns false/false
1186: flush_page(0x80009) returns true/true
1187: insert(0x8000407c)
1188: flush_page(0x80000) returns false/false
1189: insert(0x80008096)
1190: flush_page(0x80004) returns true/true
1191: insert(0x8000203c)
1192: insert(0x8000c0de)
1193: insert(0x80002004)
1194: insert(0x800070c4)
1195: insert(0x80004036)
1196: flush_page(0x8000b) returns false/false
1197: insert(0x8000602e)
1198: flush_page(0x80009) returns false/false
1199: insert(0x80000042)
1200: flush_page(0x80004) returns true/false
1201: flush_page(0x8000b) returns false/false
1202: flush_page(0x80003) returns true/false
1203: flush_page(0x8000b) returns false/false
1204: insert(0x80000044)
1205: insert(0x80006096)
1206: flush_page(0x80007) returns true/true
1207: flush_page(0x80000) returns true/true
1208: flush_page(0x80008) returns true/false
1209: insert(0x800060e8)
1210: flush_page(0x8000a) returns false/false
1211: insert(0x800030c4)
1212: insert(0x8000b022)
1213: insert(0x8000a050)
1214: insert(0x8000a02a)
1215: insert(0x80003094)
1216: insert(0x8000c068)
1217: insert(0x800050b4)
1218: flush_page(0x8000b) returns true/false
1219: insert(0x8000b0bc)
1220: insert(0x8000b056)
1221: flush()
1222: insert(0x800050ce)
1223: flush_page(0x80002) returns false/false
1224: insert(0x8000c006)
1225: insert(0x80002090)
1226: insert(0x8000600e)
1227: insert(0x800080ec)
1228: insert(0x80000072)
1229: insert(0x80004020)
1230: insert(0x80008062)
1231: flush_page(0x8000a) returns false/false
1232: insert(0x800090de)
1233: flush_page(0x80003) returns false/false
1234: insert(0x8000c0a4)
1235: flush_page(0x80007) returns false/false
1236: insert(0x80006028)
1237: flush_page(0x80000) returns true/false
1238: insert(0x8000a036)
1239: insert(0x80002022)
1240: flush_page(0x80002) returns true/true
1241: insert(0x8000309e)
1242: insert(0x80003082)
1243: flush()
1244: insert(0x8000b01a)
1245: insert(0x8000c07c)
1246: insert(0x8000305e)
1247: insert(0x800060b8)
1248: insert(0x80003040)
1249: insert(0x8000a09a)
1250: insert(0x8000c0de)
1251: insert(0x80001032)
1252: insert(0x8000c004)
1253: flush_page(0x8000a) returns true/true
1254: flush_page(0x80005) returns false/false
1255: insert(0x8000b0ce)
1256: insert(0x80003094)
1257: insert(0x800090da)
1258: insert(0x800040cc)
1259: insert(0x8000802e)
1260: insert(0x8000800c)
1261: flush()
1262: insert(0x80009024)
1263: insert(0x8000b0e8)
1264: insert(0x8000507e)
1265: flush_page(0x80000) returns false/false
1266: insert(0x80002044)
1267: insert(0x8000b07e)
1268: insert(0x8000a0a8)
1269: flush()
1270: insert(0x80008006)
1271: flush_page(0x80007) returns false/false
1272: flush_page(0x80003) returns false/false
1273: insert(0x8000c0fe)
1274: flush_page(0x80006) returns false/false
1275: insert(0x8000b08c)
1276: insert(0x8000a0da)
1277: insert(0x80005080)
1278: flush_page(0x80000) returns false/false
1279: flush()
1280: flush()
1281: insert(0x80008032)
1282: insert(0x80005038)
1283: flush_page(0x80001) returns false/false
1284: flush_page(0x8000c) returns false/false
1285: flush_page(0x80002) returns false/false
1286: insert(0x8000b046)
1287: insert(0x8000c03e)
1288: insert(0x8000103c)
1289: flush_page(0x80003) returns false/false
1290: insert(0x8000908c)
1291: insert(0x800090e6)
1292: insert(0x80008086)
1293: insert(0x80009058)
1294: insert(0x8000609a)
1295: insert(0x8000208e)
1296: insert(0x80001008)
1297: insert(0x8000404a)
1298: insert(0x8000b04e)
1299: insert(0x800050c2)
1300: flush_page(0x80005) returns true/true
1301: insert(0x8000a08c)
1302: insert(0x8000204c)
1303: insert(0x800060a2)
1304: insert(0x8000001e)
1305: flush_page(0x8000b) returns true/true
1306: insert(0x800020dc)
1307: flush_page(0x80009) returns true/true
1308: insert(0x800090a2)
1309: flush_page(0x80001) returns true/false
1310: flush_page(0x80006) returns true/true
1311: insert(0x8000509c)
1312: flush_page(0x80003) returns false/false
1313: insert(0x8000c020)
1314: insert(0x8000a0b0)
1315: insert(0x80007026)
1316: insert(0x8000b0ce)
1317: insert(0x8000603a)
1318: flush_page(0x8000a) returns true/true
1319: flush()
1320: insert(0x800040ac)
1321: flush_page(0x8000a) returns false/false
1322: flush_page(0x80004) returns true/true
1323: flush_page(0x80004) returns false/false
1324: flush_page(0x80009) returns false/false
1325: flush_page(0x80009) returns false/false
1326: insert(0x80007004)
1327: insert(0x8000c08e)
1328: insert(0x800090ac)
1329: insert(0x80002068)
1330: flush()
1331: flush()
1332: insert(0x80008036)
1333: insert(0x80009096)
1334: insert(0x800080d2)
1335: insert(0x8000605a)
1336: insert(0x80003072)
1337: insert(0x80005040)
1338: insert(0x8000c050)
1339: flush_page(0x8000a) returns false/false
1340: insert(0x8000803c)
1341: flush()
1342: insert(0x8000705a)
1343: insert(0x8000c0be)
1344: flush_page(0x80006) returns false/false
1345: flush()
1346: insert(0x8000506a)
1347: insert(0x8000a020)
1348: flush()
1349: insert(0x800000e4)
1350: insert(0x800020b2)
1351: flush_page(0x80009) returns false/false
1352: insert(0x80004026)
1353: flush_page(0x8000b) returns false/false
1354: insert(0x8000c096)
1355: flush_page(0x80001) returns false/false
1356: insert(0x800060fa)
1357: insert(0x8000007a)
1358: insert(0x800010f2)
1359: insert(0x800030b4)
1360: flush_page(0x80006) returns true/true
1361: insert(0x8000508c)
1362: insert(0x800020d0)
1363: flush_page(0x80000) returns true/true
1364: insert(0x80001070)
1365: insert(0x8000a090)
1366: insert(0x80008052)
1367: flush_page(0x80005) returns true/true
1368: flush_page(0x80002) returns true/true
1369: insert(0x800040c2)
1370: flush_page(0x80000) returns false/false
1371: insert(0x8000406c)
1372: insert(0x8000a0d6)
1373: insert(0x80003016)
1374: insert(0x80007062)
1375: insert(0x8000b010)
1376: insert(0x80001066)
1377: insert(0x800040a0)
1378: insert(0x80000078)
1379: insert(0x8000c08e)
1380: insert(0x800060c6)
1381: insert(0x8000208e)
1382: insert(0x800010ea)
1383: insert(0x800040d6)
1384: insert(0x8000c008)
1385: flush_page(0x8000c) returns true/true
1386: insert(0x80006052)
1387: insert(0x80007098)
1388: insert(0x80005002)
1389: insert(0x8000c052)
1390: flush_page(0x8000b) returns true/false
1391: insert(0x80005004)
1392: insert(0x80003078)
1393: flush_page(0x80002) returns true/true
1394: insert(0x800060f0)
1395: flush_page(0x80009) returns false/false
1396: flush_page(0x80009) returns false/false
1397: insert(0x8000c008)
1398: insert(0x8000a0d8)
1399: insert(0x8000a086)
1400: flush()
1401: insert(0x8000003a)
1402: flush_page(0x8000b) returns false/false
1403: insert(0x80009012)
1404: insert(0x800090ce)
1405: insert(0x8000b070)
1406: insert(0x80009038)
1407: flush()
1408: flush_page(0x8000a) returns false/false
1409: insert(0x8000c018)
1410: insert(0x800000fe)
1411: insert(0x8000801a)
1412: insert(0x8000409a)
1413: insert(0x8000c04e)
1414: insert(0x80009012)
1415: insert(0x8000906e)
1416: flush_page(0x80005) returns false/false
1417: insert(0x8000b0a6)
1418: insert(0x80000060)
1419: insert(0x800060fc)
1420: insert(0x800040a8)
1421: insert(0x800060d0)
1422: insert(0x8000402a)
1423: insert(0x800000aa)
1424: flush_page(0x80008) returns true/false
1425: insert(0x80003018)
1426: insert(0x8000602e)
1427: insert(0x80008082)
1428: insert(0x80002026)
1429: insert(0x8000a00c)
1430: insert(0x8000c040)
1431: flush_page(0x80006) returns true/true
1432: insert(0x8000b0ce)
1433: insert(0x800060ea)
1434: flush_page(0x80008) returns true/false
1435: insert(0x800040fa)
1436: flush_page(0x80009) returns true/false
1437: insert(0x80009006)
1438: insert(0x800080b8)
1439: flush_page(0x80002) returns true/true
1440: flush_page(0x80004) returns true/true
1441: insert(0x800060b8)
1442: insert(0x8000806e)
1443: insert(0x8000c03e)
1444: insert(0x80004000)
1445: flush_page(0x8000c) returns true/true
1446: insert(0x80005076)
1447: insert(0x80008064)
1448: insert(0x8000a0c6)
1449: flush_page(0x8000a) returns true/true
1450: insert(0x800010dc)
1451: insert(0x8000a008)
1452: insert(0x800020ca)
1453: insert(0x8000504c)
1454: insert(0x800020e8)
1455: insert(0x800080ce)
1456: insert(0x80007032)
1457: insert(0x800090bc)
1458: flush_page(0x8000a) returns true/false
1459: flush()
1460: flush_page(0x80002) returns false/false
1461: insert(0x800020e4)
1462: insert(0x800050a4)
1463: flush_page(0x8000b) returns false/false
1464: flush_page(0x8000c) returns false/false
1465: insert(0x8000b0b0)
1466: insert(0x80007012)
1467: insert(0x8000b02e)
1468: insert(0x80004050)
1469: insert(0x8000401e)
1470: insert(0x800010ac)
1471: insert(0x80002066)
1472: insert(0x8000a05c)
1473: insert(0x800070dc)
1474: insert(0x800090bc)
1475: insert(0x80006064)
1476: insert(0x8000a030)
1477: flush_page(0x80000) returns false/false
1478: insert(0x800000a0)
1479: insert(0x8000b0a4)
1480: insert(0x80004048)
1481: flush_page(0x80007) returns true/true
1482: insert(0x8000407c)
1483: insert(0x80007062)
1484: insert(0x80000046)
1485: insert(0x80002044)
1486: insert(0x8000c002)
1487: insert(0x8000707e)
1488: insert(0x80005062)
1489: insert(0x800020e4)
1490: insert(0x8000209c)
1491: flush_page(0x80000) returns true/true
1492: insert(0x8000b06c)
1493: insert(0x800060da)
1494: insert(0x800050da)
1495: insert(0x800030b0)
1496: insert(0x8000c068)
1497: flush()
1498: flush_page(0x80005) returns false/false
1499: insert(0x80001058)
1500: insert(0x80006012)
1501: insert(0x8000c000)
1502: insert(0x800000c2)
1503: insert(0x80008060)
1504: insert(0x8000007e)
1505: insert(0x8000c08e)
1506: insert(0x8000a090)
1507: insert(0x8000b01a)
1508: insert(0x80002058)
1509: insert(0x8000c0a2)
1510: flush()
1511: insert(0x8000a0be)
1512: insert(0x800080b4)
1513: insert(0x8000b05e)
1514: flush_page(0x80007) returns false/false
1515: insert(0x80002064)
1516: flush_page(0x80006) returns false/false
1517: insert(0x8000409a)
1518: insert(0x80004010)
1519: flush_page(0x80007) returns false/false
1520: insert(0x8000a030)
1521: flush_page(0x80002) returns true/true
1522: flush_page(0x80006) returns false/false
1523: insert(0x8000506a)
1524: insert(0x8000c084)
1525: insert(0x8000c002)
1526: insert(0x8000c0d8)
1527: insert(0x8000c05a)
1528: insert(0x80002068)
1529: flush_page(0x80001) returns false/false
1530: insert(0x8000108a)
1531: insert(0x80009066)
1532: flush_page(0x80005) returns true/false
1533: insert(0x80008036)
1534: flush_page(0x80009) returns true/true
1535: insert(0x80006040)
1536: insert(0x8000908a)
1537: insert(0x8000400a)
1538: insert(0x8000b07c)
1539: insert(0x8000b022)
1540: insert(0x8000c0ec)
1541: flush_page(0x80005) returns false/false
1542: insert(0x80007042)
1543: flush_page(0x80007) returns true/true
1544: insert(0x8000b0c6)
1545: insert(0x80002036)
1546: insert(0x80000058)
1547: insert(0x800060ba)
1548: insert(0x800030ea)
1549: insert(0x800050dc)
1550: insert(0x8000c0be)
1551: insert(0x8000c0a8)
1552: flush_page(0x80001) returns true/false
1553: insert(0x8000a0ce)
1554: insert(0x800040f4)
1555: insert(0x80009064)
1556: insert(0x800060a4)
1557: flush_page(0x80000) returns true/false
1558: flush_page(0x80008) returns true/false
1559: insert(0x8000c03e)
1560: insert(0x8000b0fa)
1561: insert(0x800030a2)
1562: flush_page(0x80008) returns false/false
1563: insert(0x80000030)
1564: insert(0x800050c0)
1565: insert(0x800090e0)
1566: insert(0x8000b028)
1567: insert(0x800030be)
1568: insert(0x80009020)
1569: insert(0x8000b048)
1570: insert(0x8000602a)
1571: insert(0x800090a6)
1572: flush_page(0x80007) returns false/false
1573: insert(0x800090da)
1574: insert(0x80003008)
1575: insert(0x80004040)
1576: insert(0x800070dc)
1577: insert(0x800040ca)
1578: flush_page(0x8000b) returns true/true
1579: insert(0x80002010)
1580: insert(0x80005062)
1581: insert(0x80002084)
1582: insert(0x800040b8)
1583: insert(0x800040ca)
1584: flush_page(0x80003) returns true/false
1585: insert(0x8000605a)
1586: flush_page(0x80001) returns false/false
1587: flush_page(0x8000a) returns true/false
1588: insert(0x8000a00c)
1589: insert(0x800070ac)
1590: insert(0x8000a0a6)
1591: insert(0x8000a072)
1592: flush_page(0x8000b) returns false/false
1593: insert(0x8000401c)
1594: insert(0x8000c03e)
1595: insert(0x8000a01c)
1596: insert(0x80000074)
1597: flush_page(0x80000) returns true/true
1598: insert(0x800040d2)
1599: insert(0x800020d8)
1600: flush_page(0x8000b) returns false/false
1601: flush_page(0x8000a) returns true/true
1602: flush_page(0x80003) returns false/false
1603: insert(0x80004052)
1604: flush_page(0x80002) returns true/true
1605: insert(0x8000b0aa)
1606: insert(0x80007016)
1607: flush_page(0x80001) returns false/false
1608: insert(0x8000007e)
1609: flush_page(0x8000b) returns true/true
1610: insert(0x8000a0b4)
1611: insert(0x800010ac)
1612: insert(0x80001086)
1613: flush_page(0x80000) returns true/true
1614: insert(0x8000a0a6)
1615: flush_page(0x8000c) returns true/true
1616: insert(0x8000808c)
1617: insert(0x80006012)
1618: insert(0x8000103c)
1619: flush_page(0x8000a) returns true/true
1620: flush_page(0x80006) returns true/true
1621: flush_page(0x8000a) returns false/false
1622: insert(0x8000904e)
1623: insert(0x8000b054)
1624: insert(0x8000901a)
1625: insert(0x800050a8)
1626: flush_page(0x8000c) returns false/false
1627: insert(0x8000c0be)
1628: insert(0x80002062)
1629: flush_page(0x80001) returns true/true
1630: flush_page(0x80008) returns true/false
1631: insert(0x8000b0b4)
1632: insert(0x8000a0e0)
1633: flush_page(0x8000c) returns true/false
1634: insert(0x8000604e)
1635: insert(0x8000407c)
1636: flush_page(0x80005) returns true/true
1637: insert(0x80004026)
1638: insert(0x800070e6)
1639: flush_page(0x80003) returns false/false
1640: flush_page(0x80005) returns false/false
1641: flush_page(0x80003) returns false/false
1642: insert(0x80003096)
1643: insert(0x8000901a)
1644: insert(0x800040bc)
1645: insert(0x80009024)
1646: insert(0x8000901a)
1647: flush()
1648: insert(0x8000406e)
1649: flush_page(0x80001) returns false/false
1650: insert(0x800090ca)
1651: insert(0x8000a0e2)
1652: insert(0x800030d0)
1653: insert(0x80008016)
1654: insert(0x8000c054)
1655: flush_page(0x8000c) returns true/true
1656: insert(0x800080e6)
1657: insert(0x8000301c)
1658: flush_page(0x80005) returns false/false
1659: flush()
1660: insert(0x80004054)
1661: flush_page(0x80000) returns false/false
1662: flush_page(0x8000a) returns false/false
1663: insert(0x80009086)
1664: insert(0x8000b014)
1665: insert(0x8000b0d0)
1666: flush_page(0x80008) returns false/false
1667: insert(0x80004048)
1668: insert(0x800050f4)
1669: insert(0x8000a0b6)
1670: flush_page(0x80004) returns true/true
1671: insert(0x80004030)
1672: insert(0x800070fc)
1673: flush_page(0x80006) returns false/false
1674: insert(0x80008036)
1675: insert(0x800080cc)
1676: insert(0x8000906e)
1677: insert(0x8000301e)
1678: flush_page(0x80000) returns false/false
1679: insert(0x8000001a)
1680: insert(0x80004064)
1681: insert(0x800090d8)
1682: insert(0x8000b026)
1683: flush_page(0x8000a) returns true/false
1684: insert(0x800030c2)
1685: flush_page(0x80009) returns true/true
1686: insert(0x80003052)
1687: insert(0x8000701e)
1688: insert(0x8000c0f0)
1689: insert(0x80008006)
1690: insert(0x8000501c)
1691: flush_page(0x8000a) returns false/false
1692: flush_page(0x80007) returns true/false
1693: insert(0x8000b00c)
1694: insert(0x80004060)
1695: insert(0x8000406e)
1696: insert(0x80001008)
1697: insert(0x80005028)
1698: insert(0x8000805e)
1699: insert(0x8000b0ce)
1700: insert(0x80006072)
1701: flush_page(0x80006) returns true/true
1702: flush_page(0x80004) returns true/false
1703: insert(0x800040d8)
1704: insert(0x8000500a)
1705: insert(0x80002088)
1706: insert(0x80000050)
1707: insert(0x800080ba)
1708: insert(0x800090d6)
1709: insert(0x8000a0fc)
1710: insert(0x8000b02c)
1711: insert(0x80006058)
1712: flush_page(0x8000b) returns true/true
1713: insert(0x800050c6)
1714: flush_page(0x80003) returns true/false
1715: insert(0x80008030)
1716: insert(0x8000b0d2)
1717: insert(0x800040e2)
1718: flush_page(0x8000a) returns true/false
1719: flush_page(0x8000b) returns true/true
1720: insert(0x80002016)
1721: insert(0x800070ae)
1722: insert(0x80009054)
1723: insert(0x80009000)
1724: insert(0x8000b0a4)
1725: insert(0x80001036)
1726: flush_page(0x80002) returns true/false
1727: insert(0x80004068)
1728: insert(0x800000a4)
1729: insert(0x800010ea)
1730: insert(0x8000902a)
1731: flush()
1732: insert(0x80000078)
1733: insert(0x80000032)
1734: insert(0x800050ba)
1735: flush_page(0x80000) returns true/true
1736: flush_page(0x8000c) returns false/false
1737: insert(0x8000b07e)
1738: insert(0x8000a0d6)
1739: insert(0x8000c012)
1740: flush_page(0x80005) returns true/true
1741: insert(0x800050de)
1742: flush_page(0x80007) returns false/false
1743: insert(0x80006008)
1744: insert(0x800080f4)
1745: insert(0x800040a6)
1746: flush_page(0x80002) returns false/false
1747: insert(0x800060a4)
1748: insert(0x8000b050)
1749: insert(0x80003072)
1750: insert(0x80006058)
1751: insert(0x80005046)
1752: insert(0x800080c0)
1753: insert(0x8000201c)
1754: insert(0x80007020)
1755: insert(0x80003080)
1756: flush_page(0x8000c) returns true/false
1757: insert(0x800000c8)
1758: insert(0x800020ae)
1759: insert(0x80008026)
1760: insert(0x8000804c)
1761: insert(0x80000034)
1762: insert(0x80000082)
1763: insert(0x800030e4)
1764: insert(0x800080a6)
1765: insert(0x800090b4)
1766: insert(0x8000703c)
1767: flush_page(0x80004) returns true/false
1768: flush()
1769: flush_page(0x80008) returns false/false
1770: insert(0x800070b0)
1771: flush_page(0x80009) returns false/false
1772: flush_page(0x8000a) returns false/false
1773: insert(0x80007064)
1774: insert(0x8000902e)
1775: insert(0x8000406c)
1776: insert(0x8000405e)
1777: insert(0x8000702e)
1778: flush_page(0x80006) returns false/false
1779: insert(0x8000802c)
1780: insert(0x80004086)
1781: insert(0x8000009c)
1782: insert(0x800010c2)
1783: insert(0x8000c0e8)
1784: insert(0x80000074)
1785: insert(0x8000801a)
1786: insert(0x80000002)
1787: insert(0x800070e0)
1788: insert(0x800000e2)
1789: insert(0x80000022)
1790: insert(0x800070ec)
1791: flush_page(0x80001) returns true/true
1792: insert(0x800050f6)
1793: flush_page(0x8000b) returns false/false
1794: insert(0x8000708e)
1795: insert(0x8000a09e)
1796: flush_page(0x80002) returns false/false
1797: insert(0x800090fe)
1798: insert(0x8000a03e)
1799: insert(0x8000b098)
1800: flush()
1801: flush_page(0x80002) returns false/false
1802: flush()
1803: insert(0x8000b064)
1804: insert(0x80005046)
1805: insert(0x800010f8)
1806: flush_page(0x80009) returns false/false
1807: insert(0x8000c098)
1808: insert(0x800020a0)
1809: insert(0x800010ea)
1810: insert(0x800000f4)
1811: insert(0x8000108c)
1812: insert(0x80009016)
1813: insert(0x800070e6)
1814: insert(0x800040c6)
1815: insert(0x80007076)
1816: insert(0x80004064)
1817: insert(0x8000b03c)
1818: insert(0x8000703a)
1819: flush_page(0x80003) returns false/false
1820: insert(0x80001004)
1821: insert(0x8000b04a)
1822: flush_page(0x80000) returns true/true
1823: insert(0x800060a8)
1824: insert(0x80000042)
1825: flush_page(0x80008) returns false/false
1826: insert(0x8000a030)
1827: flush_page(0x80009) returns true/false
1828: insert(0x8000a0f0)
1829: flush()
1830: insert(0x800040ba)
1831: insert(0x8000809e)
1832: insert(0x800060d4)
1833: insert(0x8000b0b8)
1834: insert(0x800070ea)
1835: insert(0x8000005e)
1836: insert(0x8000a02c)
1837: flush_page(0x80007) returns true/true
1838: flush_page(0x80004) returns true/true
1839: flush_page(0x80003) returns false/false
1840: insert(0x80006094)
1841: insert(0x800010c2)
1842: insert(0x80007044)
1843: insert(0x80004052)
1844: flush_page(0x80004) returns true/true
1845: insert(0x80009040)
1846: insert(0x800010e8)
1847: insert(0x800050f8)
1848: insert(0x80000010)
1849: flush_page(0x80000) returns true/true
1850: insert(0x80005082)
1851: insert(0x800040a2)
1852: insert(0x800050c8)
1853: insert(0x8000603e)
1854: insert(0x80006036)
1855: flush()
1856: flush_page(0x8000a) returns false/false
1857: insert(0x8000805a)
1858: insert(0x8000203a)
1859: insert(0x800030e4)
1860: insert(0x8000102e)
1861: insert(0x80006082)
1862: insert(0x80003058)
1863: flush_page(0x80008) returns true/true
1864: insert(0x8000405e)
1865: insert(0x80004026)
1866: insert(0x80007024)
1867: insert(0x8000400a)
1868: insert(0x80004034)
1869: flush_page(0x80003) returns true/true
1870: flush_page(0x80008) returns false/false
1871: insert(0x8000c0f8)
1872: insert(0x80007094)
1873: flush()
1874: insert(0x8000800e)
1875: insert(0x8000a008)
1876: insert(0x8000c05e)
1877: flush_page(0x80002) returns false/false
1878: flush_page(0x80000) returns false/false
1879: flush_page(0x80007) returns false/false
1880: insert(0x800000ca)
1881: insert(0x8000502e)
1882: insert(0x800090b6)
1883: insert(0x8000c004)
1884: insert(0x800020f4)
1885: flush_page(0x80003) returns false/false
1886: insert(0x8000202c)
1887: insert(0x800060d2)
1888: flush_page(0x80009) returns true/true
1889: flush_page(0x80000) returns true/false
1890: flush_page(0x80000) returns false/false
1891: insert(0x8000600e)
1892: insert(0x80002086)
1893: flush_page(0x80008) returns true/false
1894: insert(0x800030de)
1895: insert(0x8000b0d4)
1896: insert(0x8000700c)
1897: insert(0x80008002)
1898: flush_page(0x80000) returns false/false
1899: insert(0x80004018)
1900: insert(0x8000c0e4)
1901: flush_page(0x80002) returns true/false
1902: insert(0x80000044)
1903: insert(0x80004060)
1904: insert(0x80003096)
1905: flush_page(0x80000) returns true/true
1906: insert(0x8000100e)
1907: flush_page(0x80009) returns false/false
1908: flush_page(0x8000c) returns true/true
1909: insert(0x800080b6)
1910: insert(0x800080bc)
1911: insert(0x8000404a)
1912: insert(0x80005054)
1913: flush_page(0x80006) returns true/false
1914: insert(0x80000090)
1915: insert(0x8000c094)
1916: insert(0x800040cc)
1917: insert(0x8000b0a6)
1918: insert(0x8000801e)
1919: flush_page(0x80005) returns true/false
1920: flush_page(0x80009) returns false/false
1921: flush_page(0x80001) returns true/true
1922: insert(0x800000c2)
1923: insert(0x8000b0c0)
1924: insert(0x80003070)
1925: flush_page(0x8000c) returns true/true
1926: flush_page(0x8000b) returns true/true
1927: flush_page(0x8000a) returns true/false
1928: insert(0x8000800e)
1929: flush()
1930: insert(0x8000500a)
1931: insert(0x8000703c)
1932: insert(0x8000a068)
1933: flush()
1934: insert(0x8000101c)
1935: flush_page(0x80008) returns false/false
1936: insert(0x8000303c)
1937: insert(0x80009006)
1938: flush_page(0x8000c) returns false/false
1939: insert(0x8000101e)
1940: insert(0x8000501c)
1941: flush_page(0x80008) returns false/false
1942: insert(0x800050fc)
1943: flush_page(0x80000) returns false/false
1944: insert(0x80003076)
1945: insert(0x800030ac)
1946: flush()
1947: insert(0x80001006)
1948: insert(0x8000a0d2)
1949: insert(0x80006022)
1950: insert(0x8000402c)
1951: flush()
1952: flush_page(0x80006) returns false/false
1953: insert(0x80004098)
1954: insert(0x8000306c)
1955: insert(0x800060ae)
1956: flush()
1957: insert(0x80004094)
1958: insert(0x8000200a)
1959: insert(0x8000600c)
1960: flush_page(0x80006) returns true/true
1961: insert(0x800080ce)
1962: insert(0x80004036)
1963: flush()
1964: flush_page(0x8000c) returns false/false
1965: flush_page(0x80004) returns false/false
1966: insert(0x8000709c)
1967: flush_page(0x80000) returns false/false
1968: flush_page(0x80005) returns false/false
1969: insert(0x80003062)
1970: insert(0x800020d8)
1971: insert(0x800080a8)
1972: flush_page(0x8000b) returns false/false
1973: flush()
1974: insert(0x80005060)
1975: insert(0x8000b0bc)
1976: insert(0x80006084)
1977: insert(0x80007066)
1978: flush()
1979: insert(0x8000804c)
1980: flush_page(0x80001) returns false/false
1981: flush_page(0x80006) returns false/false
1982: insert(0x800080a0)
1983: insert(0x8000405a)
1984: insert(0x80001010)
1985: insert(0x80009044)
1986: flush()
1987: flush()
1988: flush_page(0x80006) returns false/false
1989: flush()
1990: flush_page(0x80008) returns false/false
1991: insert(0x800090f4)
1992: insert(0x80005028)
1993: insert(0x80004064)
1994: insert(0x8000c084)
1995: insert(0x80006094)
1996: flush_page(0x8000a) returns false/false
1997: insert(0x8000901e)
1998: insert(0x80009066)
1999: flush_page(0x80006) returns true/true
2000: insert(0x8000b0ce)
2001: flush_page(0x80006) returns false/false
2002: insert(0x8000c0ec)
2003: insert(0x8000c0c4)
2004: flush_page(0x80008) returns false/false
2005: insert(0x800070f0)
2006: flush_page(0x8000b) returns true/true
2007: insert(0x8000a070)
2008: insert(0x8000b004)
2009: flush()
2010: flush_page(0x8000a) returns false/false
2011: insert(0x8000603c)
2012: insert(0x800020e0)
2013: insert(0x800070c8)
2014: insert(0x800010ec)
2015: insert(0x800030de)
2016: flush_page(0x80006) returns true/true
2017: insert(0x8000a084)
2018: flush_page(0x80009) returns false/false
2019: insert(0x80007036)
2020: insert(0x8000107c)
2021: flush_page(0x8000b) returns false/false
2022: insert(0x8000100e)
2023: insert(0x80005086)
2024: insert(0x800020a6)
2025: insert(0x800060be)
2026: insert(0x800020b4)
2027: insert(0x80003018)
2028: flush_page(0x80004) returns false/false
2029: insert(0x800050b8)
2030: insert(0x80006072)
2031: flush_page(0x80005) returns true/true
2032: flush_page(0x80006) returns true/true
2033: insert(0x800060c4)
2034: insert(0x80004030)
2035: insert(0x800000ee)
2036: insert(0x8000a024)
2037: insert(0x8000704a)
2038: insert(0x80002006)
2039: insert(0x8000a0e6)
2040: insert(0x8000b036)
2041: insert(0x800060ac)
2042: insert(0x80000054)
2043: insert(0x8000502a)
2044: insert(0x8000a0d2)
2045: insert(0x8000c0c4)
2046: flush_page(0x80000) returns true/true
2047: flush_page(0x80005) returns true/true
2048: insert(0x8000503e)
2049: insert(0x800060f8)
2050: insert(0x800070e6)
2051: insert(0x8000b0ce)
2052: insert(0x80008048)
2053: insert(0x80005038)
2054: insert(0x8000a0a6)
2055: insert(0x8000a0d6)
2056: flush_page(0x80002) returns true/true
2057: insert(0x80009084)
2058: insert(0x8000b0d0)
2059: insert(0x80003098)
2060: insert(0x800070ae)
2061: insert(0x800030f4)
2062: flush_page(0x8000c) returns true/false
2063: flush_page(0x80002) returns false/false
2064: insert(0x800060ca)
2065: insert(0x8000b070)
2066: insert(0x80004068)
2067: insert(0x80003070)
2068: flush_page(0x8000b) returns true/true
2069: insert(0x800020c4)
2070: insert(0x80007084)
2071: flush()
2072: insert(0x8000c0aa)
2073: flush_page(0x8000c) returns true/true
2074: insert(0x80001086)
2075: flush()
2076: flush_page(0x8000a) returns false/false
2077: flush_page(0x80008) returns false/false
2078: flush_page(0x80009) returns false/false
2079: flush_page(0x80006) returns false/false
2080: insert(0x80005086)
2081: insert(0x8000c03c)
2082: insert(0x80000086)
2083: insert(0x800080e8)
2084: insert(0x8000a0d0)
2085: insert(0x8000105c)
2086: insert(0x800060b4)
2087: insert(0x800060a6)
2088: flush()
2089: insert(0x80001088)
2090: insert(0x8000c0dc)
2091: flush_page(0x8000a) returns false/false
2092: insert(0x80007028)
2093: insert(0x8000c04c)
2094: flush_page(0x80002) returns false/false
2095: insert(0x80006020)
2096: insert(0x8000a024)
2097: insert(0x800060fc)
2098: insert(0x8000a08a)
2099: insert(0x80007088)
2100: insert(0x8000b002)
2101: insert(0x8000a056)
2102: flush_page(0x80004) returns false/false
2103: flush_page(0x8000a) returns true/true
2104: flush_page(0x80000) returns false/false
2105: insert(0x8000704a)
2106: insert(0x8000901c)
2107: insert(0x8000b0d6)
2108: insert(0x800090fc)
2109: insert(0x80004022)
2110: insert(0x8000c03c)
2111: flush_page(0x80008) returns false/false
2112: flush_page(0x8000a) returns false/false
2113: flush()
2114: insert(0x80003060)
2115: flush_page(0x80008) returns false/false
2116: insert(0x8000b0c4)
2117: insert(0x80004034)
2118: flush_page(0x80001) returns false/false
2119: insert(0x800010c0)
2120: insert(0x8000a048)
2121: insert(0x800000c8)
2122: flush_page(0x8000c) returns false/false
2123: insert(0x80007036)
2124: insert(0x8000a0b4)
2125: insert(0x800060a4)
2126: insert(0x80003076)
2127: insert(0x800030ea)
2128: insert(0x80007070)
2129: flush_page(0x8000a) returns true/true
2130: insert(0x8000b0fe)
2131: flush_page(0x8000a) returns false/false
2132: flush_page(0x8000a) returns false/false
2133: flush_page(0x8000b) returns true/true
2134: insert(0x8000b00c)
2135: insert(0x8000906c)
2136: insert(0x8000a0ac)
2137: insert(0x800020a6)
2138: flush_page(0x8000b) returns true/false
2139: insert(0x8000409e)
2140: flush_page(0x80003) returns true/true
2141: flush_page(0x8000c) returns false/false
2142: insert(0x80004048)
2143: insert(0x8000807a)
2144: insert(0x8000906c)
2145: insert(0x80002092)
2146: insert(0x800000e2)
2147: insert(0x8000a026)
2148: insert(0x8000905c)
2149: flush_page(0x8000c) returns false/false
2150: flush_page(0x80008) returns true/false
2151: flush_page(0x80000) returns true/true
2152: insert(0x8000508a)
2153: flush_page(0x8000a) returns true/true
2154: insert(0x800040e8)
2155: insert(0x80006076)
2156: flush_page(0x8000c) returns false/false
2157: insert(0x8000409c)
2158: insert(0x800070fc)
2159: insert(0x80002064)
2160: insert(0x80003036)
2161: insert(0x8000a052)
2162: insert(0x800060c4)
2163: insert(0x80004010)
2164: insert(0x8000b048)
2165: flush_page(0x80003) returns true/false
2166: flush_page(0x8000b) returns true/true
2167: flush_page(0x80009) returns true/true
2168: insert(0x8000102a)
2169: insert(0x80008046)
2170: insert(0x8000909a)
2171: flush_page(0x80006) returns true/true
2172: insert(0x8000a09c)
2173: flush_page(0x80006) returns false/false
2174: insert(0x8000b0b6)
2175: flush_page(0x80003) returns false/false
2176: flush_page(0x80003) returns false/false
2177: insert(0x80006058)
2178: insert(0x8000806e)
2179: insert(0x80002074)
2180: flush_page(0x8000a) returns true/true
2181: insert(0x800030b4)
2182: insert(0x8000b0f6)
2183: insert(0x800070b6)
2184: insert(0x800040d4)
2185: flush_page(0x8000c) returns false/false
2186: insert(0x8000b022)
2187: insert(0x80005044)
2188: insert(0x8000a0e4)
2189: flush_page(0x80007) returns true/true
2190: insert(0x80002076)
2191: insert(0x800070d2)
2192: flush()
2193: insert(0x8000a0b4)
2194: insert(0x8000c0b4)
2195: flush_page(0x8000c) returns true/true
2196: insert(0x800080b8)
2197: insert(0x800020ca)
2198: insert(0x80007012)
2199: insert(0x800040f4)
2200: insert(0x800050ee)
2201: insert(0x8000304e)
2202: insert(0x80004080)
2203: insert(0x800070ca)
2204: insert(0x800040ea)
2205: insert(0x8000409a)
2206: insert(0x800000c6)
2207: insert(0x80005012)
2208: insert(0x8000c080)
2209: flush_page(0x8000b) returns false/false
2210: flush_page(0x8000a) returns true/true
2211: insert(0x800030e2)
2212: insert(0x800020de)
2213: insert(0x80000084)
2214: insert(0x8000c0b8)
2215: insert(0x800030f4)
2216: insert(0x80003008)
2217: insert(0x800080e8)
2218: insert(0x80004028)
2219: flush_page(0x8000c) returns true/true
2220: flush_page(0x80001) returns false/false
2221: insert(0x8000700a)
2222: flush_page(0x80003) returns true/true
2223: insert(0x800090d0)
2224: insert(0x800030e6)
2225: insert(0x80003030)
2226: flush_page(0x80007) returns true/true
2227: insert(0x8000a0d2)
2228: insert(0x8000a06a)
2229: insert(0x8000206a)
2230: flush_page(0x80007) returns false/false
2231: insert(0x8000a0b0)
2232: insert(0x800030cc)
2233: insert(0x8000a0d8)
2234: insert(0x8000c02a)
2235: flush_page(0x8000a) returns true/true
2236: insert(0x8000a062)
2237: flush_page(0x8000b) returns false/false
2238: insert(0x8000a086)
2239: insert(0x8000407e)
2240: flush_page(0x80002) returns true/true
2241: insert(0x800020d0)
2242: insert(0x8000b05a)
2243: insert(0x80004018)
2244: insert(0x800060c4)
2245: flush_page(0x80000) returns true/false
2246: insert(0x8000107e)
2247: flush_page(0x80009) returns true/false
2248: insert(0x8000a0d2)
2249: insert(0x80009026)
2250: insert(0x8000806c)
2251: insert(0x800020fe)
2252: insert(0x8000b062)
2253: insert(0x800030ac)
2254: insert(0x800090ee)
2255: insert(0x8000804c)
2256: insert(0x800070ac)
2257: flush_page(0x80002) returns true/true
2258: flush_page(0x80008) returns true/true
2259: insert(0x800090a4)
2260: insert(0x80003000)
2261: insert(0x8000302a)
2262: insert(0x80001040)
2263: insert(0x8000c03c)
2264: insert(0x8000b062)
2265: flush_page(0x80003) returns true/true
2266: insert(0x8000402a)
2267: insert(0x8000902a)
2268: insert(0x800010e8)
2269: flush_page(0x80002) returns false/false
2270: insert(0x8000a0c6)
2271: flush_page(0x8000b) returns true/true
2272: insert(0x8000a0a6)
2273: flush_page(0x80006) returns true/false
2274: insert(0x80000032)
2275: insert(0x8000c02e)
2276: flush()
2277: insert(0x80009038)
2278: insert(0x800030de)
2279: insert(0x8000a00a)
2280: insert(0x80007026)
2281: insert(0x800070d0)
2282: flush_page(0x80005) returns false/false
2283: insert(0x80000066)
2284: insert(0x8000706e)
2285: insert(0x8000a0d2)
2286: flush_page(0x80007) returns true/true
2287: insert(0x8000c05a)
2288: insert(0x800030d4)
2289: flush_page(0x80007) returns false/false
2290: insert(0x8000906e)
2291: insert(0x8000105a)
2292: insert(0x80005050)
2293: insert(0x8000b06c)
2294: insert(0x8000406e)
2295: insert(0x80005070)
2296: insert(0x800010ae)
2297: flush_page(0x80003) returns true/true
2298: insert(0x8000005e)
2299: insert(0x800020f6)
2300: insert(0x800050be)
2301: insert(0x80007022)
2302: insert(0x80008010)
2303: insert(0x80004062)
2304: insert(0x80005058)
2305: insert(0x8000509a)
2306: flush()
2307: insert(0x800060e2)
2308: flush_page(0x80008) returns false/false
2309: insert(0x80003016)
2310: insert(0x8000406c)
2311: insert(0x80008028)
2312: flush_page(0x80005) returns false/false
2313: flush()
2314: insert(0x8000100e)
2315: flush_page(0x8000c) returns false/false
2316: flush_page(0x8000a) returns false/false
2317: insert(0x800060a2)
2318: flush()
2319: insert(0x8000a01c)
2320: insert(0x8000b02a)
2321: insert(0x8000c0aa)
2322: flush_page(0x80000) returns false/false
2323: flush_page(0x8000b) returns true/true
2324: flush_page(0x80003) returns false/false
2325: insert(0x80005082)
2326: insert(0x80006088)
2327: insert(0x800070fa)
2328: insert(0x8000a098)
2329: insert(0x800050bc)
2330: insert(0x800060a4)
2331: flush()
2332: insert(0x80003062)
2333: flush()
2334: insert(0x80001094)
2335: insert(0x8000601c)
2336: insert(0x800070ac)
2337: insert(0x800060b4)
2338: insert(0x80008070)
2339: flush_page(0x80008) returns true/true
2340: insert(0x8000304c)
2341: insert(0x80001032)
2342: insert(0x80008036)
2343: insert(0x8000908e)
2344: insert(0x8000507c)
2345: insert(0x80003036)
2346: insert(0x8000c014)
2347: insert(0x8000b0d4)
2348: insert(0x8000a0b6)
2349: insert(0x8000708e)
2350: insert(0x800050d2)
2351: flush_page(0x80005) returns true/true
2352: insert(0x8000c02c)
2353: insert(0x800000e6)
2354: insert(0x80009030)
2355: insert(0x800090ea)
2356: insert(0x800050cc)
2357: insert(0x8000b06a)
2358: insert(0x8000c0c4)
2359: insert(0x800000c2)
2360: insert(0x8000b096)
2361: insert(0x8000a0a2)
2362: insert(0x8000308c)
2363: insert(0x8000b08c)
2364: insert(0x8000505e)
2365: insert(0x800040b8)
2366: insert(0x80002020)
2367: insert(0x8000c0aa)
2368: insert(0x80005042)
2369: insert(0x8000c0ca)
2370: insert(0x8000709e)
2371: flush_page(0x80003) returns true/true
2372: flush_page(0x80005) returns true/true
2373: insert(0x80006008)
2374: flush_page(0x80009) returns true/false
2375: insert(0x8000708c)
2376: insert(0x80008042)
2377: insert(0x8000b09a)
2378: insert(0x8000900c)
2379: flush_page(0x80006) returns true/true
2380: flush_page(0x80001) returns true/false
2381: insert(0x800080a2)
2382: insert(0x800070d6)
2383: insert(0x800090f0)
2384: insert(0x8000701e)
2385: flush_page(0x80004) returns true/false
2386: insert(0x80006048)
2387: flush_page(0x80005) returns false/false
2388: flush_page(0x80006) returns true/true
2389: insert(0x80007098)
2390: insert(0x8000b0b8)
2391: insert(0x80006056)
2392: insert(0x8000c032)
2393: flush_page(0x80005) returns false/false
2394: insert(0x8000c00e)
2395: insert(0x8000806a)
2396: insert(0x80007018)
2397: flush_page(0x80002) returns true/false
2398: flush()
2399: insert(0x8000103a)
2400: insert(0x800050c4)
2401: insert(0x80006086)
2402: insert(0x800060e4)
2403: insert(0x8000a028)
2404: insert(0x8000c0bc)
2405: flush()
2406: insert(0x800010c4)
2407: insert(0x80008000)
2408: insert(0x80005052)
2409: flush_page(0x80004) returns false/false
2410: insert(0x80001066)
2411: flush_page(0x80004) returns false/false
2412: insert(0x8000a000)
2413: insert(0x800050b6)
2414: insert(0x8000a0f4)
2415: flush_page(0x80007) returns false/false
2416: flush_page(0x80009) returns false/false
2417: insert(0x800090ca)
2418: insert(0x8000207c)
2419: insert(0x800040fa)
2420: insert(0x8000c022)
2421: insert(0x8000a0b2)
2422: insert(0x8000b0dc)
2423: insert(0x80009046)
2424: flush_page(0x80006) returns false/false
2425: insert(0x800090d4)
2426: flush_page(0x80008) returns true/false
2427: insert(0x8000c0f4)
2428: insert(0x8000c0b0)
2429: insert(0x80006006)
2430: insert(0x8000605c)
2431: insert(0x8000506c)
2432: insert(0x80002004)
2433: insert(0x80001034)
2434: insert(0x800050be)
2435: insert(0x800030d6)
2436: flush_page(0x80006) returns true/true
2437: flush_page(0x80005) returns true/true
2438: flush()
2439: insert(0x800080c6)
2440: insert(0x800000f0)
2441: insert(0x80005038)
2442: insert(0x80004046)
2443: insert(0x80001058)
2444: flush_page(0x80002) returns false/false
2445: flush_page(0x8000b) returns false/false
2446: insert(0x80005090)
2447: insert(0x800060ea)
2448: insert(0x8000b030)
2449: insert(0x80009070)
2450: insert(0x80002082)
2451: insert(0x8000406a)
2452: insert(0x80006098)
2453: flush_page(0x8000a) returns false/false
2454: insert(0x800040ec)
2455: insert(0x8000a086)
2456: insert(0x80005068)
2457: insert(0x800010dc)
2458: insert(0x80007000)
2459: flush()
2460: insert(0x800090c6)
2461: flush()
2462: insert(0x80005056)
2463: insert(0x80002028)
2464: insert(0x80005008)
2465: insert(0x8000304e)
2466: insert(0x80006070)
2467: insert(0x800020ee)
2468: insert(0x80007032)
2469: flush_page(0x8000c) returns false/false
2470: insert(0x8000c07a)
2471: insert(0x8000800a)
2472: flush_page(0x80007) returns true/true
2473: insert(0x8000500a)
2474: flush_page(0x80003) returns true/false
2475: insert(0x800070e0)
2476: insert(0x800010aa)
2477: insert(0x8000001c)
2478: insert(0x8000a0c8)
2479: insert(0x800000b0)
2480: flush_page(0x80006) returns true/true
2481: insert(0x8000b04e)
2482: flush()
2483: insert(0x8000a0bc)
2484: insert(0x8000807e)
2485: insert(0x800040f8)
2486: insert(0x8000c06c)
2487: flush_page(0x8000c) returns true/true
2488: flush_page(0x80007) returns false/false
2489: flush_page(0x80000) returns false/false
2490: insert(0x800000bc)
2491: insert(0x8000700a)
2492: insert(0x8000505c)
2493: insert(0x8000b08c)
2494: insert(0x800060d4)
2495: insert(0x80004094)
2496: flush_page(0x80002) returns false/false
2497: insert(0x8000b0f2)
2498: insert(0x80000044)
2499: insert(0x800020d0)
2500: flush_page(0x80003) returns false/false
2501: insert(0x80005032)
2502: flush_page(0x80002) returns true/true
2503: insert(0x8000b0ba)
2504: insert(0x80009080)
2505: insert(0x8000108a)
2506: insert(0x800020f6)
2507: flush_page(0x80006) returns true/true
2508: insert(0x800010c2)
2509: flush()
2510: insert(0x8000b05e)
2511: insert(0x8000201a)
2512: flush_page(0x80003) returns false/false
2513: flush_page(0x80001) returns false/false
2514: insert(0x8000c072)
2515: insert(0x8000105e)
2516: insert(0x80009096)
2517: insert(0x8000a06c)
2518: insert(0x8000c012)
2519: flush_page(0x80009) returns true/true
2520: flush_page(0x80004) returns false/false
2521: flush()
2522: insert(0x8000200e)
2523: flush_page(0x80004) returns false/false
2524: flush_page(0x80003) returns false/false
2525: flush_page(0x8000c) returns false/false
2526: insert(0x8000b008)
2527: insert(0x800000e6)
2528: insert(0x800060f8)
2529: flush_page(0x80005) returns false/false
2530: flush_page(0x80000) returns true/true
2531: insert(0x80003074)
2532: insert(0x80007070)
2533: insert(0x8000105a)
2534: insert(0x800070c4)
2535: insert(0x800080ea)
2536: flush_page(0x80000) returns false/false
2537: insert(0x8000806e)
2538: flush_page(0x80004) returns false/false
2539: insert(0x80008060)
2540: insert(0x80008032)
2541: insert(0x8000306e)
2542: flush()
2543: insert(0x800090a8)
2544: insert(0x800010b2)
2545: insert(0x8000b014)
2546: flush()
2547: insert(0x8000709e)
2548: insert(0x80003084)
2549: insert(0x800050e2)
2550: insert(0x8000003e)
2551: insert(0x8000a024)
2552: flush()
2553: insert(0x8000a07e)
2554: insert(0x80007084)
2555: insert(0x8000106e)
2556: insert(0x800090d2)
2557: flush_page(0x80005) returns false/false
2558: insert(0x8000a078)
2559: flush_page(0x80003) returns false/false
2560: flush_page(0x80001) returns true/true
2561: insert(0x800010e2)
2562: insert(0x800070b0)
2563: insert(0x80001092)
2564: insert(0x80003010)
2565: insert(0x80001040)
2566: insert(0x800080fa)
2567: insert(0x80007030)
2568: insert(0x8000707a)
2569: flush()
2570: insert(0x8000a02c)
2571: insert(0x80001002)
2572: insert(0x80003062)
2573: flush_page(0x80008) returns false/false
2574: insert(0x800080a6)
2575: insert(0x80008004)
2576: flush_page(0x80007) returns false/false
2577: insert(0x8000206a)
2578: insert(0x8000409a)
2579: flush()
2580: insert(0x8000801c)
2581: insert(0x80008090)
2582: insert(0x8000606c)
2583: insert(0x8000b01e)
2584: insert(0x80001080)
2585: insert(0x80002084)
2586: insert(0x80005044)
2587: insert(0x8000503e)
2588: insert(0x8000a0ee)
2589: insert(0x80009056)
2590: flush_page(0x80005) returns true/true
2591: insert(0x8000b006)
2592: insert(0x800010f8)
2593: insert(0x80001074)
2594: flush_page(0x8000c) returns false/false
2595: flush_page(0x80007) returns false/false
2596: insert(0x80000090)
2597: flush_page(0x80001) returns true/true
2598: insert(0x800090fa)
2599: insert(0x8000200a)
2600: insert(0x8000a016)
2601: insert(0x8000803e)
2602: insert(0x8000b0ea)
2603: insert(0x8000600a)
2604: insert(0x800010b8)
2605: insert(0x8000a0b8)
2606: insert(0x800020be)
2607: flush_page(0x80008) returns true/true
2608: insert(0x80008054)
2609: flush_page(0x80009) returns true/false
2610: insert(0x800070a4)
2611: insert(0x800020c0)
2612: insert(0x800090be)
2613: insert(0x8000307e)
2614: insert(0x800090aa)
2615: insert(0x80004000)
2616: insert(0x8000706e)
2617: insert(0x800090aa)
2618: insert(0x8000a0d2)
2619: insert(0x80001010)
2620: insert(0x800080b4)
2621: flush_page(0x80000) returns true/false
2622: insert(0x8000a098)
2623: flush_page(0x8000b) returns true/false
2624: insert(0x8000500a)
2625: insert(0x80007028)
2626: insert(0x8000200a)
2627: flush_page(0x80005) returns true/true
2628: insert(0x80004050)
2629: insert(0x800060c8)
2630: insert(0x8000906a)
2631: insert(0x8000b04a)
2632: insert(0x800050d8)
2633: flush_page(0x8000b) returns true/true
2634: insert(0x80003056)
2635: insert(0x800070d2)
2636: insert(0x80005070)
2637: insert(0x800070e2)
2638: insert(0x8000a0dc)
2639: flush_page(0x8000b) returns false/false
2640: flush()
2641: flush_page(0x80004) returns false/false
2642: insert(0x800040aa)
2643: insert(0x80007028)
2644: flush_page(0x80006) returns false/false
2645: insert(0x80001044)
2646: insert(0x8000200e)
2647: flush_page(0x80007) returns true/true
2648: insert(0x80006046)
2649: insert(0x8000503a)
2650: insert(0x800040ae)
2651: insert(0x8000b0c6)
2652: flush()
2653: insert(0x80008060)
2654: flush()
2655: insert(0x80009028)
2656: insert(0x800000d8)
2657: flush_page(0x80003) returns false/false
2658: flush_page(0x80000) returns true/true
2659: insert(0x800000f8)
2660: insert(0x80000074)
2661: insert(0x8000604a)
2662: insert(0x800070ea)
2663: insert(0x8000606e)
2664: insert(0x800040b8)
2665: insert(0x8000006a)
2666: insert(0x8000703c)
2667: flush()
2668: flush_page(0x80001) returns false/false
2669: insert(0x800050e2)
2670: insert(0x8000b05c)
2671: insert(0x80008016)
2672: insert(0x80006094)
2673: flush_page(0x80002) returns false/false
2674: flush_page(0x80009) returns false/false
2675: flush_page(0x8000c) returns false/false
2676: flush_page(0x80005) returns true/true
2677: insert(0x800000cc)
2678: flush_page(0x8000c) returns false/false
2679: insert(0x80009012)
2680: insert(0x80005080)
2681: flush_page(0x80004) returns false/false
2682: insert(0x8000301c)
2683: insert(0x8000a09e)
2684: flush()
2685: insert(0x8000c01e)
2686: insert(0x8000006c)
2687: flush_page(0x80006) returns false/false
2688: insert(0x80003014)
2689: insert(0x800080aa)
2690: insert(0x80000060)
2691: insert(0x800000de)
2692: flush_page(0x80006) returns false/false
2693: flush_page(0x8000b) returns false/false
2694: insert(0x8000908e)
2695: insert(0x80002010)
2696: flush()
2697: insert(0x8000c068)
2698: flush()
2699: insert(0x8000a074)
2700: insert(0x80009026)
2701: insert(0x8000000c)
2702: flush_page(0x80008) returns false/false
2703: insert(0x80001038)
2704: insert(0x8000b004)
2705: flush_page(0x80006) returns false/false
2706: insert(0x800030fa)
2707: insert(0x800070d6)
2708: flush_page(0x80000) returns true/true
2709: insert(0x8000c024)
2710: insert(0x8000405e)
2711: insert(0x80000046)
2712: insert(0x80004070)
2713: insert(0x800050cc)
2714: insert(0x800070cc)
2715: insert(0x800020ca)
2716: insert(0x8000b09e)
2717: insert(0x80004088)
2718: insert(0x8000308a)
2719: flush()
2720: insert(0x8000b048)
2721: flush_page(0x80003) returns false/false
2722: flush_page(0x80001) returns false/false
2723: insert(0x800020d4)
2724: insert(0x80001052)
2725: flush_page(0x80002) returns true/true
2726: flush_page(0x80002) returns false/false
2727: flush()
2728: flush_page(0x80002) returns false/false
2729: insert(0x800090f4)
2730: insert(0x8000c00a)
2731: flush_page(0x80003) returns false/false
2732: insert(0x80003040)
2733: insert(0x8000b032)
2734: flush()
2735: insert(0x8000a072)
2736: insert(0x80003042)
2737: insert(0x8000a05a)
2738: insert(0x800030ca)
2739: insert(0x800040f2)
2740: flush_page(0x8000c) returns false/false
2741: insert(0x80005034)
2742: insert(0x800000a0)
2743: flush()
2744: flush_page(0x80005) returns false/false
2745: insert(0x80005076)
2746: insert(0x8000c092)
2747: flush_page(0x8000c) returns true/true
2748: insert(0x800080a0)
2749: insert(0x800020a6)
2750: flush()
2751: insert(0x8000c0dc)
2752: insert(0x800090e8)
2753: insert(0x80002094)
2754: flush_page(0x80007) returns false/false
2755: insert(0x8000b0fc)
2756: insert(0x80009020)
2757: insert(0x800020f8)
2758: insert(0x8000608c)
2759: flush()
2760: insert(0x800070fc)
2761: insert(0x800080dc)
2762: insert(0x8000c00a)
2763: insert(0x8000a06c)
2764: flush_page(0x80003) returns false/false
2765: flush_page(0x8000c) returns true/true
2766: insert(0x800030d4)
2767: insert(0x8000403c)
2768: flush_page(0x80004) returns true/true
2769: insert(0x800060c6)
2770: insert(0x8000400e)
2771: flush_page(0x80000) returns false/false
2772: insert(0x8000305c)
2773: insert(0x80008086)
2774: flush_page(0x80009) returns false/false
2775: insert(0x80003070)
2776: insert(0x800000a8)
2777: flush_page(0x80007) returns true/true
2778: insert(0x8000201c)
2779: insert(0x8000a09c)
2780: insert(0x800080f0)
2781: insert(0x8000502a)
2782: insert(0x800030f8)
2783: flush_page(0x80005) returns true/true
2784: flush_page(0x8000c) returns false/false
2785: insert(0x80008086)
2786: insert(0x8000600a)
2787: flush_page(0x80002) returns true/true
2788: insert(0x80009028)
2789: insert(0x8000105c)
2790: insert(0x80008062)
2791: flush_page(0x80006) returns true/true
2792: flush_page(0x80005) returns false/false
2793: insert(0x80009074)
2794: flush_page(0x80000) returns true/true
2795: insert(0x8000502c)
2796: flush_page(0x80005) returns true/true
2797: flush_page(0x8000b) returns false/false
2798: insert(0x80002008)
2799: flush()
2800: flush()
2801: flush_page(0x80003) returns false/false
2802: insert(0x8000a0d6)
2803: insert(0x80004062)
2804: insert(0x8000c0ae)
2805: insert(0x8000b00c)
2806: insert(0x8000003a)
2807: flush_page(0x8000b) returns true/true
2808: insert(0x8000a036)
2809: insert(0x80007082)
2810: insert(0x8000a0a0)
2811: flush_page(0x80001) returns false/false
2812: insert(0x800060b2)
2813: insert(0x800030a6)
2814: flush_page(0x80001) returns false/false
2815: flush()
2816: insert(0x8000c042)
2817: insert(0x800050d6)
2818: flush_page(0x80005) returns true/true
2819: insert(0x8000500c)
2820: insert(0x80009054)
2821: insert(0x800070de)
2822: insert(0x8000803e)
2823: insert(0x8000a016)
2824: insert(0x8000708a)
2825: insert(0x8000a092)
2826: insert(0x800040b0)
2827: insert(0x80002024)
2828: insert(0x8000604e)
2829: insert(0x800090b6)
2830: insert(0x80004000)
2831: flush_page(0x80002) returns true/true
2832: flush_page(0x80005) returns true/false
2833: flush_page(0x8000b) returns false/false
2834: flush_page(0x80009) returns true/true
2835: insert(0x80001066)
2836: flush_page(0x80002) returns false/false
2837: insert(0x800040e2)
2838: flush_page(0x80004) returns true/true
2839: flush_page(0x80009) returns false/false
2840: flush_page(0x80005) returns false/false
2841: insert(0x80009016)
2842: insert(0x80008096)
2843: insert(0x8000a094)
2844: insert(0x80000082)
2845: flush_page(0x8000c) returns true/false
2846: insert(0x80008044)
2847: insert(0x8000007c)
2848: flush()
2849: insert(0x80006010)
2850: insert(0x8000c08a)
2851: insert(0x8000005e)
2852: insert(0x80009048)
2853: flush()
2854: flush_page(0x8000b) returns false/false
2855: insert(0x80007052)
2856: insert(0x80006054)
2857: flush_page(0x80002) returns false/false
2858: flush()
2859: flush_page(0x80000) returns false/false
2860: insert(0x8000808c)
2861: insert(0x8000a024)
2862: insert(0x800050a4)
2863: insert(0x8000105e)
2864: flush_page(0x80005) returns true/true
2865: insert(0x800030c4)
2866: insert(0x8000b0d0)
2867: insert(0x800090d8)
2868: flush_page(0x80004) returns false/false
2869: flush_page(0x80005) returns false/false
2870: insert(0x80006094)
2871: insert(0x8000a0a0)
2872: insert(0x800020fa)
2873: flush_page(0x80001) returns true/true
2874: flush_page(0x80007) returns false/false
2875: flush_page(0x80000) returns false/false
2876: flush_page(0x80000) returns false/false
2877: insert(0x8000c008)
2878: insert(0x800000e2)
2879: insert(0x8000506c)
2880: insert(0x80008008)
2881: insert(0x800020a6)
2882: insert(0x80005034)
2883: insert(0x800080f6)
2884: insert(0x800090be)
2885: insert(0x800070b8)
2886: flush_page(0x80000) returns true/false
2887: insert(0x80004044)
2888: insert(0x8000b00a)
2889: insert(0x80000070)
2890: insert(0x8000008e)
2891: insert(0x80007070)
2892: insert(0x8000008e)
2893: flush()
2894: insert(0x800010ee)
2895: insert(0x800070e6)
2896: flush_page(0x80003) returns false/false
2897: insert(0x8000c0fa)
2898: insert(0x80009060)
2899: insert(0x80008072)
2900: insert(0x8000c014)
2901: flush_page(0x8000b) returns false/false
2902: flush_page(0x80001) returns true/true
2903: insert(0x800020e8)
2904: insert(0x8000305a)
2905: flush_page(0x80009) returns true/true
2906: insert(0x8000402e)
2907: insert(0x80004094)
2908: insert(0x8000a006)
2909: insert(0x80000002)
2910: flush_page(0x80009) returns false/false
2911: insert(0x8000c0d4)
2912: flush()
2913: insert(0x80000064)
2914: flush_page(0x80005) returns false/false
2915: insert(0x800040fa)
2916: insert(0x800040d0)
2917: insert(0x8000a03c)
2918: flush_page(0x80004) returns true/true
2919: insert(0x80008008)
2920: insert(0x80009092)
2921: flush_page(0x80002) returns false/false
2922: insert(0x800040e2)
2923: insert(0x8000c062)
2924: flush()
2925: insert(0x8000509c)
2926: insert(0x800050e6)
2927: flush_page(0x8000c) returns false/false
2928: insert(0x8000c066)
2929: flush_page(0x80002) returns false/false
2930: flush_page(0x80006) returns false/false
2931: flush()
2932: flush_page(0x80004) returns false/false
2933: insert(0x800040fc)
2934: insert(0x80005066)
2935: insert(0x80008062)
2936: insert(0x80009000)
2937: insert(0x80000046)
2938: insert(0x80004050)
2939: insert(0x800080ae)
2940: insert(0x800090bc)
2941: insert(0x8000a0ae)
2942: flush_page(0x80003) returns false/false
2943: insert(0x80006042)
2944: insert(0x800080c2)
2945: insert(0x800080fc)
2946: insert(0x8000c08e)
2947: insert(0x800060fa)
2948: insert(0x80002054)
2949: insert(0x8000c0c2)
2950: insert(0x8000c0b0)
2951: flush_page(0x8000b) returns false/false
2952: flush_page(0x80002) returns true/false
2953: insert(0x80006032)
2954: insert(0x80000054)
2955: insert(0x8000300c)
2956: insert(0x8000c010)
2957: flush_page(0x8000a) returns true/true
2958: insert(0x80000094)
2959: insert(0x80002066)
2960: insert(0x8000c05e)
2961: insert(0x800020c4)
2962: insert(0x8000a0f8)
2963: insert(0x8000803e)
2964: insert(0x8000a0c0)
2965: insert(0x80005058)
2966: flush_page(0x80004) returns true/false
2967: insert(0x800020a0)
2968: insert(0x80004018)
2969: insert(0x8000a00c)
2970: insert(0x80007050)
2971: insert(0x80004086)
2972: insert(0x8000002c)
2973: insert(0x80001024)
2974: flush()
2975: insert(0x8000b0d2)
2976: flush_page(0x80005) returns false/false
2977: insert(0x8000a08c)
2978: insert(0x80004096)
2979: flush_page(0x80005) returns false/false
2980: insert(0x8000c02c)
2981: insert(0x800070bc)
2982: insert(0x8000c0b8)
2983: insert(0x8000c006)
2984: flush_page(0x80009) returns false/false
2985: insert(0x800010dc)
2986: insert(0x800050aa)
2987: insert(0x80001060)
2988: flush_page(0x80005) returns true/true
2989: insert(0x800040ea)
2990: insert(0x8000a0f8)
2991: insert(0x8000b0d2)
2992: flush_page(0x8000a) returns true/true
2993: flush_page(0x8000b) returns true/true
2994: insert(0x800060f2)
2995: insert(0x8000a07e)
2996: flush_page(0x80002) returns false/false
2997: insert(0x800070e0)
2998: insert(0x800030f8)
2999: insert(0x8000904a)
3000: flush_page(0x80002) returns false/false
3001: insert(0x80001026)
3002: insert(0x8000706e)
3003: insert(0x800050e0)
3004: insert(0x800090b4)
3005: flush_page(0x8000a) returns true/true
3006: insert(0x80003016)
3007: flush_page(0x8000b) returns false/false
3008: insert(0x8000b020)
3009: insert(0x8000c018)
3010: insert(0x8000c05e)
3011: insert(0x8000102e)
3012: insert(0x8000b09c)
3013: insert(0x800010c4)
3014: flush()
3015: insert(0x8000001e)
3016: insert(0x8000808a)
3017: insert(0x800030e6)
3018: insert(0x8000400e)
3019: insert(0x8000801c)
3020: insert(0x80009068)
3021: insert(0x80000070)
3022: insert(0x800080f6)
3023: insert(0x8000107a)
3024: insert(0x80009028)
3025: insert(0x800000bc)
3026: insert(0x8000c00a)
3027: flush_page(0x80002) returns false/false
3028: flush_page(0x80008) returns true/true
3029: insert(0x800090ca)
3030: insert(0x800080c2)
3031: insert(0x8000c070)
3032: flush_page(0x80000) returns true/true
3033: insert(0x8000704c)
3034: insert(0x80006064)
3035: insert(0x800060de)
3036: insert(0x80007024)
3037: insert(0x80007096)
3038: insert(0x80008062)
3039: flush()
3040: insert(0x80009090)
3041: insert(0x80000018)
3042: insert(0x8000804e)
3043: insert(0x8000c0ee)
3044: insert(0x8000a09a)
3045: insert(0x80006058)
3046: insert(0x800040d4)
3047: flush_page(0x8000b) returns false/false
3048: insert(0x80001056)
3049: insert(0x8000403c)
3050: flush_page(0x8000c) returns true/true
3051: insert(0x80006074)
3052: flush_page(0x80005) returns false/false
3053: insert(0x8000909e)
3054: insert(0x8000004e)
3055: insert(0x800050ae)
3056: insert(0x80008066)
3057: insert(0x80004008)
3058: flush_page(0x8000a) returns true/false
3059: insert(0x800000d4)
3060: flush_page(0x80007) returns false/false
3061: insert(0x800050c8)
3062: flush_page(0x80005) returns true/true
3063: flush_page(0x80004) returns true/true
3064: flush()
3065: insert(0x8000b09e)
3066: insert(0x80008016)
3067: flush_page(0x80002) returns false/false
3068: insert(0x8000008c)
3069: flush_page(0x80008) returns true/true
3070: insert(0x8000b0f2)
3071: insert(0x800080b0)
3072: insert(0x8000507c)
3073: insert(0x800040fa)
3074: insert(0x80008076)
3075: insert(0x80004006)
3076: insert(0x80006026)
3077: insert(0x8000009a)
3078: insert(0x800060a8)
3079: flush_page(0x80008) returns true/false
3080: insert(0x80002002)
3081: flush_page(0x80009) returns false/false
3082: insert(0x8000c0a6)
3083: insert(0x8000a0b0)
3084: insert(0x80003088)
3085: insert(0x80000038)
3086: insert(0x80002090)
3087: insert(0x80004028)
3088: flush_page(0x80007) returns false/false
3089: insert(0x8000a02a)
3090: flush()
3091: flush_page(0x80008) returns false/false
3092: insert(0x80000074)
3093: flush_page(0x80005) returns false/false
3094: flush_page(0x8000c) returns false/false
3095: insert(0x8000a00c)
3096: flush_page(0x8000b) returns false/false
3097: insert(0x800090a2)
3098: insert(0x8000b04a)
3099: flush_page(0x80006) returns false/false
3100: insert(0x80009018)
3101: flush_page(0x8000b) returns true/true
3102: insert(0x8000b0de)
3103: insert(0x80004072)
3104: insert(0x8000508e)
3105: insert(0x800080a0)
3106: insert(0x800080c2)
3107: insert(0x80002048)
3108: insert(0x800020a2)
3109: flush_page(0x80007) returns false/false
3110: flush_page(0x80003) returns false/false
3111: insert(0x8000901a)
3112: insert(0x8000b0ec)
3113: flush_page(0x80007) returns false/false
3114: insert(0x8000a050)
3115: insert(0x800030d0)
3116: insert(0x80009016)
3117: insert(0x8000b0ac)
3118: insert(0x80006016)
3119: flush_page(0x80009) returns true/true
3120: insert(0x80005034)
3121: insert(0x800090f6)
3122: insert(0x8000001e)
3123: flush_page(0x80001) returns false/false
3124: insert(0x800070e2)
3125: insert(0x80001028)
3126: insert(0x80004066)
3127: insert(0x8000805e)
3128: insert(0x8000605c)
3129: insert(0x80008048)
3130: flush_page(0x80005) returns true/true
3131: insert(0x8000903e)
3132: insert(0x800000e0)
3133: insert(0x8000c08a)
3134: flush_page(0x80003) returns true/false
3135: insert(0x80000092)
3136: insert(0x80003050)
3137: insert(0x800080ea)
3138: flush_page(0x80003) returns true/true
3139: flush_page(0x80001) returns true/false
3140: insert(0x8000a016)
3141: insert(0x8000c0a2)
3142: insert(0x80001024)
3143: flush_page(0x80000) returns true/true
3144: flush_page(0x80008) returns true/true
3145: flush_page(0x80006) returns true/true
3146: insert(0x8000405c)
3147: insert(0x80000038)
3148: insert(0x80000040)
3149: insert(0x8000005c)
3150: insert(0x800040e8)
3151: insert(0x8000c066)
3152: insert(0x8000b058)
3153: flush_page(0x8000a) returns true/true
3154: insert(0x80007022)
3155: insert(0x8000900c)
3156: insert(0x8000001e)
3157: insert(0x8000207e)
3158: insert(0x80001002)
3159: insert(0x800050aa)
3160: insert(0x8000c05c)
3161: insert(0x800020f2)
3162: flush_page(0x80001) returns true/true
3163: insert(0x80007032)
3164: insert(0x8000b0b6)
3165: flush()
3166: insert(0x8000b082)
3167: insert(0x8000a04c)
3168: flush_page(0x80003) returns false/false
3169: flush_page(0x80006) returns false/false
3170: flush_page(0x80004) returns false/false
3171: insert(0x8000500e)
3172: flush_page(0x80008) returns false/false
3173: flush()
3174: insert(0x8000a0f4)
3175: insert(0x8000c0a2)
3176: insert(0x8000c038)
3177: flush_page(0x80001) returns false/false
3178: flush()
3179: insert(0x8000504e)
3180: insert(0x8000302c)
3181: insert(0x800010de)
3182: insert(0x8000a0c4)
3183: insert(0x800070d0)
3184: insert(0x800030dc)
3185: flush_page(0x80007) returns true/true
3186: insert(0x80009092)
3187: flush_page(0x8000a) returns true/true
3188: flush_page(0x8000c) returns false/false
3189: insert(0x80006060)
3190: insert(0x80006030)
3191: flush_page(0x8000b) returns false/false
3192: insert(0x800030de)
3193: insert(0x8000a072)
3194: flush_page(0x80000) returns false/false
3195: insert(0x8000c092)
3196: flush_page(0x80001) returns true/false
3197: insert(0x8000b07a)
3198: flush_page(0x80000) returns false/false
3199: insert(0x8000a0a2)
3200: flush_page(0x80002) returns false/false
3201: insert(0x800040f4)
3202: flush_page(0x8000a) returns true/true
3203: insert(0x8000201e)
3204: insert(0x8000109c)
3205: insert(0x8000c052)
3206: insert(0x8000001c)
3207: insert(0x80001066)
3208: insert(0x80001054)
3209: insert(0x800000be)
3210: insert(0x8000504c)
3211: flush_page(0x80005) returns true/true
3212: insert(0x800020be)
3213: insert(0x80007042)
3214: insert(0x8000c000)
3215: insert(0x8000109a)
3216: insert(0x8000705e)
3217: flush_page(0x80008) returns false/false
3218: insert(0x800010d6)
3219: flush_page(0x80000) returns true/true
3220: flush_page(0x80006) returns true/false
3221: insert(0x800020a4)
3222: insert(0x800080e0)
3223: insert(0x80005082)
3224: insert(0x800030ee)
3225: flush_page(0x80000) returns false/false
3226: flush_page(0x80004) returns true/false
3227: insert(0x8000603e)
3228: insert(0x800040a8)
3229: insert(0x80009076)
3230: insert(0x800060f8)
3231: flush_page(0x80004) returns true/true
3232: flush_page(0x8000a) returns false/false
3233: insert(0x80008004)
3234: flush_page(0x80006) returns true/true
3235: insert(0x800070bc)
3236: flush_page(0x80001) returns true/false
3237: insert(0x800020d6)
3238: insert(0x800070ac)
3239: flush()
3240: flush_page(0x80006) returns false/false
3241: flush_page(0x80007) returns false/false
3242: insert(0x800010b4)
3243: insert(0x800010ee)
3244: insert(0x8000306a)
3245: insert(0x8000205c)
3246: flush_page(0x80004) returns false/false
3247: insert(0x80002006)
3248: flush_page(0x80006) returns false/false
3249: flush_page(0x80009) returns false/false
3250: insert(0x800090e2)
3251: insert(0x8000a0ea)
3252: flush()
3253: insert(0x8000603e)
3254: insert(0x8000009c)
3255: insert(0x80008006)
3256: insert(0x8000b04e)
3257: insert(0x80007098)
3258: flush_page(0x8000c) returns false/false
3259: insert(0x800030ea)
3260: insert(0x8000b0a4)
3261: insert(0x80007076)
3262: flush_page(0x80007) returns true/true
3263: flush()
3264: flush_page(0x80008) returns false/false
3265: insert(0x80008066)
3266: insert(0x800010b6)
3267: insert(0x8000807a)
3268: insert(0x80000072)
3269: flush_page(0x80003) returns false/false
3270: insert(0x8000204c)
3271: insert(0x8000b068)
3272: insert(0x800050f0)
3273: flush_page(0x80000) returns true/true
3274: insert(0x800030ee)
3275: insert(0x80006014)
3276: insert(0x8000700e)
3277: insert(0x800070f6)
3278: flush_page(0x80007) returns true/true
3279: insert(0x8000501e)
3280: insert(0x8000805e)
3281: insert(0x800060e2)
3282: insert(0x8000b062)
3283: insert(0x80000036)
3284: insert(0x8000408a)
3285: insert(0x80008006)
3286: insert(0x8000200a)
3287: insert(0x80004046)
3288: insert(0x80000008)
3289: insert(0x8000704a)
3290: flush_page(0x80003) returns true/true
3291: insert(0x800030ce)
3292: insert(0x80007016)
3293: flush_page(0x80005) returns true/false
3294: insert(0x8000908e)
3295: flush_page(0x8000b) returns true/false
3296: insert(0x8000909e)
3297: insert(0x800010a2)
3298: insert(0x80004026)
3299: insert(0x800080ea)
3300: insert(0x800000d2)
3301: flush_page(0x80005) returns false/false
3302: insert(0x800040b6)
3303: flush_page(0x80003) returns true/false
3304: insert(0x800010ea)
3305: insert(0x800090a0)
3306: insert(0x8000500e)
3307: insert(0x8000805e)
3308: insert(0x8000c0c0)
3309: insert(0x8000802c)
3310: flush_page(0x80002) returns true/true
3311: insert(0x8000c098)
3312: insert(0x800010d4)
3313: insert(0x8000008c)
3314: flush()
3315: flush_page(0x8000b) returns false/false
3316: insert(0x8000b044)
3317: insert(0x8000607a)
3318: insert(0x80001050)
3319: insert(0x800090da)
3320: insert(0x8000b004)
3321: insert(0x800070f2)
3322: insert(0x8000c0c4)
3323: insert(0x8000004a)
3324: insert(0x8000b006)
3325: flush_page(0x80007) returns true/true
3326: insert(0x8000a0b8)
3327: insert(0x80003052)
3328: insert(0x8000004e)
3329: flush_page(0x80003) returns true/true
3330: flush_page(0x80007) returns false/false
3331: insert(0x800060b4)
3332: insert(0x80008068)
3333: insert(0x8000c098)
3334: flush_page(0x80001) returns true/false
3335: insert(0x8000a08a)
3336: insert(0x8000104a)
3337: flush_page(0x8000a) returns true/true
3338: insert(0x80005092)
3339: insert(0x800030da)
3340: flush_page(0x8000a) returns false/false
3341: insert(0x8000809a)
3342: insert(0x80001018)
3343: insert(0x8000a0b8)
3344: insert(0x8000b05a)
3345: insert(0x80004048)
3346: flush_page(0x8000c) returns true/false
3347: insert(0x80004028)
3348: insert(0x80005086)
3349: flush_page(0x80005) returns true/true
3350: flush_page(0x80002) returns false/false
3351: flush_page(0x8000c) returns false/false
3352: insert(0x8000709c)
3353: flush_page(0x8000b) returns true/true
3354: insert(0x8000408e)
3355: insert(0x80007082)
3356: insert(0x80009028)
3357: insert(0x800040f8)
3358: insert(0x8000a0b2)
3359: insert(0x80008054)
3360: insert(0x800050da)
3361: insert(0x800040b8)
3362: insert(0x8000109e)
3363: insert(0x800000c6)
3364: insert(0x8000b048)
3365: insert(0x8000c04a)
3366: insert(0x800020ca)
3367: flush_page(0x80002) returns true/true
3368: insert(0x80005016)
3369: insert(0x800040a8)
3370: flush_page(0x80009) returns true/false
3371: insert(0x8000c06e)
3372: insert(0x800040b4)
3373: insert(0x8000c0ae)
3374: insert(0x80001024)
3375: insert(0x8000a036)
3376: insert(0x8000a0c0)
3377: insert(0x8000804e)
3378: flush()
3379: flush_page(0x80002) returns false/false
3380: insert(0x800000c2)
3381: flush_page(0x80009) returns false/false
3382: flush_page(0x80009) returns false/false
3383: insert(0x80001078)
3384: insert(0x80000032)
3385: insert(0x8000b0e6)
3386: insert(0x8000b01a)
3387: flush_page(0x80001) returns true/true
3388: insert(0x8000a0c6)
3389: insert(0x8000404e)
3390: insert(0x8000604e)
3391: insert(0x8000c0c0)
3392: insert(0x8000a072)
3393: flush_page(0x80008) returns false/false
3394: insert(0x8000b096)
3395: insert(0x80004074)
3396: insert(0x8000c0d8)
3397: flush_page(0x80002) returns false/false
3398: flush_page(0x80008) returns false/false
3399: flush_page(0x80000) returns true/true
3400: insert(0x800000ea)
3401: flush_page(0x80009) returns false/false
3402: insert(0x8000a0e6)
3403: insert(0x8000c082)
3404: insert(0x800070b8)
3405: insert(0x800030ea)
3406: insert(0x80005030)
3407: flush()
3408: flush_page(0x80008) returns false/false
3409: insert(0x8000706e)
3410: insert(0x8000202e)
3411: flush_page(0x80006) returns false/false
3412: insert(0x8000a024)
3413: insert(0x800090ae)
3414: insert(0x8000408c)
3415: insert(0x800080fa)
3416: insert(0x800020ba)
3417: insert(0x8000007a)
3418: insert(0x80008094)
3419: flush_page(0x80001) returns false/false
3420: insert(0x80008082)
3421: insert(0x80008014)
3422: insert(0x80002074)
3423: flush_page(0x80004) returns true/false
3424: flush_page(0x8000a) returns true/true
3425: insert(0x80005074)
3426: flush_page(0x80007) returns true/true
3427: flush()
3428: insert(0x80004024)
3429: flush_page(0x80000) returns false/false
3430: insert(0x80001012)
3431: insert(0x80009094)
3432: flush_page(0x8000a) returns false/false
3433: flush_page(0x80005) returns false/false
3434: flush_page(0x80002) returns false/false
3435: insert(0x8000209e)
3436: insert(0x800000f2)
3437: flush_page(0x8000b) returns false/false
3438: insert(0x8000a0a6)
3439: flush_page(0x80004) returns true/true
3440: insert(0x8000a0c2)
3441: insert(0x8000809e)
3442: insert(0x800000ba)
3443: insert(0x8000406a)
3444: insert(0x800070ec)
3445: insert(0x80000098)
3446: insert(0x8000c086)
3447: flush()
3448: flush_page(0x80004) returns false/false
3449: insert(0x80009096)
3450: flush_page(0x80004) returns false/false
3451: flush_page(0x80002) returns false/false
3452: insert(0x8000203a)
3453: flush_page(0x8000c) returns false/false
3454: insert(0x80008010)
3455: insert(0x800030fc)
3456: flush_page(0x80005) returns false/false
3457: insert(0x800010d6)
3458: flush_page(0x80009) returns true/true
3459: flush_page(0x80009) returns false/false
3460: insert(0x8000002e)
3461: flush_page(0x80001) returns true/true
3462: insert(0x80009002)
3463: insert(0x800020be)
3464: insert(0x80009052)
3465: flush_page(0x8000a) returns false/false
3466: flush_page(0x80004) returns false/false
3467: insert(0x8000700e)
3468: insert(0x80001002)
3469: insert(0x800050c8)
3470: insert(0x80001036)
3471: flush_page(0x80003) returns true/true
3472: insert(0x8000909c)
3473: insert(0x80007074)
3474: flush_page(0x80002) returns true/true
3475: insert(0x80007076)
3476: insert(0x800000b6)
3477: insert(0x8000903a)
3478: insert(0x8000c01c)
3479: insert(0x80001056)
3480: insert(0x8000a0fe)
3481: flush_page(0x8000a) returns true/true
3482: insert(0x800030c4)
3483: flush_page(0x80000) returns true/true
3484: insert(0x8000b0ca)
3485: insert(0x80002050)
3486: insert(0x80008008)
3487: insert(0x80008096)
3488: insert(0x800060ee)
3489: insert(0x80002002)
3490: flush_page(0x8000c) returns true/true
3491: insert(0x80002044)
3492: insert(0x80008046)
3493: insert(0x800050a6)
3494: flush_page(0x80003) returns true/true
3495: insert(0x800060aa)
3496: flush_page(0x80006) returns true/true
3497: insert(0x80006012)
3498: insert(0x8000403e)
3499: insert(0x8000808e)
3500: flush_page(0x80001) returns true/true
3501: flush_page(0x8000b) returns true/false
3502: insert(0x800000ba)
3503: insert(0x800090ca)
3504: flush_page(0x80005) returns true/false
3505: insert(0x800020bc)
3506: insert(0x800090c8)
3507: flush_page(0x80009) returns true/true
3508: insert(0x800010da)
3509: flush_page(0x80009) returns false/false
3510: insert(0x80008032)
3511: insert(0x8000b0ee)
3512: insert(0x800040e0)
3513: flush_page(0x80002) returns true/true
3514: insert(0x800060b0)
3515: insert(0x80005046)
3516: insert(0x800020f4)
3517: insert(0x80009070)
3518: flush_page(0x80002) returns true/true
3519: insert(0x8000c0f6)
3520: flush_page(0x80005) returns true/true
3521: insert(0x8000b0e4)
3522: insert(0x8000602e)
3523: insert(0x80001074)
3524: flush_page(0x80002) returns false/false
3525: insert(0x8000b012)
3526: insert(0x8000b0e2)
3527: insert(0x80005048)
3528: insert(0x80007076)
3529: insert(0x800020c8)
3530: flush()
3531: insert(0x800020e6)
3532: insert(0x80005004)
3533: insert(0x800080aa)
3534: insert(0x8000603c)
3535: flush_page(0x80006) returns true/true
3536: flush_page(0x80000) returns false/false
3537: flush_page(0x80009) returns false/false
3538: flush_page(0x80006) returns false/false
3539: insert(0x80000066)
3540: insert(0x800040bc)
3541: insert(0x8000008c)
3542: insert(0x8000c064)
3543: insert(0x80007080)
3544: insert(0x80007024)
3545: insert(0x800060f0)
3546: flush()
3547: insert(0x8000808e)
3548: insert(0x80000022)
3549: insert(0x8000c0de)
3550: insert(0x8000b048)
3551: insert(0x8000a0b4)
3552: flush_page(0x80002) returns false/false
3553: flush_page(0x80004) returns false/false
3554: insert(0x800070b8)
3555: flush_page(0x80006) returns false/false
3556: insert(0x8000605e)
3557: insert(0x80001016)
3558: insert(0x80003028)
3559: flush_page(0x8000a) returns true/true
3560: insert(0x8000807c)
3561: insert(0x800030fa)
3562: insert(0x800070d0)
3563: insert(0x8000108e)
3564: insert(0x8000a086)
3565: flush()
3566: flush()
3567: insert(0x80004012)
3568: insert(0x80001086)
3569: flush_page(0x80005) returns false/false
3570: flush()
3571: insert(0x800040e8)
3572: insert(0x8000a018)
3573: flush_page(0x80005) returns false/false
3574: flush_page(0x8000c) returns false/false
3575: insert(0x80006058)
3576: insert(0x80005070)
3577: insert(0x8000201e)
3578: insert(0x80004008)
3579: flush()
3580: insert(0x80006048)
3581: insert(0x8000b098)
3582: flush_page(0x80009) returns false/false
3583: flush_page(0x80008) returns false/false
3584: insert(0x8000502e)
3585: insert(0x80006070)
3586: insert(0x800030d6)
3587: insert(0x800070c6)
3588: insert(0x80009072)
3589: insert(0x80006084)
3590: insert(0x8000b020)
3591: flush_page(0x80007) returns true/true
3592: insert(0x80001046)
3593: insert(0x800040ae)
3594: flush_page(0x8000c) returns false/false
3595: flush()
3596: insert(0x800090a4)
3597: insert(0x80009026)
3598: insert(0x800010da)
3599: insert(0x800010fc)
3600: insert(0x80009098)
3601: insert(0x80006024)
3602: insert(0x800090ba)
3603: flush_page(0x8000b) returns false/false
3604: insert(0x8000b064)
3605: insert(0x8000803a)
3606: flush_page(0x80006) returns true/true
3607: flush_page(0x80003) returns false/false
3608: insert(0x8000407a)
3609: insert(0x800010f6)
3610: insert(0x80007012)
3611: insert(0x80000018)
3612: insert(0x800070ac)
3613: flush()
3614: insert(0x80007028)
3615: insert(0x80002018)
3616: insert(0x80004058)
3617: flush_page(0x80009) returns false/false
3618: insert(0x8000c0de)
3619: insert(0x80003098)
3620: insert(0x8000406a)
3621: insert(0x800080dc)
3622: insert(0x80009006)
3623: insert(0x8000607c)
3624: insert(0x8000c086)
3625: flush()
3626: insert(0x800050ca)
3627: flush_page(0x80002) returns false/false
3628: flush()
3629: flush_page(0x80007) returns false/false
3630: insert(0x80006060)
3631: insert(0x8000c00e)
3632: insert(0x8000c018)
3633: insert(0x80007030)
3634: flush_page(0x80005) returns false/false
3635: insert(0x8000900c)
3636: insert(0x8000a018)
3637: flush_page(0x8000c) returns true/true
3638: flush_page(0x80004) returns false/false
3639: insert(0x800050ac)
3640: insert(0x8000b098)
3641: insert(0x8000a03a)
3642: insert(0x800030ae)
3643: flush_page(0x80009) returns true/true
3644: insert(0x800080c4)
3645: flush_page(0x80005) returns true/true
3646: insert(0x80000062)
3647: insert(0x8000c0f6)
3648: insert(0x80006080)
3649: insert(0x800000e0)
3650: insert(0x80002076)
3651: insert(0x800060c4)
3652: flush()
3653: insert(0x8000b00a)
3654: insert(0x80009024)
3655: insert(0x800080be)
3656: insert(0x80001022)
3657: insert(0x8000204a)
3658: insert(0x800050d6)
3659: insert(0x8000b024)
3660: insert(0x800010a6)
3661: flush()
3662: insert(0x800070a4)
3663: insert(0x8000201e)
3664: insert(0x80000008)
3665: insert(0x80004008)
3666: insert(0x80006040)
3667: insert(0x80002014)
3668: insert(0x8000300a)
3669: insert(0x8000007e)
3670: insert(0x8000c094)
3671: insert(0x800040a2)
3672: insert(0x8000c062)
3673: insert(0x80000062)
3674: flush_page(0x80003) returns true/true
3675: insert(0x800070d8)
3676: insert(0x8000c004)
3677: insert(0x8000106c)
3678: insert(0x80007046)
3679: insert(0x8000506e)
3680: insert(0x800060a2)
3681: flush_page(0x8000c) returns true/false
3682: insert(0x800010d0)
3683: flush_page(0x80005) returns true/false
3684: insert(0x80007036)
3685: flush()
3686: insert(0x8000103e)
3687: flush()
3688: flush_page(0x80006) returns false/false
3689: insert(0x8000c0da)
3690: flush_page(0x80001) returns false/false
3691: insert(0x8000803a)
3692: insert(0x80006028)
3693: insert(0x8000406c)
3694: flush_page(0x80005) returns false/false
3695: insert(0x8000805e)
3696: insert(0x80008062)
3697: insert(0x80008044)
3698: flush_page(0x80002) returns false/false
3699: insert(0x80007090)
3700: insert(0x800090be)
3701: insert(0x8000a0c6)
3702: insert(0x800080ee)
3703: insert(0x80001096)
3704: insert(0x80004036)
3705: insert(0x80005094)
3706: flush_page(0x80007) returns true/false
3707: insert(0x8000c016)
3708: insert(0x800040b6)
3709: insert(0x80004050)
3710: insert(0x8000c044)
3711: insert(0x80006074)
3712: flush_page(0x8000b) returns false/false
3713: insert(0x80007068)
3714: insert(0x8000b0cc)
3715: insert(0x800000d0)
3716: flush_page(0x80002) returns false/false
3717: insert(0x80008072)
3718: insert(0x8000500e)
3719: flush_page(0x80005) returns true/true
3720: flush_page(0x80001) returns true/false
3721: insert(0x8000904a)
3722: insert(0x80006004)
3723: flush_page(0x80005) returns false/false
3724: insert(0x8000102e)
3725: insert(0x800010ce)
3726: flush_page(0x8000b) returns true/true
3727: insert(0x80009040)
3728: flush_page(0x80003) returns false/false
3729: insert(0x80004044)
3730: insert(0x8000b024)
3731: insert(0x800070ba)
3732: insert(0x8000a0ba)
3733: insert(0x800010c8)
3734: insert(0x8000c046)
3735: flush_page(0x8000b) returns true/false
3736: insert(0x800020da)
3737: flush_page(0x8000c) returns true/true
3738: insert(0x80008012)
3739: insert(0x8000701a)
3740: insert(0x8000c0cc)
3741: insert(0x80004006)
3742: insert(0x8000b060)
3743: insert(0x8000a0ee)
3744: insert(0x8000b026)
3745: insert(0x8000a0da)
3746: insert(0x80005040)
3747: insert(0x800090b2)
3748: insert(0x800010de)
3749: insert(0x8000b0a6)
3750: flush_page(0x8000c) returns true/false
3751: insert(0x800020f2)
3752: insert(0x800090fa)
3753: insert(0x80008056)
3754: flush_page(0x80004) returns true/false
3755: insert(0x8000404a)
3756: flush_page(0x8000c) returns false/false
3757: flush_page(0x80004) returns true/true
3758: insert(0x8000404e)
3759: insert(0x80001056)
3760: flush_page(0x8000c) returns false/false
3761: insert(0x800080aa)
3762: insert(0x80009050)
3763: flush_page(0x80006) returns true/false
3764: insert(0x800040de)
3765: insert(0x8000c088)
3766: insert(0x800010dc)
3767: insert(0x800070fe)
3768: insert(0x80006004)
3769: insert(0x80004050)
3770: insert(0x80002018)
3771: flush_page(0x8000b) returns true/false
3772: flush()
3773: insert(0x8000a0d4)
3774: insert(0x80006034)
3775: insert(0x80002096)
3776: insert(0x8000001e)
3777: insert(0x8000c07a)
3778: insert(0x8000201a)
3779: flush_page(0x80002) returns true/true
3780: flush()
3781: insert(0x80000022)
3782: flush()
3783: insert(0x8000c0c6)
3784: flush_page(0x80006) returns false/false
3785: insert(0x800060b6)
3786: insert(0x80004056)
3787: flush()
3788: flush_page(0x80005) returns false/false
3789: flush()
3790: insert(0x8000a026)
3791: insert(0x8000903c)
3792: insert(0x8000a002)
3793: insert(0x800040f0)
3794: insert(0x80004094)
3795: flush_page(0x80009) returns true/true
3796: insert(0x800020b0)
3797: insert(0x8000902c)
3798: insert(0x80009046)
3799: insert(0x8000002c)
3800: flush_page(0x8000c) returns false/false
3801: flush()
3802: flush_page(0x8000b) returns false/false
3803: insert(0x800090ba)
3804: insert(0x8000b020)
3805: insert(0x8000801e)
3806: insert(0x800060d6)
3807: insert(0x800050e4)
3808: flush()
3809: insert(0x800080f4)
3810: insert(0x800080a4)
3811: insert(0x8000908c)
3812: flush_page(0x8000c) returns false/false
3813: flush_page(0x80003) returns false/false
3814: flush_page(0x80000) returns false/false
3815: flush_page(0x8000b) returns false/false
3816: insert(0x800040a4)
3817: insert(0x80004024)
3818: insert(0x80004034)
3819: flush_page(0x8000a) returns false/false
3820: insert(0x8000c06e)
3821: flush_page(0x80007) returns false/false
3822: insert(0x80000092)
3823: insert(0x80009078)
3824: insert(0x80002008)
3825: insert(0x800080da)
3826: flush_page(0x8000c) returns true/false
3827: insert(0x80002062)
3828: flush_page(0x8000c) returns false/false
3829: insert(0x800070bc)
3830: flush_page(0x8000b) returns false/false
3831: insert(0x80006090)
3832: insert(0x8000900a)
3833: insert(0x80001048)
3834: flush()
3835: insert(0x8000307c)
3836: insert(0x800030fa)
3837: flush_page(0x80005) returns false/false
3838: insert(0x800050d6)
3839: insert(0x800080e6)
3840: insert(0x8000600c)
3841: insert(0x8000404c)
3842: insert(0x8000a0b0)
3843: insert(0x80006072)
3844: insert(0x80002024)
3845: insert(0x80002086)
3846: flush()
3847: insert(0x8000c0b0)
3848: insert(0x8000505e)
3849: insert(0x80003064)
3850: flush_page(0x80008) returns false/false
3851: insert(0x80004068)
3852: insert(0x8000702a)
3853: insert(0x800080aa)
3854: insert(0x80002096)
3855: insert(0x80004060)
3856: insert(0x8000c0ae)
3857: insert(0x8000400a)
3858: insert(0x80001062)
3859: flush_page(0x80007) returns true/true
3860: insert(0x8000c0d0)
3861: insert(0x800020f0)
3862: insert(0x80006048)
3863: insert(0x8000a0ba)
3864: insert(0x80004058)
3865: insert(0x800080a0)
3866: insert(0x80007008)
3867: insert(0x80007098)
3868: flush_page(0x80003) returns true/false
3869: insert(0x8000901a)
3870: insert(0x8000702c)
3871: insert(0x8000802e)
3872: insert(0x800020ca)
3873: flush_page(0x80004) returns true/true
3874: insert(0x800080c6)
3875: flush_page(0x80003) returns false/false
3876: insert(0x800080b2)
3877: insert(0x8000b086)
3878: insert(0x800010bc)
3879: insert(0x80005000)
3880: insert(0x80007074)
3881: flush_page(0x80007) returns true/true
3882: insert(0x8000405a)
3883: flush_page(0x8000c) returns true/false
3884: flush()
3885: insert(0x80009012)
3886: flush()
3887: insert(0x800040fc)
3888: flush()
3889: insert(0x80008074)
3890: insert(0x80001094)
3891: flush_page(0x80009) returns false/false
3892: flush_page(0x8000c) returns false/false
3893: insert(0x800000ea)
3894: insert(0x800080c6)
3895: insert(0x80004036)
3896: insert(0x80009030)
3897: flush_page(0x80006) returns false/false
3898: insert(0x8000c096)
3899: insert(0x8000708a)
3900: insert(0x80003020)
3901: insert(0x800080ae)
3902: flush_page(0x80004) returns true/true
3903: insert(0x800080b4)
3904: insert(0x8000b010)
3905: insert(0x8000a060)
3906: insert(0x80002066)
3907: insert(0x8000c00c)
3908: flush()
3909: flush_page(0x80007) returns false/false
3910: flush_page(0x80002) returns false/false
3911: insert(0x8000a052)
3912: flush_page(0x8000c) returns false/false
3913: insert(0x80004086)
3914: flush_page(0x8000a) returns true/true
3915: insert(0x8000c076)
3916: insert(0x8000903e)
3917: insert(0x800080ce)
3918: insert(0x8000b0a8)
3919: flush_page(0x8000a) returns false/false
3920: insert(0x8000502a)
3921: flush_page(0x8000a) returns false/false
3922: flush_page(0x80005) returns true/true
3923: insert(0x800030ba)
3924: insert(0x80007034)
3925: flush_page(0x80009) returns true/true
3926: flush_page(0x8000b) returns true/true
3927: insert(0x800050f2)
3928: insert(0x800070c4)
3929: insert(0x8000607c)
3930: insert(0x8000a0ba)
3931: insert(0x8000801e)
3932: insert(0x8000b054)
3933: insert(0x8000c014)
3934: insert(0x8000a084)
3935: insert(0x800070b8)
3936: flush_page(0x8000c) returns true/true
3937: insert(0x80009068)
3938: insert(0x80002030)
3939: insert(0x80005020)
3940: flush_page(0x80005) returns true/true
3941: flush()
3942: insert(0x80009056)
3943: insert(0x8000404a)
3944: flush_page(0x80002) returns false/false
3945: insert(0x80004028)
3946: flush_page(0x80005) returns false/false
3947: insert(0x8000108a)
3948: insert(0x800040d2)
3949: flush_page(0x8000a) returns false/false
3950: flush_page(0x8000c) returns false/false
3951: insert(0x80007042)
3952: flush_page(0x80008) returns false/false
3953: insert(0x800080be)
3954: insert(0x80003046)
3955: insert(0x8000b0e8)
3956: insert(0x800010c6)
3957: insert(0x80002086)
3958: insert(0x8000306c)
3959: insert(0x8000109e)
3960: insert(0x8000c0ae)
3961: insert(0x800090d0)
3962: insert(0x80006094)
3963: insert(0x80003012)
3964: insert(0x8000006a)
3965: insert(0x80000064)
3966: insert(0x8000c020)
3967: insert(0x8000b0a6)
3968: flush_page(0x80005) returns false/false
3969: insert(0x8000c0f2)
3970: insert(0x80001020)
3971: flush_page(0x80001) returns true/true
3972: insert(0x80002026)
3973: insert(0x8000b056)
3974: flush()
3975: flush_page(0x80002) returns false/false
3976: insert(0x8000603c)
3977: insert(0x8000601e)
3978: insert(0x800080d4)
3979: insert(0x80005018)
3980: insert(0x80001010)
3981: insert(0x80009064)
3982: insert(0x8000b07e)
3983: flush_page(0x80005) returns true/true
3984: insert(0x800060ba)
3985: insert(0x800090f4)
3986: insert(0x8000a0cc)
3987: insert(0x800070e8)
3988: insert(0x800030a0)
3989: insert(0x80006080)
3990: insert(0x8000a0b6)
3991: flush_page(0x80001) returns true/true
3992: flush_page(0x80009) returns true/false
3993: flush_page(0x8000a) returns true/true
3994: insert(0x800080da)
3995: flush_page(0x80002) returns false/false
3996: insert(0x80009066)
3997: insert(0x8000c06c)
3998: flush_page(0x80005) returns false/false
3999: insert(0x8000b0fe)
4000: flush_page(0x80009) returns true/true
4001: insert(0x80008064)
4002: insert(0x800030be)
4003: insert(0x8000608a)
4004: insert(0x800070e2)
4005: insert(0x800080cc)
4006: insert(0x80002046)
4007: flush_page(0x80003) returns true/true
4008: insert(0x80000062)
4009: insert(0x80004080)
4010: flush_page(0x80006) returns true/true
4011: insert(0x800000a4)
4012: insert(0x8000308c)
4013: insert(0x800040b2)
4014: flush_page(0x80001) returns false/false
4015: insert(0x8000a062)
4016: flush_page(0x80004) returns true/true
4017: insert(0x8000101e)
4018: insert(0x800070a2)
4019: insert(0x80002062)
4020: insert(0x80002028)
4021: insert(0x80008078)
4022: flush_page(0x80005) returns false/false
4023: insert(0x800050b2)
4024: flush()
4025: insert(0x8000c01a)
4026: flush_page(0x80007) returns false/false
4027: insert(0x800070b8)
4028: insert(0x80004060)
4029: insert(0x80008002)
4030: insert(0x8000a0f8)
4031: flush_page(0x80004) returns true/true
4032: insert(0x8000204e)
4033: insert(0x8000108a)
4034: insert(0x80001050)
4035: insert(0x8000803c)
4036: insert(0x800080ee)
4037: flush_page(0x80006) returns false/false
4038: insert(0x800040fe)
4039: insert(0x80009062)
4040: flush_page(0x80008) returns true/true
4041: insert(0x80009082)
4042: insert(0x8000902e)
4043: flush()
4044: insert(0x8000601e)
4045: flush_page(0x80007) returns false/false
4046: insert(0x8000103e)
4047: flush_page(0x80003) returns false/false
4048: insert(0x80001064)
4049: insert(0x800060b4)
4050: insert(0x8000c0e6)
4051: insert(0x80002086)
4052: insert(0x8000c00a)
4053: insert(0x8000a036)
4054: flush()
4055: flush_page(0x80003) returns false/false
4056: flush_page(0x80004) returns false/false
4057: flush_page(0x80003) returns false/false
4058: insert(0x80008078)
4059: flush()
4060: insert(0x8000c066)
4061: insert(0x8000b03a)
4062: insert(0x80009006)
4063: flush_page(0x8000b) returns true/true
4064: insert(0x800020e6)
4065: insert(0x8000402a)
4066: insert(0x80008012)
4067: flush_page(0x80002) returns true/true
4068: flush_page(0x80003) returns false/false
4069: flush_page(0x80008) returns true/true
4070: insert(0x800050ae)
4071: insert(0x80004056)
4072: insert(0x8000a074)
4073: insert(0x8000707a)
4074: insert(0x800070f2)
4075: insert(0x800080e8)
4076: flush_page(0x80005) returns true/true
4077: insert(0x800050f2)
4078: insert(0x8000b0f4)
4079: insert(0x800050a2)
4080: insert(0x8000c064)
4081: insert(0x800060a2)
4082: insert(0x80002080)
4083: flush_page(0x8000b) returns true/false
4084: flush_page(0x80008) returns true/false
4085: insert(0x8000108c)
4086: insert(0x800020d4)
4087: insert(0x8000c020)
4088: insert(0x8000b050)
4089: insert(0x8000c010)
4090: flush()
4091: flush_page(0x8000c) returns false/false
4092: insert(0x80001048)
4093: insert(0x800050b0)
4094: insert(0x800010e0)
4095: insert(0x8000301c)
4096: flush_page(0x8000c) returns false/false
4097: flush_page(0x80004) returns false/false
4098: insert(0x8000c06a)
4099: insert(0x8000706a)
4100: insert(0x800090d8)
4101: insert(0x80000042)
4102: insert(0x800020cc)
4103: insert(0x80000092)
4104: insert(0x8000207a)
4105: insert(0x800080e0)
4106: insert(0x8000c0f0)
4107: flush_page(0x80007) returns true/false
4108: insert(0x8000c03e)
4109: insert(0x80003072)
4110: insert(0x8000c090)
4111: insert(0x800070cc)
4112: insert(0x80003072)
4113: flush_page(0x80005) returns true/false
4114: insert(0x8000a05e)
4115: insert(0x80001018)
4116: insert(0x80006012)
4117: flush()
4118: insert(0x800050a0)
4119: insert(0x800080f6)
4120: flush_page(0x80007) returns false/false
4121: flush_page(0x80001) returns false/false
4122: flush()
4123: flush()
4124: insert(0x8000406c)
4125: flush_page(0x80007) returns false/false
4126: flush()
4127: insert(0x8000a086)
4128: insert(0x80004070)
4129: insert(0x80004098)
4130: flush_page(0x80004) returns true/true
4131: insert(0x800050ca)
4132: insert(0x8000704e)
4133: insert(0x80003086)
4134: insert(0x800090a6)
4135: flush_page(0x80000) returns false/false
4136: flush_page(0x8000a) returns true/true
4137: insert(0x8000c05a)
4138: insert(0x80002016)
4139: insert(0x8000a00c)
4140: insert(0x80003052)
4141: flush_page(0x80008) returns false/false
4142: flush_page(0x80004) returns false/false
4143: insert(0x8000a0f6)
4144: flush_page(0x80001) returns false/false
4145: flush_page(0x80008) returns false/false
4146: insert(0x800090a4)
4147: insert(0x800090d2)
4148: insert(0x80000000)
4149: flush_page(0x80002) returns true/true
4150: insert(0x80004032)
4151: insert(0x8000c0d4)
4152: insert(0x80000016)
4153: flush_page(0x8000c) returns true/true
4154: insert(0x8000b0d2)
4155: flush_page(0x80002) returns false/false
4156: flush_page(0x80004) returns true/true
4157: insert(0x80001010)
4158: insert(0x80001068)
4159: insert(0x8000a0fc)
4160: insert(0x8000a034)
4161: insert(0x8000603c)
4162: insert(0x80005076)
4163: insert(0x80001022)
4164: insert(0x8000a0ee)
4165: insert(0x8000403a)
4166: insert(0x8000a0d8)
4167: insert(0x800040fa)
4168: insert(0x80009048)
4169: flush_page(0x80003) returns true/false
4170: flush_page(0x8000b) returns true/true
4171: flush_page(0x80003) returns false/false
4172: insert(0x8000302c)
4173: insert(0x8000507a)
4174: insert(0x8000001e)
4175: flush_page(0x80003) returns true/false
4176: insert(0x800030fa)
4177: insert(0x8000901e)
4178: flush_page(0x80007) returns true/false
4179: insert(0x8000a018)
4180: insert(0x80001088)
4181: flush_page(0x80008) returns false/false
4182: insert(0x80005072)
4183: insert(0x8000c0b6)
4184: insert(0x800020ce)
4185: insert(0x8000b01a)
4186: flush_page(0x80004) returns true/true
4187: flush_page(0x8000c) returns true/true
4188: insert(0x8000b008)
4189: insert(0x80005040)
4190: insert(0x8000b036)
4191: insert(0x80004014)
4192: insert(0x8000002a)
4193: insert(0x8000100e)
4194: insert(0x80004092)
4195: flush_page(0x8000c) returns false/false
4196: insert(0x800080a8)
4197: insert(0x800040f2)
4198: insert(0x8000b0b8)
4199: flush_page(0x80000) returns true/false
4200: flush_page(0x80009) returns true/false
4201: insert(0x800080fc)
4202: insert(0x800070aa)
4203: insert(0x80000074)
4204: insert(0x8000406e)
4205: insert(0x8000806e)
4206: insert(0x800020e2)
4207: insert(0x80004086)
4208: insert(0x8000607e)
4209: insert(0x8000b084)
4210: insert(0x8000c040)
4211: insert(0x8000b0e0)
4212: insert(0x8000c0ba)
4213: flush_page(0x80003) returns true/false
4214: insert(0x80008086)
4215: insert(0x8000807c)
4216: insert(0x80004080)
4217: insert(0x8000402c)
4218: insert(0x800040de)
4219: insert(0x800050a0)
4220: insert(0x800050bc)
4221: insert(0x8000c0c2)
4222: flush_page(0x80007) returns true/false
4223: insert(0x800090b6)
4224: insert(0x8000505c)
4225: insert(0x8000b038)
4226: flush_page(0x8000b) returns true/true
4227: flush_page(0x80009) returns true/true
4228: insert(0x80003048)
4229: insert(0x8000b078)
4230: flush_page(0x80006) returns true/false
4231: insert(0x800030b0)
4232: insert(0x800030f8)
4233: insert(0x8000305c)
4234: insert(0x80007026)
4235: insert(0x8000809a)
4236: flush_page(0x80005) returns true/false
4237: flush_page(0x80005) returns false/false
4238: insert(0x80004018)
4239: insert(0x80003070)
4240: insert(0x80001052)
4241: insert(0x80005092)
4242: insert(0x800010c2)
4243: insert(0x8000007c)
4244: insert(0x8000b0ee)
4245: flush_page(0x80008) returns true/true
4246: insert(0x8000b03e)
4247: flush()
4248: flush()
4249: flush_page(0x80003) returns false/false
4250: flush_page(0x80005) returns false/false
4251: insert(0x8000705a)
4252: flush_page(0x80008) returns false/false
4253: flush_page(0x80005) returns false/false
4254: flush_page(0x8000a) returns false/false
4255: flush()
4256: insert(0x80004064)
4257: flush_page(0x80008) returns false/false
4258: insert(0x8000307a)
4259: flush_page(0x80007) returns false/false
4260: insert(0x800090c0)
4261: insert(0x80007090)
4262: insert(0x8000505a)
4263: insert(0x8000a0b0)
4264: flush_page(0x80004) returns true/true
4265: flush_page(0x80001) returns false/false
4266: flush_page(0x8000b) returns false/false
4267: insert(0x800030a8)
4268: flush_page(0x80003) returns true/true
4269: flush_page(0x80000) returns false/false
4270: insert(0x80003070)
4271: insert(0x8000502a)
4272: insert(0x80005046)
4273: insert(0x800080b4)
4274: insert(0x8000406c)
4275: insert(0x800000c0)
4276: flush_page(0x80004) returns true/true
4277: insert(0x80007016)
4278: insert(0x8000308e)
4279: insert(0x80009008)
4280: insert(0x800050f8)
4281: flush()
4282: insert(0x8000602c)
4283: insert(0x8000906a)
4284: insert(0x8000400c)
4285: insert(0x800010e2)
4286: insert(0x80000078)
4287: flush()
4288: insert(0x8000c08a)
4289: insert(0x800040fe)
4290: flush_page(0x8000b) returns false/false
4291: insert(0x800000ae)
4292: insert(0x8000c08a)
4293: insert(0x800090c0)
4294: insert(0x800090a0)
4295: flush()
4296: flush_page(0x80000) returns false/false
4297: insert(0x8000a07a)
4298: flush_page(0x80007) returns false/false
4299: insert(0x8000c0f2)
4300: insert(0x8000c0a2)
4301: insert(0x80003008)
4302: flush()
4303: flush()
4304: flush_page(0x80005) returns false/false
4305: flush_page(0x8000a) returns false/false
4306: insert(0x80003080)
4307: flush_page(0x80003) returns true/true
4308: insert(0x800010f0)
4309: flush_page(0x8000a) returns false/false
4310: insert(0x800020fa)
4311: flush()
4312: insert(0x800070e2)
4313: insert(0x800080fe)
4314: flush_page(0x80002) returns false/false
4315: flush_page(0x8000a) returns false/false
4316: insert(0x800040d0)
4317: flush()
4318: flush_page(0x80002) returns false/false
4319: insert(0x8000b002)
4320: insert(0x800010d2)
4321: insert(0x80004030)
4322: insert(0x800030a2)
4323: insert(0x8000c02a)
4324: flush_page(0x8000b) returns true/true
4325: insert(0x80006016)
4326: insert(0x8000a080)
4327: flush_page(0x80002) returns false/false
4328: insert(0x8000c088)
4329: insert(0x800020d2)
4330: insert(0x80007040)
4331: insert(0x800040de)
4332: insert(0x80005026)
4333: insert(0x800040b4)
4334: insert(0x8000207a)
4335: insert(0x800020e8)
4336: insert(0x80001024)
4337: flush_page(0x8000c) returns true/false
4338: insert(0x800090ae)
4339: insert(0x8000b00c)
4340: insert(0x800040ac)
4341: flush_page(0x80009) returns true/true
4342: insert(0x80003016)
4343: insert(0x8000b026)
4344: insert(0x8000403e)
4345: insert(0x80007098)
4346: insert(0x800000a2)
4347: insert(0x80007052)
4348: insert(0x800000d8)
4349: flush_page(0x80001) returns true/false
4350: flush()
4351: flush_page(0x80001) returns false/false
4352: flush()
4353: insert(0x800020ec)
4354: insert(0x8000a0fa)
4355: insert(0x800060e0)
4356: flush_page(0x8000b) returns false/false
4357: flush_page(0x8000c) returns false/false
4358: flush_page(0x80000) returns false/false
4359: insert(0x8000c0ae)
4360: flush_page(0x80004) returns false/false
4361: flush()
4362: insert(0x80006006)
4363: flush_page(0x8000b) returns false/false
4364: insert(0x80006074)
4365: insert(0x80004048)
4366: flush_page(0x8000b) returns false/false
4367: flush_page(0x80008) returns false/false
4368: flush_page(0x8000b) returns false/false
4369: insert(0x800050ac)
4370: insert(0x80006046)
4371: insert(0x80004094)
4372: insert(0x800070ea)
4373: insert(0x800010a0)
4374: flush_page(0x80009) returns false/false
4375: insert(0x80009014)
4376: flush_page(0x80008) returns false/false
4377: flush_page(0x80005) returns true/true
4378: insert(0x80002080)
4379: insert(0x800090d0)
4380: insert(0x8000b01a)
4381: flush_page(0x80005) returns false/false
4382: insert(0x800000fe)
4383: insert(0x80005090)
4384: flush_page(0x80005) returns true/true
4385: flush_page(0x80002) returns true/false
4386: insert(0x8000a020)
4387: flush_page(0x80009) returns true/true
4388: flush_page(0x8000a) returns true/true
4389: insert(0x8000108e)
4390: insert(0x80004006)
4391: insert(0x8000103a)
4392: insert(0x80004024)
4393: insert(0x80000026)
4394: insert(0x800070d6)
4395: insert(0x8000b06e)
4396: insert(0x8000100a)
4397: flush_page(0x80009) returns false/false
4398: flush()
4399: flush_page(0x8000b) returns false/false
4400: flush_page(0x80007) returns false/false
4401: flush_page(0x80000) returns false/false
4402: insert(0x80004074)
4403: insert(0x80006014)
4404: flush()
4405: insert(0x80006018)
4406: flush()
4407: insert(0x800060c2)
4408: flush_page(0x8000a) returns false/false
4409: insert(0x80001092)
4410: insert(0x8000b0de)
4411: insert(0x80001034)
4412: insert(0x8000509a)
4413: insert(0x80008046)
4414: insert(0x8000904e)
4415: flush_page(0x80009) returns true/true
4416: insert(0x8000507c)
4417: insert(0x800090a0)
4418: flush_page(0x80005) returns true/true
4419: flush()
4420: insert(0x80001030)
4421: flush_page(0x8000b) returns false/false
4422: insert(0x80008046)
4423: flush_page(0x80007) returns false/false
4424: insert(0x800090c2)
4425: flush()
4426: insert(0x8000100c)
4427: insert(0x8000b002)
4428: flush()
4429: insert(0x8000505c)
4430: insert(0x80007068)
4431: insert(0x80002088)
4432: flush_page(0x80005) returns true/true
4433: insert(0x8000b0f8)
4434: flush_page(0x80005) returns false/false
4435: insert(0x8000400e)
4436: flush_page(0x80006) returns false/false
4437: insert(0x8000a0dc)
4438: insert(0x80008034)
4439: insert(0x8000503c)
4440: insert(0x800080ee)
4441: insert(0x8000400e)
4442: insert(0x8000c01e)
4443: flush()
4444: flush_page(0x80004) returns false/false
4445: insert(0x800020a4)
4446: insert(0x800010e6)
4447: insert(0x8000a014)
4448: insert(0x80009022)
4449: insert(0x8000c0f0)
4450: flush()
4451: insert(0x800020aa)
4452: insert(0x80006022)
4453: insert(0x800090ca)
4454: insert(0x8000503e)
4455: insert(0x800040d6)
4456: flush_page(0x80000) returns false/false
4457: insert(0x80005070)
4458: flush_page(0x80003) returns false/false
4459: flush()
4460: flush_page(0x80008) returns false/false
4461: insert(0x800060a0)
4462: insert(0x8000b0cc)
4463: insert(0x800050c4)
4464: insert(0x8000900e)
4465: insert(0x8000409a)
4466: insert(0x80006096)
4467: insert(0x80004062)
4468: insert(0x800050ce)
4469: insert(0x800000c8)
4470: insert(0x80005042)
4471: insert(0x80009090)
4472: flush()
4473: insert(0x80007008)
4474: insert(0x800010c0)
4475: insert(0x800080ae)
4476: flush_page(0x80003) returns false/false
4477: insert(0x8000c0b2)
4478: flush_page(0x8000c) returns true/true
4479: insert(0x80009046)
4480: flush_page(0x80008) returns true/true
4481: insert(0x80009082)
4482: flush_page(0x8000c) returns false/false
4483: flush_page(0x80000) returns false/false
4484: flush_page(0x80007) returns true/true
4485: flush_page(0x80004) returns false/false
4486: insert(0x80005064)
4487: insert(0x800060a2)
4488: insert(0x80002040)
4489: flush_page(0x80005) returns true/true
4490: insert(0x8000c0c2)
4491: insert(0x800040e4)
4492: flush_page(0x80001) returns true/true
4493: insert(0x800060e6)
4494: insert(0x8000c07e)
4495: flush_page(0x80002) returns true/true
4496: insert(0x80000092)
4497: flush_page(0x80006) returns true/true
4498: insert(0x800080e4)
4499: flush_page(0x80009) returns true/true
4500: insert(0x800060a6)
4501: insert(0x8000c0ae)
4502: insert(0x80006036)
4503: insert(0x8000603a)
4504: insert(0x8000303c)
4505: insert(0x8000c042)
4506: insert(0x8000900e)
4507: insert(0x8000c0ee)
4508: insert(0x800060c0)
4509: insert(0x8000b01c)
4510: insert(0x80006036)
4511: insert(0x80002090)
4512: insert(0x800080f0)
4513: flush_page(0x80001) returns false/false
4514: insert(0x800060fa)
4515: flush_page(0x8000b) returns true/false
4516: flush_page(0x80000) returns true/false
4517: insert(0x800020ec)
4518: insert(0x80003072)
4519: flush_page(0x8000b) returns false/false
4520: insert(0x8000802c)
4521: insert(0x8000c0f6)
4522: flush_page(0x80009) returns true/false
4523: flush()
4524: insert(0x80003034)
4525: insert(0x8000206e)
4526: insert(0x8000a024)
4527: flush()
4528: insert(0x800050a0)
4529: flush_page(0x80006) returns false/false
4530: flush_page(0x8000c) returns false/false
4531: insert(0x80006038)
4532: insert(0x80008064)
4533: insert(0x80007026)
4534: insert(0x8000c05e)
4535: flush_page(0x80002) returns false/false
4536: flush_page(0x8000c) returns true/true
4537: flush_page(0x8000b) returns false/false
4538: insert(0x800050da)
4539: insert(0x8000a0ac)
4540: insert(0x8000203e)
4541: flush()
4542: insert(0x80007030)
4543: insert(0x800070d6)
4544: insert(0x800050a4)
4545: insert(0x8000903a)
4546: insert(0x8000a060)
4547: insert(0x8000901c)
4548: insert(0x80009030)
4549: flush_page(0x8000b) returns false/false
4550: insert(0x800080e0)
4551: insert(0x80009096)
4552: flush_page(0x80006) returns false/false
4553: insert(0x8000b066)
4554: flush_page(0x80003) returns false/false
4555: insert(0x8000701e)
4556: insert(0x80003036)
4557: flush_page(0x8000a) returns true/false
4558: insert(0x80009008)
4559: insert(0x8000104a)
4560: insert(0x8000c0ec)
4561: insert(0x8000a0a4)
4562: insert(0x8000b0e2)
4563: insert(0x80006088)
4564: insert(0x80002006)
4565: insert(0x80001046)
4566: insert(0x80002038)
4567: insert(0x800050d2)
4568: insert(0x8000a0e0)
4569: flush_page(0x80002) returns true/true
4570: insert(0x80006030)
4571: insert(0x80001088)
4572: insert(0x800040b4)
4573: insert(0x8000404e)
4574: insert(0x800030e8)
4575: insert(0x80004014)
4576: insert(0x800030cc)
4577: insert(0x800020fc)
4578: insert(0x8000b078)
4579: insert(0x800000c0)
4580: insert(0x80001048)
4581: insert(0x8000a0de)
4582: insert(0x80007056)
4583: flush()
4584: insert(0x800080f2)
4585: insert(0x8000708a)
4586: flush_page(0x80004) returns false/false
4587: flush_page(0x80005) returns false/false
4588: insert(0x800040f8)
4589: insert(0x800010d8)
4590: insert(0x8000a014)
4591: insert(0x80002022)
4592: flush_page(0x80009) returns false/false
4593: insert(0x8000402a)
4594: insert(0x8000b06e)
4595: insert(0x80004012)
4596: insert(0x8000206a)
4597: flush_page(0x80005) returns false/false
4598: insert(0x800030ee)
4599: insert(0x8000b03e)
4600: insert(0x80002056)
4601: flush_page(0x80003) returns true/false
4602: insert(0x80007000)
4603: flush()
4604: insert(0x800010d2)
4605: flush_page(0x80000) returns false/false
4606: insert(0x800000ee)
4607: insert(0x8000c044)
4608: insert(0x800030a2)
4609: insert(0x80007038)
4610: insert(0x8000a0d2)
4611: insert(0x8000a08a)
4612: flush_page(0x8000c) returns true/true
4613: insert(0x8000c016)
4614: flush_page(0x80009) returns false/false
4615: insert(0x800020ac)
4616: flush_page(0x80000) returns true/true
4617: flush_page(0x80009) returns false/false
4618: insert(0x8000a038)
4619: insert(0x8000608c)
4620: insert(0x800080da)
4621: insert(0x8000c07c)
4622: insert(0x800010c0)
4623: insert(0x800030dc)
4624: flush()
4625: insert(0x80005086)
4626: flush_page(0x80005) returns true/true
4627: flush_page(0x80003) returns false/false
4628: insert(0x800030a2)
4629: insert(0x800050fa)
4630: insert(0x8000c0c6)
4631: insert(0x800060c2)
4632: insert(0x8000208e)
4633: insert(0x8000c07e)
4634: insert(0x800030e2)
4635: insert(0x8000b086)
4636: insert(0x8000901e)
4637: insert(0x8000506e)
4638: flush_page(0x80008) returns false/false
4639: insert(0x8000c040)
4640: insert(0x800050ea)
4641: flush_page(0x80007) returns false/false
4642: insert(0x8000c09a)
4643: insert(0x800090f4)
4644: insert(0x800080b4)
4645: insert(0x800030dc)
4646: insert(0x80005094)
4647: insert(0x8000a0da)
4648: insert(0x8000c0d4)
4649: flush_page(0x8000a) returns true/false
4650: insert(0x800040f0)
4651: flush_page(0x80000) returns false/false
4652: flush()
4653: insert(0x80006078)
4654: insert(0x80004008)
4655: flush_page(0x8000b) returns false/false
4656: insert(0x8000a042)
4657: insert(0x800040d2)
4658: flush_page(0x8000b) returns false/false
4659: flush()
4660: flush_page(0x80007) returns false/false
4661: insert(0x80006030)
4662: flush_page(0x80002) returns false/false
4663: flush()
4664: insert(0x800000cc)
4665: insert(0x80003056)
4666: insert(0x8000a0be)
4667: insert(0x8000b04c)
4668: flush_page(0x8000a) returns true/true
4669: insert(0x800020f2)
4670: flush()
4671: flush_page(0x80000) returns false/false
4672: flush_page(0x80003) returns false/false
4673: flush_page(0x80007) returns false/false
4674: flush()
4675: flush_page(0x80003) returns false/false
4676: insert(0x800070c8)
4677: flush_page(0x80002) returns false/false
4678: flush_page(0x8000a) returns false/false
4679: flush_page(0x80004) returns false/false
4680: insert(0x8000200a)
4681: flush_page(0x80002) returns true/true
4682: flush_page(0x8000c) returns false/false
4683: flush_page(0x80009) returns false/false
4684: flush_page(0x80003) returns false/false
4685: insert(0x8000c0e0)
4686: flush_page(0x8000c) returns true/true
4687: insert(0x800010f0)
4688: flush_page(0x80005) returns false/false
4689: insert(0x8000b06e)
4690: flush_page(0x80000) returns false/false
4691: flush_page(0x80004) returns false/false
4692: insert(0x800010be)
4693: flush_page(0x80002) returns false/false
4694: insert(0x8000c048)
4695: flush_page(0x80008) returns false/false
4696: insert(0x80006014)
4697: insert(0x800060aa)
4698: insert(0x80006080)
4699: insert(0x800050b8)
4700: insert(0x8000c088)
4701: flush()
4702: insert(0x8000709e)
4703: insert(0x800050ca)
4704: insert(0x800010e8)
4705: insert(0x8000b044)
4706: insert(0x8000006a)
4707: insert(0x800050d6)
4708: flush_page(0x80002) returns false/false
4709: flush_page(0x80005) returns true/true
4710: flush_page(0x80005) returns false/false
4711: insert(0x8000b0f0)
4712: flush_page(0x8000b) returns true/true
4713: insert(0x80000022)
4714: insert(0x8000206a)
4715: insert(0x80003034)
4716: insert(0x8000a002)
4717: insert(0x800080c6)
4718: insert(0x800000b4)
4719: flush_page(0x8000a) returns true/true
4720: insert(0x80000082)
4721: flush_page(0x8000b) returns false/false
4722: insert(0x80003054)
4723: insert(0x800030d8)
4724: flush_page(0x80004) returns false/false
4725: insert(0x80009006)
4726: flush_page(0x80001) returns true/true
4727: flush_page(0x80009) returns true/true
4728: insert(0x800090b0)
4729: flush_page(0x80007) returns true/true
4730: insert(0x800060d6)
4731: insert(0x800020ac)
4732: insert(0x8000b05c)
4733: insert(0x800040f4)
4734: insert(0x800010ac)
4735: insert(0x80004076)
4736: insert(0x80005074)
4737: insert(0x8000b094)
4738: flush_page(0x80001) returns true/true
4739: flush_page(0x80000) returns true/true
4740: flush_page(0x80004) returns true/true
4741: insert(0x800090a2)
4742: insert(0x800000d4)
4743: insert(0x800020f6)
4744: insert(0x8000403a)
4745: insert(0x80000046)
4746: flush_page(0x8000b) returns true/true
4747: insert(0x800040ec)
4748: insert(0x800030aa)
4749: insert(0x8000406c)
4750: insert(0x80007038)
4751: insert(0x80001076)
4752: flush_page(0x8000a) returns false/false
4753: flush()
4754: insert(0x8000b08c)
4755: insert(0x8000703e)
4756: insert(0x8000604c)
4757: insert(0x80007004)
4758: flush_page(0x80000) returns false/false
4759: insert(0x8000a0b8)
4760: flush_page(0x80003) returns false/false
4761: insert(0x8000603c)
4762: flush()
4763: insert(0x800060f8)
4764: insert(0x8000a074)
4765: insert(0x8000408e)
4766: insert(0x8000204c)
4767: insert(0x800080f4)
4768: flush()
4769: flush_page(0x80005) returns false/false
4770: insert(0x8000403e)
4771: insert(0x8000302c)
4772: flush_page(0x8000b) returns false/false
4773: insert(0x8000c058)
4774: flush_page(0x80004) returns true/true
4775: insert(0x8000c03c)
4776: flush_page(0x8000c) returns true/true
4777: flush_page(0x80001) returns false/false
4778: insert(0x8000b0ba)
4779: insert(0x80001046)
4780: flush_page(0x80000) returns false/false
4781: insert(0x80009096)
4782: insert(0x80004086)
4783: insert(0x8000804c)
4784: insert(0x8000c0b4)
4785: insert(0x8000c03e)
4786: insert(0x80004098)
4787: insert(0x80002054)
4788: insert(0x8000907e)
4789: insert(0x8000b0e8)
4790: insert(0x8000a0da)
4791: insert(0x80007010)
4792: insert(0x80000022)
4793: insert(0x800060c8)
4794: insert(0x8000c0ca)
4795: insert(0x8000100e)
4796: insert(0x800070fc)
4797: insert(0x800070c2)
4798: flush_page(0x80006) returns true/true
4799: insert(0x800070e2)
4800: insert(0x800000f0)
4801: insert(0x80009026)
4802: insert(0x80007064)
4803: flush_page(0x8000b) returns true/false
4804: insert(0x8000901a)
4805: insert(0x800010bc)
4806: insert(0x8000700c)
4807: insert(0x800030b6)
4808: insert(0x8000a09c)
4809: flush_page(0x80008) returns true/false
4810: insert(0x8000b0a6)
4811: insert(0x8000409c)
4812: insert(0x800090ce)
4813: insert(0x8000c0ce)
4814: flush_page(0x80001) returns true/false
4815: insert(0x80003050)
4816: insert(0x80005006)
4817: insert(0x800000a8)
4818: insert(0x80002004)
4819: insert(0x80008030)
4820: insert(0x80007070)
4821: insert(0x8000406c)
4822: insert(0x8000b0d2)
4823: insert(0x800030c2)
4824: flush_page(0x80006) returns false/false
4825: insert(0x8000706c)
4826: insert(0x800000be)
4827: insert(0x800000a2)
4828: flush()
4829: flush_page(0x80009) returns false/false
4830: flush_page(0x8000b) returns false/false
4831: insert(0x80006012)
4832: insert(0x800070f6)
4833: insert(0x80005004)
4834: insert(0x8000b03a)
4835: flush_page(0x80005) returns true/true
4836: insert(0x80003032)
4837: insert(0x80001048)
4838: flush_page(0x80009) returns false/false
4839: insert(0x80002094)
4840: flush_page(0x80005) returns false/false
4841: insert(0x8000a07c)
4842: insert(0x800050f4)
4843: flush_page(0x80000) returns false/false
4844: insert(0x800010f0)
4845: insert(0x8000209c)
4846: insert(0x80005034)
4847: flush_page(0x8000a) returns true/false
4848: insert(0x80004080)
4849: insert(0x800040e6)
4850: insert(0x8000000e)
4851: flush()
4852: insert(0x800070c8)
4853: insert(0x800040b8)
4854: flush_page(0x80005) returns false/false
4855: insert(0x80004086)
4856: flush_page(0x80003) returns false/false
4857: flush_page(0x80003) returns false/false
4858: flush_page(0x80004) returns true/true
4859: flush()
4860: insert(0x800070e2)
4861: insert(0x8000b05c)
4862: insert(0x800070a4)
4863: insert(0x80001078)
4864: flush_page(0x8000b) returns true/true
4865: insert(0x80003062)
4866: insert(0x8000a0e6)
4867: insert(0x80001098)
4868: flush_page(0x80007) returns true/true
4869: insert(0x800080fa)
4870: insert(0x80005082)
4871: insert(0x8000a0b0)
4872: insert(0x8000605e)
4873: insert(0x800020a0)
4874: insert(0x8000c010)
4875: insert(0x8000c0f8)
4876: insert(0x80007002)
4877: flush()
4878: insert(0x8000c0fa)
4879: flush_page(0x80006) returns false/false
4880: insert(0x8000a0f0)
4881: insert(0x800030a2)
4882: insert(0x800000ce)
4883: insert(0x800010f0)
4884: flush()
4885: insert(0x8000c018)
4886: flush_page(0x80005) returns false/false
4887: insert(0x8000302c)
4888: insert(0x80008084)
4889: insert(0x80000062)
4890: insert(0x80008074)
4891: insert(0x80007022)
4892: insert(0x800060f0)
4893: flush_page(0x80006) returns true/true
4894: insert(0x80003074)
4895: insert(0x80001006)
4896: flush_page(0x80004) returns false/false
4897: insert(0x8000c066)
4898: insert(0x800010ca)
4899: insert(0x80006060)
4900: insert(0x80003056)
4901: insert(0x80005024)
4902: insert(0x80006092)
4903: insert(0x8000c0ec)
4904: insert(0x800020dc)
4905: insert(0x80003032)
4906: flush_page(0x80005) returns true/true
4907: insert(0x800090e4)
4908: insert(0x8000b042)
4909: insert(0x8000a0e4)
4910: insert(0x80009038)
4911: insert(0x80007074)
4912: insert(0x8000a016)
4913: flush_page(0x80007) returns true/true
4914: insert(0x80005078)
4915: flush()
4916: flush()
4917: insert(0x800070ca)
4918: insert(0x800050e4)
4919: flush_page(0x80008) returns false/false
4920: insert(0x80006058)
4921: flush_page(0x8000b) returns false/false
4922: insert(0x8000a0ee)
4923: insert(0x8000807a)
4924: insert(0x8000c07c)
4925: insert(0x80002038)
4926: flush_page(0x8000c) returns true/true
4927: insert(0x8000c096)
4928: insert(0x80008048)
4929: flush_page(0x80000) returns false/false
4930: flush_page(0x80005) returns true/true
4931: flush_page(0x8000c) returns true/true
4932: insert(0x80008034)
4933: flush_page(0x80009) returns false/false
4934: flush_page(0x8000a) returns true/true
4935: insert(0x8000c09c)
4936: insert(0x80001026)
4937: insert(0x800090f0)
4938: insert(0x80002054)
4939: insert(0x8000c0e2)
4940: insert(0x8000506c)
4941: flush_page(0x80001) returns true/true
4942: insert(0x8000b078)
4943: flush_page(0x8000c) returns true/true
4944: insert(0x8000c0b4)
4945: insert(0x8000a0ee)
4946: flush_page(0x8000b) returns true/false
4947: insert(0x800010a4)
4948: insert(0x800020e8)
4949: insert(0x800030be)
4950: insert(0x8000a068)
4951: insert(0x8000703e)
4952: flush_page(0x80002) returns true/true
4953: flush_page(0x8000c) returns true/false
4954: insert(0x80003040)
4955: insert(0x8000106c)
4956: insert(0x80002002)
4957: insert(0x80005062)
4958: insert(0x800090e8)
4959: insert(0x8000c0c6)
4960: insert(0x8000a0e0)
4961: insert(0x8000a0be)
4962: flush_page(0x80006) returns true/false
4963: flush()
4964: insert(0x80005098)
4965: insert(0x80009022)
4966: insert(0x800050ba)
4967: insert(0x8000c0e0)
4968: insert(0x8000607a)
4969: insert(0x80007028)
4970: flush_page(0x8000a) returns false/false
4971: flush_page(0x8000b) returns false/false
4972: flush_page(0x8000b) returns false/false
4973: insert(0x80004058)
4974: flush_page(0x80004) returns true/true
4975: flush()
4976: insert(0x8000c0a6)
4977: insert(0x80006022)
4978: insert(0x80009006)
4979: insert(0x8000002e)
4980: insert(0x800020a6)
4981: insert(0x8000505c)
4982: insert(0x80007036)
4983: flush()
4984: flush_page(0x8000b) returns false/false
4985: insert(0x80001050)
4986: flush_page(0x80006) returns false/false
4987: insert(0x80003086)
4988: insert(0x800050fc)
4989: insert(0x800060cc)
4990: flush()
4991: insert(0x800060e8)
4992: insert(0x80008034)
4993: insert(0x800060b8)
4994: insert(0x80003062)
4995: insert(0x800050e8)
4996: flush_page(0x80008) returns true/true
4997: insert(0x8000b0f8)
4998: flush_page(0x8000b) returns true/true
4999: insert(0x8000a012)
5000: flush()
5001: insert(0x800040c6)
5002: insert(0x80005072)
5003: insert(0x8000302a)
5004: insert(0x80004092)
5005: flush_page(0x80003) returns true/true
5006: insert(0x80006042)
5007: insert(0x8000205e)
5008: insert(0x8000c0f8)
5009: insert(0x8000801c)
5010: insert(0x80007096)
5011: insert(0x8000b0e2)
5012: flush_page(0x80003) returns false/false
5013: flush_page(0x80006) returns true/true
5014: insert(0x8000204c)
5015: flush_page(0x80005) returns true/true
5016: flush_page(0x8000a) returns false/false
5017: insert(0x8000a01a)
5018: insert(0x800080dc)
5019: insert(0x80005076)
5020: flush_page(0x80002) returns true/false
5021: insert(0x80005002)
5022: flush()
5023: flush_page(0x8000b) returns false/false
5024: insert(0x80004070)
5025: insert(0x8000b0a6)
5026: insert(0x800090cc)
5027: insert(0x800000cc)
5028: flush_page(0x80003) returns false/false
5029: insert(0x8000c0ca)
5030: insert(0x8000a01e)
5031: insert(0x80003024)
5032: insert(0x8000a02a)
5033: insert(0x8000a044)
5034: insert(0x8000403c)
5035: insert(0x8000506c)
5036: insert(0x800040be)
5037: insert(0x8000b03e)
5038: insert(0x800000e6)
5039: insert(0x80009098)
5040: insert(0x8000c0ee)
5041: insert(0x800060f0)
5042: insert(0x800040d0)
5043: flush_page(0x80004) returns true/true
5044: insert(0x8000b034)
5045: flush_page(0x8000a) returns true/false
5046: insert(0x800030aa)
5047: insert(0x8000203c)
5048: insert(0x8000c028)
5049: insert(0x800010ce)
5050: flush_page(0x80002) returns true/true
5051: insert(0x8000309e)
5052: flush_page(0x80005) returns true/false
5053: insert(0x8000600c)
5054: insert(0x800050ac)
5055: insert(0x800010ea)
5056: insert(0x8000b040)
5057: flush_page(0x8000b) returns true/true
5058: insert(0x800080fe)
5059: insert(0x800050ae)
5060: flush_page(0x80007) returns false/false
5061: flush_page(0x80002) returns false/false
5062: insert(0x8000b0f4)
5063: insert(0x8000400a)
5064: flush_page(0x8000b) returns true/true
5065: insert(0x800050c4)
5066: insert(0x800070cc)
5067: insert(0x80000000)
5068: insert(0x800090d6)
5069: insert(0x8000b02a)
5070: insert(0x8000c0a6)
5071: flush_page(0x8000a) returns false/false
5072: insert(0x8000b02a)
5073: flush_page(0x80003) returns true/true
5074: insert(0x80000066)
5075: insert(0x80008040)
5076: insert(0x800090d6)
5077: flush()
5078: insert(0x8000b0c2)
5079: insert(0x8000c0e4)
5080: insert(0x8000b0ce)
5081: insert(0x80000076)
5082: flush_page(0x80003) returns false/false
5083: flush_page(0x8000b) returns true/true
5084: flush_page(0x8000b) returns false/false
5085: flush_page(0x8000b) returns false/false
5086: flush_page(0x80004) returns false/false
5087: insert(0x8000b0ce)
5088: insert(0x800090f4)
5089: flush_page(0x80004) returns false/false
5090: flush_page(0x8000c) returns true/true
5091: insert(0x80006024)
5092: insert(0x8000703a)
5093: flush()
5094: insert(0x8000800a)
5095: flush_page(0x80001) returns false/false
5096: flush_page(0x80002) returns false/false
5097: insert(0x80006000)
5098: insert(0x8000b046)
5099: insert(0x8000103a)
5100: insert(0x8000004c)
5101: insert(0x800060bc)
5102: insert(0x800060ce)
5103: insert(0x8000705e)
5104: insert(0x8000a0b0)
5105: insert(0x8000101c)
5106: insert(0x8000a056)
5107: insert(0x8000a0da)
5108: insert(0x80007038)
5109: flush_page(0x80001) returns true/true
5110: insert(0x800080f0)
5111: insert(0x8000c09a)
5112: flush_page(0x80007) returns true/true
5113: flush_page(0x80002) returns false/false
5114: insert(0x8000c000)
5115: insert(0x800010b6)
5116: insert(0x8000802c)
5117: flush_page(0x80000) returns true/true
5118: insert(0x8000c0c8)
5119: flush_page(0x8000a) returns true/true
5120: insert(0x8000308e)
5121: flush()
5122: insert(0x800070aa)
5123: insert(0x8000b0c0)
5124: insert(0x80006084)
5125: insert(0x8000603c)
5126: insert(0x8000807c)
5127: insert(0x8000505e)
5128: insert(0x8000a086)
5129: insert(0x8000a05c)
5130: insert(0x80009094)
5131: flush_page(0x80003) returns false/false
5132: insert(0x800020fa)
5133: insert(0x800090a8)
5134: insert(0x80002076)
5135: insert(0x8000707a)
5136: insert(0x80000002)
5137: insert(0x800000ce)
5138: flush_page(0x80003) returns false/false
5139: insert(0x8000a0c8)
5140: flush()
5141: insert(0x80001066)
5142: insert(0x8000b0ec)
5143: flush()
5144: flush_page(0x80000) returns false/false
5145: insert(0x800040d4)
5146: insert(0x800090e4)
5147: flush_page(0x80009) returns true/true
5148: insert(0x8000a088)
5149: insert(0x8000b0a8)
5150: flush_page(0x80000) returns false/false
5151: flush_page(0x80006) returns false/false
5152: insert(0x800040d8)
5153: flush()
5154: insert(0x80008076)
5155: insert(0x80002032)
5156: insert(0x800080fe)
5157: flush_page(0x80005) returns false/false
5158: flush_page(0x80006) returns false/false
5159: insert(0x8000c028)
5160: insert(0x800080f4)
5161: insert(0x800060e8)
5162: insert(0x8000b016)
5163: insert(0x80009004)
5164: flush_page(0x80002) returns true/true
5165: insert(0x8000a04e)
5166: flush_page(0x8000a) returns true/true
5167: insert(0x80009062)
5168: insert(0x80006032)
5169: insert(0x8000701c)
5170: insert(0x80008006)
5171: flush_page(0x80009) returns true/true
5172: flush_page(0x80008) returns true/true
5173: insert(0x800020e4)
5174: insert(0x8000c044)
5175: insert(0x80001056)
5176: flush_page(0x80006) returns true/true
5177: insert(0x800000a2)
5178: insert(0x80007070)
5179: insert(0x8000600e)
5180: insert(0x80007076)
5181: insert(0x800010bc)
5182: insert(0x800030b8)
5183: insert(0x8000400e)
5184: flush()
5185: insert(0x800060e8)
5186: insert(0x80005014)
5187: insert(0x80005076)
5188: insert(0x80000072)
5189: insert(0x80007002)
5190: flush_page(0x80006) returns true/true
5191: flush_page(0x8000c) returns false/false
5192: insert(0x8000409c)
5193: insert(0x8000905a)
5194: insert(0x8000005e)
5195: flush()
5196: insert(0x8000c0a0)
5197: flush_page(0x8000b) returns false/false
5198: insert(0x80008082)
5199: insert(0x8000009c)
5200: insert(0x800090fa)
5201: insert(0x80003066)
5202: flush_page(0x80002) returns false/false
5203: flush_page(0x80006) returns false/false
5204: flush_page(0x80007) returns false/false
5205: flush_page(0x80006) returns false/false
5206: flush_page(0x8000c) returns true/true
5207: insert(0x800070d6)
5208: insert(0x800080a8)
5209: flush_page(0x80000) returns true/true
5210: insert(0x800080ae)
5211: insert(0x800070e6)
5212: insert(0x80006046)
5213: insert(0x8000b0a6)
5214: insert(0x800070ce)
5215: flush_page(0x80008) returns true/true
5216: insert(0x800060ec)
5217: insert(0x80001098)
5218: insert(0x80004072)
5219: insert(0x800010ee)
5220: insert(0x800080ac)
5221: insert(0x800040d2)
5222: flush_page(0x8000a) returns false/false
5223: flush_page(0x80009) returns true/false
5224: insert(0x8000a0ac)
5225: insert(0x8000b020)
5226: insert(0x800030dc)
5227: insert(0x800050b2)
5228: insert(0x800070ea)
5229: flush_page(0x80000) returns false/false
5230: flush_page(0x80002) returns false/false
5231: insert(0x8000a0ce)
5232: insert(0x800040c4)
5233: flush_page(0x80004) returns true/true
5234: flush_page(0x80008) returns true/false
5235: flush_page(0x80003) returns true/false
5236: flush_page(0x80008) returns false/false
5237: insert(0x8000b0e6)
5238: insert(0x800030f8)
5239: insert(0x8000a024)
5240: insert(0x800020ba)
5241: insert(0x800070fe)
5242: insert(0x800000a4)
5243: flush()
5244: flush_page(0x80006) returns false/false
5245: insert(0x80006002)
5246: insert(0x80002018)
5247: flush_page(0x80008) returns false/false
5248: flush_page(0x80001) returns false/false
5249: flush()
5250: insert(0x800020f2)
5251: insert(0x8000c086)
5252: insert(0x800060d4)
5253: flush_page(0x80007) returns false/false
5254: insert(0x8000a080)
5255: insert(0x800070dc)
5256: insert(0x8000b064)
5257: flush_page(0x80009) returns false/false
5258: insert(0x80002098)
5259: insert(0x80005094)
5260: flush_page(0x80001) returns false/false
5261: insert(0x8000b03e)
5262: flush_page(0x80005) returns true/true
5263: insert(0x80009098)
5264: insert(0x800030d0)
5265: insert(0x80007008)
5266: insert(0x8000305e)
5267: flush()
5268: insert(0x800050fc)
5269: insert(0x8000401e)
5270: insert(0x80006096)
5271: insert(0x8000a0aa)
5272: insert(0x800030cc)
5273: flush_page(0x80004) returns true/true
5274: insert(0x80001006)
5275: insert(0x800030e8)
5276: flush_page(0x80006) returns true/true
5277: insert(0x800030ca)
5278: insert(0x8000806a)
5279: insert(0x8000406a)
5280: insert(0x800070e8)
5281: insert(0x8000c0ae)
5282: flush_page(0x8000b) returns false/false
5283: insert(0x8000b0e4)
5284: flush_page(0x80008) returns true/true
5285: insert(0x8000a0bc)
5286: insert(0x8000602c)
5287: insert(0x80008040)
5288: insert(0x8000c0b4)
5289: insert(0x8000a0de)
5290: insert(0x800040e2)
5291: flush_page(0x80001) returns true/true
5292: flush()
5293: insert(0x80004084)
5294: insert(0x8000801a)
5295: insert(0x80006084)
5296: insert(0x8000103a)
5297: insert(0x8000b03c)
5298: insert(0x8000302e)
5299: insert(0x80007020)
5300: insert(0x800050d8)
5301: insert(0x800010fc)
5302: insert(0x800040f2)
5303: insert(0x800020fe)
5304: insert(0x8000c076)
5305: flush_page(0x8000c) returns true/true
5306: insert(0x8000c0ee)
5307: insert(0x800070ea)
5308: flush_page(0x80004) returns true/true
5309: insert(0x80003096)
5310: insert(0x8000a0e0)
5311: flush_page(0x80001) returns true/true
5312: insert(0x800030e6)
5313: insert(0x80000022)
5314: insert(0x8000a082)
5315: flush_page(0x80002) returns true/true
5316: flush()
5317: insert(0x8000b054)
5318: insert(0x800070e2)
5319: insert(0x8000909a)
5320: insert(0x800090ca)
5321: insert(0x8000a04a)
5322: flush()
5323: flush_page(0x8000b) returns false/false
5324: insert(0x8000c042)
5325: insert(0x800040e8)
5326: insert(0x8000a0aa)
5327: insert(0x800080da)
5328: flush_page(0x80002) returns false/false
5329: insert(0x80007036)
5330: flush_page(0x80004) returns true/true
5331: insert(0x80009056)
5332: insert(0x80006058)
5333: insert(0x80001088)
5334: flush_page(0x80005) returns false/false
5335: insert(0x80008044)
5336: insert(0x8000509e)
5337: insert(0x800070a8)
5338: insert(0x8000508e)
5339: flush_page(0x8000c) returns true/true
5340: flush_page(0x80000) returns false/false
5341: insert(0x800050e4)
5342: insert(0x800030dc)
5343: insert(0x8000109c)
5344: insert(0x800060e8)
5345: flush()
5346: insert(0x8000308c)
5347: insert(0x800080ba)
5348: insert(0x8000b06e)
5349: insert(0x8000b0dc)
5350: insert(0x800080a2)
5351: flush_page(0x80002) returns false/false
5352: insert(0x800050a6)
5353: insert(0x800050f0)
5354: insert(0x80006008)
5355: insert(0x800040b0)
5356: insert(0x800060cc)
5357: flush_page(0x80008) returns true/true
5358: insert(0x8000c050)
5359: insert(0x80003092)
5360: insert(0x80000070)
5361: flush_page(0x8000c) returns true/true
5362: insert(0x80001094)
5363: insert(0x80008070)
5364: insert(0x800070b0)
5365: insert(0x80006074)
5366: insert(0x80007026)
5367: flush()
5368: insert(0x8000b006)
5369: flush_page(0x80000) returns false/false
5370: flush_page(0x80001) returns false/false
5371: insert(0x800000d8)
5372: insert(0x8000605c)
5373: insert(0x80001058)
5374: flush()
5375: insert(0x8000b086)
5376: insert(0x80008054)
5377: flush()
5378: flush_page(0x80002) returns false/false
5379: flush_page(0x80002) returns false/false
5380: insert(0x80006034)
5381: insert(0x80006004)
5382: insert(0x800010f2)
5383: insert(0x8000c0dc)
5384: insert(0x800000b2)
5385: insert(0x800030f2)
5386: flush_page(0x80004) returns false/false
5387: flush_page(0x8000c) returns true/true
5388: insert(0x8000b058)
5389: insert(0x8000b0b8)
5390: flush_page(0x8000c) returns false/false
5391: flush()
5392: insert(0x8000908a)
5393: insert(0x8000a05c)
5394: insert(0x800060d4)
5395: insert(0x800070dc)
5396: flush_page(0x80007) returns true/true
5397: insert(0x800030d8)
5398: insert(0x800050e6)
5399: insert(0x8000106a)
5400: insert(0x800010e2)
5401: insert(0x80005084)
5402: insert(0x80004062)
5403: insert(0x8000b088)
5404: flush_page(0x8000b) returns true/true
5405: flush_page(0x80002) returns false/false
5406: insert(0x8000a0de)
5407: flush_page(0x80006) returns true/true
5408: insert(0x800000f2)
5409: insert(0x8000402c)
5410: flush_page(0x80000) returns true/true
5411: insert(0x8000b0b0)
5412: insert(0x8000405a)
5413: insert(0x80005006)
5414: insert(0x80004050)
5415: flush_page(0x80003) returns true/true
5416: insert(0x8000c050)
5417: flush_page(0x80003) returns false/false
5418: insert(0x8000c052)
5419: insert(0x8000609c)
5420: insert(0x8000a0e2)
5421: insert(0x80007014)
5422: insert(0x800040f2)
5423: insert(0x800040ba)
5424: insert(0x8000a0c6)
5425: flush_page(0x80004) returns true/true
5426: insert(0x80002000)
5427: flush_page(0x80009) returns true/false
5428: insert(0x8000b064)
5429: insert(0x80002000)
5430: insert(0x8000501e)
5431: insert(0x800020ea)
5432: flush()
5433: flush_page(0x80002) returns false/false
5434: insert(0x800010c2)
5435: flush_page(0x8000b) returns false/false
5436: insert(0x80006006)
5437: insert(0x800040a4)
5438: insert(0x80001086)
5439: flush_page(0x80004) returns true/true
5440: flush_page(0x80006) returns true/true
5441: insert(0x800050e0)
5442: insert(0x8000b076)
5443: insert(0x8000306c)
5444: insert(0x800020fc)
5445: insert(0x80009068)
5446: insert(0x800090a4)
5447: insert(0x8000805c)
5448: insert(0x80002074)
5449: insert(0x8000306e)
5450: insert(0x80005064)
5451: insert(0x800030ce)
5452: insert(0x8000401e)
5453: insert(0x800090fc)
5454: insert(0x800070e6)
5455: insert(0x8000a072)
5456: flush_page(0x80001) returns true/true
5457: insert(0x8000c046)
5458: flush()
5459: insert(0x80008054)
5460: insert(0x800010d6)
5461: insert(0x80008028)
5462: insert(0x80003018)
5463: insert(0x80000064)
5464: flush_page(0x8000b) returns false/false
5465: insert(0x80006026)
5466: insert(0x8000c09a)
5467: insert(0x8000800a)
5468: insert(0x8000a06c)
5469: insert(0x800000f2)
5470: flush_page(0x80000) returns true/true
5471: flush_page(0x8000a) returns true/true
5472: insert(0x80005070)
5473: insert(0x80007084)
5474: insert(0x80001032)
5475: flush_page(0x8000a) returns false/false
5476: insert(0x800020e2)
5477: insert(0x800030d0)
5478: insert(0x8000a0b2)
5479: insert(0x80007010)
5480: insert(0x80004034)
5481: flush_page(0x80008) returns true/true
5482: flush_page(0x8000b) returns false/false
5483: insert(0x800010aa)
5484: insert(0x8000104e)
5485: insert(0x80006036)
5486: insert(0x800000cc)
5487: insert(0x8000b0ea)
5488: insert(0x8000b0a8)
5489: flush_page(0x80001) returns true/true
5490: insert(0x800020f4)
5491: flush_page(0x80002) returns true/true
5492: insert(0x8000c0f2)
5493: insert(0x8000a044)
5494: insert(0x80005074)
5495: flush()
5496: flush_page(0x80007) returns false/false
5497: insert(0x800020b6)
5498: flush_page(0x80007) returns false/false
5499: insert(0x8000b016)
5500: insert(0x800090e6)
5501: insert(0x8000c0d8)
5502: insert(0x800080c6)
5503: insert(0x8000a090)
5504: insert(0x8000409a)
5505: flush_page(0x8000a) returns true/true
5506: insert(0x8000208e)
5507: insert(0x8000603a)
5508: insert(0x800020c8)
5509: insert(0x800000b2)
5510: insert(0x80002098)
5511: flush_page(0x80004) returns true/true
5512: insert(0x8000a060)
5513: insert(0x800070aa)
5514: insert(0x80003026)
5515: insert(0x800010a2)
5516: flush_page(0x80009) returns true/false
5517: insert(0x80001022)
5518: insert(0x8000c0d6)
5519: insert(0x8000b0cc)
5520: insert(0x800090be)
5521: flush_page(0x80007) returns true/false
5522: insert(0x800070c0)
5523: flush_page(0x80007) returns true/true
5524: flush_page(0x80002) returns true/true
5525: flush_page(0x80006) returns true/false
5526: insert(0x800010a4)
5527: insert(0x8000907a)
5528: insert(0x800000c8)
5529: insert(0x800050c6)
5530: insert(0x800020c4)
5531: insert(0x80005050)
5532: insert(0x800010d0)
5533: insert(0x800040ba)
5534: insert(0x8000a046)
5535: flush_page(0x80002) returns true/false
5536: flush_page(0x80005) returns true/true
5537: insert(0x8000b0ec)
5538: insert(0x80004052)
5539: insert(0x800050f8)
5540: insert(0x8000c0b8)
5541: insert(0x80000026)
5542: insert(0x80002034)
5543: insert(0x80003004)
5544: insert(0x80004010)
5545: insert(0x8000503e)
5546: insert(0x800050c6)
5547: insert(0x8000908e)
5548: insert(0x8000b02e)
5549: insert(0x80008002)
5550: flush_page(0x8000c) returns true/false
5551: insert(0x800020c6)
5552: insert(0x80006002)
5553: insert(0x80005042)
5554: insert(0x800040de)
5555: flush_page(0x80000) returns true/true
5556: insert(0x8000403e)
5557: flush_page(0x8000c) returns false/false
5558: insert(0x80004058)
5559: insert(0x800090d4)
5560: insert(0x800010ea)
5561: insert(0x800060d8)
5562: insert(0x80008022)
5563: flush_page(0x80003) returns true/false
5564: insert(0x80003062)
5565: insert(0x800060c4)
5566: flush_page(0x8000a) returns true/false
5567: flush_page(0x80009) returns true/false
5568: insert(0x800060b6)
5569: insert(0x8000607e)
5570: flush_page(0x8000b) returns true/false
5571: flush_page(0x80001) returns true/true
5572: insert(0x8000005e)
5573: insert(0x800000a0)
5574: insert(0x800040a6)
5575: insert(0x800030ea)
5576: insert(0x8000003e)
5577: flush_page(0x80000) returns true/true
5578: insert(0x800000c0)
5579: insert(0x8000905c)
5580: flush_page(0x80001) returns false/false
5581: flush_page(0x8000a) returns false/false
5582: flush_page(0x80007) returns false/false
5583: insert(0x8000006c)
5584: insert(0x800030f6)
5585: flush_page(0x8000a) returns false/false
5586: insert(0x8000104c)
5587: insert(0x8000408a)
5588: flush_page(0x80009) returns true/true
5589: flush()
5590: insert(0x800040f4)
5591: flush_page(0x80002) returns false/false
5592: insert(0x8000a064)
5593: flush()
5594: flush_page(0x80003) returns false/false
5595: flush_page(0x80005) returns false/false
5596: insert(0x8000a082)
5597: flush_page(0x80004) returns false/false
5598: insert(0x80000052)
5599: insert(0x80007048)
5600: insert(0x80006074)
5601: insert(0x800040a6)
5602: flush()
5603: insert(0x80002042)
5604: flush_page(0x80002) returns true/true
5605: insert(0x800090ba)
5606: insert(0x800030b6)
5607: insert(0x800030fa)
5608: flush()
5609: insert(0x800070a8)
5610: insert(0x800050f4)
5611: insert(0x800010a6)
5612: insert(0x8000b0b4)
5613: insert(0x8000107e)
5614: insert(0x800030ae)
5615: flush_page(0x80001) returns true/true
5616: insert(0x800060ca)
5617: insert(0x80005066)
5618: flush()
5619: flush_page(0x80009) returns false/false
5620: insert(0x800000a4)
5621: insert(0x8000a022)
5622: insert(0x80007008)
5623: insert(0x8000101e)
5624: insert(0x800080b2)
5625: insert(0x80002030)
5626: flush_page(0x80005) returns false/false
5627: flush()
5628: flush_page(0x80009) returns false/false
5629: flush()
5630: insert(0x80007038)
5631: insert(0x800070a2)
5632: flush_page(0x80009) returns false/false
5633: flush_page(0x80006) returns false/false
5634: insert(0x80001090)
5635: flush_page(0x80004) returns false/false
5636: insert(0x8000c094)
5637: insert(0x8000b0fa)
5638: insert(0x80008056)
5639: insert(0x800060d0)
5640: insert(0x8000b0c8)
5641: flush_page(0x80008) returns true/true
5642: flush_page(0x8000b) returns true/true
5643: flush_page(0x80000) returns false/false
5644: flush_page(0x80003) returns false/false
5645: flush_page(0x80006) returns true/true
5646: insert(0x8000c0c0)
5647: flush_page(0x80004) returns false/false
5648: flush_page(0x80001) returns true/true
5649: insert(0x80003016)
5650: insert(0x800040fe)
5651: flush_page(0x80006) returns false/false
5652: insert(0x80009000)
5653: insert(0x800030dc)
5654: insert(0x800070c0)
5655: insert(0x80003018)
5656: insert(0x8000c066)
5657: insert(0x8000b0a4)
5658: insert(0x8000709e)
5659: insert(0x80007050)
5660: insert(0x80003070)
5661: insert(0x8000c020)
5662: insert(0x80003046)
5663: insert(0x800020c4)
5664: flush_page(0x8000a) returns false/false
5665: insert(0x800060fc)
5666: flush_page(0x8000b) returns true/true
5667: insert(0x8000509e)
5668: insert(0x80007094)
5669: flush_page(0x8000c) returns true/true
5670: insert(0x8000500c)
5671: insert(0x8000c06e)
5672: insert(0x800000a8)
5673: insert(0x80004094)
5674: insert(0x80001046)
5675: insert(0x80008074)
5676: flush_page(0x80002) returns true/true
5677: insert(0x80001012)
5678: insert(0x8000b01e)
5679: insert(0x80003076)
5680: insert(0x8000407c)
5681: flush_page(0x80009) returns true/false
5682: insert(0x800060d2)
5683: insert(0x8000a0ce)
5684: flush_page(0x80007) returns true/false
5685: insert(0x8000b01e)
5686: insert(0x80001058)
5687: insert(0x80003080)
5688: insert(0x800000b0)
5689: insert(0x80007086)
5690: flush_page(0x80003) returns true/true
5691: flush_page(0x80002) returns false/false
5692: insert(0x800050f0)
5693: flush_page(0x8000b) returns true/false
5694: insert(0x8000409e)
5695: insert(0x8000502e)
5696: insert(0x80005026)
5697: flush()
5698: flush_page(0x80003) returns false/false
5699: flush_page(0x80001) returns false/false
5700: insert(0x800020d2)
5701: insert(0x8000201c)
5702: insert(0x80000066)
5703: flush()
5704: insert(0x80007034)
5705: insert(0x8000a032)
5706: flush_page(0x80001) returns false/false
5707: flush()
5708: insert(0x8000709a)
5709: insert(0x80006046)
5710: insert(0x8000c086)
5711: insert(0x8000b0d6)
5712: insert(0x800020b2)
5713: flush_page(0x80006) returns true/true
5714: flush_page(0x80002) returns true/true
5715: flush()
5716: flush_page(0x80002) returns false/false
5717: flush_page(0x80006) returns false/false
5718: insert(0x80001094)
5719: insert(0x800060b4)
5720: insert(0x80008002)
5721: insert(0x8000309a)
5722: insert(0x80007052)
5723: insert(0x80003034)
5724: insert(0x8000100a)
5725: flush_page(0x80006) returns true/true
5726: flush()
5727: insert(0x80005088)
5728: flush()
5729: insert(0x800050ba)
5730: insert(0x8000a0c8)
5731: insert(0x800060c6)
5732: insert(0x80009006)
5733: insert(0x8000c074)
5734: insert(0x8000c078)
5735: flush_page(0x80000) returns false/false
5736: insert(0x8000b06c)
5737: insert(0x800060c6)
5738: insert(0x800090c0)
5739: insert(0x80009028)
5740: flush_page(0x8000c) returns true/true
5741: insert(0x800040fa)
5742: insert(0x8000109a)
5743: insert(0x8000c07e)
5744: insert(0x8000509a)
5745: insert(0x80008040)
5746: insert(0x800000c8)
5747: insert(0x80002020)
5748: flush_page(0x8000b) returns true/true
5749: insert(0x8000009a)
5750: insert(0x8000602e)
5751: flush_page(0x8000b) returns false/false
5752: insert(0x80005096)
5753: insert(0x8000805a)
5754: insert(0x80006044)
5755: flush_page(0x80002) returns true/false
5756: insert(0x80001082)
5757: insert(0x80008010)
5758: flush_page(0x80008) returns true/true
5759: insert(0x8000008c)
5760: insert(0x80006024)
5761: insert(0x8000a0b8)
5762: flush_page(0x80003) returns false/false
5763: insert(0x800020f6)
5764: insert(0x8000208a)
5765: insert(0x80001066)
5766: insert(0x80009044)
5767: insert(0x8000008c)
5768: insert(0x8000a0aa)
5769: insert(0x800050e4)
5770: insert(0x8000a062)
5771: insert(0x8000a04a)
5772: insert(0x800020c8)
5773: insert(0x800000ea)
5774: flush_page(0x80009) returns true/true
5775: insert(0x80003024)
5776: insert(0x800070d8)
5777: flush_page(0x80004) returns true/false
5778: flush_page(0x80009) returns false/false
5779: insert(0x80001028)
5780: insert(0x80001022)
5781: insert(0x8000a0e2)
5782: insert(0x8000804e)
5783: insert(0x8000c092)
5784: insert(0x8000a006)
5785: insert(0x800010fa)
5786: flush_page(0x80005) returns true/false
5787: insert(0x8000b028)
5788: insert(0x8000b0c2)
5789: insert(0x8000a02a)
5790: insert(0x800010b4)
5791: insert(0x800010e0)
5792: flush()
5793: insert(0x800020b4)
5794: insert(0x800070d2)
5795: insert(0x8000800c)
5796: insert(0x8000309a)
5797: flush_page(0x80005) returns false/false
5798: insert(0x80004032)
5799: insert(0x80008066)
5800: insert(0x80005034)
5801: flush_page(0x80003) returns true/true
5802: flush()
5803: insert(0x8000a018)
5804: insert(0x8000909e)
5805: insert(0x800060d4)
5806: insert(0x800020b8)
5807: insert(0x8000509c)
5808: flush_page(0x8000a) returns true/true
5809: flush_page(0x80009) returns true/true
5810: insert(0x8000308c)
5811: insert(0x80005082)
5812: flush_page(0x8000b) returns false/false
5813: insert(0x8000a058)
5814: insert(0x8000c000)
5815: insert(0x800020bc)
5816: insert(0x800060e6)
5817: insert(0x8000a062)
5818: flush_page(0x80004) returns false/false
5819: insert(0x8000507a)
5820: flush_page(0x80008) returns false/false
5821: insert(0x8000207c)
5822: flush_page(0x80006) returns true/true
5823: insert(0x80005002)
5824: insert(0x80006002)
5825: insert(0x80003020)
5826: insert(0x8000701a)
5827: insert(0x800080f6)
5828: insert(0x800000be)
5829: flush_page(0x80004) returns false/false
5830: insert(0x8000808c)
5831: flush()
5832: insert(0x800000cc)
5833: flush_page(0x8000c) returns false/false
5834: flush_page(0x8000b) returns false/false
5835: insert(0x80009002)
5836: flush_page(0x8000b) returns false/false
5837: flush()
5838: insert(0x8000b040)
5839: flush_page(0x80007) returns false/false
5840: flush()
5841: insert(0x8000b07a)
5842: insert(0x8000204a)
5843: insert(0x8000407a)
5844: insert(0x800070ca)
5845: insert(0x8000204e)
5846: insert(0x800020a2)
5847: flush_page(0x8000a) returns false/false
5848: insert(0x80000052)
5849: flush_page(0x80003) returns false/false
5850: flush_page(0x80001) returns false/false
5851: insert(0x8000a01c)
5852: flush_page(0x8000c) returns false/false
5853: insert(0x800030e2)
5854: insert(0x800030ec)
5855: insert(0x80009028)
5856: flush_page(0x80003) returns true/true
5857: insert(0x8000403e)
5858: insert(0x800080b2)
5859: flush_page(0x80000) returns true/true
5860: insert(0x8000200a)
5861: insert(0x8000509a)
5862: insert(0x8000b0e6)
5863: insert(0x80006008)
5864: insert(0x8000504c)
5865: insert(0x80009002)
5866: flush_page(0x80001) returns false/false
5867: flush_page(0x80002) returns true/true
5868: insert(0x800020c4)
5869: flush_page(0x80007) returns true/false
5870: insert(0x80003058)
5871: insert(0x80002060)
5872: flush()
5873: flush_page(0x8000c) returns false/false
5874: insert(0x8000109e)
5875: flush_page(0x80003) returns false/false
5876: insert(0x80001008)
5877: insert(0x80004006)
5878: insert(0x8000b05a)
5879: insert(0x80001048)
5880: flush_page(0x80007) returns false/false
5881: insert(0x8000c006)
5882: insert(0x8000603e)
5883: flush_page(0x80005) returns false/false
5884: insert(0x8000008e)
5885: insert(0x8000709a)
5886: flush()
5887: insert(0x80000024)
5888: flush_page(0x80005) returns false/false
5889: insert(0x800050a0)
5890: insert(0x80002018)
5891: insert(0x8000a046)
5892: insert(0x8000807e)
5893: insert(0x80004046)
5894: insert(0x80008096)
5895: insert(0x8000805c)
5896: insert(0x80007030)
5897: insert(0x800000d0)
5898: insert(0x800080f8)
5899: insert(0x8000a09a)
5900: insert(0x8000a0fc)
5901: flush_page(0x80001) returns false/false
5902: insert(0x80006090)
5903: flush_page(0x80003) returns false/false
5904: insert(0x8000a0e6)
5905: insert(0x8000904a)
5906: flush_page(0x80004) returns true/true
5907: flush_page(0x8000b) returns false/false
5908: insert(0x8000908e)
5909: insert(0x80008062)
5910: insert(0x8000a090)
5911: insert(0x80002036)
5912: insert(0x80001060)
5913: insert(0x800030e6)
5914: flush()
5915: insert(0x8000b0fc)
5916: insert(0x80004030)
5917: insert(0x80000096)
5918: insert(0x8000a088)
5919: flush_page(0x80003) returns false/false
5920: insert(0x800000b8)
5921: insert(0x800020b2)
5922: insert(0x80001080)
5923: insert(0x8000103a)
5924: insert(0x8000a05c)
5925: flush_page(0x80007) returns false/false
5926: insert(0x8000202c)
5927: flush_page(0x80001) returns true/true
5928: insert(0x8000c034)
5929: flush()
5930: flush()
5931: insert(0x800090d2)
5932: insert(0x800010ea)
5933: insert(0x8000c0a2)
5934: insert(0x8000801a)
5935: flush_page(0x80008) returns true/true
5936: insert(0x8000a07c)
5937: insert(0x800010fa)
5938: insert(0x80002066)
5939: flush()
5940: insert(0x80000016)
5941: insert(0x800060bc)
5942: flush_page(0x80004) returns false/false
5943: insert(0x80002056)
5944: insert(0x8000301c)
5945: insert(0x800020e4)
5946: insert(0x8000505a)
5947: insert(0x800000c6)
5948: insert(0x8000c080)
5949: insert(0x800040ae)
5950: flush_page(0x80003) returns true/true
5951: insert(0x8000c056)
5952: flush_page(0x8000b) returns false/false
5953: insert(0x80007040)
5954: insert(0x80003012)
5955: insert(0x8000a066)
5956: insert(0x8000006c)
5957: insert(0x80003062)
5958: insert(0x800080e4)
5959: flush_page(0x80007) returns true/true
5960: insert(0x8000c0e4)
5961: insert(0x8000c034)
5962: flush_page(0x80005) returns true/false
5963: insert(0x8000007e)
5964: insert(0x80005040)
5965: insert(0x800030d0)
5966: insert(0x800010c0)
5967: insert(0x8000b04e)
5968: insert(0x8000a098)
5969: insert(0x8000b072)
5970: insert(0x80004038)
5971: flush_page(0x80007) returns false/false
5972: insert(0x80003058)
5973: insert(0x8000109c)
5974: flush()
5975: insert(0x80004016)
5976: insert(0x800070be)
5977: flush_page(0x8000b) returns false/false
5978: insert(0x800090aa)
5979: flush_page(0x8000a) returns false/false
5980: insert(0x8000603c)
5981: insert(0x8000c0f4)
5982: insert(0x800060fe)
5983: flush_page(0x80003) returns false/false
5984: insert(0x800020ea)
5985: flush_page(0x80005) returns false/false
5986: insert(0x8000001a)
5987: insert(0x80006040)
5988: insert(0x80004066)
5989: insert(0x80000094)
5990: insert(0x80003016)
5991: flush_page(0x80002) returns true/true
5992: flush()
5993: insert(0x8000902a)
5994: insert(0x80001096)
5995: insert(0x80008092)
5996: flush()
5997: insert(0x8000701c)
5998: insert(0x800080de)
5999: insert(0x80004022)
6000: flush_page(0x80002) returns false/false
6001: insert(0x800020fa)
6002: flush_page(0x8000b) returns false/false
6003: flush_page(0x8000b) returns false/false
6004: insert(0x80000058)
6005: insert(0x80008084)
6006: insert(0x8000102c)
6007: flush_page(0x8000b) returns false/false
6008: insert(0x800070bc)
6009: flush()
6010: insert(0x80009042)
6011: insert(0x800070d4)
6012: insert(0x8000b09a)
6013: insert(0x8000b0f2)
6014: insert(0x800090d0)
6015: insert(0x8000804c)
6016: insert(0x800000ac)
6017: flush_page(0x80002) returns false/false
6018: insert(0x8000203c)
6019: insert(0x8000702e)
6020: insert(0x80006034)
6021: insert(0x800030b4)
6022: flush_page(0x80005) returns false/false
6023: insert(0x800090bc)
6024: insert(0x800040ea)
6025: insert(0x800020b0)
6026: insert(0x80004018)
6027: flush_page(0x8000b) returns true/false
6028: insert(0x8000c0bc)
6029: insert(0x800030a0)
6030: insert(0x80004046)
6031: insert(0x80007046)
6032: insert(0x800030bc)
6033: insert(0x800060c6)
6034: insert(0x8000303e)
6035: insert(0x800060f6)
6036: insert(0x800000be)
6037: insert(0x800000ac)
6038: insert(0x800030ea)
6039: insert(0x8000a062)
6040: insert(0x80006092)
6041: insert(0x800040d8)
6042: insert(0x80006042)
6043: insert(0x8000a074)
6044: insert(0x8000000e)
6045: flush_page(0x80007) returns true/false
6046: insert(0x800040e2)
6047: insert(0x8000c0a8)
6048: insert(0x800040d4)
6049: insert(0x800000de)
6050: flush_page(0x80003) returns true/false
6051: insert(0x800070a4)
6052: insert(0x80009050)
6053: flush_page(0x80004) returns true/true
6054: flush_page(0x80006) returns true/true
6055: insert(0x800030da)
6056: flush()
6057: insert(0x800040b0)
6058: insert(0x80001026)
6059: insert(0x8000907e)
6060: flush_page(0x80009) returns true/true
6061: insert(0x80000098)
6062: flush_page(0x8000c) returns false/false
6063: insert(0x800060ba)
6064: flush()
6065: insert(0x80008072)
6066: insert(0x80007064)
6067: insert(0x80005078)
6068: flush_page(0x80001) returns false/false
6069: insert(0x800080d0)
6070: insert(0x8000c092)
6071: insert(0x80004030)
6072: insert(0x80002048)
6073: insert(0x800010c6)
6074: insert(0x80007008)
6075: insert(0x8000a058)
6076: flush_page(0x80006) returns false/false
6077: insert(0x80000022)
6078: insert(0x80007098)
6079: insert(0x8000c08e)
6080: insert(0x8000a09c)
6081: flush_page(0x80002) returns true/true
6082: insert(0x80006052)
6083: insert(0x8000904e)
6084: insert(0x80000012)
6085: insert(0x8000c05e)
6086: insert(0x80002064)
6087: insert(0x8000505c)
6088: flush()
6089: insert(0x8000b030)
6090: insert(0x800050cc)
6091: insert(0x800070ea)
6092: insert(0x800040ba)
6093: flush()
6094: insert(0x80000096)
6095: insert(0x800020a0)
6096: flush_page(0x80009) returns false/false
6097: insert(0x80009084)
6098: insert(0x80009072)
6099: insert(0x8000303e)
6100: insert(0x80009082)
6101: flush()
6102: insert(0x8000907a)
6103: insert(0x800000e8)
6104: insert(0x80001016)
6105: insert(0x8000c050)
6106: insert(0x800040f0)
6107: insert(0x8000709a)
6108: flush_page(0x80005) returns false/false
6109: insert(0x8000301e)
6110: insert(0x80006074)
6111: insert(0x8000300c)
6112: insert(0x8000a064)
6113: flush()
6114: insert(0x80002020)
6115: insert(0x80009030)
6116: insert(0x8000100c)
6117: insert(0x80003092)
6118: insert(0x8000704c)
6119: flush_page(0x80008) returns false/false
6120: insert(0x800080a2)
6121: insert(0x80005056)
6122: flush_page(0x80006) returns false/false
6123: insert(0x80008034)
6124: insert(0x8000503a)
6125: flush_page(0x8000b) returns false/false
6126: insert(0x8000c042)
6127: insert(0x8000c02c)
6128: insert(0x800010f6)
6129: flush()
6130: insert(0x8000a080)
6131: flush_page(0x80008) returns false/false
6132: insert(0x80001052)
6133: flush_page(0x80008) returns false/false
6134: insert(0x80001064)
6135: insert(0x800090b2)
6136: insert(0x8000a0f2)
6137: insert(0x8000208c)
6138: flush_page(0x8000b) returns false/false
6139: flush_page(0x80006) returns false/false
6140: insert(0x80009062)
6141: insert(0x800050f2)
6142: flush_page(0x80002) returns true/true
6143: insert(0x800050ec)
6144: insert(0x8000b0b6)
6145: insert(0x800010f2)
6146: insert(0x8000a020)
6147: flush_page(0x80006) returns false/false
6148: insert(0x80003052)
6149: flush_page(0x80000) returns false/false
6150: flush_page(0x80007) returns false/false
6151: insert(0x8000902a)
6152: insert(0x8000c0d0)
6153: insert(0x8000b06e)
6154: insert(0x8000207c)
6155: flush_page(0x80002) returns true/true
6156: insert(0x800020e6)
6157: insert(0x800080e4)
6158: insert(0x800070aa)
6159: flush_page(0x8000b) returns true/true
6160: insert(0x8000b0f0)
6161: insert(0x800050ca)
6162: insert(0x800050a4)
6163: flush()
6164: flush_page(0x8000a) returns false/false
6165: insert(0x800030dc)
6166: insert(0x800070ec)
6167: insert(0x80009074)
6168: insert(0x80009020)
6169: flush_page(0x80004) returns false/false
6170: insert(0x8000908c)
6171: insert(0x800000c8)
6172: insert(0x80003098)
6173: insert(0x8000b076)
6174: insert(0x8000200c)
6175: insert(0x8000b09e)
6176: insert(0x8000806c)
6177: insert(0x80006066)
6178: flush_page(0x80005) returns false/false
6179: insert(0x8000604c)
6180: insert(0x800080da)
6181: flush_page(0x80000) returns true/false
6182: flush_page(0x80007) returns true/true
6183: insert(0x80003052)
6184: insert(0x800030aa)
6185: insert(0x800040ee)
6186: flush_page(0x80004) returns true/true
6187: flush_page(0x80004) returns false/false
6188: insert(0x80002058)
6189: flush_page(0x8000b) returns true/true
6190: insert(0x8000c072)
6191: flush()
6192: insert(0x8000b072)
6193: insert(0x8000105a)
6194: insert(0x8000502c)
6195: insert(0x800030da)
6196: flush_page(0x8000a) returns false/false
6197: insert(0x8000a0dc)
6198: insert(0x80008006)
6199: insert(0x8000102a)
6200: insert(0x800030ca)
6201: flush_page(0x8000a) returns true/true
6202: insert(0x8000801e)
6203: flush_page(0x80000) returns false/false
6204: insert(0x8000a07c)
6205: insert(0x80007098)
6206: insert(0x80001010)
6207: flush_page(0x80008) returns true/true
6208: flush_page(0x8000b) returns true/true
6209: insert(0x80003076)
6210: insert(0x800070f6)
6211: flush_page(0x80005) returns true/true
6212: insert(0x800040cc)
6213: insert(0x80009004)
6214: insert(0x80003028)
6215: insert(0x80007064)
6216: insert(0x80008008)
6217: insert(0x8000307a)
6218: insert(0x8000705e)
6219: insert(0x800010ca)
6220: insert(0x800040c4)
6221: insert(0x80000006)
6222: flush_page(0x80004) returns true/true
6223: flush()
6224: insert(0x80006000)
6225: insert(0x8000601a)
6226: flush_page(0x80002) returns false/false
6227: insert(0x8000a0fc)
6228: insert(0x8000b01c)
6229: insert(0x800080b4)
6230: flush_page(0x8000a) returns true/true
6231: flush_page(0x80001) returns false/false
6232: insert(0x80005096)
6233: flush_page(0x80001) returns false/false
6234: flush_page(0x80005) returns true/true
6235: insert(0x80001098)
6236: flush_page(0x80003) returns false/false
6237: flush_page(0x80001) returns true/true
6238: insert(0x800070ae)
6239: insert(0x800080a2)
6240: insert(0x80002024)
6241: insert(0x8000005e)
6242: flush_page(0x80003) returns false/false
6243: insert(0x80006076)
6244: flush_page(0x80003) returns false/false
6245: insert(0x8000308c)
6246: insert(0x800050ea)
6247: insert(0x800070a4)
6248: insert(0x800010c0)
6249: flush()
6250: insert(0x8000c0d0)
6251: flush_page(0x8000b) returns false/false
6252: insert(0x800070c8)
6253: insert(0x80002098)
6254: insert(0x800040c8)
6255: flush_page(0x80008) returns false/false
6256: flush_page(0x80004) returns true/true
6257: insert(0x800020f6)
6258: insert(0x800070e2)
6259: insert(0x80007022)
6260: insert(0x80008008)
6261: flush_page(0x8000c) returns true/true
6262: insert(0x800010f2)
6263: flush_page(0x8000b) returns false/false
6264: insert(0x80008034)
6265: flush_page(0x80003) returns false/false
6266: insert(0x800010b4)
6267: flush_page(0x80001) returns true/true
6268: insert(0x80005094)
6269: flush_page(0x80007) returns true/true
6270: flush_page(0x8000a) returns false/false
6271: insert(0x800060f4)
6272: insert(0x8000a0e6)
6273: flush_page(0x8000a) returns true/true
6274: insert(0x80009036)
6275: insert(0x800040d4)
6276: insert(0x80002066)
6277: insert(0x8000b082)
6278: insert(0x8000408c)
6279: insert(0x8000c02e)
6280: insert(0x80008042)
6281: flush_page(0x80000) returns false/false
6282: insert(0x8000208a)
6283: insert(0x8000a0ca)
6284: flush_page(0x80009) returns true/true
6285: flush_page(0x80009) returns false/false
6286: insert(0x8000b086)
6287: insert(0x8000505e)
6288: insert(0x80005082)
6289: flush_page(0x80007) returns false/false
6290: flush_page(0x8000a) returns true/true
6291: flush()
6292: flush_page(0x80003) returns false/false
6293: insert(0x800070d0)
6294: insert(0x8000504e)
6295: insert(0x800030d6)
6296: flush()
6297: insert(0x800040d4)
6298: flush_page(0x80002) returns false/false
6299: insert(0x800080b0)
6300: flush_page(0x80007) returns false/false
6301: insert(0x80001050)
6302: flush()
6303: insert(0x800040e4)
6304: insert(0x8000a0ac)
6305: insert(0x8000c0c0)
6306: insert(0x800040dc)
6307: insert(0x800050c2)
6308: flush_page(0x80003) returns false/false
6309: insert(0x80009062)
6310: insert(0x80007088)
6311: insert(0x80003054)
6312: insert(0x8000602c)
6313: insert(0x8000b0ba)
6314: flush_page(0x80005) returns true/false
6315: insert(0x800060c2)
6316: insert(0x80009012)
6317: flush()
6318: insert(0x800070f0)
6319: insert(0x8000305c)
6320: flush_page(0x80001) returns false/false
6321: insert(0x8000c056)
6322: insert(0x80005010)
6323: insert(0x800070d2)
6324: insert(0x8000b0d4)
6325: insert(0x800010f8)
6326: flush_page(0x80007) returns true/true
6327: insert(0x80008030)
6328: flush()
6329: insert(0x80001008)
6330: insert(0x8000c0bc)
6331: insert(0x80009032)
6332: insert(0x800030f8)
6333: flush_page(0x80003) returns true/true
6334: insert(0x8000c01c)
6335: flush_page(0x80008) returns false/false
6336: insert(0x800050d8)
6337: insert(0x80009056)
6338: insert(0x8000c0c4)
6339: insert(0x800030a4)
6340: flush_page(0x80007) returns false/false
6341: flush_page(0x8000a) returns false/false
6342: insert(0x8000007a)
6343: insert(0x8000800a)
6344: insert(0x800070d6)
6345: insert(0x8000b0e6)
6346: flush_page(0x8000c) returns true/true
6347: flush()
6348: insert(0x80008016)
6349: insert(0x800000a0)
6350: insert(0x8000b04c)
6351: insert(0x80001054)
6352: insert(0x80000062)
6353: insert(0x800040e6)
6354: flush()
6355: flush_page(0x80002) returns false/false
6356: insert(0x800060ea)
6357: flush()
6358: insert(0x800020f4)
6359: flush_page(0x80003) returns false/false
6360: insert(0x800000de)
6361: flush_page(0x80008) returns false/false
6362: flush()
6363: flush_page(0x8000b) returns false/false
6364: flush_page(0x80001) returns false/false
6365: flush_page(0x8000b) returns false/false
6366: insert(0x80001030)
6367: insert(0x8000b042)
6368: insert(0x8000408a)
6369: flush_page(0x80008) returns false/false
6370: insert(0x8000a0cc)
6371: insert(0x8000b060)
6372: insert(0x8000106c)
6373: insert(0x8000403e)
6374: insert(0x80006086)
6375: insert(0x80001044)
6376: insert(0x800020f0)
6377: insert(0x8000c080)
6378: insert(0x8000704e)
6379: insert(0x80004098)
6380: flush()
6381: flush_page(0x80006) returns false/false
6382: insert(0x800040dc)
6383: insert(0x800000e0)
6384: insert(0x8000505e)
6385: insert(0x8000a0ac)
6386: insert(0x80009088)
6387: insert(0x80003092)
6388: flush_page(0x80005) returns true/true
6389: insert(0x8000606e)
6390: insert(0x800060e8)
6391: flush_page(0x80006) returns true/true
6392: insert(0x80003000)
6393: insert(0x800060e4)
6394: flush_page(0x80003) returns true/true
6395: insert(0x800040a0)
6396: insert(0x8000c0bc)
6397: insert(0x8000a048)
6398: flush_page(0x80005) returns false/false
6399: flush_page(0x80003) returns false/false
6400: flush_page(0x8000a) returns true/true
6401: flush_page(0x80004) returns true/true
6402: flush()
6403: insert(0x8000c070)
6404: insert(0x800010ea)
6405: flush()
6406: flush_page(0x80009) returns false/false
6407: insert(0x8000905a)
6408: insert(0x8000b00c)
6409: flush_page(0x8000b) returns true/true
6410: insert(0x80002050)
6411: flush()
6412: insert(0x80008074)
6413: insert(0x800000ee)
6414: flush_page(0x80001) returns false/false
6415: flush()
6416: insert(0x800040da)
6417: insert(0x8000a0e0)
6418: flush_page(0x80004) returns true/true
6419: insert(0x800010c8)
6420: flush()
6421: insert(0x80004036)
6422: insert(0x800050ec)
6423: insert(0x800080fa)
6424: insert(0x80004072)
6425: insert(0x8000901c)
6426: insert(0x8000a01e)
6427: insert(0x80005074)
6428: insert(0x80000024)
6429: insert(0x80000058)
6430: insert(0x8000a0be)
6431: insert(0x8000c02e)
6432: insert(0x8000102a)
6433: insert(0x800070ac)
6434: insert(0x800090c8)
6435: insert(0x80006016)
6436: insert(0x8000b0c0)
6437: flush_page(0x80009) returns true/true
6438: insert(0x80007014)
6439: insert(0x8000b074)
6440: flush_page(0x80005) returns true/true
6441: flush()
6442: insert(0x8000706a)
6443: insert(0x800060be)
6444: insert(0x8000b062)
6445: insert(0x8000506c)
6446: flush_page(0x80003) returns false/false
6447: insert(0x80007042)
6448: insert(0x80002088)
6449: insert(0x8000c04c)
6450: insert(0x8000600a)
6451: insert(0x8000a0c4)
6452: flush_page(0x80002) returns true/true
6453: insert(0x80006000)
6454: insert(0x8000a0c4)
6455: insert(0x80008036)
6456: insert(0x8000305c)
6457: insert(0x80001046)
6458: flush_page(0x80009) returns false/false
6459: insert(0x8000c0bc)
6460: insert(0x8000402e)
6461: insert(0x8000a074)
6462: flush_page(0x8000b) returns true/false
6463: insert(0x800070e2)
6464: insert(0x800040c4)
6465: insert(0x80007062)
6466: flush_page(0x80000) returns false/false
6467: flush_page(0x80006) returns true/false
6468: insert(0x8000406a)
6469: insert(0x8000304a)
6470: insert(0x800050c2)
6471: insert(0x8000c0e4)
6472: insert(0x800060a8)
6473: flush()
6474: insert(0x8000a0da)
6475: insert(0x800040ae)
6476: insert(0x80009056)
6477: insert(0x8000c0d4)
6478: insert(0x80008014)
6479: insert(0x80000026)
6480: insert(0x8000b0e4)
6481: insert(0x800050e2)
6482: insert(0x80002078)
6483: flush_page(0x8000a) returns true/false
6484: insert(0x80005094)
6485: insert(0x8000409c)
6486: insert(0x8000c0a0)
6487: flush_page(0x80007) returns false/false
6488: flush_page(0x80005) returns true/true
6489: insert(0x8000404c)
6490: flush_page(0x80004) returns true/true
6491: insert(0x80007012)
6492: insert(0x8000803a)
6493: insert(0x8000a00a)
6494: insert(0x800000aa)
6495: flush_page(0x80004) returns false/false
6496: insert(0x8000a060)
6497: insert(0x800080b8)
6498: insert(0x800010fe)
6499: insert(0x800070c6)
6500: insert(0x8000908a)
6501: insert(0x8000b030)
6502: insert(0x800090d4)
6503: flush_page(0x80009) returns true/true
6504: insert(0x80007008)
6505: insert(0x80004014)
6506: insert(0x8000b0e4)
6507: insert(0x8000a048)
6508: insert(0x8000900c)
6509: insert(0x800090ea)
6510: insert(0x8000700c)
6511: insert(0x8000807e)
6512: flush_page(0x8000c) returns true/false
6513: insert(0x8000102e)
6514: insert(0x800000c0)
6515: insert(0x80007002)
6516: insert(0x8000307e)
6517: flush()
6518: insert(0x80009086)
6519: insert(0x80006020)
6520: insert(0x8000403a)
6521: insert(0x80001024)
6522: flush_page(0x80008) returns false/false
6523: flush_page(0x80008) returns false/false
6524: flush_page(0x80008) returns false/false
6525: insert(0x8000203e)
6526: insert(0x80003098)
6527: insert(0x80002024)
6528: insert(0x80009002)
6529: insert(0x8000801e)
6530: insert(0x8000100a)
6531: flush()
6532: insert(0x8000a03a)
6533: insert(0x8000403c)
6534: flush_page(0x80007) returns false/false
6535: insert(0x80002048)
6536: insert(0x8000205e)
6537: insert(0x8000a02a)
6538: insert(0x80005084)
6539: insert(0x80004010)
6540: flush_page(0x80006) returns false/false
6541: insert(0x80000088)
6542: flush_page(0x80004) returns true/true
6543: flush_page(0x80006) returns false/false
6544: insert(0x800030c6)
6545: flush_page(0x80003) returns true/true
6546: insert(0x800050ee)
6547: flush_page(0x80003) returns false/false
6548: insert(0x8000809a)
6549: flush_page(0x80007) returns false/false
6550: insert(0x800040cc)
6551: insert(0x8000705c)
6552: insert(0x8000904c)
6553: flush_page(0x8000a) returns true/true
6554: insert(0x8000a0d2)
6555: insert(0x800060dc)
6556: insert(0x80002022)
6557: insert(0x80006030)
6558: flush_page(0x80005) returns true/true
6559: flush()
6560: insert(0x8000a0e2)
6561: insert(0x80001030)
6562: insert(0x8000c0ec)
6563: flush_page(0x8000b) returns false/false
6564: flush_page(0x80003) returns false/false
6565: insert(0x8000305a)
6566: insert(0x8000b05c)
6567: flush_page(0x80007) returns false/false
6568: insert(0x8000906e)
6569: insert(0x80002070)
6570: insert(0x8000a01c)
6571: flush_page(0x80005) returns false/false
6572: insert(0x800090d6)
6573: insert(0x800080e4)
6574: insert(0x80001002)
6575: insert(0x8000403a)
6576: insert(0x800010c4)
6577: insert(0x8000206e)
6578: insert(0x800070bc)
6579: insert(0x8000509e)
6580: flush_page(0x80008) returns true/true
6581: insert(0x80009094)
6582: insert(0x80002088)
6583: insert(0x8000b038)
6584: insert(0x8000b032)
6585: insert(0x800040a8)
6586: insert(0x8000706e)
6587: insert(0x80002014)
6588: flush_page(0x80007) returns true/true
6589: insert(0x80006044)
6590: insert(0x800010a6)
6591: insert(0x8000102c)
6592: insert(0x80005088)
6593: insert(0x80002034)
6594: insert(0x80004044)
6595: insert(0x8000b08e)
6596: insert(0x8000800e)
6597: insert(0x8000505c)
6598: insert(0x8000a09a)
6599: flush_page(0x80001) returns true/false
6600: insert(0x8000a05e)
6601: insert(0x800080e2)
6602: insert(0x8000902a)
6603: insert(0x80004066)
6604: insert(0x8000700a)
6605: insert(0x800070da)
6606: insert(0x80003002)
6607: flush_page(0x80007) returns true/true
6608: insert(0x80003088)
6609: insert(0x8000604e)
6610: flush_page(0x8000b) returns true/false
6611: flush()
6612: insert(0x800080a8)
6613: insert(0x800020a0)
6614: insert(0x80008002)
6615: flush_page(0x80006) returns false/false
6616: insert(0x8000505a)
6617: flush_page(0x80004) returns false/false
6618: flush_page(0x80001) returns false/false
6619: flush_page(0x8000a) returns false/false
6620: flush_page(0x80003) returns false/false
6621: flush_page(0x80005) returns true/true
6622: insert(0x800070ee)
6623: insert(0x8000709e)
6624: flush_page(0x80000) returns false/false
6625: insert(0x8000c0a0)
6626: insert(0x800060de)
6627: flush()
6628: insert(0x800000b6)
6629: insert(0x800030b2)
6630: flush_page(0x80006) returns false/false
6631: insert(0x8000c01c)
6632: insert(0x8000c04a)
6633: insert(0x8000c0da)
6634: insert(0x8000b004)
6635: insert(0x8000901c)
6636: insert(0x800030e2)
6637: insert(0x80009026)
6638: insert(0x80007016)
6639: insert(0x80007050)
6640: insert(0x8000108a)
6641: insert(0x800040cc)
6642: insert(0x8000c07e)
6643: insert(0x80001024)
6644: flush_page(0x8000b) returns true/false
6645: flush_page(0x80003) returns true/true
6646: flush_page(0x8000c) returns true/true
6647: insert(0x80002040)
6648: insert(0x8000502e)
6649: insert(0x800010b0)
6650: flush_page(0x80002) returns true/true
6651: insert(0x8000000e)
6652: insert(0x800040c8)
6653: insert(0x8000c020)
6654: flush()
6655: flush_page(0x80002) returns false/false
6656: insert(0x8000001c)
6657: flush_page(0x8000b) returns false/false
6658: insert(0x8000b0f6)
6659: insert(0x800040dc)
6660: insert(0x800000a2)
6661: flush_page(0x8000b) returns true/true
6662: insert(0x8000a038)
6663: insert(0x80007096)
6664: insert(0x8000a0d0)
6665: insert(0x80007018)
6666: flush_page(0x80002) returns false/false
6667: insert(0x8000b09a)
6668: flush_page(0x80000) returns true/true
6669: insert(0x800060b6)
6670: insert(0x80004042)
6671: flush_page(0x80009) returns false/false
6672: insert(0x8000207e)
6673: insert(0x8000505c)
6674: flush_page(0x80003) returns false/false
6675: flush()
6676: insert(0x800050a4)
6677: flush_page(0x80003) returns false/false
6678: insert(0x80005022)
6679: insert(0x8000007a)
6680: insert(0x800050aa)
6681: insert(0x800070f2)
6682: insert(0x8000602c)
6683: insert(0x80005040)
6684: insert(0x800020c8)
6685: insert(0x8000904c)
6686: flush_page(0x80003) returns false/false
6687: flush_page(0x8000b) returns false/false
6688: insert(0x8000003a)
6689: flush_page(0x8000b) returns false/false
6690: insert(0x8000b062)
6691: insert(0x8000105a)
6692: flush_page(0x80002) returns true/false
6693: insert(0x8000a000)
6694: flush_page(0x80006) returns true/true
6695: flush_page(0x80002) returns false/false
6696: insert(0x800080ac)
6697: insert(0x800030ca)
6698: insert(0x800000b0)
6699: insert(0x8000905c)
6700: flush_page(0x8000a) returns true/true
6701: flush_page(0x80004) returns false/false
6702: insert(0x8000300a)
6703: flush()
6704: flush_page(0x8000a) returns false/false
6705: insert(0x80003030)
6706: insert(0x80001070)
6707: flush_page(0x8000b) returns false/false
6708: insert(0x800080a8)
6709: insert(0x80001024)
6710: flush_page(0x80003) returns true/true
6711: insert(0x8000403a)
6712: insert(0x800040ee)
6713: flush_page(0x80003) returns false/false
6714: insert(0x8000c012)
6715: insert(0x8000a032)
6716: flush()
6717: flush_page(0x80009) returns false/false
6718: insert(0x8000c0e0)
6719: insert(0x800030c6)
6720: insert(0x800030a4)
6721: insert(0x800010ac)
6722: flush_page(0x80009) returns false/false
6723: insert(0x8000a0ea)
6724: insert(0x80007044)
6725: flush_page(0x8000b) returns false/false
6726: insert(0x800090c0)
6727: flush_page(0x80003) returns true/true
6728: flush_page(0x80008) returns false/false
6729: insert(0x80001084)
6730: flush_page(0x8000a) returns true/true
6731: flush_page(0x8000c) returns true/true
6732: insert(0x800090a4)
6733: insert(0x800050a6)
6734: insert(0x8000706e)
6735: insert(0x80003016)
6736: flush_page(0x80001) returns true/true
6737: insert(0x800050b6)
6738: flush()
6739: flush_page(0x80004) returns false/false
6740: insert(0x800000a2)
6741: insert(0x800050e8)
6742: flush_page(0x80006) returns false/false
6743: flush()
6744: insert(0x800030d8)
6745: insert(0x8000a0b8)
6746: insert(0x800080f6)
6747: insert(0x8000400e)
6748: insert(0x8000b0b8)
6749: insert(0x8000b08e)
6750: insert(0x800070fa)
6751: insert(0x800080ee)
6752: flush_page(0x80002) returns false/false
6753: insert(0x8000b034)
6754: insert(0x800090d6)
6755: insert(0x8000b016)
6756: insert(0x80008066)
6757: insert(0x800020dc)
6758: insert(0x8000602c)
6759: insert(0x8000709a)
6760: flush_page(0x80001) returns false/false
6761: insert(0x8000b050)
6762: insert(0x800090ca)
6763: flush()
6764: flush_page(0x80000) returns false/false
6765: flush_page(0x80007) returns false/false
6766: flush_page(0x8000a) returns false/false
6767: flush_page(0x80003) returns false/false
6768: insert(0x80006054)
6769: insert(0x80008022)
6770: flush()
6771: insert(0x8000a030)
6772: flush()
6773: flush_page(0x80001) returns false/false
6774: insert(0x80003070)
6775: insert(0x800090e4)
6776: insert(0x8000908e)
6777: insert(0x8000104e)
6778: flush_page(0x80007) returns false/false
6779: insert(0x80001052)
6780: insert(0x80006054)
6781: insert(0x800070b0)
6782: insert(0x800030d4)
6783: flush_page(0x80003) returns true/true
6784: insert(0x800000b4)
6785: flush_page(0x80008) returns false/false
6786: insert(0x8000806e)
6787: flush_page(0x80009) returns true/true
6788: insert(0x80008050)
6789: insert(0x800010c8)
6790: insert(0x8000b0c6)
6791: insert(0x800040ee)
6792: insert(0x80006062)
6793: insert(0x800020ac)
6794: flush_page(0x80004) returns true/false
6795: insert(0x800090cc)
6796: insert(0x800090aa)
6797: insert(0x80001052)
6798: insert(0x8000901a)
6799: insert(0x80000092)
6800: insert(0x800040a2)
6801: flush_page(0x8000a) returns false/false
6802: insert(0x800040ae)
6803: insert(0x80005040)
6804: flush_page(0x80005) returns true/true
6805: flush()
6806: insert(0x8000703e)
6807: insert(0x800050e0)
6808: insert(0x80002018)
6809: insert(0x8000c06c)
6810: insert(0x80000086)
6811: insert(0x8000a078)
6812: insert(0x800040d8)
6813: flush_page(0x80004) returns true/true
6814: insert(0x80002002)
6815: insert(0x8000c0fa)
6816: insert(0x8000a0fa)
6817: insert(0x80009084)
6818: flush_page(0x80005) returns true/true
6819: insert(0x8000301a)
6820: insert(0x8000501c)
6821: insert(0x80001024)
6822: insert(0x8000c01a)
6823: flush()
6824: flush_page(0x80009) returns false/false
6825: flush_page(0x80009) returns false/false
6826: flush()
6827: insert(0x8000108c)
6828: insert(0x800040f8)
6829: insert(0x80006024)
6830: flush_page(0x8000a) returns false/false
6831: insert(0x8000608e)
6832: insert(0x800070b4)
6833: insert(0x8000c054)
6834: flush_page(0x8000b) returns false/false
6835: insert(0x80007068)
6836: flush_page(0x8000a) returns false/false
6837: insert(0x800080e2)
6838: insert(0x8000b0b6)
6839: insert(0x80006046)
6840: insert(0x800050f8)
6841: insert(0x800040aa)
6842: insert(0x8000805e)
6843: insert(0x80009090)
6844: insert(0x800060ec)
6845: insert(0x80004008)
6846: insert(0x8000a02a)
6847: flush_page(0x80009) returns true/true
6848: insert(0x800060fe)
6849: insert(0x8000a0f2)
6850: insert(0x80000022)
6851: flush_page(0x80008) returns true/true
6852: flush_page(0x80001) returns true/true
6853: flush()
6854: flush_page(0x80005) returns false/false
6855: insert(0x800040e8)
6856: insert(0x8000801e)
6857: insert(0x8000806c)
6858: insert(0x800010ec)
6859: insert(0x800010a6)
6860: insert(0x80000082)
6861: insert(0x800060fe)
6862: insert(0x8000a0da)
6863: insert(0x800040d8)
6864: flush_page(0x80002) returns false/false
6865: insert(0x800050ec)
6866: flush_page(0x80007) returns false/false
6867: insert(0x8000101e)
6868: insert(0x800070e0)
6869: insert(0x800030dc)
6870: insert(0x8000c01c)
6871: flush_page(0x80009) returns false/false
6872: insert(0x800030b6)
6873: insert(0x800080d8)
6874: insert(0x8000c0f8)
6875: insert(0x8000a0ee)
6876: insert(0x80002000)
6877: flush_page(0x80006) returns true/false
6878: insert(0x800000f4)
6879: insert(0x80003070)
6880: flush_page(0x80001) returns true/false
6881: insert(0x8000002a)
6882: insert(0x800050f6)
6883: flush_page(0x80007) returns true/false
6884: flush_page(0x80001) returns false/false
6885: insert(0x8000608a)
6886: insert(0x80001070)
6887: flush_page(0x8000a) returns true/false
6888: insert(0x80007048)
6889: insert(0x8000303e)
6890: flush()
6891: insert(0x800010e6)
6892: insert(0x8000c012)
6893: insert(0x8000405c)
6894: insert(0x8000b064)
6895: insert(0x8000c0da)
6896: insert(0x80002004)
6897: insert(0x8000b016)
6898: flush_page(0x80001) returns true/true
6899: insert(0x800000e8)
6900: flush_page(0x8000c) returns true/true
6901: insert(0x8000b0ac)
6902: insert(0x800040fe)
6903: flush_page(0x80006) returns false/false
6904: insert(0x80004076)
6905: insert(0x80008010)
6906: flush()
6907: insert(0x800050cc)
6908: insert(0x8000102c)
6909: insert(0x8000107e)
6910: flush()
6911: flush_page(0x80006) returns false/false
6912: insert(0x800040e4)
6913: insert(0x8000408a)
6914: insert(0x8000a02c)
6915: insert(0x80003046)
6916: flush_page(0x80008) returns false/false
6917: insert(0x8000b070)
6918: insert(0x80003028)
6919: flush_page(0x8000a) returns true/true
6920: insert(0x8000607e)
6921: insert(0x8000607a)
6922: insert(0x80000092)
6923: insert(0x80008016)
6924: flush()
6925: insert(0x8000b006)
6926: insert(0x800080c2)
6927: insert(0x8000304c)
6928: insert(0x80000038)
6929: insert(0x8000708c)
6930: insert(0x80008090)
6931: flush_page(0x80001) returns false/false
6932: insert(0x800090b2)
6933: insert(0x800050d8)
6934: flush_page(0x8000a) returns false/false
6935: flush_page(0x80004) returns false/false
6936: insert(0x80002090)
6937: flush_page(0x80005) returns true/true
6938: flush_page(0x8000b) returns true/true
6939: flush_page(0x8000b) returns false/false
6940: flush_page(0x80006) returns false/false
6941: flush_page(0x8000a) returns false/false
6942: flush_page(0x80006) returns false/false
6943: insert(0x8000a048)
6944: insert(0x8000905c)
6945: insert(0x800030c8)
6946: insert(0x800030d0)
6947: flush_page(0x8000b) returns false/false
6948: insert(0x800080ea)
6949: insert(0x80008008)
6950: insert(0x800060f2)
6951: insert(0x800010a4)
6952: insert(0x80003024)
6953: insert(0x8000c028)
6954: flush_page(0x80006) returns true/true
6955: flush_page(0x80002) returns true/false
6956: flush()
6957: flush_page(0x80001) returns false/false
6958: flush_page(0x80001) returns false/false
6959: flush_page(0x80001) returns false/false
6960: insert(0x80003042)
6961: insert(0x800050e0)
6962: insert(0x8000a046)
6963: insert(0x800020d8)
6964: insert(0x800030f0)
6965: insert(0x800020ca)
6966: insert(0x8000608a)
6967: insert(0x8000b070)
6968: flush_page(0x80000) returns false/false
6969: insert(0x8000606a)
6970: flush_page(0x8000a) returns true/true
6971: insert(0x80009036)
6972: insert(0x8000b056)
6973: insert(0x80006018)
6974: insert(0x800090ca)
6975: flush_page(0x8000c) returns false/false
6976: flush_page(0x8000a) returns false/false
6977: flush_page(0x80007) returns false/false
6978: flush_page(0x80001) returns false/false
6979: flush_page(0x80005) returns true/true
6980: flush_page(0x80005) returns false/false
6981: insert(0x80001062)
6982: insert(0x800080ac)
6983: insert(0x800000fc)
6984: insert(0x800010f6)
6985: insert(0x800000da)
6986: insert(0x800080b6)
6987: flush_page(0x80009) returns true/true
6988: flush_page(0x80001) returns true/true
6989: insert(0x8000a068)
6990: flush_page(0x80001) returns false/false
6991: insert(0x80009042)
6992: insert(0x80005084)
6993: insert(0x80002006)
6994: insert(0x8000107c)
6995: insert(0x80004084)
6996: insert(0x800090ac)
6997: insert(0x800060a6)
6998: insert(0x8000c0d2)
6999: insert(0x800040c0)
7000: flush_page(0x80008) returns true/true
7001: flush_page(0x80002) returns true/false
7002: insert(0x8000b0de)
7003: flush_page(0x80009) returns true/true
7004: insert(0x8000502a)
7005: insert(0x800070d2)
7006: insert(0x8000302a)
7007: insert(0x8000c084)
7008: flush_page(0x8000c) returns true/true
7009: flush_page(0x80009) returns false/false
7010: insert(0x800070f8)
7011: insert(0x800020ca)
7012: flush_page(0x80004) returns true/true
7013: insert(0x80008064)
7014: insert(0x8000c0d6)
7015: flush_page(0x80002) returns true/false
7016: insert(0x8000508a)
7017: insert(0x800090b2)
7018: insert(0x800010fa)
7019: insert(0x8000a004)
7020: insert(0x800000fe)
7021: insert(0x8000c084)
7022: flush_page(0x80001) returns true/true
7023: flush_page(0x80000) returns true/true
7024: insert(0x80009072)
7025: insert(0x800080d2)
7026: insert(0x80000056)
7027: insert(0x80001096)
7028: flush_page(0x80004) returns false/false
7029: flush_page(0x80005) returns true/true
7030: flush_page(0x80005) returns false/false
7031: insert(0x80006002)
7032: insert(0x8000806c)
7033: insert(0x8000204e)
7034: insert(0x8000907c)
7035: insert(0x800090c2)
7036: insert(0x8000506a)
7037: insert(0x800030dc)
7038: flush()
7039: insert(0x80009020)
7040: insert(0x8000c02e)
7041: insert(0x8000a0d0)
7042: insert(0x80007094)
7043: flush_page(0x8000c) returns true/true
7044: insert(0x8000b0c0)
7045: insert(0x8000508e)
7046: flush_page(0x8000b) returns true/true
7047: flush_page(0x80007) returns true/true
7048: insert(0x800070f4)
7049: flush_page(0x80009) returns true/true
7050: flush_page(0x80008) returns false/false
7051: flush_page(0x80008) returns false/false
7052: insert(0x800090b6)
7053: insert(0x8000403c)
7054: flush_page(0x80008) returns false/false
7055: insert(0x80006080)
7056: insert(0x800090b0)
7057: insert(0x8000c07a)
7058: insert(0x8000c0ae)
7059: insert(0x800050e8)
7060: insert(0x8000a04a)
7061: flush_page(0x80003) returns false/false
7062: insert(0x800010f8)
7063: insert(0x800020d0)
7064: insert(0x8000106e)
7065: insert(0x8000706e)
7066: insert(0x800000f0)
7067: insert(0x80000082)
7068: insert(0x800010d0)
7069: insert(0x80007030)
7070: insert(0x800080ca)
7071: insert(0x8000a0b8)
7072: insert(0x800080f6)
7073: insert(0x8000b092)
7074: insert(0x8000003c)
7075: flush()
7076: flush_page(0x8000a) returns false/false
7077: insert(0x8000c0b6)
7078: insert(0x80005046)
7079: insert(0x80008006)
7080: insert(0x8000104e)
7081: insert(0x8000504e)
7082: flush_page(0x80009) returns false/false
7083: flush()
7084: flush_page(0x80005) returns false/false
7085: insert(0x800030c6)
7086: flush_page(0x80008) returns false/false
7087: insert(0x80007010)
7088: insert(0x80006020)
7089: insert(0x80004028)
7090: flush_page(0x80006) returns true/true
7091: insert(0x80001038)
7092: insert(0x8000202c)
7093: flush_page(0x80002) returns true/true
7094: insert(0x8000b064)
7095: insert(0x800060d6)
7096: insert(0x800010a0)
7097: flush_page(0x80000) returns false/false
7098: insert(0x8000204e)
7099: insert(0x8000c0b2)
7100: flush_page(0x8000a) returns false/false
7101: insert(0x8000904c)
7102: insert(0x80007028)
7103: insert(0x80002062)
7104: insert(0x8000000e)
7105: flush_page(0x80005) returns false/false
7106: insert(0x80009034)
7107: flush()
7108: flush()
7109: flush()
7110: flush_page(0x80002) returns false/false
7111: insert(0x8000a0a2)
7112: insert(0x8000a058)
7113: insert(0x80009052)
7114: insert(0x8000301a)
7115: insert(0x80001086)
7116: insert(0x800000f2)
7117: insert(0x80006038)
7118: insert(0x80005076)
7119: insert(0x800000ba)
7120: insert(0x800070f8)
7121: insert(0x8000206a)
7122: insert(0x800090f6)
7123: insert(0x80006048)
7124: insert(0x80007036)
7125: insert(0x80005042)
7126: flush_page(0x80007) returns true/true
7127: insert(0x8000a026)
7128: insert(0x800010a2)
7129: insert(0x8000a00c)
7130: insert(0x80001024)
7131: insert(0x800030ba)
7132: insert(0x800000be)
7133: insert(0x80004070)
7134: flush_page(0x80003) returns true/false
7135: insert(0x8000308c)
7136: flush()
7137: insert(0x80004096)
7138: insert(0x8000803a)
7139: insert(0x800020ea)
7140: insert(0x8000a0be)
7141: flush_page(0x80003) returns false/false
7142: insert(0x800030dc)
7143: insert(0x800040aa)
7144: insert(0x8000c000)
7145: insert(0x80003004)
7146: insert(0x800090e2)
7147: insert(0x8000609a)
7148: insert(0x800050ae)
7149: insert(0x800020ce)
7150: insert(0x8000a0b8)
7151: flush()
7152: flush()
7153: insert(0x800020c8)
7154: flush_page(0x8000a) returns false/false
7155: flush()
7156: insert(0x8000c00e)
7157: insert(0x8000c0be)
7158: insert(0x8000b098)
7159: flush_page(0x80009) returns false/false
7160: insert(0x8000b05a)
7161: insert(0x800040aa)
7162: insert(0x8000b02a)
7163: insert(0x8000b008)
7164: flush_page(0x80007) returns false/false
7165: insert(0x800070e6)
7166: flush_page(0x80003) returns false/false
7167: flush_page(0x80003) returns false/false
7168: insert(0x8000207c)
7169: insert(0x8000b006)
7170: insert(0x8000c0b0)
7171: insert(0x80004062)
7172: insert(0x8000b06a)
7173: insert(0x80005042)
7174: insert(0x8000b018)
7175: insert(0x8000303c)
7176: insert(0x800010fe)
7177: insert(0x8000909c)
7178: flush_page(0x80008) returns false/false
7179: flush()
7180: insert(0x80005026)
7181: insert(0x8000802c)
7182: insert(0x80002094)
7183: insert(0x80005018)
7184: flush()
7185: insert(0x8000503e)
7186: insert(0x800060ca)
7187: insert(0x800060c0)
7188: insert(0x8000a0ce)
7189: flush()
7190: insert(0x8000c00a)
7191: flush_page(0x80009) returns false/false
7192: insert(0x80005078)
7193: insert(0x80008092)
7194: insert(0x800040fa)
7195: insert(0x8000b0b2)
7196: insert(0x800050c2)
7197: insert(0x80006042)
7198: insert(0x8000c07e)
7199: insert(0x80007034)
7200: insert(0x800050d2)
7201: insert(0x8000804c)
7202: insert(0x800050d8)
7203: insert(0x8000c0e0)
7204: insert(0x8000600a)
7205: insert(0x8000c002)
7206: insert(0x80007028)
7207: insert(0x8000009c)
7208: flush_page(0x80007) returns true/true
7209: insert(0x800050f6)
7210: insert(0x80004068)
7211: insert(0x80008044)
7212: insert(0x80004070)
7213: flush_page(0x8000b) returns true/false
7214: flush_page(0x80006) returns true/false
7215: insert(0x800000a0)
7216: insert(0x800060bc)
7217: insert(0x800030c0)
7218: flush()
7219: insert(0x8000a01a)
7220: insert(0x80001052)
7221: insert(0x800060f2)
7222: flush_page(0x80002) returns false/false
7223: insert(0x80009098)
7224: insert(0x80001012)
7225: insert(0x80007058)
7226: insert(0x800050c0)
7227: insert(0x80000018)
7228: flush_page(0x8000c) returns false/false
7229: insert(0x800010a6)
7230: flush_page(0x8000c) returns false/false
7231: insert(0x80004052)
7232: insert(0x80002098)
7233: insert(0x8000706c)
7234: insert(0x8000b002)
7235: insert(0x8000603e)
7236: insert(0x8000c022)
7237: insert(0x8000b046)
7238: insert(0x8000a096)
7239: insert(0x8000b09e)
7240: insert(0x80000032)
7241: insert(0x800020a0)
7242: insert(0x8000b0e8)
7243: insert(0x800090c4)
7244: flush_page(0x80000) returns true/true
7245: flush_page(0x80008) returns false/false
7246: insert(0x8000506e)
7247: insert(0x800070b0)
7248: insert(0x800020b8)
7249: insert(0x8000a0c0)
7250: insert(0x800030cc)
7251: flush_page(0x8000b) returns true/true
7252: flush_page(0x80005) returns true/true
7253: flush_page(0x80008) returns false/false
7254: flush_page(0x8000c) returns true/false
7255: flush_page(0x80009) returns true/false
7256: insert(0x8000003e)
7257: flush_page(0x8000c) returns false/false
7258: flush_page(0x8000a) returns true/true
7259: insert(0x8000208e)
7260: insert(0x8000102a)
7261: insert(0x8000900c)
7262: insert(0x80002042)
7263: insert(0x800080f8)
7264: insert(0x8000707a)
7265: flush_page(0x80004) returns true/false
7266: flush_page(0x80004) returns false/false
7267: insert(0x800090c2)
7268: flush_page(0x80005) returns false/false
7269: insert(0x80008024)
7270: flush_page(0x80002) returns true/true
7271: insert(0x8000c008)
7272: insert(0x800020f0)
7273: flush_page(0x8000a) returns false/false
7274: insert(0x8000906c)
7275: flush_page(0x80003) returns true/false
7276: insert(0x8000c02e)
7277: insert(0x80004042)
7278: insert(0x8000a05e)
7279: flush_page(0x80003) returns false/false
7280: insert(0x800080e2)
7281: insert(0x800020b8)
7282: insert(0x8000b0a6)
7283: insert(0x800090a2)
7284: insert(0x80001006)
7285: flush_page(0x80005) returns false/false
7286: flush()
7287: flush()
7288: insert(0x80001096)
7289: insert(0x8000b008)
7290: insert(0x800050fa)
7291: flush_page(0x80004) returns false/false
7292: insert(0x80009008)
7293: insert(0x80001084)
7294: flush_page(0x8000c) returns false/false
7295: insert(0x800000ae)
7296: insert(0x80008024)
7297: flush_page(0x80000) returns true/true
7298: insert(0x80008032)
7299: insert(0x8000003c)
7300: flush()
7301: insert(0x80009076)
7302: insert(0x80000060)
7303: insert(0x800090f2)
7304: insert(0x8000103c)
7305: flush_page(0x80004) returns false/false
7306: insert(0x800060e4)
7307: insert(0x8000a006)
7308: flush_page(0x80007) returns false/false
7309: insert(0x800010d2)
7310: insert(0x800020ae)
7311: insert(0x80004008)
7312: insert(0x8000b00c)
7313: insert(0x800070a4)
7314: insert(0x8000c048)
7315: flush()
7316: insert(0x800090cc)
7317: insert(0x80009030)
7318: insert(0x8000c0ce)
7319: insert(0x8000801a)
7320: flush_page(0x80009) returns true/true
7321: insert(0x8000a056)
7322: insert(0x8000b0fc)
7323: insert(0x80008078)
7324: insert(0x8000703e)
7325: insert(0x80003076)
7326: insert(0x800060a0)
7327: insert(0x800060ae)
7328: insert(0x8000805a)
7329: insert(0x8000b0b0)
7330: insert(0x80005000)
7331: insert(0x8000b032)
7332: insert(0x8000a088)
7333: flush_page(0x80003) returns true/false
7334: flush_page(0x80004) returns false/false
7335: flush_page(0x80006) returns true/true
7336: insert(0x8000505a)
7337: insert(0x80004068)
7338: insert(0x8000908c)
7339: insert(0x800050b2)
7340: insert(0x8000b056)
7341: insert(0x800060e6)
7342: insert(0x8000705e)
7343: insert(0x800030fa)
7344: insert(0x800020f0)
7345: flush_page(0x80001) returns false/false
7346: insert(0x800010fa)
7347: insert(0x8000209c)
7348: insert(0x8000902a)
7349: flush()
7350: insert(0x800080b8)
7351: insert(0x8000c0e6)
7352: flush_page(0x80001) returns false/false
7353: flush()
7354: insert(0x8000407c)
7355: flush_page(0x80003) returns false/false
7356: flush_page(0x80006) returns false/false
7357: insert(0x8000a0f0)
7358: insert(0x80003094)
7359: flush_page(0x80006) returns false/false
7360: insert(0x8000a00a)
7361: insert(0x80002024)
7362: flush_page(0x80009) returns false/false
7363: insert(0x8000a0f8)
7364: insert(0x800090e0)
7365: insert(0x800090ee)
7366: flush()
7367: flush_page(0x80001) returns false/false
7368: flush_page(0x80008) returns false/false
7369: insert(0x800030da)
7370: insert(0x8000309a)
7371: insert(0x8000101e)
7372: insert(0x8000904a)
7373: insert(0x8000c036)
7374: insert(0x8000c0f8)
7375: insert(0x80009096)
7376: flush_page(0x80008) returns false/false
7377: insert(0x800060fa)
7378: insert(0x800000b8)
7379: insert(0x80004052)
7380: insert(0x800040d0)
7381: flush()
7382: insert(0x800040cc)
7383: insert(0x8000605a)
7384: flush_page(0x8000c) returns false/false
7385: insert(0x800030f6)
7386: flush_page(0x80002) returns false/false
7387: flush_page(0x8000b) returns false/false
7388: flush_page(0x8000c) returns false/false
7389: flush_page(0x80002) returns false/false
7390: insert(0x8000c086)
7391: insert(0x8000403e)
7392: flush_page(0x80008) returns false/false
7393: insert(0x8000205e)
7394: insert(0x8000704c)
7395: insert(0x800050e2)
7396: insert(0x80000014)
7397: insert(0x8000c040)
7398: insert(0x8000b092)
7399: insert(0x8000a00c)
7400: flush_page(0x80000) returns true/false
7401: flush()
7402: insert(0x800030fa)
7403: insert(0x80009064)
7404: insert(0x80009074)
7405: insert(0x800060b8)
7406: insert(0x80000084)
7407: insert(0x8000b018)
7408: insert(0x8000a094)
7409: insert(0x800010a4)
7410: insert(0x80002072)
7411: insert(0x8000503a)
7412: insert(0x8000102a)
7413: insert(0x800090c6)
7414: flush_page(0x80007) returns false/false
7415: insert(0x80002016)
7416: insert(0x800040d8)
7417: flush_page(0x80005) returns true/false
7418: flush_page(0x80001) returns true/true
7419: insert(0x80003074)
7420: insert(0x80005020)
7421: insert(0x8000705e)
7422: flush_page(0x8000c) returns false/false
7423: insert(0x800020ba)
7424: insert(0x800080da)
7425: flush()
7426: insert(0x80001074)
7427: flush_page(0x8000a) returns false/false
7428: insert(0x8000a0b2)
7429: insert(0x8000a0da)
7430: flush()
7431: insert(0x80009074)
7432: insert(0x800010b6)
7433: flush_page(0x80008) returns false/false
7434: insert(0x800070fa)
7435: insert(0x800050d6)
7436: flush_page(0x80009) returns true/true
7437: flush_page(0x80007) returns true/true
7438: insert(0x80005076)
7439: insert(0x8000b044)
7440: insert(0x8000a0d8)
7441: flush_page(0x80009) returns false/false
7442: insert(0x8000703c)
7443: insert(0x80000020)
7444: flush()
7445: insert(0x800020c4)
7446: flush_page(0x80009) returns false/false
7447: insert(0x8000b00e)
7448: insert(0x8000802e)
7449: insert(0x8000c040)
7450: flush_page(0x80004) returns false/false
7451: insert(0x80008058)
7452: insert(0x8000208a)
7453: insert(0x8000a0ec)
7454: flush_page(0x80008) returns true/true
7455: insert(0x80002020)
7456: flush_page(0x8000b) returns true/true
7457: flush_page(0x80001) returns false/false
7458: insert(0x800090ba)
7459: insert(0x80001026)
7460: insert(0x80008042)
7461: insert(0x800070aa)
7462: flush_page(0x80009) returns true/true
7463: insert(0x8000c09c)
7464: insert(0x8000509a)
7465: insert(0x8000602c)
7466: flush()
7467: flush_page(0x8000b) returns false/false
7468: flush_page(0x80006) returns false/false
7469: flush_page(0x8000a) returns false/false
7470: insert(0x800060ac)
7471: flush_page(0x8000a) returns false/false
7472: insert(0x8000b000)
7473: insert(0x800060a8)
7474: insert(0x80008078)
7475: flush_page(0x80001) returns false/false
7476: insert(0x80002062)
7477: insert(0x8000a01e)
7478: insert(0x800050da)
7479: flush_page(0x80004) returns false/false
7480: insert(0x80009062)
7481: flush_page(0x80003) returns false/false
7482: insert(0x8000908c)
7483: insert(0x800040aa)
7484: flush()
7485: insert(0x800010ba)
7486: flush_page(0x80004) returns false/false
7487: insert(0x8000b07c)
7488: insert(0x8000c050)
7489: flush_page(0x8000a) returns false/false
7490: insert(0x80006048)
7491: insert(0x8000b046)
7492: insert(0x8000009c)
7493: insert(0x800000ec)
7494: insert(0x8000200e)
7495: insert(0x800020d8)
7496: flush_page(0x80003) returns false/false
7497: insert(0x8000905e)
7498: insert(0x80009052)
7499: insert(0x80000068)
7500: insert(0x8000206e)
7501: insert(0x800080ee)
7502: insert(0x80003058)
7503: insert(0x8000b0ea)
7504: insert(0x80004052)
7505: insert(0x8000c052)
7506: insert(0x8000801e)
7507: insert(0x8000501c)
7508: insert(0x800010c8)
7509: flush_page(0x80007) returns false/false
7510: insert(0x8000a034)
7511: flush()
7512: insert(0x8000a022)
7513: flush()
7514: flush_page(0x8000a) returns false/false
7515: flush_page(0x80003) returns false/false
7516: insert(0x8000c0d0)
7517: flush_page(0x80001) returns false/false
7518: flush_page(0x8000a) returns false/false
7519: flush_page(0x80000) returns false/false
7520: insert(0x8000c098)
7521: flush_page(0x80005) returns false/false
7522: flush_page(0x80004) returns false/false
7523: insert(0x8000b064)
7524: insert(0x80002042)
7525: flush_page(0x80006) returns false/false
7526: insert(0x8000600a)
7527: flush_page(0x80002) returns true/true
7528: flush_page(0x80008) returns false/false
7529: insert(0x800010d4)
7530: flush()
7531: insert(0x8000b0fe)
7532: insert(0x8000a05a)
7533: insert(0x8000b0c8)
7534: flush_page(0x8000a) returns true/true
7535: insert(0x800000c4)
7536: insert(0x8000906a)
7537: insert(0x8000c0d6)
7538: flush_page(0x80000) returns true/true
7539: flush_page(0x80006) returns false/false
7540: insert(0x8000109c)
7541: flush_page(0x80001) returns true/true
7542: insert(0x800000e0)
7543: flush_page(0x80006) returns false/false
7544: flush()
7545: insert(0x8000a0dc)
7546: insert(0x80005088)
7547: flush_page(0x80001) returns false/false
7548: insert(0x80005014)
7549: insert(0x800080ec)
7550: insert(0x8000c09a)
7551: insert(0x80005048)
7552: insert(0x800090c6)
7553: insert(0x8000301c)
7554: insert(0x8000b078)
7555: flush_page(0x80003) returns true/true
7556: insert(0x800040a8)
7557: flush_page(0x80005) returns true/true
7558: insert(0x80003012)
7559: flush()
7560: insert(0x800030e0)
7561: insert(0x800000ba)
7562: insert(0x8000a0c4)
7563: insert(0x800050f4)
7564: insert(0x8000a010)
7565: insert(0x8000801e)
7566: insert(0x8000a04a)
7567: flush_page(0x80009) returns false/false
7568: flush_page(0x80005) returns true/true
7569: insert(0x800020f2)
7570: insert(0x80002058)
7571: insert(0x800020b6)
7572: insert(0x800060f0)
7573: insert(0x800060ec)
7574: flush_page(0x8000a) returns true/true
7575: insert(0x8000502a)
7576: insert(0x8000906e)
7577: flush_page(0x80001) returns false/false
7578: insert(0x8000c01c)
7579: flush()
7580: insert(0x800060dc)
7581: insert(0x80006088)
7582: insert(0x800060ac)
7583: flush_page(0x8000b) returns false/false
7584: insert(0x80003024)
7585: insert(0x8000b0b4)
7586: insert(0x800000b2)
7587: insert(0x8000509c)
7588: flush_page(0x80002) returns false/false
7589: flush_page(0x80009) returns false/false
7590: insert(0x8000504e)
7591: insert(0x800010b0)
7592: insert(0x800010ec)
7593: insert(0x80004018)
7594: insert(0x800050b2)
7595: insert(0x80005048)
7596: insert(0x80002054)
7597: flush_page(0x80005) returns true/true
7598: insert(0x80009044)
7599: insert(0x80004004)
7600: insert(0x80001092)
7601: insert(0x80008092)
7602: insert(0x8000405c)
7603: insert(0x8000509e)
7604: flush()
7605: flush_page(0x80005) returns false/false
7606: insert(0x80004056)
7607: flush_page(0x80007) returns false/false
7608: insert(0x80004084)
7609: insert(0x8000508a)
7610: flush_page(0x8000a) returns false/false
7611: insert(0x8000c0a8)
7612: flush_page(0x8000b) returns false/false
7613: flush_page(0x80004) returns true/true
7614: insert(0x800090ec)
7615: insert(0x8000c034)
7616: insert(0x800030c2)
7617: insert(0x800020e6)
7618: insert(0x8000c0c4)
7619: flush()
7620: insert(0x8000206c)
7621: flush_page(0x80007) returns false/false
7622: flush_page(0x8000c) returns false/false
7623: insert(0x800040c6)
7624: insert(0x8000c0de)
7625: insert(0x800030d0)
7626: insert(0x800020d6)
7627: flush_page(0x80002) returns true/true
7628: insert(0x800070fa)
7629: flush_page(0x80009) returns false/false
7630: insert(0x80007000)
7631: insert(0x8000a032)
7632: flush_page(0x80009) returns false/false
7633: insert(0x8000a04a)
7634: insert(0x8000100c)
7635: flush_page(0x80007) returns true/true
7636: flush_page(0x8000b) returns false/false
7637: insert(0x80006050)
7638: insert(0x800080ca)
7639: flush()
7640: insert(0x80006068)
7641: insert(0x800010a8)
7642: flush()
7643: flush_page(0x80001) returns false/false
7644: insert(0x8000a070)
7645: insert(0x80000006)
7646: insert(0x8000b022)
7647: insert(0x8000805c)
7648: insert(0x8000c090)
7649: insert(0x80008074)
7650: insert(0x80000052)
7651: insert(0x8000c0e6)
7652: insert(0x8000a088)
7653: insert(0x800020ce)
7654: insert(0x8000a0b2)
7655: insert(0x8000406e)
7656: insert(0x8000307a)
7657: insert(0x800030a8)
7658: insert(0x800090f6)
7659: insert(0x800040e6)
7660: insert(0x800040a6)
7661: insert(0x8000a0d8)
7662: insert(0x800070b6)
7663: flush()
7664: flush_page(0x80001) returns false/false
7665: insert(0x800030e4)
7666: insert(0x8000101c)
7667: flush()
7668: flush_page(0x80004) returns false/false
7669: insert(0x800040a2)
7670: flush_page(0x80009) returns false/false
7671: insert(0x800080ec)
7672: insert(0x8000006e)
7673: insert(0x8000308a)
7674: insert(0x800010b0)
7675: flush_page(0x8000a) returns false/false
7676: insert(0x80006082)
7677: insert(0x8000006a)
7678: insert(0x800020f2)
7679: insert(0x800000a0)
7680: insert(0x80000070)
7681: insert(0x8000a050)
7682: insert(0x800020ec)
7683: insert(0x8000b0fa)
7684: insert(0x8000208e)
7685: insert(0x800020e2)
7686: insert(0x8000b028)
7687: insert(0x80004048)
7688: flush()
7689: insert(0x80007048)
7690: flush_page(0x80009) returns false/false
7691: flush_page(0x80003) returns false/false
7692: insert(0x800030b2)
7693: insert(0x800000a8)
7694: insert(0x800000ae)
7695: insert(0x800020b8)
7696: flush_page(0x80005) returns false/false
7697: insert(0x800080e0)
7698: insert(0x80008002)
7699: flush_page(0x80009) returns false/false
7700: flush_page(0x80005) returns false/false
7701: flush_page(0x80000) returns true/true
7702: insert(0x80007052)
7703: insert(0x80005032)
7704: flush_page(0x80007) returns true/true
7705: insert(0x800060ee)
7706: insert(0x80003074)
7707: insert(0x8000a01a)
7708: insert(0x8000304e)
7709: insert(0x800080fa)
7710: insert(0x800010c4)
7711: insert(0x80006000)
7712: flush_page(0x80005) returns true/true
7713: insert(0x8000b02a)
7714: insert(0x8000803c)
7715: insert(0x8000c0f4)
7716: insert(0x800080be)
7717: insert(0x80004036)
7718: insert(0x80008058)
7719: flush_page(0x80005) returns false/false
7720: insert(0x8000a084)
7721: flush_page(0x80006) returns true/false
7722: flush_page(0x8000c) returns true/true
7723: insert(0x80001072)
7724: flush()
7725: insert(0x800080e2)
7726: insert(0x80005032)
7727: insert(0x80004044)
7728: flush()
7729: flush_page(0x8000c) returns false/false
7730: insert(0x8000502c)
7731: insert(0x8000a000)
7732: flush_page(0x80007) returns false/false
7733: insert(0x8000c04a)
7734: insert(0x80002064)
7735: flush_page(0x80006) returns false/false
7736: insert(0x8000c02c)
7737: flush()
7738: insert(0x80005026)
7739: insert(0x8000b038)
7740: flush_page(0x80009) returns false/false
7741: insert(0x800090f6)
7742: insert(0x8000b0c6)
7743: insert(0x800050be)
7744: insert(0x80003020)
7745: insert(0x800050e8)
7746: insert(0x80009040)
7747: flush_page(0x80009) returns true/true
7748: insert(0x80004048)
7749: insert(0x80003020)
7750: insert(0x8000201c)
7751: flush_page(0x8000b) returns true/true
7752: insert(0x800040f4)
7753: flush_page(0x80008) returns false/false
7754: flush_page(0x80007) returns false/false
7755: insert(0x800010d6)
7756: insert(0x8000109c)
7757: insert(0x80008008)
7758: insert(0x80005088)
7759: insert(0x8000b0fc)
7760: insert(0x800050ca)
7761: insert(0x800010aa)
7762: flush()
7763: insert(0x8000c00a)
7764: insert(0x8000b022)
7765: insert(0x800080b8)
7766: flush_page(0x80007) returns false/false
7767: insert(0x800080cc)
7768: insert(0x8000303a)
7769: insert(0x8000508e)
7770: flush_page(0x80003) returns true/true
7771: insert(0x80007010)
7772: insert(0x800080b6)
7773: insert(0x8000a0b2)
7774: insert(0x800090ce)
7775: flush()
7776: insert(0x8000c024)
7777: insert(0x80001034)
7778: flush()
7779: insert(0x80002092)
7780: insert(0x8000a0a0)
7781: insert(0x80002028)
7782: insert(0x8000c0d2)
7783: flush_page(0x80000) returns false/false
7784: insert(0x80003038)
7785: insert(0x80004046)
7786: flush()
7787: insert(0x80004026)
7788: flush_page(0x8000a) returns false/false
7789: insert(0x80001010)
7790: insert(0x8000a0e0)
7791: flush_page(0x8000c) returns false/false
7792: insert(0x80008056)
7793: insert(0x800030a8)
7794: insert(0x8000000a)
7795: insert(0x8000a0d0)
7796: insert(0x8000a07c)
7797: flush_page(0x80009) returns false/false
7798: insert(0x80006054)
7799: insert(0x8000b086)
7800: flush_page(0x8000c) returns false/false
7801: flush_page(0x80002) returns false/false
7802: insert(0x8000a0c8)
7803: flush_page(0x8000b) returns true/true
7804: flush()
7805: insert(0x800040da)
7806: insert(0x80009062)
7807: insert(0x80008010)
7808: insert(0x800080ca)
7809: insert(0x8000a0fc)
7810: insert(0x8000601e)
7811: insert(0x800060fa)
7812: insert(0x8000c0d8)
7813: insert(0x8000b0ce)
7814: insert(0x8000a0c4)
7815: insert(0x80004064)
7816: insert(0x80008006)
7817: insert(0x80003024)
7818: insert(0x80003092)
7819: flush()
7820: insert(0x8000307c)
7821: insert(0x800020ae)
7822: insert(0x8000304c)
7823: insert(0x80007008)
7824: flush_page(0x80007) returns true/true
7825: insert(0x80003078)
7826: insert(0x8000903c)
7827: flush_page(0x80001) returns false/false
7828: flush_page(0x8000a) returns false/false
7829: insert(0x8000b0a2)
7830: insert(0x800000ac)
7831: flush_page(0x80006) returns false/false
7832: flush_page(0x80006) returns false/false
7833: insert(0x80003020)
7834: insert(0x8000503c)
7835: flush()
7836: insert(0x8000b0e4)
7837: insert(0x800040b8)
7838: flush_page(0x80008) returns false/false
7839: flush_page(0x80009) returns false/false
7840: insert(0x800080dc)
7841: insert(0x800000f4)
7842: flush_page(0x80004) returns true/true
7843: insert(0x8000c01e)
7844: insert(0x800030ea)
7845: insert(0x8000004e)
7846: insert(0x800080aa)
7847: insert(0x80001074)
7848: insert(0x8000a0fc)
7849: insert(0x80006018)
7850: insert(0x8000506c)
7851: insert(0x8000906a)
7852: insert(0x80000032)
7853: insert(0x80001090)
7854: flush_page(0x80003) returns true/false
7855: insert(0x8000906a)
7856: insert(0x8000b0ee)
7857: insert(0x800020e4)
7858: insert(0x8000601a)
7859: insert(0x800070c8)
7860: insert(0x800080b2)
7861: insert(0x8000308e)
7862: insert(0x80005066)
7863: insert(0x800040f8)
7864: flush_page(0x80009) returns true/true
7865: insert(0x80006024)
7866: insert(0x8000600e)
7867: insert(0x8000501a)
7868: insert(0x800040de)
7869: insert(0x8000c070)
7870: insert(0x80005028)
7871: insert(0x800070ec)
7872: insert(0x8000808e)
7873: insert(0x80003020)
7874: insert(0x8000a066)
7875: insert(0x800040ce)
7876: insert(0x80007014)
7877: flush_page(0x8000a) returns true/false
7878: insert(0x80004010)
7879: insert(0x800060ba)
7880: insert(0x80000036)
7881: insert(0x8000a07e)
7882: insert(0x800030b4)
7883: insert(0x80004050)
7884: insert(0x800020f2)
7885: insert(0x800040a6)
7886: insert(0x800020b2)
7887: insert(0x8000b0da)
7888: insert(0x800020e8)
7889: flush()
7890: flush_page(0x80003) returns false/false
7891: insert(0x800060e6)
7892: insert(0x800040de)
7893: insert(0x8000501a)
7894: flush_page(0x80000) returns false/false
7895: insert(0x80007070)
7896: flush_page(0x80005) returns true/true
7897: insert(0x8000b0b6)
7898: insert(0x8000c0f4)
7899: insert(0x8000b0e2)
7900: insert(0x80001096)
7901: insert(0x80008050)
7902: insert(0x8000b030)
7903: insert(0x80009034)
7904: insert(0x8000b092)
7905: insert(0x8000a050)
7906: flush()
7907: insert(0x80003016)
7908: insert(0x8000c026)
7909: insert(0x80009020)
7910: flush()
7911: flush_page(0x80005) returns false/false
7912: insert(0x800040ea)
7913: insert(0x800010b8)
7914: flush_page(0x80000) returns false/false
7915: insert(0x8000b04c)
7916: flush()
7917: insert(0x80006068)
7918: insert(0x800020c2)
7919: flush()
7920: flush()
7921: insert(0x80005048)
7922: insert(0x8000502c)
7923: insert(0x800010de)
7924: insert(0x800090b8)
7925: flush_page(0x80003) returns false/false
7926: insert(0x80003070)
7927: flush_page(0x80003) returns true/true
7928: flush_page(0x80006) returns false/false
7929: insert(0x80001098)
7930: flush_page(0x80008) returns false/false
7931: insert(0x80005010)
7932: insert(0x8000a0e0)
7933: insert(0x8000700c)
7934: insert(0x8000b058)
7935: insert(0x800050f4)
7936: flush_page(0x80007) returns true/true
7937: insert(0x800060ac)
7938: insert(0x8000c00a)
7939: insert(0x8000305c)
7940: insert(0x800020dc)
7941: insert(0x80004080)
7942: flush_page(0x80002) returns true/true
7943: flush()
7944: insert(0x800010ee)
7945: insert(0x80000026)
7946: insert(0x800020c6)
7947: insert(0x8000b036)
7948: insert(0x800050fe)
7949: flush_page(0x80008) returns false/false
7950: insert(0x800080f8)
7951: insert(0x8000c0dc)
7952: insert(0x8000308c)
7953: flush()
7954: flush_page(0x8000a) returns false/false
7955: insert(0x80006092)
7956: insert(0x8000b090)
7957: insert(0x8000907e)
7958: insert(0x800010e2)
7959: insert(0x8000b02e)
7960: insert(0x8000b0be)
7961: insert(0x80006050)
7962: insert(0x800000b8)
7963: insert(0x800000b6)
7964: insert(0x8000a088)
7965: flush_page(0x8000a) returns true/true
7966: insert(0x8000c0ac)
7967: insert(0x80000042)
7968: insert(0x80006050)
7969: insert(0x80003032)
7970: insert(0x8000a0a2)
7971: flush_page(0x80003) returns true/false
7972: insert(0x8000002c)
7973: insert(0x8000c060)
7974: insert(0x8000904a)
7975: insert(0x80006000)
7976: insert(0x80005056)
7977: insert(0x8000203a)
7978: insert(0x8000507e)
7979: insert(0x80006004)
7980: flush_page(0x80009) returns true/true
7981: flush_page(0x8000c) returns true/false
7982: insert(0x80000012)
7983: flush_page(0x80003) returns false/false
7984: insert(0x80000012)
7985: insert(0x80000094)
7986: insert(0x800020fe)
7987: flush_page(0x80001) returns true/false
7988: insert(0x8000305c)
7989: insert(0x8000a0fa)
7990: insert(0x800050e2)
7991: flush_page(0x80005) returns true/true
7992: flush_page(0x80006) returns true/true
7993: insert(0x80009034)
7994: insert(0x8000a00c)
7995: insert(0x8000a092)
7996: insert(0x80000026)
7997: insert(0x8000507c)
7998: insert(0x80006098)
7999: insert(0x8000b09a)
8000: flush_page(0x80008) returns false/false
8001: insert(0x8000203c)
8002: insert(0x80000084)
8003: insert(0x80003034)
8004: insert(0x8000409e)
8005: insert(0x8000a02a)
8006: insert(0x80008052)
8007: insert(0x800000a2)
8008: insert(0x80004006)
8009: insert(0x8000806c)
8010: flush_page(0x80001) returns false/false
8011: insert(0x80001066)
8012: insert(0x8000707c)
8013: flush_page(0x80007) returns true/true
8014: insert(0x80004062)
8015: insert(0x8000106a)
8016: insert(0x8000501e)
8017: insert(0x80002036)
8018: flush_page(0x80005) returns true/true
8019: insert(0x8000500c)
8020: flush_page(0x80006) returns true/false
8021: insert(0x800000e4)
8022: insert(0x8000a074)
8023: flush_page(0x80003) returns true/false
8024: insert(0x800040f8)
8025: flush()
8026: insert(0x800090c6)
8027: insert(0x800090b2)
8028: insert(0x800050f2)
8029: insert(0x80006004)
8030: flush_page(0x80001) returns false/false
8031: flush_page(0x8000b) returns false/false
8032: insert(0x80001082)
8033: insert(0x80008008)
8034: insert(0x800090a4)
8035: insert(0x800030ae)
8036: insert(0x800060a0)
8037: flush()
8038: insert(0x8000205e)
8039: flush_page(0x8000c) returns false/false
8040: flush_page(0x80007) returns false/false
8041: insert(0x8000204a)
8042: insert(0x80001076)
8043: flush_page(0x80000) returns false/false
8044: insert(0x8000c026)
8045: insert(0x8000c098)
8046: flush_page(0x80009) returns false/false
8047: insert(0x80002040)
8048: insert(0x80002072)
8049: insert(0x8000602e)
8050: insert(0x800000b4)
8051: insert(0x8000604a)
8052: flush_page(0x80001) returns true/true
8053: insert(0x8000b0ee)
8054: insert(0x8000a03a)
8055: insert(0x800030a2)
8056: flush_page(0x80008) returns false/false
8057: flush_page(0x8000b) returns true/false
8058: insert(0x800090da)
8059: insert(0x8000001a)
8060: flush_page(0x8000b) returns false/false
8061: insert(0x80003092)
8062: insert(0x8000706e)
8063: flush()
8064: insert(0x80004060)
8065: insert(0x80000034)
8066: insert(0x80001054)
8067: flush_page(0x80003) returns false/false
8068: insert(0x800000d8)
8069: flush()
8070: insert(0x8000c0a6)
8071: insert(0x800040b2)
8072: flush_page(0x8000b) returns false/false
8073: insert(0x80006072)
8074: insert(0x80003012)
8075: insert(0x80000042)
8076: insert(0x800060aa)
8077: insert(0x8000408e)
8078: insert(0x800080b2)
8079: insert(0x80005054)
8080: insert(0x8000807c)
8081: insert(0x800040c0)
8082: flush()
8083: insert(0x8000b084)
8084: flush_page(0x80002) returns false/false
8085: flush_page(0x80007) returns false/false
8086: flush_page(0x80009) returns false/false
8087: flush_page(0x80008) returns false/false
8088: insert(0x800060be)
8089: insert(0x80005068)
8090: insert(0x800090d0)
8091: insert(0x80003066)
8092: insert(0x8000400e)
8093: insert(0x8000b0da)
8094: insert(0x80000098)
8095: insert(0x8000204e)
8096: insert(0x80000080)
8097: insert(0x80009048)
8098: insert(0x8000006e)
8099: flush_page(0x80002) returns true/false
8100: insert(0x8000607a)
8101: flush_page(0x8000a) returns false/false
8102: flush_page(0x80001) returns false/false
8103: insert(0x8000c0f4)
8104: insert(0x8000c0fe)
8105: flush_page(0x80001) returns false/false
8106: insert(0x800000ce)
8107: insert(0x8000209e)
8108: insert(0x80004090)
8109: insert(0x800060d2)
8110: insert(0x8000a0e8)
8111: insert(0x800010e2)
8112: insert(0x80007070)
8113: insert(0x8000609c)
8114: insert(0x8000105e)
8115: flush_page(0x80005) returns true/false
8116: insert(0x80002066)
8117: insert(0x80000096)
8118: insert(0x8000a08a)
8119: flush_page(0x80001) returns true/true
8120: insert(0x800040d8)
8121: insert(0x800060aa)
8122: insert(0x80002074)
8123: insert(0x80008070)
8124: insert(0x80001060)
8125: insert(0x80005094)
8126: insert(0x800020c0)
8127: flush_page(0x80007) returns true/true
8128: flush_page(0x80002) returns true/true
8129: insert(0x80002038)
8130: insert(0x8000b08c)
8131: flush_page(0x80009) returns true/false
8132: insert(0x80005096)
8133: flush_page(0x8000a) returns true/false
8134: flush_page(0x80008) returns true/false
8135: insert(0x80004022)
8136: insert(0x80004026)
8137: insert(0x800080ae)
8138: insert(0x8000409c)
8139: insert(0x8000a098)
8140: flush_page(0x8000a) returns true/true
8141: insert(0x800020f2)
8142: flush_page(0x8000c) returns true/false
8143: insert(0x80009054)
8144: insert(0x80000050)
8145: flush_page(0x80000) returns true/true
8146: insert(0x800050d6)
8147: insert(0x80008028)
8148: insert(0x8000a01c)
8149: insert(0x8000a04e)
8150: insert(0x80007064)
8151: insert(0x800010ea)
8152: insert(0x8000201c)
8153: insert(0x8000c030)
8154: insert(0x8000c088)
8155: insert(0x800010ee)
8156: insert(0x8000c090)
8157: insert(0x800040b8)
8158: flush_page(0x80003) returns true/false
8159: flush_page(0x80008) returns true/false
8160: insert(0x80001006)
8161: insert(0x800020e8)
8162: flush_page(0x80005) returns true/false
8163: insert(0x80009018)
8164: insert(0x8000707a)
8165: insert(0x8000104c)
8166: flush_page(0x80003) returns false/false
8167: flush_page(0x80009) returns true/false
8168: flush_page(0x80003) returns false/false
8169: insert(0x80003094)
8170: flush_page(0x80002) returns true/true
8171: flush_page(0x80009) returns false/false
8172: insert(0x800080ce)
8173: insert(0x80008026)
8174: flush_page(0x80000) returns false/false
8175: insert(0x8000b01a)
8176: flush_page(0x80006) returns true/false
8177: flush_page(0x8000b) returns true/true
8178: insert(0x8000b074)
8179: insert(0x8000402a)
8180: flush_page(0x80000) returns false/false
8181: insert(0x8000a0e2)
8182: insert(0x800020f6)
8183: insert(0x800090de)
8184: insert(0x8000a05e)
8185: flush_page(0x8000c) returns true/true
8186: insert(0x8000607a)
8187: flush_page(0x80009) returns true/true
8188: insert(0x80006062)
8189: insert(0x800020c8)
8190: flush()
8191: flush_page(0x8000b) returns false/false
8192: flush_page(0x8000b) returns false/false
8193: insert(0x800090b2)
8194: flush_page(0x80007) returns false/false
8195: flush_page(0x80005) returns false/false
8196: insert(0x8000a0f6)
8197: flush_page(0x8000c) returns false/false
8198: insert(0x800090d6)
8199: flush_page(0x80003) returns false/false
8200: insert(0x800010b8)
8201: insert(0x8000306e)
8202: insert(0x800020b4)
8203: insert(0x8000001e)
8204: insert(0x800040e2)
8205: flush_page(0x80001) returns true/true
8206: insert(0x8000609c)
8207: insert(0x80006098)
8208: flush_page(0x80002) returns true/true
8209: insert(0x800010b6)
8210: flush_page(0x80007) returns false/false
8211: flush_page(0x80004) returns true/true
8212: insert(0x80008088)
8213: insert(0x8000b052)
8214: insert(0x8000a0aa)
8215: insert(0x800030b2)
8216: insert(0x800090b8)
8217: insert(0x80008098)
8218: insert(0x80001016)
8219: insert(0x8000b06e)
8220: insert(0x80005030)
8221: insert(0x80008014)
8222: insert(0x8000c024)
8223: insert(0x8000c0d8)
8224: flush()
8225: insert(0x800090e6)
8226: insert(0x800040ae)
8227: insert(0x800030b2)
8228: insert(0x800000b6)
8229: insert(0x8000805e)
8230: insert(0x8000804e)
8231: flush_page(0x80007) returns false/false
8232: flush_page(0x8000a) returns false/false
8233: insert(0x80003086)
8234: insert(0x8000c086)
8235: insert(0x8000a01c)
8236: flush_page(0x80008) returns true/true
8237: insert(0x8000006e)
8238: flush_page(0x8000b) returns false/false
8239: flush_page(0x80001) returns false/false
8240: insert(0x800050b8)
8241: insert(0x800060d4)
8242: insert(0x8000c05e)
8243: insert(0x8000c0e2)
8244: insert(0x8000b0f0)
8245: insert(0x8000902c)
8246: insert(0x80007036)
8247: flush()
8248: insert(0x80009030)
8249: flush_page(0x80004) returns false/false
8250: insert(0x80004040)
8251: insert(0x8000b008)
8252: flush_page(0x80003) returns false/false
8253: flush_page(0x80003) returns false/false
8254: flush_page(0x8000a) returns false/false
8255: insert(0x80006014)
8256: insert(0x800070d0)
8257: flush_page(0x80009) returns true/true
8258: insert(0x80003022)
8259: insert(0x80006040)
8260: insert(0x8000109c)
8261: flush_page(0x80000) returns false/false
8262: flush()
8263: flush_page(0x80005) returns false/false
8264: insert(0x8000a0c4)
8265: insert(0x8000b052)
8266: flush()
8267: insert(0x800050ee)
8268: flush_page(0x8000c) returns false/false
8269: insert(0x8000c08c)
8270: insert(0x8000c0c8)
8271: insert(0x8000c042)
8272: flush_page(0x8000c) returns true/true
8273: flush()
8274: flush_page(0x8000c) returns false/false
8275: insert(0x80005078)
8276: insert(0x8000c068)
8277: insert(0x8000a054)
8278: flush_page(0x80002) returns false/false
8279: insert(0x80003086)
8280: insert(0x80008046)
8281: flush_page(0x8000b) returns false/false
8282: flush_page(0x8000c) returns true/true
8283: insert(0x80002090)
8284: flush()
8285: insert(0x8000701e)
8286: insert(0x8000c0ee)
8287: insert(0x80002062)
8288: insert(0x80004096)
8289: insert(0x800040c4)
8290: insert(0x8000800c)
8291: insert(0x8000c09c)
8292: insert(0x8000400c)
8293: flush_page(0x80009) returns false/false
8294: insert(0x8000b010)
8295: insert(0x800050e8)
8296: insert(0x800050e6)
8297: insert(0x80003076)
8298: insert(0x8000a098)
8299: flush_page(0x80005) returns true/true
8300: flush()
8301: insert(0x8000c05c)
8302: insert(0x800090ee)
8303: flush_page(0x80006) returns false/false
8304: insert(0x8000a006)
8305: insert(0x800090e4)
8306: insert(0x800060ea)
8307: insert(0x80009016)
8308: insert(0x80009072)
8309: insert(0x800070c0)
8310: flush()
8311: flush_page(0x8000a) returns false/false
8312: insert(0x80005084)
8313: insert(0x80007050)
8314: flush_page(0x80002) returns false/false
8315: flush_page(0x8000a) returns false/false
8316: insert(0x80001064)
8317: flush_page(0x80001) returns true/true
8318: insert(0x8000b014)
8319: insert(0x8000202e)
8320: insert(0x8000303c)
8321: insert(0x8000b08c)
8322: insert(0x800030d0)
8323: insert(0x80006088)
8324: insert(0x80002042)
8325: insert(0x8000c012)
8326: flush()
8327: insert(0x8000906c)
8328: insert(0x800090f6)
8329: insert(0x800090ce)
8330: insert(0x8000708e)
8331: insert(0x8000b012)
8332: flush_page(0x80005) returns false/false
8333: insert(0x8000404a)
8334: insert(0x80008000)
8335: insert(0x800010dc)
8336: flush_page(0x80004) returns true/true
8337: flush()
8338: insert(0x8000b066)
8339: flush_page(0x80005) returns false/false
8340: insert(0x800030da)
8341: insert(0x80008044)
8342: insert(0x80006080)
8343: flush_page(0x80003) returns true/true
8344: insert(0x8000301a)
8345: insert(0x8000a05c)
8346: insert(0x800060c6)
8347: insert(0x8000400a)
8348: insert(0x80009092)
8349: insert(0x8000c042)
8350: flush_page(0x80003) returns true/true
8351: insert(0x80007012)
8352: insert(0x80003098)
8353: insert(0x80004004)
8354: flush()
8355: flush()
8356: flush_page(0x80002) returns false/false
8357: insert(0x80004038)
8358: insert(0x8000a080)
8359: flush_page(0x80009) returns false/false
8360: insert(0x8000c0e8)
8361: insert(0x8000606e)
8362: flush()
8363: insert(0x800060ec)
8364: insert(0x80004090)
8365: flush_page(0x80003) returns false/false
8366: flush_page(0x8000a) returns false/false
8367: insert(0x800070a6)
8368: flush_page(0x80004) returns true/true
8369: insert(0x8000c058)
8370: insert(0x800050d2)
8371: insert(0x80002046)
8372: insert(0x8000b000)
8373: insert(0x80008052)
8374: flush_page(0x8000a) returns false/false
8375: insert(0x80009066)
8376: insert(0x80007066)
8377: flush()
8378: flush()
8379: insert(0x80002038)
8380: flush_page(0x80009) returns false/false
8381: insert(0x800000a8)
8382: insert(0x800050b0)
8383: insert(0x8000a0be)
8384: insert(0x80001020)
8385: insert(0x80001014)
8386: insert(0x80008088)
8387: insert(0x8000803a)
8388: flush_page(0x80004) returns false/false
8389: insert(0x80004008)
8390: insert(0x8000204a)
8391: insert(0x80002002)
8392: flush_page(0x80001) returns true/true
8393: insert(0x8000b0ac)
8394: insert(0x80006076)
8395: flush_page(0x8000c) returns false/false
8396: insert(0x80004002)
8397: flush_page(0x80009) returns false/false
8398: insert(0x8000b014)
8399: insert(0x800070ea)
8400: flush_page(0x80001) returns false/false
8401: flush()
8402: insert(0x800090c4)
8403: insert(0x800020b6)
8404: insert(0x80005030)
8405: flush()
8406: flush_page(0x80004) returns false/false
8407: insert(0x80001042)
8408: insert(0x80006096)
8409: insert(0x8000c0aa)
8410: flush_page(0x80004) returns false/false
8411: insert(0x8000a018)
8412: insert(0x80000036)
8413: insert(0x800030ae)
8414: insert(0x80002042)
8415: flush()
8416: insert(0x80001010)
8417: insert(0x800080b4)
8418: insert(0x800030f4)
8419: insert(0x8000100c)
8420: insert(0x80002092)
8421: insert(0x800020ec)
8422: flush_page(0x80003) returns true/true
8423: flush_page(0x80003) returns false/false
8424: insert(0x8000609e)
8425: insert(0x80006016)
8426: flush_page(0x8000c) returns false/false
8427: insert(0x800020d6)
8428: insert(0x8000c0c6)
8429: insert(0x8000404e)
8430: flush_page(0x8000c) returns true/true
8431: insert(0x80004082)
8432: insert(0x800010be)
8433: insert(0x8000c0f2)
8434: insert(0x8000203c)
8435: flush_page(0x8000c) returns true/true
8436: insert(0x800040f0)
8437: insert(0x80001084)
8438: insert(0x80007026)
8439: insert(0x800000b2)
8440: insert(0x8000b034)
8441: insert(0x8000c014)
8442: insert(0x800070f8)
8443: flush_page(0x8000b) returns true/true
8444: insert(0x800020b0)
8445: insert(0x800010a6)
8446: insert(0x8000009e)
8447: insert(0x800030e8)
8448: insert(0x80001074)
8449: flush_page(0x80009) returns false/false
8450: flush_page(0x8000b) returns false/false
8451: flush_page(0x80005) returns false/false
8452: insert(0x800080b8)
8453: insert(0x800030a0)
8454: flush()
8455: insert(0x8000506c)
8456: insert(0x80009056)
8457: insert(0x80005088)
8458: insert(0x8000a030)
8459: insert(0x800040f2)
8460: insert(0x8000b0f2)
8461: insert(0x800060d0)
8462: insert(0x80008056)
8463: flush_page(0x8000a) returns true/true
8464: insert(0x8000302c)
8465: insert(0x80009086)
8466: insert(0x800000e2)
8467: flush_page(0x80005) returns true/true
8468: insert(0x80006062)
8469: insert(0x80002088)
8470: insert(0x800010c0)
8471: flush()
8472: flush()
8473: flush_page(0x8000c) returns false/false
8474: insert(0x800000be)
8475: flush_page(0x80008) returns false/false
8476: insert(0x800000be)
8477: insert(0x800090c8)
8478: insert(0x80009016)
8479: flush()
8480: flush_page(0x80009) returns false/false
8481: insert(0x800050e0)
8482: insert(0x800020a4)
8483: insert(0x800060a8)
8484: insert(0x8000700a)
8485: insert(0x8000a0e8)
8486: insert(0x8000a0a0)
8487: insert(0x8000207e)
8488: flush()
8489: insert(0x80003024)
8490: insert(0x8000000e)
8491: insert(0x80005004)
8492: flush_page(0x80001) returns false/false
8493: insert(0x80002088)
8494: insert(0x8000a0a8)
8495: flush_page(0x80001) returns false/false
8496: insert(0x800030d2)
8497: flush()
8498: flush_page(0x80004) returns false/false
8499: insert(0x8000a03c)
8500: insert(0x80009086)
8501: insert(0x80005062)
8502: insert(0x800050ca)
8503: insert(0x8000905c)
8504: flush()
8505: insert(0x800080fe)
8506: insert(0x80004040)
8507: flush_page(0x80004) returns true/true
8508: insert(0x80007058)
8509: flush_page(0x80005) returns false/false
8510: insert(0x80005096)
8511: insert(0x800050a8)
8512: insert(0x80007058)
8513: flush_page(0x8000a) returns false/false
8514: insert(0x800060b0)
8515: flush_page(0x80005) returns true/true
8516: flush()
8517: insert(0x8000a05a)
8518: flush_page(0x80009) returns false/false
8519: insert(0x8000c082)
8520: flush_page(0x80009) returns false/false
8521: insert(0x80009058)
8522: insert(0x8000c0b4)
8523: insert(0x800090c6)
8524: insert(0x80003092)
8525: flush_page(0x80005) returns false/false
8526: insert(0x8000701a)
8527: flush_page(0x8000c) returns true/true
8528: insert(0x8000b0c0)
8529: insert(0x80001020)
8530: flush_page(0x8000c) returns false/false
8531: insert(0x8000502c)
8532: insert(0x8000809c)
8533: insert(0x80001018)
8534: flush_page(0x80001) returns true/true
8535: flush()
8536: insert(0x80003096)
8537: insert(0x8000a0e0)
8538: insert(0x800090b4)
8539: insert(0x8000108c)
8540: insert(0x80008054)
8541: flush_page(0x8000c) returns false/false
8542: flush()
8543: flush()
8544: insert(0x800000be)
8545: insert(0x8000b01c)
8546: insert(0x80005092)
8547: insert(0x8000a0c0)
8548: flush_page(0x8000a) returns true/true
8549: flush()
8550: insert(0x800000c0)
8551: insert(0x8000b062)
8552: flush_page(0x80000) returns true/true
8553: insert(0x800080e6)
8554: insert(0x80002054)
8555: insert(0x80002096)
8556: insert(0x80008066)
8557: flush()
8558: flush_page(0x8000a) returns false/false
8559: insert(0x80008006)
8560: flush_page(0x80004) returns false/false
8561: insert(0x800000c8)
8562: insert(0x80000036)
8563: insert(0x8000701c)
8564: insert(0x80004072)
8565: insert(0x800000ea)
8566: flush_page(0x8000c) returns false/false
8567: insert(0x8000b034)
8568: insert(0x800090cc)
8569: insert(0x80006066)
8570: insert(0x8000c06e)
8571: insert(0x800040da)
8572: insert(0x8000103e)
8573: insert(0x800000ec)
8574: flush_page(0x8000c) returns true/true
8575: flush_page(0x80002) returns false/false
8576: insert(0x8000c090)
8577: insert(0x80005048)
8578: insert(0x8000a0c4)
8579: insert(0x8000904e)
8580: insert(0x80005036)
8581: insert(0x800090c0)
8582: insert(0x8000b02a)
8583: insert(0x800070f8)
8584: insert(0x8000108c)
8585: flush_page(0x8000c) returns true/true
8586: insert(0x800020ce)
8587: insert(0x8000401a)
8588: insert(0x8000900e)
8589: insert(0x800070ec)
8590: insert(0x80002038)
8591: flush_page(0x80008) returns true/false
8592: insert(0x8000b008)
8593: insert(0x8000c054)
8594: insert(0x800050e6)
8595: insert(0x80003030)
8596: insert(0x8000c0b8)
8597: insert(0x8000900e)
8598: insert(0x800000f0)
8599: insert(0x8000302c)
8600: insert(0x800010d4)
8601: insert(0x800010f4)
8602: insert(0x8000508c)
8603: insert(0x8000a098)
8604: insert(0x80003028)
8605: flush_page(0x80008) returns false/false
8606: insert(0x800080d6)
8607: flush_page(0x80005) returns true/true
8608: flush_page(0x80006) returns true/false
8609: insert(0x80006000)
8610: insert(0x8000608a)
8611: insert(0x800050da)
8612: flush_page(0x8000b) returns true/false
8613: insert(0x800070d8)
8614: insert(0x80005078)
8615: insert(0x8000707a)
8616: insert(0x80005034)
8617: insert(0x800050ba)
8618: insert(0x80003072)
8619: insert(0x800040de)
8620: insert(0x800010d0)
8621: flush_page(0x80004) returns true/true
8622: insert(0x8000a0a0)
8623: flush_page(0x80009) returns true/false
8624: flush()
8625: insert(0x80001038)
8626: insert(0x800050a6)
8627: flush_page(0x80004) returns false/false
8628: flush_page(0x80004) returns false/false
8629: insert(0x80002080)
8630: insert(0x8000302c)
8631: insert(0x80003048)
8632: insert(0x8000308c)
8633: flush_page(0x8000c) returns false/false
8634: insert(0x8000a0b4)
8635: insert(0x80006082)
8636: insert(0x8000807e)
8637: insert(0x80007014)
8638: insert(0x80007072)
8639: flush_page(0x80004) returns false/false
8640: insert(0x8000000e)
8641: insert(0x8000301c)
8642: flush_page(0x80009) returns false/false
8643: insert(0x80001068)
8644: insert(0x8000409c)
8645: insert(0x800050e8)
8646: flush()
8647: flush()
8648: flush_page(0x80001) returns false/false
8649: flush_page(0x80007) returns false/false
8650: insert(0x800030a8)
8651: insert(0x800090fe)
8652: insert(0x80003078)
8653: insert(0x80006010)
8654: insert(0x8000b08a)
8655: insert(0x80000066)
8656: insert(0x800080e0)
8657: insert(0x8000b012)
8658: flush_page(0x80002) returns false/false
8659: flush_page(0x8000c) returns false/false
8660: flush_page(0x80001) returns false/false
8661: insert(0x800020ba)
8662: flush_page(0x8000a) returns false/false
8663: flush_page(0x8000b) returns true/true
8664: insert(0x80004038)
8665: flush_page(0x80000) returns true/true
8666: insert(0x800060c4)
8667: insert(0x8000607e)
8668: insert(0x800010e2)
8669: insert(0x8000902a)
8670: insert(0x8000b05a)
8671: insert(0x800030c8)
8672: insert(0x80005052)
8673: insert(0x800060a8)
8674: insert(0x8000b026)
8675: insert(0x8000c098)
8676: flush_page(0x80006) returns true/true
8677: flush_page(0x80002) returns true/true
8678: insert(0x8000b01c)
8679: insert(0x8000203c)
8680: insert(0x8000808e)
8681: insert(0x8000a09a)
8682: insert(0x800060ae)
8683: flush()
8684: flush_page(0x8000c) returns false/false
8685: insert(0x8000109a)
8686: insert(0x8000c0f4)
8687: flush_page(0x80009) returns false/false
8688: insert(0x8000408e)
8689: flush_page(0x80003) returns false/false
8690: flush()
8691: insert(0x80002012)
8692: flush_page(0x80007) returns false/false
8693: insert(0x8000c07c)
8694: flush()
8695: flush()
8696: insert(0x8000c01c)
8697: insert(0x80009048)
8698: insert(0x80004086)
8699: insert(0x80001030)
8700: insert(0x8000b0f2)
8701: insert(0x80001026)
8702: insert(0x80001032)
8703: insert(0x8000c0cc)
8704: insert(0x80009060)
8705: insert(0x8000805c)
8706: insert(0x8000605a)
8707: insert(0x800020c6)
8708: insert(0x8000b082)
8709: insert(0x800080f4)
8710: flush_page(0x80000) returns false/false
8711: insert(0x8000802c)
8712: flush_page(0x80007) returns false/false
8713: insert(0x80009060)
8714: insert(0x80007046)
8715: insert(0x8000b06c)
8716: flush()
8717: insert(0x80009034)
8718: insert(0x8000706c)
8719: flush()
8720: insert(0x80000066)
8721: insert(0x8000a02c)
8722: flush_page(0x80004) returns false/false
8723: flush_page(0x80006) returns false/false
8724: flush_page(0x80008) returns false/false
8725: insert(0x80006092)
8726: insert(0x800020bc)
8727: insert(0x80005084)
8728: insert(0x80006012)
8729: flush_page(0x80004) returns false/false
8730: insert(0x8000405e)
8731: flush_page(0x8000c) returns false/false
8732: flush_page(0x80004) returns true/true
8733: insert(0x80007030)
8734: insert(0x800020ec)
8735: insert(0x80005048)
8736: insert(0x8000002a)
8737: insert(0x80006032)
8738: insert(0x80002048)
8739: flush_page(0x8000b) returns false/false
8740: flush_page(0x80001) returns false/false
8741: flush()
8742: insert(0x800070fc)
8743: insert(0x8000103a)
8744: flush_page(0x8000c) returns false/false
8745: insert(0x8000408e)
8746: insert(0x8000c06a)
8747: insert(0x8000007e)
8748: insert(0x80007004)
8749: insert(0x8000202a)
8750: insert(0x80002000)
8751: flush_page(0x80002) returns true/true
8752: flush_page(0x80007) returns true/true
8753: insert(0x8000803a)
8754: insert(0x800000f0)
8755: flush_page(0x80008) returns true/true
8756: flush_page(0x80009) returns false/false
8757: insert(0x8000209a)
8758: insert(0x8000c084)
8759: insert(0x800020ae)
8760: insert(0x80008014)
8761: insert(0x800000d4)
8762: insert(0x8000c00c)
8763: insert(0x80004000)
8764: insert(0x800080b2)
8765: flush_page(0x8000a) returns false/false
8766: flush_page(0x80008) returns true/true
8767: insert(0x8000c05c)
8768: insert(0x80005040)
8769: flush_page(0x80006) returns false/false
8770: insert(0x80006040)
8771: insert(0x80000020)
8772: insert(0x8000a004)
8773: insert(0x80009092)
8774: insert(0x8000c0e6)
8775: flush_page(0x80004) returns true/true
8776: insert(0x8000c0d8)
8777: insert(0x8000008a)
8778: insert(0x80009004)
8779: flush_page(0x80006) returns true/false
8780: flush_page(0x80001) returns true/false
8781: flush_page(0x80003) returns false/false
8782: insert(0x8000003c)
8783: flush_page(0x80001) returns false/false
8784: insert(0x80001084)
8785: insert(0x800000dc)
8786: insert(0x8000501e)
8787: insert(0x80001082)
8788: insert(0x8000208c)
8789: flush_page(0x8000c) returns true/true
8790: insert(0x8000400c)
8791: insert(0x8000b00c)
8792: flush()
8793: insert(0x800050a2)
8794: insert(0x8000c052)
8795: insert(0x8000b004)
8796: insert(0x8000202c)
8797: insert(0x800010f0)
8798: insert(0x8000b0f0)
8799: insert(0x800030d6)
8800: flush_page(0x80008) returns false/false
8801: insert(0x80002048)
8802: insert(0x8000309a)
8803: flush()
8804: insert(0x8000c0dc)
8805: insert(0x80003062)
8806: insert(0x8000b0d0)
8807: flush_page(0x80005) returns false/false
8808: insert(0x800080ae)
8809: insert(0x80007032)
8810: insert(0x8000c09e)
8811: insert(0x800000be)
8812: flush()
8813: flush_page(0x80001) returns false/false
8814: insert(0x80001012)
8815: insert(0x800060d2)
8816: insert(0x8000704a)
8817: insert(0x8000a05a)
8818: flush_page(0x80009) returns false/false
8819: flush()
8820: flush_page(0x80001) returns false/false
8821: flush_page(0x80007) returns false/false
8822: flush_page(0x80003) returns false/false
8823: insert(0x800010e2)
8824: insert(0x80008058)
8825: insert(0x80005002)
8826: insert(0x800060b0)
8827: insert(0x800000d6)
8828: insert(0x8000a094)
8829: insert(0x8000c096)
8830: insert(0x80008022)
8831: flush_page(0x80002) returns false/false
8832: insert(0x80000010)
8833: insert(0x80002030)
8834: insert(0x8000a0e4)
8835: flush_page(0x8000b) returns false/false
8836: insert(0x8000804e)
8837: insert(0x80001082)
8838: insert(0x800060a6)
8839: insert(0x80005036)
8840: flush_page(0x8000a) returns true/false
8841: insert(0x800010d6)
8842: insert(0x8000801a)
8843: flush_page(0x80008) returns true/true
8844: flush_page(0x80007) returns false/false
8845: flush_page(0x80004) returns false/false
8846: flush_page(0x80006) returns true/true
8847: insert(0x800020ce)
8848: flush_page(0x80003) returns false/false
8849: flush()
8850: insert(0x800010a6)
8851: insert(0x8000601c)
8852: flush_page(0x80002) returns false/false
8853: insert(0x8000a096)
8854: flush_page(0x80007) returns false/false
8855: insert(0x8000b0fe)
8856: insert(0x80008080)
8857: insert(0x8000909c)
8858: flush_page(0x80002) returns false/false
8859: insert(0x8000008c)
8860: insert(0x8000000a)
8861: insert(0x8000c0ba)
8862: insert(0x8000b0ec)
8863: insert(0x800050d4)
8864: insert(0x800090a0)
8865: insert(0x80001090)
8866: flush_page(0x80005) returns true/true
8867: insert(0x8000b0e0)
8868: flush_page(0x8000c) returns true/true
8869: flush_page(0x8000c) returns false/false
8870: flush_page(0x8000c) returns false/false
8871: insert(0x800080ea)
8872: insert(0x800080d8)
8873: insert(0x8000803e)
8874: insert(0x80005062)
8875: flush_page(0x8000c) returns false/false
8876: flush()
8877: insert(0x8000501e)
8878: flush_page(0x80009) returns false/false
8879: flush_page(0x80002) returns false/false
8880: insert(0x80007082)
8881: flush_page(0x8000a) returns false/false
8882: insert(0x80006082)
8883: insert(0x8000c06e)
8884: insert(0x800060ba)
8885: flush_page(0x80006) returns true/true
8886: insert(0x80005074)
8887: insert(0x8000101a)
8888: insert(0x8000b0a6)
8889: flush_page(0x80008) returns false/false
8890: insert(0x8000008e)
8891: insert(0x8000c0de)
8892: insert(0x800080ae)
8893: flush()
8894: insert(0x800010fc)
8895: insert(0x8000a044)
8896: insert(0x8000a056)
8897: flush_page(0x80007) returns false/false
8898: insert(0x800020d0)
8899: insert(0x8000c0d4)
8900: insert(0x80006018)
8901: insert(0x8000300a)
8902: insert(0x800090e6)
8903: insert(0x800040be)
8904: insert(0x800040c0)
8905: insert(0x8000b0b2)
8906: insert(0x8000801e)
8907: flush_page(0x80009) returns true/true
8908: insert(0x800080fc)
8909: insert(0x800080ba)
8910: insert(0x8000702e)
8911: flush()
8912: insert(0x80007000)
8913: insert(0x8000a0ce)
8914: insert(0x8000201a)
8915: insert(0x8000a09a)
8916: flush_page(0x80007) returns true/true
8917: insert(0x8000a012)
8918: insert(0x8000a0b6)
8919: insert(0x8000c03e)
8920: flush_page(0x80005) returns false/false
8921: insert(0x8000c064)
8922: flush_page(0x80003) returns false/false
8923: insert(0x8000c0c0)
8924: insert(0x8000006a)
8925: insert(0x8000209c)
8926: insert(0x80006008)
8927: flush_page(0x80008) returns false/false
8928: flush_page(0x8000b) returns false/false
8929: flush_page(0x80008) returns false/false
8930: flush()
8931: flush_page(0x8000b) returns false/false
8932: insert(0x800000bc)
8933: flush()
8934: insert(0x80000086)
8935: flush_page(0x8000a) returns false/false
8936: flush_page(0x8000a) returns false/false
8937: flush_page(0x80000) returns true/true
8938: insert(0x80004066)
8939: insert(0x8000c03e)
8940: insert(0x800080c0)
8941: insert(0x80003048)
8942: insert(0x8000c0da)
8943: insert(0x80004040)
8944: insert(0x8000a002)
8945: insert(0x8000b096)
8946: flush_page(0x8000c) returns true/true
8947: insert(0x80008082)
8948: insert(0x8000a078)
8949: insert(0x8000402a)
8950: insert(0x80000018)
8951: insert(0x80001028)
8952: insert(0x80005018)
8953: insert(0x80008022)
8954: insert(0x80004004)
8955: insert(0x8000a00e)
8956: flush_page(0x80008) returns true/true
8957: flush_page(0x8000c) returns false/false
8958: insert(0x800060b2)
8959: insert(0x8000c0a4)
8960: flush_page(0x80007) returns false/false
8961: insert(0x8000508c)
8962: insert(0x8000909a)
8963: insert(0x80006054)
8964: insert(0x8000902e)
8965: insert(0x8000207e)
8966: flush()
8967: insert(0x80001044)
8968: flush_page(0x80007) returns false/false
8969: insert(0x8000a05e)
8970: insert(0x8000107a)
8971: insert(0x800060c2)
8972: insert(0x80009054)
8973: insert(0x80005082)
8974: insert(0x8000009c)
8975: flush_page(0x80000) returns true/true
8976: insert(0x8000708c)
8977: insert(0x800070f8)
8978: insert(0x8000b09a)
8979: insert(0x8000c040)
8980: flush()
8981: insert(0x80002062)
8982: insert(0x800030b2)
8983: insert(0x8000b0ac)
8984: insert(0x8000a092)
8985: flush_page(0x80008) returns false/false
8986: insert(0x8000a028)
8987: insert(0x8000102a)
8988: insert(0x800000f0)
8989: flush_page(0x80004) returns false/false
8990: insert(0x8000208e)
8991: flush_page(0x80009) returns false/false
8992: insert(0x8000803e)
8993: insert(0x80006076)
8994: insert(0x800030dc)
8995: flush_page(0x80002) returns true/true
8996: insert(0x80000046)
8997: insert(0x8000c006)
8998: insert(0x800010a0)
8999: flush_page(0x8000b) returns true/false
9000: insert(0x8000006e)
9001: insert(0x800090ba)
9002: flush_page(0x8000a) returns true/true
9003: flush_page(0x80001) returns true/true
9004: flush_page(0x80003) returns true/true
9005: flush_page(0x80007) returns false/false
9006: insert(0x800070fa)
9007: insert(0x8000c088)
9008: insert(0x80009092)
9009: insert(0x8000909c)
9010: insert(0x80006078)
9011: insert(0x8000403c)
9012: insert(0x80002082)
9013: insert(0x80008056)
9014: insert(0x800000c6)
9015: insert(0x8000801e)
9016: insert(0x80007096)
9017: flush_page(0x80003) returns false/false
9018: flush_page(0x80007) returns true/true
9019: insert(0x800060a2)
9020: flush_page(0x80000) returns true/true
9021: insert(0x800030e6)
9022: insert(0x8000200c)
9023: flush()
9024: insert(0x8000201e)
9025: insert(0x8000801a)
9026: insert(0x80001068)
9027: insert(0x8000c01a)
9028: insert(0x800010e6)
9029: insert(0x800010c0)
9030: insert(0x80009040)
9031: insert(0x800060a2)
9032: insert(0x800040bc)
9033: insert(0x80003072)
9034: insert(0x800060f8)
9035: insert(0x8000b040)
9036: flush_page(0x80008) returns true/false
9037: insert(0x8000c0ea)
9038: flush_page(0x80004) returns true/true
9039: flush_page(0x80009) returns true/true
9040: insert(0x8000000c)
9041: insert(0x80005084)
9042: insert(0x8000006c)
9043: insert(0x80000056)
9044: insert(0x8000609e)
9045: insert(0x8000105c)
9046: insert(0x8000a03e)
9047: insert(0x800010ae)
9048: flush()
9049: insert(0x80008002)
9050: insert(0x80009048)
9051: insert(0x800020d8)
9052: flush()
9053: insert(0x80007092)
9054: insert(0x8000906c)
9055: insert(0x8000104a)
9056: flush_page(0x80004) returns false/false
9057: flush_page(0x80007) returns true/true
9058: flush_page(0x8000b) returns false/false
9059: insert(0x800030b4)
9060: insert(0x8000705a)
9061: insert(0x80005044)
9062: insert(0x8000101a)
9063: insert(0x80004020)
9064: insert(0x8000a006)
9065: insert(0x80003078)
9066: insert(0x800010f0)
9067: insert(0x800080a6)
9068: flush_page(0x8000b) returns false/false
9069: flush_page(0x80000) returns false/false
9070: insert(0x8000b0fa)
9071: insert(0x8000c0dc)
9072: insert(0x8000500c)
9073: insert(0x80008096)
9074: flush_page(0x8000b) returns true/true
9075: flush()
9076: insert(0x800020fe)
9077: insert(0x80002040)
9078: insert(0x80005022)
9079: insert(0x800000d2)
9080: insert(0x8000b062)
9081: flush_page(0x80006) returns false/false
9082: insert(0x80008040)
9083: insert(0x800030a2)
9084: insert(0x8000104a)
9085: insert(0x8000901c)
9086: flush_page(0x80002) returns true/true
9087: flush()
9088: flush_page(0x80003) returns false/false
9089: insert(0x80007088)
9090: flush_page(0x80004) returns false/false
9091: insert(0x80005098)
9092: insert(0x800050a6)
9093: insert(0x800090c0)
9094: insert(0x8000b00a)
9095: insert(0x80002090)
9096: insert(0x800000b8)
9097: flush_page(0x8000b) returns true/true
9098: insert(0x8000c038)
9099: insert(0x80005032)
9100: flush_page(0x80009) returns true/true
9101: insert(0x8000509c)
9102: flush()
9103: insert(0x80005008)
9104: flush_page(0x80009) returns false/false
9105: insert(0x80007020)
9106: flush_page(0x80002) returns false/false
9107: insert(0x80004090)
9108: insert(0x80007022)
9109: insert(0x80009008)
9110: insert(0x80003000)
9111: insert(0x800020a6)
9112: insert(0x8000c028)
9113: insert(0x8000504a)
9114: insert(0x800090ca)
9115: insert(0x800080ea)
9116: insert(0x800080f0)
9117: flush_page(0x8000b) returns false/false
9118: flush_page(0x80009) returns true/true
9119: flush_page(0x80003) returns true/true
9120: insert(0x8000001a)
9121: flush_page(0x80007) returns true/false
9122: insert(0x8000a026)
9123: insert(0x8000008c)
9124: flush_page(0x8000a) returns true/true
9125: flush_page(0x8000a) returns false/false
9126: flush_page(0x80000) returns true/true
9127: flush()
9128: insert(0x80000048)
9129: insert(0x80001036)
9130: flush_page(0x8000b) returns false/false
9131: insert(0x8000303e)
9132: insert(0x8000401a)
9133: insert(0x800070c2)
9134: flush_page(0x80002) returns false/false
9135: flush_page(0x80008) returns false/false
9136: insert(0x800000c6)
9137: insert(0x80004056)
9138: insert(0x80009094)
9139: flush_page(0x80000) returns true/true
9140: insert(0x80005000)
9141: flush_page(0x8000a) returns false/false
9142: insert(0x80003068)
9143: insert(0x80004056)
9144: insert(0x80009096)
9145: insert(0x800020a6)
9146: insert(0x80005064)
9147: insert(0x8000605a)
9148: insert(0x8000907c)
9149: insert(0x80005000)
9150: insert(0x8000a0cc)
9151: insert(0x800070be)
9152: insert(0x800040cc)
9153: flush()
9154: insert(0x80008042)
9155: insert(0x80004012)
9156: insert(0x80002062)
9157: insert(0x800000f4)
9158: insert(0x800010ac)
9159: flush_page(0x8000c) returns false/false
9160: insert(0x800060ce)
9161: insert(0x800040d0)
9162: flush_page(0x80001) returns true/true
9163: flush_page(0x80003) returns false/false
9164: insert(0x8000c0fa)
9165: insert(0x800040da)
9166: flush_page(0x80006) returns true/true
9167: insert(0x800000b2)
9168: insert(0x800050d0)
9169: flush()
9170: flush_page(0x8000c) returns false/false
9171: insert(0x800000a6)
9172: insert(0x8000b05a)
9173: insert(0x80002016)
9174: insert(0x80001064)
9175: flush_page(0x80003) returns false/false
9176: insert(0x8000602c)
9177: flush_page(0x80000) returns true/true
9178: insert(0x80009004)
9179: flush_page(0x8000b) returns true/true
9180: insert(0x8000902a)
9181: insert(0x800050fc)
9182: insert(0x8000a016)
9183: insert(0x80009076)
9184: flush_page(0x80002) returns true/true
9185: insert(0x80009060)
9186: flush_page(0x80000) returns false/false
9187: flush_page(0x80003) returns false/false
9188: insert(0x80009068)
9189: insert(0x800090ee)
9190: flush_page(0x80005) returns true/true
9191: flush_page(0x80006) returns true/false
9192: insert(0x80002094)
9193: insert(0x8000308c)
9194: insert(0x800000ce)
9195: insert(0x800060d6)
9196: insert(0x800090c4)
9197: insert(0x80005014)
9198: insert(0x80006050)
9199: insert(0x800030ca)
9200: insert(0x8000c024)
9201: insert(0x80009050)
9202: flush_page(0x8000c) returns true/true
9203: insert(0x800070ac)
9204: insert(0x8000500c)
9205: insert(0x80005072)
9206: insert(0x8000a0e4)
9207: insert(0x80009080)
9208: flush()
9209: insert(0x80007046)
9210: insert(0x800050d0)
9211: insert(0x800090e4)
9212: insert(0x8000407a)
9213: insert(0x800010a0)
9214: flush()
9215: flush_page(0x80004) returns false/false
9216: flush_page(0x80003) returns false/false
9217: insert(0x80007080)
9218: insert(0x800050c6)
9219: insert(0x8000702e)
9220: insert(0x8000101a)
9221: insert(0x800040e8)
9222: flush()
9223: insert(0x8000905a)
9224: insert(0x800040a8)
9225: flush_page(0x80005) returns false/false
9226: insert(0x800010d4)
9227: flush_page(0x80008) returns false/false
9228: insert(0x80007046)
9229: insert(0x8000b006)
9230: flush_page(0x80007) returns true/true
9231: insert(0x80006044)
9232: insert(0x80000076)
9233: insert(0x800020b8)
9234: insert(0x8000c09e)
9235: insert(0x800020c0)
9236: flush_page(0x80002) returns true/true
9237: insert(0x80004064)
9238: flush()
9239: flush_page(0x80001) returns false/false
9240: insert(0x80007086)
9241: insert(0x8000501a)
9242: insert(0x800080ca)
9243: flush_page(0x8000a) returns false/false
9244: insert(0x8000c006)
9245: insert(0x800060f2)
9246: insert(0x8000c066)
9247: insert(0x8000c0d6)
9248: insert(0x8000c0bc)
9249: insert(0x800090be)
9250: insert(0x80003026)
9251: flush_page(0x80005) returns true/false
9252: flush_page(0x80001) returns false/false
9253: insert(0x8000b08a)
9254: insert(0x8000604a)
9255: insert(0x8000b0b8)
9256: insert(0x8000907a)
9257: flush_page(0x80006) returns true/true
9258: insert(0x80003080)
9259: flush_page(0x80005) returns false/false
9260: flush()
9261: insert(0x800080f8)
9262: flush_page(0x80008) returns true/true
9263: insert(0x800080f2)
9264: insert(0x8000200e)
9265: insert(0x8000501e)
9266: flush_page(0x80003) returns false/false
9267: insert(0x800010f8)
9268: insert(0x80009094)
9269: insert(0x80006094)
9270: flush()
9271: insert(0x8000b066)
9272: insert(0x800000ca)
9273: insert(0x800070aa)
9274: flush_page(0x8000c) returns false/false
9275: insert(0x8000009c)
9276: flush()
9277: insert(0x80008088)
9278: flush_page(0x80005) returns false/false
9279: insert(0x800000a0)
9280: insert(0x80004002)
9281: insert(0x800090b2)
9282: insert(0x8000503a)
9283: insert(0x8000a060)
9284: insert(0x80002064)
9285: insert(0x800030ac)
9286: insert(0x80005006)
9287: insert(0x80002088)
9288: insert(0x8000a064)
9289: insert(0x8000501a)
9290: insert(0x8000b038)
9291: insert(0x80008012)
9292: insert(0x800020e2)
9293: insert(0x8000a020)
9294: insert(0x800000ee)
9295: insert(0x800040e2)
9296: insert(0x800040d6)
9297: flush_page(0x80008) returns true/true
9298: insert(0x8000805e)
9299: insert(0x80004002)
9300: flush_page(0x80002) returns true/false
9301: flush()
9302: insert(0x8000100a)
9303: insert(0x800050ca)
9304: flush_page(0x80002) returns false/false
9305: insert(0x80007050)
9306: insert(0x8000a0e6)
9307: flush_page(0x8000c) returns false/false
9308: insert(0x800080a2)
9309: insert(0x800050cc)
9310: flush()
9311: insert(0x80003028)
9312: insert(0x80006020)
9313: insert(0x80009072)
9314: insert(0x8000c042)
9315: insert(0x800060cc)
9316: insert(0x8000a078)
9317: insert(0x8000401c)
9318: insert(0x8000b000)
9319: flush()
9320: insert(0x80009048)
9321: flush_page(0x80007) returns false/false
9322: flush_page(0x80005) returns false/false
9323: insert(0x80005038)
9324: insert(0x8000303a)
9325: insert(0x8000b0ea)
9326: insert(0x800030dc)
9327: flush()
9328: insert(0x80006072)
9329: insert(0x800080fe)
9330: flush_page(0x80004) returns false/false
9331: flush_page(0x80000) returns false/false
9332: flush_page(0x80009) returns false/false
9333: flush_page(0x80004) returns false/false
9334: insert(0x8000c00e)
9335: insert(0x800020de)
9336: insert(0x8000a0ac)
9337: insert(0x800060d0)
9338: flush_page(0x80005) returns false/false
9339: flush_page(0x80007) returns false/false
9340: flush_page(0x80000) returns false/false
9341: insert(0x8000b03e)
9342: insert(0x80001054)
9343: insert(0x800040bc)
9344: flush_page(0x80001) returns true/false
9345: insert(0x8000a018)
9346: insert(0x800070f6)
9347: insert(0x80008080)
9348: insert(0x800080dc)
9349: flush_page(0x80000) returns false/false
9350: flush_page(0x80006) returns true/true
9351: insert(0x800030ea)
9352: insert(0x8000a01a)
9353: insert(0x80008090)
9354: flush()
9355: insert(0x800040b2)
9356: insert(0x8000006e)
9357: insert(0x80002040)
9358: insert(0x800090e8)
9359: insert(0x80003026)
9360: insert(0x80008050)
9361: insert(0x8000800e)
9362: flush_page(0x80006) returns false/false
9363: insert(0x8000000a)
9364: insert(0x8000a03a)
9365: flush_page(0x80000) returns true/true
9366: insert(0x800090cc)
9367: flush()
9368: insert(0x8000005c)
9369: insert(0x80004070)
9370: flush_page(0x80004) returns true/true
9371: insert(0x8000202c)
9372: insert(0x80008014)
9373: insert(0x800060be)
9374: insert(0x800030d8)
9375: insert(0x80007056)
9376: insert(0x8000300e)
9377: insert(0x80008048)
9378: flush_page(0x8000b) returns false/false
9379: flush_page(0x80000) returns true/true
9380: flush_page(0x80008) returns true/true
9381: flush_page(0x80004) returns false/false
9382: insert(0x800030ec)
9383: insert(0x80004070)
9384: flush_page(0x80009) returns false/false
9385: insert(0x8000b058)
9386: insert(0x8000a0f4)
9387: flush_page(0x80005) returns false/false
9388: insert(0x800030e4)
9389: flush_page(0x80001) returns false/false
9390: insert(0x8000a09a)
9391: flush_page(0x80003) returns true/true
9392: insert(0x800010c4)
9393: insert(0x80009052)
9394: insert(0x80000084)
9395: flush()
9396: insert(0x80001080)
9397: insert(0x800040c0)
9398: insert(0x8000a030)
9399: insert(0x800030fc)
9400: insert(0x800050ba)
9401: flush_page(0x80002) returns false/false
9402: insert(0x80004074)
9403: flush_page(0x80003) returns true/true
9404: insert(0x800090f4)
9405: flush_page(0x80001) returns true/true
9406: flush_page(0x80002) returns false/false
9407: insert(0x80006088)
9408: insert(0x8000c0c4)
9409: flush()
9410: flush_page(0x8000b) returns false/false
9411: insert(0x80002036)
9412: insert(0x800090b2)
9413: flush_page(0x80006) returns false/false
9414: insert(0x8000b052)
9415: flush_page(0x80006) returns false/false
9416: insert(0x80009054)
9417: flush()
9418: insert(0x800070e8)
9419: insert(0x80008080)
9420: insert(0x8000c066)
9421: flush_page(0x8000a) returns false/false
9422: insert(0x8000a00c)
9423: flush_page(0x8000c) returns true/true
9424: insert(0x80006010)
9425: insert(0x80005070)
9426: insert(0x800000ce)
9427: insert(0x8000306a)
9428: insert(0x8000a032)
9429: insert(0x8000b096)
9430: insert(0x80007038)
9431: insert(0x800030c8)
9432: insert(0x8000105c)
9433: insert(0x80004074)
9434: insert(0x8000303c)
9435: insert(0x8000b0d6)
9436: flush_page(0x80000) returns true/false
9437: insert(0x800060bc)
9438: flush_page(0x8000b) returns true/true
9439: insert(0x80001058)
9440: flush_page(0x80003) returns true/true
9441: insert(0x80006090)
9442: insert(0x800050a8)
9443: insert(0x800030a4)
9444: insert(0x8000000a)
9445: insert(0x8000804a)
9446: insert(0x8000c0c8)
9447: flush_page(0x80007) returns true/false
9448: insert(0x8000c052)
9449: insert(0x8000902e)
9450: insert(0x80007022)
9451: insert(0x800040ba)
9452: insert(0x800000f6)
9453: insert(0x8000a03a)
9454: flush_page(0x8000b) returns false/false
9455: flush_page(0x8000a) returns true/true
9456: insert(0x80003080)
9457: insert(0x8000c022)
9458: flush_page(0x8000a) returns false/false
9459: flush_page(0x80007) returns true/true
9460: flush_page(0x80007) returns false/false
9461: insert(0x8000b0b0)
9462: insert(0x8000c072)
9463: flush_page(0x80002) returns false/false
9464: insert(0x800040bc)
9465: insert(0x800060d4)
9466: insert(0x800050cc)
9467: insert(0x80005060)
9468: insert(0x80001092)
9469: insert(0x80005022)
9470: insert(0x8000005e)
9471: flush()
9472: flush_page(0x80009) returns false/false
9473: flush_page(0x80007) returns false/false
9474: insert(0x800080ce)
9475: insert(0x80009084)
9476: insert(0x8000b022)
9477: insert(0x80000058)
9478: flush_page(0x80008) returns true/true
9479: insert(0x80002090)
9480: flush()
9481: insert(0x800090f8)
9482: insert(0x800070dc)
9483: insert(0x8000c05e)
9484: insert(0x800060a6)
9485: flush_page(0x8000a) returns false/false
9486: flush_page(0x80008) returns false/false
9487: insert(0x8000c02a)
9488: flush_page(0x80004) returns false/false
9489: insert(0x800020b8)
9490: insert(0x800090b8)
9491: insert(0x80000030)
9492: insert(0x80002080)
9493: flush_page(0x80000) returns true/true
9494: insert(0x80008060)
9495: insert(0x800070da)
9496: insert(0x800000be)
9497: insert(0x8000604e)
9498: flush_page(0x80000) returns true/true
9499: flush_page(0x8000b) returns false/false
9500: insert(0x800050e6)
9501: flush()
9502: insert(0x80005060)
9503: insert(0x8000b0b4)
9504: insert(0x8000c066)
9505: insert(0x8000b0a4)
9506: insert(0x8000b06a)
9507: insert(0x80001066)
9508: flush_page(0x80001) returns true/true
9509: insert(0x8000507a)
9510: flush_page(0x80003) returns false/false
9511: flush_page(0x80009) returns false/false
9512: insert(0x80002036)
9513: insert(0x8000b0d0)
9514: insert(0x8000106a)
9515: insert(0x800030b6)
9516: flush_page(0x80008) returns false/false
9517: insert(0x8000b05c)
9518: insert(0x8000c096)
9519: insert(0x80007058)
9520: insert(0x800070aa)
9521: insert(0x8000209a)
9522: flush_page(0x80009) returns false/false
9523: insert(0x8000a016)
9524: insert(0x800050f8)
9525: flush_page(0x80003) returns true/true
9526: flush()
9527: flush_page(0x80009) returns false/false
9528: insert(0x80009052)
9529: insert(0x800080b0)
9530: insert(0x800040b4)
9531: flush_page(0x80003) returns false/false
9532: insert(0x800030aa)
9533: flush_page(0x80004) returns true/true
9534: insert(0x8000a0c4)
9535: insert(0x800060b2)
9536: insert(0x8000c082)
9537: insert(0x800040cc)
9538: flush_page(0x8000b) returns false/false
9539: insert(0x8000c046)
9540: insert(0x800040f8)
9541: insert(0x8000c09c)
9542: insert(0x800070c2)
9543: insert(0x8000702c)
9544: insert(0x800020da)
9545: insert(0x8000a00a)
9546: insert(0x800040ec)
9547: flush_page(0x80009) returns true/true
9548: flush_page(0x8000b) returns false/false
9549: insert(0x8000c0fe)
9550: flush_page(0x80000) returns false/false
9551: flush_page(0x80006) returns true/false
9552: insert(0x800050da)
9553: flush_page(0x8000b) returns false/false
9554: insert(0x80008030)
9555: flush_page(0x8000b) returns false/false
9556: insert(0x80003038)
9557: flush_page(0x8000a) returns true/true
9558: flush()
9559: insert(0x800040ae)
9560: insert(0x800010fe)
9561: insert(0x8000005e)
9562: insert(0x800060fc)
9563: insert(0x8000a090)
9564: insert(0x800050f0)
9565: insert(0x8000904e)
9566: insert(0x8000908e)
9567: insert(0x80008002)
9568: flush_page(0x80008) returns true/true
9569: insert(0x8000905e)
9570: insert(0x8000202a)
9571: flush_page(0x80000) returns true/true
9572: insert(0x8000b082)
9573: insert(0x800010c2)
9574: insert(0x8000105c)
9575: flush_page(0x80002) returns true/true
9576: insert(0x8000604a)
9577: insert(0x8000a0d4)
9578: insert(0x8000b004)
9579: insert(0x800030d8)
9580: insert(0x80005054)
9581: flush_page(0x80005) returns true/true
9582: flush_page(0x8000b) returns true/false
9583: flush_page(0x80005) returns false/false
9584: flush_page(0x80009) returns true/true
9585: insert(0x8000608c)
9586: flush_page(0x80009) returns false/false
9587: insert(0x8000a06a)
9588: insert(0x80009028)
9589: flush()
9590: flush()
9591: insert(0x80006064)
9592: flush_page(0x8000b) returns false/false
9593: insert(0x8000b04a)
9594: flush_page(0x80007) returns false/false
9595: insert(0x800030e6)
9596: insert(0x80001002)
9597: insert(0x80002042)
9598: insert(0x800090cc)
9599: insert(0x80006064)
9600: flush_page(0x80001) returns true/true
9601: insert(0x80008026)
9602: insert(0x800040d0)
9603: insert(0x800030b0)
9604: insert(0x8000900e)
9605: insert(0x800010cc)
9606: insert(0x800080b2)
9607: insert(0x8000c0a6)
9608: flush_page(0x80006) returns true/true
9609: insert(0x80005028)
9610: insert(0x8000708c)
9611: insert(0x8000a046)
9612: insert(0x80006042)
9613: insert(0x800010fc)
9614: insert(0x8000a0d4)
9615: flush_page(0x80007) returns true/true
9616: insert(0x8000a094)
9617: insert(0x80002094)
9618: flush()
9619: flush()
9620: flush_page(0x80000) returns false/false
9621: flush()
9622: insert(0x800090b8)
9623: insert(0x800000a8)
9624: insert(0x8000902c)
9625: insert(0x800060fe)
9626: flush_page(0x80005) returns false/false
9627: insert(0x8000a056)
9628: flush_page(0x80008) returns false/false
9629: insert(0x800000f6)
9630: insert(0x80005080)
9631: insert(0x8000606c)
9632: flush_page(0x8000b) returns false/false
9633: insert(0x8000609c)
9634: insert(0x8000905c)
9635: insert(0x8000c06c)
9636: insert(0x8000701c)
9637: flush_page(0x80008) returns false/false
9638: insert(0x8000103c)
9639: flush()
9640: flush_page(0x8000c) returns false/false
9641: insert(0x800070e2)
9642: insert(0x80000044)
9643: insert(0x8000b0f8)
9644: flush_page(0x8000c) returns false/false
9645: insert(0x8000b0c2)
9646: insert(0x8000007c)
9647: insert(0x800060c4)
9648: insert(0x800010e8)
9649: flush()
9650: flush_page(0x80000) returns false/false
9651: insert(0x8000001c)
9652: insert(0x8000100e)
9653: insert(0x8000c03a)
9654: insert(0x8000506e)
9655: flush_page(0x80000) returns true/true
9656: insert(0x8000a0ee)
9657: insert(0x800020a2)
9658: insert(0x8000607e)
9659: insert(0x80004070)
9660: flush_page(0x80004) returns true/true
9661: insert(0x8000a076)
9662: insert(0x8000b09c)
9663: flush_page(0x80002) returns true/true
9664: insert(0x80005010)
9665: insert(0x8000005e)
9666: insert(0x8000c068)
9667: flush_page(0x80003) returns false/false
9668: insert(0x800050ca)
9669: flush_page(0x8000c) returns true/true
9670: insert(0x8000b0aa)
9671: insert(0x8000201e)
9672: flush_page(0x80002) returns true/true
9673: insert(0x800080b4)
9674: flush()
9675: flush_page(0x80007) returns false/false
9676: insert(0x8000a0b0)
9677: flush()
9678: insert(0x8000b008)
9679: flush_page(0x8000b) returns true/true
9680: insert(0x8000b0f6)
9681: insert(0x80008032)
9682: insert(0x80007010)
9683: insert(0x800070fe)
9684: flush_page(0x8000a) returns false/false
9685: insert(0x800020e2)
9686: insert(0x8000a026)
9687: flush_page(0x80000) returns false/false
9688: insert(0x80002070)
9689: insert(0x800010fa)
9690: insert(0x8000c0c4)
9691: insert(0x80007066)
9692: insert(0x8000502e)
9693: flush_page(0x80001) returns true/true
9694: insert(0x800030f8)
9695: insert(0x8000a02c)
9696: insert(0x800030c2)
9697: insert(0x8000a0c2)
9698: insert(0x80005044)
9699: flush_page(0x80005) returns true/true
9700: flush_page(0x80003) returns true/true
9701: insert(0x80005094)
9702: insert(0x8000505a)
9703: flush()
9704: flush_page(0x80009) returns false/false
9705: insert(0x80004038)
9706: insert(0x80001018)
9707: insert(0x80009092)
9708: flush()
9709: insert(0x8000a074)
9710: insert(0x8000503a)
9711: flush()
9712: insert(0x80000020)
9713: flush_page(0x80000) returns true/true
9714: insert(0x80007006)
9715: flush_page(0x80003) returns false/false
9716: insert(0x800090a0)
9717: insert(0x800060c4)
9718: insert(0x80009002)
9719: insert(0x8000b006)
9720: insert(0x800040e2)
9721: insert(0x80005070)
9722: flush_page(0x80001) returns false/false
9723: flush_page(0x80008) returns false/false
9724: insert(0x8000c040)
9725: insert(0x8000605a)
9726: flush_page(0x80009) returns true/true
9727: insert(0x80000024)
9728: insert(0x80003090)
9729: insert(0x8000104c)
9730: insert(0x80004028)
9731: flush_page(0x80005) returns true/false
9732: insert(0x800070a4)
9733: insert(0x8000307a)
9734: insert(0x8000a0d2)
9735: insert(0x8000b08e)
9736: insert(0x800000d8)
9737: flush()
9738: insert(0x8000409a)
9739: insert(0x80005092)
9740: insert(0x80007082)
9741: flush_page(0x80001) returns false/false
9742: insert(0x800000e4)
9743: insert(0x800090a0)
9744: insert(0x8000b086)
9745: insert(0x800010c8)
9746: insert(0x80000004)
9747: insert(0x800080cc)
9748: insert(0x800080cc)
9749: insert(0x8000b046)
9750: insert(0x800040c6)
9751: insert(0x800080bc)
9752: insert(0x80003088)
9753: flush()
9754: insert(0x8000a0d4)
9755: insert(0x800040b2)
9756: insert(0x80000086)
9757: insert(0x8000b0f8)
9758: insert(0x800050e2)
9759: insert(0x8000500c)
9760: insert(0x80007080)
9761: insert(0x8000903c)
9762: insert(0x8000b06a)
9763: flush_page(0x8000a) returns true/true
9764: insert(0x8000a026)
9765: insert(0x80007010)
9766: insert(0x80005028)
9767: flush_page(0x80006) returns false/false
9768: insert(0x80005058)
9769: insert(0x8000c02a)
9770: flush_page(0x80000) returns true/false
9771: insert(0x8000c04c)
9772: insert(0x8000303e)
9773: insert(0x800060ba)
9774: insert(0x800060dc)
9775: insert(0x800090b6)
9776: insert(0x8000c010)
9777: insert(0x80008072)
9778: flush_page(0x80008) returns true/true
9779: flush_page(0x8000a) returns true/true
9780: insert(0x8000a0c4)
9781: insert(0x8000401a)
9782: insert(0x8000c03e)
9783: insert(0x800080fc)
9784: insert(0x8000b04a)
9785: insert(0x8000c0a0)
9786: insert(0x800090ac)
9787: insert(0x80009054)
9788: flush_page(0x80003) returns true/false
9789: insert(0x8000a05e)
9790: insert(0x80007018)
9791: flush_page(0x80004) returns true/false
9792: insert(0x800040ae)
9793: insert(0x8000400a)
9794: insert(0x800040ae)
9795: insert(0x8000c09c)
9796: insert(0x8000c0a2)
9797: flush_page(0x80004) returns true/true
9798: insert(0x8000c086)
9799: insert(0x80001054)
9800: insert(0x8000c0a0)
9801: insert(0x8000a050)
9802: insert(0x8000c0bc)
9803: insert(0x80002090)
9804: insert(0x800040f2)
9805: flush_page(0x80001) returns true/true
9806: insert(0x800000ee)
9807: insert(0x800030ce)
9808: flush()
9809: insert(0x8000c0d6)
9810: insert(0x8000b0a0)
9811: flush_page(0x80003) returns false/false
9812: insert(0x80001008)
9813: insert(0x8000c00a)
9814: insert(0x8000c0c2)
9815: insert(0x8000c026)
9816: flush_page(0x8000b) returns true/true
9817: insert(0x8000707e)
9818: insert(0x800030da)
9819: insert(0x800010b2)
9820: insert(0x8000c044)
9821: insert(0x80008050)
9822: insert(0x800020c8)
9823: insert(0x800080e6)
9824: flush_page(0x80006) returns false/false
9825: insert(0x800010f4)
9826: insert(0x80005022)
9827: flush_page(0x80002) returns true/true
9828: insert(0x8000c044)
9829: insert(0x8000a092)
9830: insert(0x8000a08c)
9831: insert(0x80002032)
9832: flush_page(0x80006) returns false/false
9833: flush_page(0x80003) returns true/false
9834: insert(0x8000a038)
9835: insert(0x80003072)
9836: flush()
9837: insert(0x800080f0)
9838: insert(0x800050d8)
9839: insert(0x800090e4)
9840: flush()
9841: insert(0x8000c0be)
9842: insert(0x80004020)
9843: insert(0x800020e2)
9844: flush_page(0x80005) returns false/false
9845: flush()
9846: flush_page(0x80003) returns false/false
9847: insert(0x80009042)
9848: flush_page(0x8000a) returns false/false
9849: insert(0x800050d0)
9850: insert(0x8000308e)
9851: insert(0x800010be)
9852: insert(0x80009052)
9853: flush_page(0x80000) returns false/false
9854: insert(0x8000207a)
9855: insert(0x80009040)
9856: insert(0x8000102e)
9857: flush()
9858: flush_page(0x80004) returns false/false
9859: insert(0x8000301a)
9860: insert(0x800000d6)
9861: insert(0x8000a0ec)
9862: flush_page(0x80006) returns false/false
9863: insert(0x800060ae)
9864: insert(0x800020b8)
9865: insert(0x8000404a)
9866: insert(0x800090d0)
9867: insert(0x8000c0e8)
9868: insert(0x8000b08c)
9869: insert(0x8000905c)
9870: insert(0x80009032)
9871: insert(0x8000a02c)
9872: flush_page(0x80006) returns true/true
9873: insert(0x800080c0)
9874: insert(0x8000c0d4)
9875: insert(0x80004070)
9876: flush()
9877: insert(0x8000404a)
9878: insert(0x8000b09c)
9879: flush()
9880: insert(0x8000b024)
9881: insert(0x80002068)
9882: flush_page(0x80000) returns false/false
9883: flush_page(0x80000) returns false/false
9884: insert(0x80006074)
9885: insert(0x800050f0)
9886: flush_page(0x80009) returns false/false
9887: flush_page(0x80000) returns false/false
9888: insert(0x8000c0f4)
9889: insert(0x800070dc)
9890: insert(0x8000900c)
9891: insert(0x8000a026)
9892: flush()
9893: insert(0x8000c056)
9894: insert(0x8000b05c)
9895: insert(0x8000205e)
9896: flush_page(0x80003) returns false/false
9897: insert(0x8000c08c)
9898: flush_page(0x80002) returns true/true
9899: insert(0x8000207a)
9900: insert(0x800030e6)
9901: flush_page(0x80008) returns false/false
9902: insert(0x8000b06a)
9903: flush()
9904: flush()
9905: insert(0x800030b8)
9906: flush()
9907: insert(0x80004020)
9908: insert(0x8000a0fe)
9909: insert(0x8000006a)
9910: insert(0x8000404a)
9911: insert(0x800040f4)
9912: insert(0x80001092)
9913: flush_page(0x80004) returns true/true
9914: insert(0x800030c4)
9915: insert(0x8000a0a6)
9916: insert(0x8000c082)
9917: insert(0x800010f0)
9918: insert(0x80007012)
9919: flush_page(0x80003) returns true/true
9920: flush()
9921: insert(0x800080b8)
9922: insert(0x8000b044)
9923: insert(0x800020f6)
9924: insert(0x800070e2)
9925: insert(0x80005040)
9926: flush_page(0x80002) returns true/true
9927: insert(0x8000903a)
9928: flush()
9929: insert(0x80006090)
9930: flush_page(0x80001) returns false/false
9931: insert(0x800070d8)
9932: insert(0x800080c6)
9933: insert(0x8000b040)
9934: insert(0x800070ba)
9935: insert(0x800080c4)
9936: insert(0x8000103e)
9937: insert(0x80005050)
9938: insert(0x800090bc)
9939: insert(0x80009000)
9940: insert(0x8000002c)
9941: flush_page(0x80008) returns true/true
9942: insert(0x800040a2)
9943: flush_page(0x80005) returns true/false
9944: insert(0x80001094)
9945: insert(0x8000006c)
9946: flush_page(0x80004) returns true/true
9947: flush_page(0x80006) returns true/true
9948: insert(0x800000a6)
9949: flush_page(0x80006) returns false/false
9950: insert(0x800090e2)
9951: insert(0x8000c044)
9952: insert(0x80006024)
9953: flush_page(0x80002) returns false/false
9954: insert(0x8000a092)
9955: insert(0x80004078)
9956: insert(0x8000b0e0)
9957: insert(0x80000060)
9958: insert(0x800070e0)
9959: flush_page(0x8000b) returns true/true
9960: flush()
9961: insert(0x80009086)
9962: insert(0x800020e6)
9963: flush_page(0x8000b) returns false/false
9964: insert(0x8000906e)
9965: insert(0x80002002)
9966: insert(0x80004010)
9967: insert(0x800030be)
9968: insert(0x80007090)
9969: insert(0x8000308a)
9970: flush_page(0x80002) returns true/true
9971: flush_page(0x80008) returns false/false
9972: insert(0x80004008)
9973: insert(0x80001012)
9974: insert(0x80000060)
9975: flush_page(0x80007) returns true/false
9976: flush()
9977: insert(0x8000403a)
9978: flush_page(0x80002) returns false/false
9979: insert(0x8000c08a)
9980: insert(0x8000602e)
9981: insert(0x8000604a)
9982: insert(0x8000a072)
9983: insert(0x80001090)
9984: flush_page(0x80007) returns false/false
9985: insert(0x800040b2)
9986: insert(0x800040c6)
9987: flush_page(0x8000a) returns true/true
9988: insert(0x8000c07a)
9989: insert(0x80008072)
9990: flush_page(0x80005) returns false/false
9991: flush_page(0x80005) returns false/false
9992: insert(0x800030d6)
9993: insert(0x800000a8)
9994: flush()
9995: flush_page(0x8000b) returns false/false
9996: insert(0x8000806e)
9997: insert(0x80001052)
9998: insert(0x80008014)
9999: insert(0x8000400e)
10000: insert(0x8000c0de)
10001: insert(0x80006034)
10002: insert(0x8000201e)
10003: insert(0x80006050)
10004: insert(0x80006018)
10005: insert(0x8000a086)
10006: insert(0x8000c07a)
10007: flush_page(0x80001) returns true/false
10008: insert(0x8000c0b4)
10009: insert(0x8000601e)
10010: flush_page(0x80000) returns false/false
10011: insert(0x8000800a)
10012: flush_page(0x80000) returns false/false
10013: flush_page(0x80002) returns true/true
10014: insert(0x800070d8)
10015: flush_page(0x80009) returns false/false
10016: flush_page(0x80002) returns false/false
10017: flush_page(0x80002) returns false/false
10018: insert(0x80000068)
10019: insert(0x8000c03a)
10020: flush_page(0x8000b) returns false/false
10021: flush_page(0x80001) returns false/false
10022: insert(0x80000058)
10023: insert(0x80003020)
10024: insert(0x80003016)
10025: insert(0x80006032)
10026: insert(0x800000b0)
10027: insert(0x800040da)
10028: insert(0x8000a078)
10029: insert(0x8000806c)
10030: insert(0x80004008)
10031: flush_page(0x80009) returns false/false
10032: insert(0x8000006c)
10033: insert(0x80009082)
10034: insert(0x8000309a)
10035: insert(0x80006022)
10036: insert(0x8000708a)
10037: insert(0x800040e4)
10038: flush()
10039: flush_page(0x8000b) returns false/false
10040: flush_page(0x8000c) returns false/false
10041: insert(0x8000c0ba)
10042: flush_page(0x8000b) returns false/false
10043: insert(0x8000502e)
10044: insert(0x80001052)
10045: insert(0x8000205a)
10046: flush()
10047: insert(0x800030c0)
10048: flush()
10049: insert(0x80009096)
10050: insert(0x800040f6)
10051: insert(0x8000a0b6)
10052: insert(0x800090da)
10053: insert(0x8000802e)
10054: insert(0x800070de)
10055: flush_page(0x80005) returns false/false
10056: flush()
10057: insert(0x8000c072)
10058: insert(0x800030ce)
10059: insert(0x8000406a)
10060: insert(0x80004032)
10061: insert(0x800080e6)
10062: flush_page(0x80009) returns false/false
10063: flush()
10064: insert(0x800010fa)
10065: flush()
10066: insert(0x800080e8)
10067: insert(0x8000a02c)
10068: insert(0x8000b08c)
10069: insert(0x8000a018)
10070: insert(0x8000809a)
10071: insert(0x8000c082)
10072: flush()
10073: insert(0x80004084)
10074: insert(0x8000804e)
10075: insert(0x8000b0aa)
10076: flush_page(0x8000c) returns false/false
10077: insert(0x80005084)
10078: insert(0x80004052)
10079: insert(0x8000b066)
10080: insert(0x8000502c)
10081: insert(0x8000b0ec)
10082: insert(0x8000c00e)
10083: flush_page(0x80009) returns false/false
10084: insert(0x8000300a)
10085: insert(0x80006062)
10086: insert(0x8000c070)
10087: flush()
10088: flush_page(0x80000) returns false/false
10089: insert(0x800040c6)
10090: insert(0x8000a050)
10091: insert(0x80001068)
10092: insert(0x8000100e)
10093: flush()
10094: insert(0x800020d4)
10095: insert(0x800090de)
10096: insert(0x800050e8)
10097: insert(0x80005096)
10098: insert(0x8000b068)
10099: insert(0x80003098)
10100: flush_page(0x8000c) returns false/false
10101: flush_page(0x80009) returns true/true
10102: insert(0x800070d6)
10103: insert(0x8000a0d6)
10104: flush_page(0x80009) returns false/false
10105: insert(0x800040c6)
10106: flush()
10107: insert(0x80003022)
10108: insert(0x800070a8)
10109: insert(0x80005082)
10110: insert(0x80007038)
10111: insert(0x800090f6)
10112: insert(0x8000807a)
10113: insert(0x80006052)
10114: insert(0x800060aa)
10115: insert(0x80002032)
10116: flush_page(0x8000b) returns false/false
10117: insert(0x80004028)
10118: insert(0x80004092)
10119: insert(0x8000a064)
10120: flush_page(0x80000) returns false/false
10121: flush_page(0x8000c) returns false/false
10122: insert(0x80005004)
10123: flush()
10124: insert(0x8000a01c)
10125: flush_page(0x8000b) returns false/false
10126: flush_page(0x80000) returns false/false
10127: flush_page(0x8000a) returns true/true
10128: flush_page(0x80009) returns false/false
10129: insert(0x8000c022)
10130: insert(0x800060b6)
10131: insert(0x800050d6)
10132: insert(0x800090c0)
10133: insert(0x8000b04e)
10134: insert(0x800050ca)
10135: flush_page(0x80009) returns true/true
10136: insert(0x80009054)
10137: insert(0x8000709e)
10138: flush_page(0x80005) returns true/true
10139: insert(0x800020d4)
10140: insert(0x8000c0a2)
10141: flush_page(0x80008) returns false/false
10142: flush_page(0x80009) returns true/true
10143: insert(0x80004032)
10144: insert(0x8000106a)
10145: insert(0x800040e2)
10146: insert(0x8000a04c)
10147: insert(0x80002094)
10148: flush_page(0x80002) returns true/true
10149: flush_page(0x8000b) returns true/true
10150: insert(0x800010ca)
10151: insert(0x80007032)
10152: flush_page(0x80009) returns false/false
10153: flush_page(0x8000a) returns true/true
10154: insert(0x800010ec)
10155: insert(0x80006048)
10156: insert(0x800000e0)
10157: flush_page(0x80006) returns true/true
10158: insert(0x800000ba)
10159: insert(0x8000901a)
10160: insert(0x800000ca)
10161: insert(0x800090de)
10162: insert(0x800060d0)
10163: insert(0x800090b2)
10164: insert(0x80008022)
10165: insert(0x8000700c)
10166: insert(0x8000306a)
10167: insert(0x800010c2)
10168: insert(0x8000b086)
10169: insert(0x80009008)
10170: flush_page(0x80002) returns false/false
10171: flush_page(0x80003) returns true/true
10172: insert(0x80003028)
10173: insert(0x80005098)
10174: insert(0x800010b2)
10175: insert(0x800060d6)
10176: insert(0x8000706a)
10177: insert(0x80003020)
10178: insert(0x8000903e)
10179: flush_page(0x80009) returns true/true
10180: insert(0x8000b0bc)
10181: flush_page(0x80004) returns true/false
10182: insert(0x8000701c)
10183: insert(0x800010f2)
10184: flush_page(0x8000c) returns true/false
10185: insert(0x8000203e)
10186: flush_page(0x8000a) returns false/false
10187: insert(0x80007048)
10188: insert(0x8000401c)
10189: insert(0x800050f6)
10190: insert(0x800060c2)
10191: insert(0x80007020)
10192: insert(0x80009024)
10193: insert(0x8000007c)
10194: insert(0x8000004e)
10195: insert(0x80005088)
10196: insert(0x80003018)
10197: flush_page(0x80001) returns true/true
10198: insert(0x800010a4)
10199: insert(0x8000a01e)
10200: insert(0x80009078)
10201: insert(0x800070da)
10202: insert(0x80008080)
10203: insert(0x800070b0)
10204: flush()
10205: flush_page(0x80001) returns false/false
10206: flush_page(0x8000b) returns false/false
10207: flush_page(0x80000) returns false/false
10208: flush()
10209: flush_page(0x80009) returns false/false
10210: insert(0x800030b6)
10211: insert(0x800050ee)
10212: flush_page(0x80001) returns false/false
10213: flush_page(0x80002) returns false/false
10214: insert(0x80000078)
10215: insert(0x8000507e)
10216: flush_page(0x80000) returns true/true
10217: insert(0x80001072)
10218: insert(0x80001046)
10219: insert(0x8000203a)
10220: insert(0x800020b4)
10221: insert(0x8000809e)
10222: flush_page(0x80008) returns true/true
10223: flush()
10224: flush_page(0x80000) returns false/false
10225: insert(0x8000101a)
10226: flush_page(0x80006) returns false/false
10227: insert(0x8000a058)
10228: insert(0x8000609e)
10229: insert(0x80000076)
10230: insert(0x800060cc)
10231: flush()
10232: flush_page(0x8000b) returns false/false
10233: insert(0x800060d6)
10234: insert(0x8000b016)
10235: insert(0x80002016)
10236: insert(0x8000b086)
10237: insert(0x8000a074)
10238: insert(0x80007012)
10239: flush_page(0x80007) returns true/true
10240: insert(0x8000b018)
10241: insert(0x800020f6)
10242: insert(0x8000001c)
10243: insert(0x800070f6)
10244: insert(0x80000002)
10245: insert(0x800020ea)
10246: insert(0x80004038)
10247: insert(0x800090f2)
10248: insert(0x8000c074)
10249: insert(0x80001022)
10250: insert(0x800080d8)
10251: flush_page(0x80007) returns true/false
10252: flush_page(0x80000) returns true/true
10253: insert(0x8000b0a8)
10254: flush_page(0x8000a) returns true/true
10255: insert(0x80001062)
10256: insert(0x80008068)
10257: flush_page(0x80001) returns true/true
10258: insert(0x8000601e)
10259: flush_page(0x80006) returns true/true
10260: insert(0x800030a6)
10261: insert(0x8000c0ba)
10262: flush()
10263: flush()
10264: insert(0x8000108e)
10265: insert(0x8000409e)
10266: insert(0x800040fc)
10267: insert(0x80002074)
10268: flush_page(0x80001) returns true/true
10269: insert(0x800040e6)
10270: insert(0x8000b0ac)
10271: insert(0x8000b072)
10272: insert(0x8000208e)
10273: insert(0x8000605c)
10274: insert(0x8000102c)
10275: insert(0x8000203a)
10276: insert(0x80001020)
10277: insert(0x8000108e)
10278: flush()
10279: flush_page(0x80000) returns false/false
10280: flush_page(0x80008) returns false/false
10281: insert(0x80009062)
10282: flush_page(0x80009) returns true/true
10283: insert(0x80008028)
10284: flush_page(0x80002) returns false/false
10285: insert(0x8000b050)
10286: flush()
10287: insert(0x800050b8)
10288: insert(0x80008066)
10289: flush_page(0x80003) returns false/false
10290: insert(0x8000007e)
10291: insert(0x80001028)
10292: insert(0x8000b062)
10293: insert(0x80005030)
10294: flush_page(0x80001) returns true/true
10295: insert(0x80004056)
10296: insert(0x8000a08a)
10297: insert(0x800020c2)
10298: insert(0x8000607c)
10299: flush_page(0x8000a) returns true/true
10300: flush_page(0x80002) returns true/true
10301: insert(0x80008068)
10302: insert(0x800090d6)
10303: insert(0x8000403e)
10304: flush()
10305: insert(0x80006014)
10306: flush()
10307: flush()
10308: flush_page(0x80004) returns false/false
10309: insert(0x800080e0)
10310: flush_page(0x80008) returns true/true
10311: insert(0x800010c6)
10312: insert(0x800090be)
10313: insert(0x8000707e)
10314: flush_page(0x80004) returns false/false
10315: insert(0x800080f8)
10316: flush_page(0x80008) returns true/true
10317: insert(0x8000c048)
10318: flush_page(0x80009) returns true/true
10319: insert(0x800000da)
10320: insert(0x8000c08c)
10321: insert(0x800070b8)
10322: insert(0x800000c2)
10323: insert(0x800090ca)
10324: insert(0x800020a8)
10325: insert(0x8000c0ea)
10326: insert(0x800030e2)
10327: flush_page(0x80003) returns true/true
10328: flush_page(0x80007) returns true/true
10329: flush()
10330: flush()
10331: flush_page(0x8000c) returns false/false
10332: insert(0x800090d8)
10333: insert(0x80008020)
10334: insert(0x80000038)
10335: insert(0x80008094)
10336: flush_page(0x80006) returns false/false
10337: insert(0x8000607e)
10338: flush_page(0x80008) returns true/true
10339: flush_page(0x8000c) returns false/false
10340: flush_page(0x80003) returns false/false
10341: insert(0x80003088)
10342: insert(0x80006064)
10343: insert(0x80005042)
10344: flush_page(0x8000b) returns false/false
10345: flush_page(0x8000c) returns false/false
10346: insert(0x80006044)
10347: insert(0x8000c0a4)
10348: insert(0x8000102e)
10349: flush_page(0x80008) returns false/false
10350: flush_page(0x80009) returns true/true
10351: flush_page(0x80009) returns false/false
10352: insert(0x8000c0c8)
10353: insert(0x8000208e)
10354: flush_page(0x80007) returns false/false
10355: flush_page(0x80000) returns true/true
10356: insert(0x80004038)
10357: insert(0x80000012)
10358: insert(0x8000102e)
10359: insert(0x8000c0fa)
10360: insert(0x800010b2)
10361: insert(0x8000a010)
10362: insert(0x8000c014)
10363: insert(0x80008082)
10364: insert(0x8000b06c)
10365: insert(0x800080c4)
10366: insert(0x80008062)
10367: insert(0x800060a2)
10368: insert(0x8000c0a2)
10369: insert(0x8000807e)
10370: insert(0x8000708e)
10371: flush_page(0x80006) returns true/true
10372: insert(0x8000001e)
10373: insert(0x80004066)
10374: insert(0x80006098)
10375: insert(0x800000ae)
10376: flush()
10377: insert(0x80009058)
10378: flush_page(0x8000c) returns false/false
10379: flush_page(0x80004) returns false/false
10380: flush_page(0x80003) returns false/false
10381: insert(0x8000b0bc)
10382: insert(0x800090c8)
10383: flush_page(0x80008) returns false/false
10384: insert(0x8000905a)
10385: insert(0x800080c4)
10386: flush()
10387: insert(0x8000602c)
10388: insert(0x80001012)
10389: insert(0x8000c0ae)
10390: insert(0x80007018)
10391: insert(0x8000b052)
10392: insert(0x8000404c)
10393: insert(0x80006016)
10394: insert(0x8000707a)
10395: insert(0x8000a0a8)
10396: insert(0x800070ee)
10397: insert(0x800010f0)
10398: insert(0x800070b8)
10399: insert(0x800040c6)
10400: insert(0x80003066)
10401: flush_page(0x80006) returns true/true
10402: flush()
10403: insert(0x800080ba)
10404: insert(0x8000b036)
10405: insert(0x80000056)
10406: insert(0x80008082)
10407: flush()
10408: insert(0x800030c2)
10409: insert(0x800060aa)
10410: insert(0x800000f2)
10411: insert(0x80000068)
10412: flush_page(0x8000a) returns false/false
10413: insert(0x8000b034)
10414: insert(0x8000503c)
10415: insert(0x8000c04a)
10416: insert(0x800060dc)
10417: insert(0x800080fa)
10418: insert(0x800050f6)
10419: insert(0x8000605e)
10420: insert(0x800000d2)
10421: insert(0x80007062)
10422: insert(0x800070f2)
10423: flush_page(0x80002) returns false/false
10424: flush_page(0x80002) returns false/false
10425: insert(0x80009038)
10426: insert(0x8000707c)
10427: insert(0x800040ba)
10428: insert(0x8000409a)
10429: insert(0x80000054)
10430: insert(0x80001076)
10431: flush_page(0x8000a) returns false/false
10432: insert(0x800050a0)
10433: insert(0x8000307c)
10434: insert(0x800070aa)
10435: insert(0x8000b0b0)
10436: insert(0x8000808e)
10437: insert(0x800020f6)
10438: insert(0x80000052)
10439: flush_page(0x80002) returns true/true
10440: insert(0x8000a022)
10441: insert(0x80008008)
10442: insert(0x800070d8)
10443: insert(0x80000086)
10444: insert(0x800000a0)
10445: flush_page(0x80007) returns true/true
10446: insert(0x80006044)
10447: insert(0x800080e2)
10448: insert(0x80000062)
10449: insert(0x800070e2)
10450: insert(0x800010c0)
10451: flush_page(0x80007) returns true/true
10452: flush_page(0x80006) returns true/false
10453: insert(0x80008034)
10454: insert(0x8000009e)
10455: insert(0x80002034)
10456: insert(0x8000104a)
10457: insert(0x800020da)
10458: insert(0x8000a056)
10459: flush_page(0x80006) returns false/false
10460: insert(0x8000b034)
10461: flush_page(0x80009) returns true/false
10462: insert(0x80001090)
10463: flush_page(0x80005) returns true/false
10464: flush_page(0x8000a) returns true/true
10465: flush()
10466: flush_page(0x80004) returns false/false
10467: insert(0x80003072)
10468: insert(0x800040a4)
10469: flush_page(0x80005) returns false/false
10470: insert(0x800030c0)
10471: insert(0x8000906e)
10472: flush_page(0x80009) returns true/true
10473: insert(0x8000c0d6)
10474: insert(0x8000306e)
10475: insert(0x800010d8)
10476: flush_page(0x8000a) returns false/false
10477: flush_page(0x8000b) returns false/false
10478: insert(0x80004038)
10479: flush_page(0x80009) returns false/false
10480: insert(0x80002086)
10481: insert(0x800090ba)
10482: insert(0x8000800a)
10483: insert(0x8000801e)
10484: flush_page(0x8000c) returns true/false
10485: insert(0x8000b052)
10486: flush_page(0x80009) returns true/true
10487: insert(0x8000600a)
10488: flush_page(0x80005) returns false/false
10489: insert(0x8000a066)
10490: insert(0x8000c08a)
10491: flush_page(0x80006) returns true/true
10492: flush_page(0x8000c) returns true/true
10493: flush()
10494: flush_page(0x80009) returns false/false
10495: flush_page(0x8000b) returns false/false
10496: insert(0x8000c096)
10497: insert(0x8000801a)
10498: insert(0x8000b01e)
10499: flush_page(0x8000a) returns false/false
10500: insert(0x8000901a)
10501: insert(0x8000100c)
10502: insert(0x8000608c)
10503: insert(0x80001024)
10504: flush_page(0x80005) returns false/false
10505: insert(0x800080be)
10506: insert(0x800010e4)
10507: insert(0x800070e0)
10508: flush_page(0x80009) returns true/false
10509: insert(0x80002030)
10510: flush_page(0x8000a) returns false/false
10511: insert(0x800010fe)
10512: insert(0x8000907c)
10513: insert(0x800050de)
10514: insert(0x8000a0a4)
10515: insert(0x8000a07a)
10516: flush_page(0x80000) returns false/false
10517: flush_page(0x80008) returns true/false
10518: insert(0x800070ae)
10519: insert(0x8000c026)
10520: insert(0x800020e6)
10521: insert(0x8000a048)
10522: insert(0x800060a0)
10523: insert(0x8000c0b2)
10524: insert(0x8000702a)
10525: flush()
10526: insert(0x8000a046)
10527: insert(0x800050e4)
10528: insert(0x80000086)
10529: insert(0x80002090)
10530: insert(0x800000f6)
10531: insert(0x80009026)
10532: insert(0x8000c00e)
10533: insert(0x80009064)
10534: insert(0x800090ea)
10535: insert(0x8000a096)
10536: insert(0x800000c6)
10537: flush_page(0x80007) returns false/false
10538: insert(0x8000c002)
10539: insert(0x8000b07c)
10540: insert(0x8000501c)
10541: insert(0x800090c2)
10542: insert(0x800020e0)
10543: insert(0x8000b0ce)
10544: insert(0x8000802c)
10545: insert(0x8000a042)
10546: flush_page(0x80002) returns true/true
10547: flush_page(0x80000) returns true/false
10548: insert(0x800050e0)
10549: insert(0x80009080)
10550: flush_page(0x80002) returns false/false
10551: insert(0x80002076)
10552: insert(0x8000c08c)
10553: insert(0x800000fa)
10554: insert(0x800080d0)
10555: insert(0x80006072)
10556: insert(0x80009058)
10557: insert(0x800060ac)
10558: insert(0x80009032)
10559: flush_page(0x8000c) returns true/true
10560: insert(0x8000c078)
10561: insert(0x8000c0aa)
10562: insert(0x80002004)
10563: insert(0x80007006)
10564: insert(0x80006070)
10565: insert(0x800070b8)
10566: flush_page(0x80004) returns false/false
10567: flush()
10568: flush()
10569: insert(0x800040fc)
10570: insert(0x800060de)
10571: flush_page(0x80006) returns true/true
10572: insert(0x80004096)
10573: insert(0x8000c006)
10574: insert(0x800080bc)
10575: insert(0x80008072)
10576: flush_page(0x80007) returns false/false
10577: flush_page(0x80007) returns false/false
10578: flush_page(0x80001) returns false/false
10579: insert(0x8000708a)
10580: insert(0x8000a0c2)
10581: flush_page(0x80004) returns true/true
10582: insert(0x8000304e)
10583: insert(0x80004092)
10584: insert(0x80006002)
10585: insert(0x80001008)
10586: insert(0x8000b0ba)
10587: insert(0x80000022)
10588: flush_page(0x80005) returns false/false
10589: flush_page(0x80004) returns true/true
10590: insert(0x80008004)
10591: insert(0x80007002)
10592: flush()
10593: insert(0x8000205e)
10594: flush_page(0x80002) returns true/true
10595: flush()
10596: insert(0x8000005a)
10597: insert(0x800090e0)
10598: insert(0x80008044)
10599: insert(0x80009098)
10600: insert(0x80002028)
10601: insert(0x80001024)
10602: insert(0x8000808e)
10603: flush_page(0x80000) returns true/true
10604: insert(0x80009050)
10605: insert(0x8000c0a2)
10606: insert(0x800030c4)
10607: insert(0x8000209e)
10608: insert(0x80000044)
10609: insert(0x800050a8)
10610: flush_page(0x80009) returns true/true
10611: insert(0x800090ee)
10612: insert(0x800080e8)
10613: flush()
10614: insert(0x800060ae)
10615: flush_page(0x80007) returns false/false
10616: insert(0x8000b0e4)
10617: insert(0x8000600e)
10618: insert(0x8000801a)
10619: insert(0x800030ce)
10620: flush_page(0x80009) returns false/false
10621: insert(0x800080fa)
10622: insert(0x800050cc)
10623: insert(0x800080ea)
10624: flush_page(0x80004) returns false/false
10625: insert(0x80009040)
10626: insert(0x8000008a)
10627: insert(0x800010b8)
10628: insert(0x80000056)
10629: flush_page(0x80006) returns true/false
10630: insert(0x80004014)
10631: flush_page(0x80000) returns true/true
10632: insert(0x8000300a)
10633: insert(0x8000c016)
10634: insert(0x800030e2)
10635: flush_page(0x8000c) returns true/true
10636: insert(0x800080d4)
10637: insert(0x80009054)
10638: flush_page(0x80004) returns true/false
10639: insert(0x8000a09e)
10640: insert(0x8000c09e)
10641: insert(0x8000b03a)
10642: flush_page(0x8000b) returns true/true
10643: insert(0x8000c06c)
10644: insert(0x8000803e)
10645: insert(0x8000509c)
10646: insert(0x800060de)
10647: flush_page(0x8000c) returns true/true
10648: flush()
10649: insert(0x8000a0be)
10650: insert(0x8000a07c)
10651: flush_page(0x80007) returns false/false
10652: insert(0x80005014)
10653: insert(0x80000020)
10654: flush_page(0x80006) returns false/false
10655: flush()
10656: insert(0x800000ea)
10657: insert(0x8000200e)
10658: insert(0x80006012)
10659: insert(0x8000001c)
10660: insert(0x8000c0c2)
10661: insert(0x800040a2)
10662: flush()
10663: flush_page(0x80000) returns false/false
10664: insert(0x800040c0)
10665: flush_page(0x80003) returns false/false
10666: insert(0x8000000e)
10667: flush_page(0x80008) returns false/false
10668: insert(0x80006064)
10669: flush()
10670: insert(0x80008040)
10671: insert(0x80000048)
10672: insert(0x800040c0)
10673: insert(0x8000402a)
10674: insert(0x800030d8)
10675: insert(0x8000102c)
10676: insert(0x800070e2)
10677: insert(0x8000b02c)
10678: insert(0x80000088)
10679: insert(0x800080f0)
10680: flush_page(0x8000c) returns false/false
10681: flush()
10682: insert(0x8000b0ee)
10683: insert(0x80001036)
10684: insert(0x80001060)
10685: insert(0x80004088)
10686: insert(0x800090d6)
10687: insert(0x8000001c)
10688: flush_page(0x80009) returns true/true
10689: insert(0x80007036)
10690: insert(0x8000105e)
10691: insert(0x8000a0ea)
10692: insert(0x8000701a)
10693: insert(0x8000b0c4)
10694: insert(0x8000106e)
10695: flush_page(0x8000c) returns false/false
10696: flush_page(0x80001) returns true/true
10697: insert(0x800030bc)
10698: flush_page(0x80004) returns true/true
10699: flush_page(0x80004) returns false/false
10700: insert(0x8000a0c6)
10701: insert(0x8000b00a)
10702: insert(0x800000e0)
10703: insert(0x800050d2)
10704: flush_page(0x80009) returns false/false
10705: flush_page(0x80008) returns false/false
10706: insert(0x80001090)
10707: insert(0x8000101e)
10708: insert(0x80001084)
10709: insert(0x800060d4)
10710: flush_page(0x80008) returns false/false
10711: flush()
10712: insert(0x800040b8)
10713: insert(0x8000a07c)
10714: insert(0x800000b8)
10715: flush_page(0x80003) returns false/false
10716: insert(0x80000080)
10717: insert(0x800030fe)
10718: flush_page(0x80003) returns true/true
10719: flush_page(0x80003) returns false/false
10720: insert(0x8000b086)
10721: insert(0x8000304e)
10722: insert(0x8000b092)
10723: insert(0x800000a6)
10724: insert(0x80008050)
10725: insert(0x8000604c)
10726: insert(0x800030d4)
10727: insert(0x8000a060)
10728: insert(0x80007002)
10729: insert(0x8000c00c)
10730: insert(0x8000a018)
10731: insert(0x80003004)
10732: insert(0x80003018)
10733: insert(0x8000c072)
10734: insert(0x800080ee)
10735: insert(0x800070c4)
10736: insert(0x800070a0)
10737: flush_page(0x80006) returns true/false
10738: insert(0x80002024)
10739: insert(0x8000501e)
10740: flush_page(0x80007) returns true/true
10741: insert(0x8000c086)
10742: insert(0x8000b06e)
10743: insert(0x80003002)
10744: flush()
10745: flush()
10746: insert(0x8000300c)
10747: insert(0x8000908a)
10748: insert(0x80005092)
10749: flush_page(0x80006) returns false/false
10750: insert(0x8000607e)
10751: insert(0x800010ec)
10752: insert(0x800040ac)
10753: flush_page(0x80009) returns true/true
10754: insert(0x8000b03e)
10755: insert(0x8000908c)
10756: insert(0x8000c01c)
10757: insert(0x8000407c)
10758: flush()
10759: insert(0x800050b2)
10760: flush_page(0x8000c) returns false/false
10761: insert(0x8000306a)
10762: flush()
10763: insert(0x8000b042)
10764: flush_page(0x80003) returns false/false
10765: insert(0x80000038)
10766: insert(0x8000907e)
10767: flush()
10768: insert(0x8000b0f4)
10769: insert(0x80002038)
10770: flush()
10771: insert(0x8000a016)
10772: flush()
10773: insert(0x80000042)
10774: insert(0x800060d6)
10775: insert(0x80001020)
10776: insert(0x8000200a)
10777: insert(0x8000a04c)
10778: insert(0x8000c0bc)
10779: flush_page(0x80002) returns true/true
10780: insert(0x8000c088)
10781: insert(0x8000705a)
10782: insert(0x80000010)
10783: flush_page(0x80001) returns true/true
10784: insert(0x800090f8)
10785: flush_page(0x80003) returns false/false
10786: insert(0x8000208a)
10787: insert(0x800000be)
10788: insert(0x80003056)
10789: insert(0x800030c2)
10790: insert(0x80000048)
10791: insert(0x8000304c)
10792: insert(0x800020a2)
10793: insert(0x8000c0a4)
10794: insert(0x8000305c)
10795: flush_page(0x8000b) returns false/false
10796: flush_page(0x80006) returns true/false
10797: insert(0x8000809c)
10798: insert(0x8000702c)
10799: insert(0x800040c0)
10800: insert(0x80005068)
10801: flush_page(0x80003) returns true/true
10802: insert(0x8000702c)
10803: insert(0x80003026)
10804: flush_page(0x80000) returns true/false
10805: flush_page(0x80007) returns true/true
10806: insert(0x800020fa)
10807: insert(0x8000c060)
10808: flush_page(0x80000) returns false/false
10809: insert(0x8000b026)
10810: insert(0x800010f0)
10811: flush_page(0x80007) returns false/false
10812: insert(0x80000004)
10813: insert(0x800080ca)
10814: insert(0x80000058)
10815: insert(0x800080aa)
10816: insert(0x80007010)
10817: insert(0x8000b000)
10818: insert(0x8000c072)
10819: flush_page(0x80006) returns false/false
10820: flush_page(0x80002) returns true/false
10821: insert(0x8000407e)
10822: flush()
10823: flush()
10824: insert(0x800000f2)
10825: insert(0x8000b0f6)
10826: insert(0x8000b0aa)
10827: insert(0x80001000)
10828: insert(0x8000b09e)
10829: flush_page(0x80004) returns false/false
10830: insert(0x8000100a)
10831: insert(0x8000504e)
10832: insert(0x8000709a)
10833: insert(0x8000a01e)
10834: flush()
10835: insert(0x800000c4)
10836: insert(0x800000be)
10837: insert(0x8000009c)
10838: insert(0x80006016)
10839: insert(0x80004062)
10840: insert(0x80005048)
10841: insert(0x8000b0aa)
10842: flush_page(0x80008) returns false/false
10843: insert(0x8000b0de)
10844: flush()
10845: flush_page(0x80005) returns false/false
10846: insert(0x800030be)
10847: flush_page(0x8000c) returns false/false
10848: flush_page(0x80007) returns false/false
10849: insert(0x800050c2)
10850: insert(0x800010f6)
10851: insert(0x800010c6)
10852: insert(0x800050fc)
10853: insert(0x800030be)
10854: flush_page(0x80007) returns false/false
10855: insert(0x8000b068)
10856: insert(0x80000006)
10857: insert(0x8000600c)
10858: insert(0x80000024)
10859: insert(0x80001008)
10860: insert(0x800000f4)
10861: insert(0x800000e0)
10862: flush_page(0x80008) returns false/false
10863: flush_page(0x80008) returns false/false
10864: flush_page(0x80004) returns false/false
10865: flush()
10866: insert(0x80000060)
10867: insert(0x800080e4)
10868: insert(0x8000305c)
10869: insert(0x80008052)
10870: insert(0x800030dc)
10871: flush_page(0x80006) returns false/false
10872: insert(0x8000004e)
10873: flush_page(0x8000c) returns false/false
10874: insert(0x8000904e)
10875: insert(0x80004074)
10876: insert(0x8000805c)
10877: insert(0x800080e6)
10878: insert(0x800080d6)
10879: insert(0x800090ec)
10880: flush_page(0x80003) returns true/true
10881: insert(0x8000705e)
10882: insert(0x8000004e)
10883: flush_page(0x80007) returns true/true
10884: flush()
10885: insert(0x80006012)
10886: insert(0x800060b4)
10887: insert(0x80006012)
10888: insert(0x80006016)
10889: insert(0x80003008)
10890: insert(0x8000a098)
10891: flush_page(0x80008) returns false/false
10892: insert(0x8000b01a)
10893: flush_page(0x8000c) returns false/false
10894: flush_page(0x80003) returns true/true
10895: insert(0x8000106a)
10896: insert(0x80003022)
10897: insert(0x8000208c)
10898: insert(0x800090b0)
10899: insert(0x80007012)
10900: insert(0x8000c0c8)
10901: insert(0x8000c0c6)
10902: insert(0x800040ee)
10903: flush_page(0x8000a) returns true/false
10904: insert(0x80009048)
10905: insert(0x8000100a)
10906: insert(0x8000a0bc)
10907: insert(0x80003076)
10908: insert(0x8000a04a)
10909: insert(0x8000205e)
10910: flush_page(0x8000c) returns true/true
10911: insert(0x800090c2)
10912: flush_page(0x80003) returns true/true
10913: insert(0x8000a064)
10914: flush_page(0x80006) returns true/false
10915: insert(0x800060ba)
10916: flush_page(0x80008) returns false/false
10917: flush()
10918: insert(0x8000204e)
10919: insert(0x8000301a)
10920: insert(0x8000b0ca)
10921: insert(0x80008086)
10922: insert(0x800030da)
10923: insert(0x80005040)
10924: flush()
10925: insert(0x8000a0c0)
10926: flush_page(0x80009) returns false/false
10927: flush_page(0x80000) returns false/false
10928: insert(0x8000b05e)
10929: flush_page(0x80003) returns false/false
10930: flush_page(0x80009) returns false/false
10931: insert(0x800030a8)
10932: insert(0x800000a6)
10933: flush_page(0x80001) returns false/false
10934: insert(0x80006052)
10935: flush()
10936: flush_page(0x80004) returns false/false
10937: insert(0x8000101c)
10938: insert(0x8000b098)
10939: insert(0x8000b03a)
10940: flush_page(0x80009) returns false/false
10941: insert(0x80003018)
10942: flush_page(0x8000b) returns true/true
10943: insert(0x80007020)
10944: insert(0x8000b036)
10945: insert(0x8000a030)
10946: insert(0x8000a0ac)
10947: insert(0x800040fc)
10948: insert(0x8000c09c)
10949: flush_page(0x80002) returns false/false
10950: insert(0x800010be)
10951: insert(0x80003078)
10952: insert(0x8000c0c6)
10953: insert(0x800090a0)
10954: insert(0x80003078)
10955: insert(0x80009046)
10956: flush_page(0x80008) returns false/false
10957: insert(0x80002040)
10958: insert(0x800030ba)
10959: insert(0x8000903a)
10960: insert(0x80007050)
10961: insert(0x80000094)
10962: insert(0x8000a0ba)
10963: insert(0x800010e0)
10964: insert(0x8000c0ce)
10965: insert(0x80002050)
10966: insert(0x800030dc)
10967: flush_page(0x80007) returns true/true
10968: insert(0x800060f4)
10969: insert(0x80008052)
10970: insert(0x80003038)
10971: flush_page(0x80004) returns true/false
10972: insert(0x8000806e)
10973: flush_page(0x80003) returns true/true
10974: flush_page(0x80001) returns true/false
10975: insert(0x8000a022)
10976: flush_page(0x8000b) returns true/false
10977: insert(0x80005072)
10978: insert(0x80009012)
10979: insert(0x800020ac)
10980: flush_page(0x80006) returns true/false
10981: insert(0x8000a018)
10982: insert(0x80000050)
10983: insert(0x8000c064)
10984: insert(0x8000b042)
10985: insert(0x800030ec)
10986: flush()
10987: insert(0x8000c0ea)
10988: insert(0x80004038)
10989: flush_page(0x80005) returns false/false
10990: insert(0x8000c0d0)
10991: insert(0x80009024)
10992: insert(0x800070b6)
10993: flush()
10994: insert(0x80002034)
10995: flush()
10996: insert(0x8000708e)
10997: insert(0x80005072)
10998: insert(0x8000b0ae)
10999: flush_page(0x80008) returns false/false
11000: insert(0x8000c0ba)
11001: insert(0x80001066)
11002: insert(0x8000107a)
11003: insert(0x8000404e)
11004: insert(0x8000a018)
11005: insert(0x8000a008)
11006: insert(0x80007000)
11007: insert(0x80000002)
11008: insert(0x8000704c)
11009: flush_page(0x80000) returns true/true
11010: flush_page(0x80007) returns true/true
11011: flush_page(0x80006) returns false/false
11012: insert(0x800010e6)
11013: flush()
11014: insert(0x80009098)
11015: insert(0x800030c0)
11016: insert(0x8000409e)
11017: insert(0x8000208c)
11018: insert(0x8000b004)
11019: insert(0x80001038)
11020: insert(0x8000b074)
11021: flush()
11022: insert(0x8000b0c6)
11023: insert(0x8000b042)
11024: insert(0x8000102c)
11025: insert(0x80008028)
11026: flush()
11027: flush_page(0x8000c) returns false/false
11028: insert(0x80006010)
11029: flush_page(0x80004) returns false/false
11030: insert(0x800050a6)
11031: insert(0x80008012)
11032: insert(0x800050ca)
11033: insert(0x8000005c)
11034: insert(0x8000507e)
11035: flush()
11036: flush_page(0x8000a) returns false/false
11037: flush_page(0x80004) returns false/false
11038: insert(0x8000c0f4)
11039: flush_page(0x80004) returns false/false
11040: flush_page(0x80000) returns false/false
11041: insert(0x800040ae)
11042: insert(0x8000102e)
11043: insert(0x80008046)
11044: insert(0x800080a8)
11045: insert(0x8000a060)
11046: flush_page(0x80008) returns true/true
11047: flush_page(0x80008) returns false/false
11048: insert(0x800010f8)
11049: flush_page(0x80000) returns false/false
11050: insert(0x8000001e)
11051: insert(0x800060d6)
11052: insert(0x8000705e)
11053: insert(0x8000b03c)
11054: flush_page(0x8000c) returns true/false
11055: insert(0x8000a006)
11056: flush_page(0x80000) returns true/true
11057: insert(0x800060cc)
11058: flush_page(0x80003) returns false/false
11059: flush_page(0x80000) returns false/false
11060: insert(0x8000a09e)
11061: insert(0x800010ac)
11062: insert(0x800020d4)
11063: flush_page(0x80008) returns false/false
11064: insert(0x800090f4)
11065: insert(0x80008084)
11066: insert(0x80004056)
11067: flush_page(0x80006) returns true/true
11068: insert(0x80005000)
11069: flush_page(0x80008) returns true/false
11070: insert(0x80007082)
11071: insert(0x8000b01c)
11072: flush_page(0x80009) returns true/true
11073: insert(0x8000a03a)
11074: insert(0x80004014)
11075: flush()
11076: insert(0x800000a2)
11077: insert(0x8000007a)
11078: insert(0x8000a090)
11079: insert(0x800040d2)
11080: insert(0x800070b8)
11081: insert(0x800070f6)
11082: insert(0x80005056)
11083: flush_page(0x8000a) returns true/true
11084: insert(0x8000609e)
11085: insert(0x800080be)
11086: insert(0x80001096)
11087: insert(0x800060f6)
11088: insert(0x8000908c)
11089: insert(0x800070a6)
11090: flush_page(0x80003) returns false/false
11091: insert(0x8000c056)
11092: insert(0x800070fe)
11093: flush_page(0x80004) returns true/false
11094: flush_page(0x8000c) returns true/true
11095: insert(0x8000a048)
11096: insert(0x80007062)
11097: flush_page(0x80003) returns false/false
11098: insert(0x800070c0)
11099: insert(0x800000ee)
11100: insert(0x8000c0fc)
11101: insert(0x8000b0e2)
11102: insert(0x800040f0)
11103: insert(0x8000705c)
11104: insert(0x8000008c)
11105: insert(0x8000c060)
11106: insert(0x8000209c)
11107: insert(0x8000204c)
11108: insert(0x800060d6)
11109: insert(0x800010fe)
11110: insert(0x800000c8)
11111: insert(0x80001008)
11112: insert(0x8000002c)
11113: insert(0x800060bc)
11114: insert(0x8000c07e)
11115: insert(0x80008080)
11116: insert(0x8000801e)
11117: insert(0x8000302e)
11118: insert(0x800030c6)
11119: insert(0x80008092)
11120: insert(0x800090b0)
11121: flush()
11122: insert(0x8000008e)
11123: insert(0x800080c4)
11124: insert(0x800070c8)
11125: insert(0x8000a046)
11126: insert(0x800050be)
11127: flush_page(0x80001) returns false/false
11128: flush_page(0x8000c) returns false/false
11129: insert(0x8000902e)
11130: insert(0x800060ce)
11131: flush_page(0x80005) returns true/true
11132: flush()
11133: insert(0x800060cc)
11134: insert(0x80006054)
11135: insert(0x8000704c)
11136: insert(0x800010b2)
11137: insert(0x8000101e)
11138: insert(0x8000400e)
11139: insert(0x8000c0d8)
11140: insert(0x80000002)
11141: flush_page(0x80003) returns false/false
11142: insert(0x800080a8)
11143: insert(0x80008076)
11144: insert(0x8000b01c)
11145: flush_page(0x80002) returns false/false
11146: insert(0x8000c060)
11147: insert(0x800070a0)
11148: flush()
11149: insert(0x8000a00c)
11150: flush_page(0x80003) returns false/false
11151: flush()
11152: insert(0x80003084)
11153: insert(0x8000604c)
11154: insert(0x80000050)
11155: flush_page(0x80009) returns false/false
11156: insert(0x800080b4)
11157: flush_page(0x80007) returns false/false
11158: insert(0x800060a2)
11159: insert(0x8000c0fa)
11160: insert(0x800020ec)
11161: insert(0x800020ec)
11162: insert(0x800080aa)
11163: insert(0x8000b0ee)
11164: insert(0x80006048)
11165: insert(0x80001082)
11166: insert(0x80009078)
11167: insert(0x8000300e)
11168: flush_page(0x80005) returns false/false
11169: flush_page(0x80000) returns true/false
11170: flush()
11171: insert(0x8000101c)
11172: insert(0x800000f2)
11173: flush()
11174: insert(0x800080dc)
11175: insert(0x80002012)
11176: flush_page(0x80006) returns false/false
11177: insert(0x8000003c)
11178: flush_page(0x80001) returns false/false
11179: insert(0x80006084)
11180: insert(0x80006006)
11181: insert(0x8000206e)
11182: insert(0x8000809a)
11183: insert(0x80005012)
11184: flush()
11185: flush_page(0x80001) returns false/false
11186: flush_page(0x80004) returns false/false
11187: insert(0x800030de)
11188: insert(0x800000f4)
11189: insert(0x8000b09c)
11190: insert(0x800020f4)
11191: insert(0x8000b0fe)
11192: insert(0x8000304c)
11193: insert(0x8000b056)
11194: flush_page(0x80000) returns true/true
11195: insert(0x800090d8)
11196: insert(0x8000208a)
11197: flush_page(0x80000) returns false/false
11198: insert(0x800010d8)
11199: flush_page(0x80007) returns false/false
11200: flush_page(0x80008) returns false/false
11201: insert(0x800090d2)
11202: insert(0x80006066)
11203: insert(0x80005078)
11204: insert(0x800060ce)
11205: insert(0x8000506e)
11206: insert(0x8000700e)
11207: insert(0x800030d4)
11208: insert(0x8000004e)
11209: insert(0x80002080)
11210: flush_page(0x8000a) returns false/false
11211: insert(0x80002074)
11212: insert(0x8000b030)
11213: insert(0x80009050)
11214: flush_page(0x80001) returns true/false
11215: insert(0x8000a0e4)
11216: insert(0x800050f4)
11217: insert(0x800000bc)
11218: insert(0x800000b6)
11219: flush()
11220: flush_page(0x80002) returns false/false
11221: flush_page(0x80008) returns false/false
11222: insert(0x8000c088)
11223: insert(0x8000401e)
11224: insert(0x800010a8)
11225: insert(0x8000106e)
11226: insert(0x800040e6)
11227: insert(0x800030d0)
11228: flush()
11229: flush()
11230: insert(0x80001090)
11231: flush_page(0x80003) returns false/false
11232: flush()
11233: insert(0x800090da)
11234: insert(0x800080f4)
11235: insert(0x8000a028)
11236: insert(0x80001076)
11237: insert(0x800000e0)
11238: insert(0x80000056)
11239: insert(0x80005014)
11240: insert(0x800090a4)
11241: insert(0x800050d4)
11242: insert(0x8000204a)
11243: flush()
11244: insert(0x8000b0ca)
11245: flush_page(0x80001) returns false/false
11246: insert(0x800090d2)
11247: insert(0x80008004)
11248: flush()
11249: insert(0x800040f0)
11250: flush_page(0x80007) returns false/false
11251: insert(0x8000a0f8)
11252: insert(0x80006072)
11253: insert(0x8000b0f6)
11254: insert(0x80005014)
11255: insert(0x8000c04a)
11256: flush_page(0x80004) returns true/true
11257: insert(0x8000909c)
11258: flush_page(0x8000b) returns true/true
11259: insert(0x80004084)
11260: insert(0x800040a8)
11261: insert(0x8000904e)
11262: insert(0x80000054)
11263: insert(0x800030f2)
11264: flush_page(0x80006) returns true/true
11265: insert(0x8000509c)
11266: insert(0x8000602c)
11267: flush_page(0x80007) returns false/false
11268: insert(0x800070d4)
11269: insert(0x8000906e)
11270: flush_page(0x8000a) returns true/true
11271: insert(0x800030f4)
11272: insert(0x800050c6)
11273: insert(0x80006012)
11274: insert(0x800090a6)
11275: insert(0x8000707a)
11276: flush_page(0x80004) returns true/true
11277: insert(0x80005076)
11278: insert(0x80003078)
11279: insert(0x8000003a)
11280: insert(0x8000b000)
11281: insert(0x8000007c)
11282: flush_page(0x80007) returns true/true
11283: insert(0x80007006)
11284: insert(0x80002058)
11285: insert(0x8000305c)
11286: insert(0x800090b2)
11287: insert(0x800040aa)
11288: flush_page(0x80005) returns true/false
11289: flush_page(0x80006) returns true/false
11290: insert(0x80004094)
11291: insert(0x80007050)
11292: flush()
11293: flush_page(0x8000a) returns false/false
11294: insert(0x8000c05c)
11295: flush_page(0x80007) returns false/false
11296: insert(0x800010d4)
11297: flush_page(0x80001) returns true/true
11298: flush_page(0x80008) returns false/false
11299: flush_page(0x80008) returns false/false
11300: insert(0x8000a02e)
11301: insert(0x80003072)
11302: insert(0x80001064)
11303: insert(0x8000c0ba)
11304: insert(0x8000507a)
11305: insert(0x800060be)
11306: insert(0x800020a2)
11307: insert(0x800060ea)
11308: insert(0x800080bc)
11309: insert(0x8000107e)
11310: insert(0x800060e0)
11311: insert(0x8000709a)
11312: flush_page(0x80002) returns true/true
11313: flush_page(0x8000c) returns true/true
11314: insert(0x8000600a)
11315: flush_page(0x80000) returns false/false
11316: insert(0x80009086)
11317: insert(0x80006008)
11318: insert(0x8000204a)
11319: insert(0x80009000)
11320: insert(0x80002016)
11321: flush_page(0x80006) returns true/true
11322: insert(0x80000006)
11323: insert(0x800020d8)
11324: insert(0x80000016)
11325: insert(0x800050a0)
11326: insert(0x8000506a)
11327: insert(0x80004036)
11328: insert(0x800020f2)
11329: flush()
11330: insert(0x800060fe)
11331: insert(0x80002020)
11332: insert(0x8000007a)
11333: insert(0x80000074)
11334: insert(0x80006098)
11335: flush()
11336: insert(0x80006076)
11337: insert(0x80000008)
11338: insert(0x8000408c)
11339: flush_page(0x80006) returns true/true
11340: insert(0x8000a046)
11341: insert(0x8000a010)
11342: insert(0x80001040)
11343: flush_page(0x80005) returns false/false
11344: insert(0x80008092)
11345: flush_page(0x80008) returns true/true
11346: insert(0x8000c01a)
11347: insert(0x8000409a)
11348: insert(0x8000a06a)
11349: flush_page(0x80008) returns false/false
11350: insert(0x8000300c)
11351: insert(0x80009012)
11352: flush_page(0x80003) returns true/true
11353: insert(0x800070c8)
11354: insert(0x800090d2)
11355: insert(0x800010b4)
11356: insert(0x800030ec)
11357: flush()
11358: insert(0x800070a4)
11359: insert(0x800080ec)
11360: flush_page(0x80001) returns false/false
11361: insert(0x80004070)
11362: insert(0x80002026)
11363: insert(0x80005048)
11364: flush()
11365: insert(0x8000a0f6)
11366: flush_page(0x80000) returns false/false
11367: flush_page(0x80006) returns false/false
11368: insert(0x800020f2)
11369: flush_page(0x80009) returns false/false
11370: insert(0x80002094)
11371: insert(0x800080d8)
11372: insert(0x8000604a)
11373: insert(0x8000008a)
11374: flush()
11375: flush_page(0x80004) returns false/false
11376: insert(0x800080b6)
11377: flush_page(0x80003) returns false/false
11378: insert(0x800000d2)
11379: insert(0x800040fa)
11380: insert(0x800030e0)
11381: insert(0x80003072)
11382: insert(0x800000da)
11383: flush_page(0x80009) returns false/false
11384: flush_page(0x80002) returns false/false
11385: insert(0x80008096)
11386: flush()
11387: insert(0x8000600c)
11388: flush_page(0x8000a) returns false/false
11389: insert(0x80008072)
11390: insert(0x800080a4)
11391: insert(0x80005028)
11392: flush()
11393: flush_page(0x8000c) returns false/false
11394: insert(0x80009080)
11395: insert(0x80007092)
11396: insert(0x8000402e)
11397: insert(0x80005030)
11398: insert(0x80007098)
11399: insert(0x80001002)
11400: flush_page(0x80001) returns true/true
11401: flush_page(0x8000c) returns false/false
11402: insert(0x8000c07e)
11403: insert(0x800000d4)
11404: insert(0x80001094)
11405: insert(0x800060c8)
11406: flush()
11407: insert(0x8000c034)
11408: insert(0x800030de)
11409: insert(0x80003088)
11410: flush_page(0x80002) returns false/false
11411: insert(0x80003000)
11412: flush_page(0x80000) returns false/false
11413: flush_page(0x8000a) returns false/false
11414: insert(0x8000a0ce)
11415: insert(0x8000c0cc)
11416: flush_page(0x80007) returns false/false
11417: insert(0x800090d8)
11418: insert(0x8000a034)
11419: insert(0x80005044)
11420: insert(0x80005048)
11421: insert(0x800000e0)
11422: flush()
11423: insert(0x800020a4)
11424: insert(0x8000a046)
11425: insert(0x800030b6)
11426: flush_page(0x80002) returns true/true
11427: insert(0x80003040)
11428: flush_page(0x80009) returns false/false
11429: insert(0x800070d4)
11430: insert(0x800000ac)
11431: flush_page(0x80006) returns false/false
11432: insert(0x8000205c)
11433: insert(0x800000f0)
11434: insert(0x80008058)
11435: insert(0x80005038)
11436: flush_page(0x80007) returns true/true
11437: insert(0x8000905c)
11438: insert(0x80004012)
11439: flush_page(0x8000c) returns false/false
11440: insert(0x800070f6)
11441: insert(0x800090dc)
11442: flush()
11443: flush_page(0x80002) returns false/false
11444: flush()
11445: insert(0x80004042)
11446: insert(0x80000098)
11447: insert(0x80007080)
11448: insert(0x80005056)
11449: insert(0x80003098)
11450: flush()
11451: flush()
11452: flush_page(0x80005) returns false/false
11453: insert(0x80007058)
11454: flush()
11455: flush_page(0x80005) returns false/false
11456: insert(0x80009058)
11457: insert(0x8000c004)
11458: insert(0x800030e2)
11459: insert(0x80007072)
11460: flush_page(0x80008) returns false/false
11461: insert(0x800090da)
11462: insert(0x800060ae)
11463: insert(0x800060e4)
11464: insert(0x80008084)
11465: insert(0x800080a4)
11466: insert(0x8000c02e)
11467: flush()
11468: insert(0x800040d8)
11469: insert(0x800050e2)
11470: insert(0x80002026)
11471: insert(0x80004016)
11472: flush_page(0x8000c) returns false/false
11473: insert(0x800010d6)
11474: insert(0x80001082)
11475: insert(0x800000de)
11476: insert(0x800050be)
11477: insert(0x800030a0)
11478: flush_page(0x80003) returns true/true
11479: insert(0x800070d0)
11480: flush_page(0x80003) returns false/false
11481: flush_page(0x8000b) returns false/false
11482: flush()
11483: insert(0x800070da)
11484: insert(0x80003014)
11485: flush()
11486: flush_page(0x80008) returns false/false
11487: flush_page(0x8000a) returns false/false
11488: insert(0x800080d6)
11489: insert(0x8000a0fe)
11490: insert(0x8000b0e2)
11491: insert(0x8000403e)
11492: flush_page(0x8000b) returns true/true
11493: insert(0x8000803e)
11494: insert(0x8000b080)
11495: insert(0x80002084)
11496: insert(0x800020c2)
11497: insert(0x8000309a)
11498: insert(0x800030c2)
11499: insert(0x800030f4)
11500: insert(0x8000c092)
11501: insert(0x80007038)
11502: insert(0x8000c064)
11503: insert(0x800070c2)
11504: insert(0x8000a074)
11505: insert(0x8000c044)
11506: insert(0x800060e0)
11507: insert(0x8000c0aa)
11508: insert(0x8000604c)
11509: insert(0x80005072)
11510: insert(0x8000c068)
11511: insert(0x80009058)
11512: insert(0x8000a0f0)
11513: insert(0x8000604e)
11514: flush_page(0x80003) returns true/true
11515: flush_page(0x80008) returns true/false
11516: flush()
11517: insert(0x8000b0e4)
11518: flush_page(0x8000c) returns false/false
11519: insert(0x80004022)
11520: flush_page(0x80008) returns false/false
11521: insert(0x8000008a)
11522: insert(0x80009062)
11523: insert(0x800070d6)
11524: insert(0x8000b0c4)
11525: insert(0x800070c0)
11526: insert(0x80005086)
11527: flush_page(0x8000a) returns false/false
11528: insert(0x80006092)
11529: insert(0x80007064)
11530: insert(0x80003032)
11531: insert(0x80009040)
11532: flush_page(0x80004) returns true/false
11533: insert(0x800000c4)
11534: flush_page(0x80005) returns true/true
11535: insert(0x80001022)
11536: insert(0x8000c0c6)
11537: insert(0x8000b082)
11538: insert(0x8000b08e)
11539: insert(0x8000504e)
11540: insert(0x800030bc)
11541: insert(0x8000c06a)
11542: insert(0x80005012)
11543: insert(0x80003012)
11544: insert(0x800040d6)
11545: insert(0x8000a0ee)
11546: insert(0x80003030)
11547: insert(0x8000904e)
11548: insert(0x800070b2)
11549: insert(0x80009058)
11550: insert(0x80007032)
11551: insert(0x8000a00e)
11552: insert(0x80006044)
11553: insert(0x8000102a)
11554: insert(0x8000a02e)
11555: insert(0x800070b0)
11556: insert(0x80006098)
11557: flush()
11558: insert(0x8000601a)
11559: insert(0x8000805c)
11560: insert(0x80004062)
11561: insert(0x8000405e)
11562: flush_page(0x80006) returns true/true
11563: insert(0x80003022)
11564: insert(0x80007042)
11565: insert(0x8000b0be)
11566: flush_page(0x80000) returns false/false
11567: insert(0x800070f4)
11568: insert(0x8000b006)
11569: flush_page(0x80005) returns false/false
11570: flush_page(0x80003) returns true/true
11571: insert(0x800040f0)
11572: insert(0x80003068)
11573: insert(0x80007068)
11574: flush_page(0x80005) returns false/false
11575: insert(0x800020b2)
11576: insert(0x8000007e)
11577: insert(0x80009066)
11578: insert(0x8000207c)
11579: insert(0x80000050)
11580: insert(0x8000508e)
11581: flush_page(0x80008) returns true/true
11582: insert(0x80006048)
11583: insert(0x8000307a)
11584: flush_page(0x80005) returns true/true
11585: insert(0x8000a074)
11586: insert(0x800060c2)
11587: insert(0x8000a0a8)
11588: insert(0x80002050)
11589: insert(0x800050b6)
11590: flush_page(0x80004) returns true/false
11591: insert(0x80005096)
11592: insert(0x80003034)
11593: flush_page(0x80008) returns false/false
11594: insert(0x80006074)
11595: flush_page(0x80000) returns true/false
11596: flush_page(0x80005) returns true/true
11597: insert(0x8000806e)
11598: insert(0x8000706c)
11599: insert(0x8000004e)
11600: flush()
11601: insert(0x80003008)
11602: flush_page(0x80005) returns false/false
11603: insert(0x8000406a)
11604: insert(0x8000a064)
11605: flush_page(0x80006) returns false/false
11606: flush_page(0x80008) returns false/false
11607: insert(0x8000800c)
11608: insert(0x8000b04a)
11609: insert(0x8000b068)
11610: insert(0x8000b0d8)
11611: insert(0x8000700a)
11612: insert(0x8000600c)
11613: flush()
11614: insert(0x80006064)
11615: insert(0x8000b000)
11616: insert(0x80008068)
11617: flush_page(0x80001) returns false/false
11618: flush_page(0x80002) returns false/false
11619: flush_page(0x80002) returns false/false
11620: flush_page(0x80003) returns false/false
11621: insert(0x8000307e)
11622: insert(0x800050e4)
11623: insert(0x8000b08c)
11624: insert(0x8000402e)
11625: insert(0x80000060)
11626: insert(0x8000c0dc)
11627: flush_page(0x80002) returns false/false
11628: flush()
11629: insert(0x80008070)
11630: insert(0x80004066)
11631: flush_page(0x80008) returns true/true
11632: flush_page(0x8000b) returns false/false
11633: flush_page(0x80008) returns false/false
11634: flush()
11635: insert(0x80007070)
11636: insert(0x800060d8)
11637: insert(0x8000c076)
11638: insert(0x80003036)
11639: insert(0x80001078)
11640: insert(0x800070c6)
11641: insert(0x8000b03c)
11642: insert(0x800000b2)
11643: insert(0x8000905c)
11644: insert(0x8000b0f0)
11645: insert(0x8000b01a)
11646: insert(0x8000009c)
11647: insert(0x80000022)
11648: insert(0x800080a2)
11649: insert(0x8000a01e)
11650: insert(0x800090d6)
11651: insert(0x8000002c)
11652: insert(0x8000803a)
11653: flush_page(0x80005) returns false/false
11654: insert(0x8000c0b8)
11655: flush_page(0x8000c) returns true/true
11656: insert(0x8000602a)
11657: insert(0x80006034)
11658: insert(0x800010ba)
11659: insert(0x800040da)
11660: insert(0x800000e8)
11661: insert(0x8000c0fa)
11662: flush_page(0x80007) returns true/false
11663: insert(0x80005004)
11664: insert(0x800070ca)
11665: insert(0x800040cc)
11666: flush()
11667: insert(0x800010bc)
11668: flush_page(0x80000) returns false/false
11669: insert(0x80002016)
11670: insert(0x8000c0c4)
11671: flush_page(0x80009) returns false/false
11672: insert(0x80003044)
11673: flush_page(0x80006) returns false/false
11674: insert(0x8000c0cc)
11675: insert(0x8000a07a)
11676: flush_page(0x80003) returns true/true
11677: flush_page(0x8000b) returns false/false
11678: flush_page(0x80000) returns false/false
11679: insert(0x80000036)
11680: insert(0x80003008)
11681: insert(0x800010e2)
11682: insert(0x8000a090)
11683: insert(0x800030ac)
11684: insert(0x8000c08e)
11685: flush_page(0x80005) returns false/false
11686: flush_page(0x80005) returns false/false
11687: insert(0x8000a002)
11688: insert(0x80005052)
11689: insert(0x800060da)
11690: insert(0x800030ba)
11691: insert(0x800000e4)
11692: insert(0x800010ca)
11693: insert(0x80005026)
11694: insert(0x80003054)
11695: insert(0x8000a044)
11696: flush_page(0x80004) returns false/false
11697: insert(0x80005086)
11698: insert(0x80009090)
11699: insert(0x80009026)
11700: insert(0x800020fa)
11701: flush_page(0x80007) returns false/false
11702: flush()
11703: insert(0x800010d2)
11704: insert(0x80000066)
11705: insert(0x80002062)
11706: insert(0x8000b0ea)
11707: insert(0x8000109c)
11708: insert(0x800010ec)
11709: insert(0x80009054)
11710: flush_page(0x80007) returns false/false
11711: flush_page(0x80002) returns true/true
11712: insert(0x800020de)
11713: flush_page(0x80002) returns true/true
11714: insert(0x800010f4)
11715: flush()
11716: flush_page(0x80001) returns false/false
11717: flush()
11718: insert(0x8000706a)
11719: flush_page(0x80000) returns false/false
11720: insert(0x8000a0ac)
11721: flush_page(0x80002) returns false/false
11722: insert(0x80000026)
11723: insert(0x8000c0e8)
11724: insert(0x8000b0e2)
11725: flush_page(0x80001) returns false/false
11726: insert(0x8000207e)
11727: insert(0x8000a09c)
11728: insert(0x8000403e)
11729: insert(0x8000c092)
11730: flush_page(0x80005) returns false/false
11731: flush()
11732: insert(0x8000002e)
11733: insert(0x80007094)
11734: insert(0x80004048)
11735: insert(0x80002088)
11736: insert(0x8000b0ba)
11737: flush_page(0x80000) returns true/true
11738: flush_page(0x80005) returns false/false
11739: insert(0x80002096)
11740: insert(0x800010fc)
11741: flush_page(0x80004) returns true/true
11742: insert(0x80003014)
11743: flush_page(0x80008) returns false/false
11744: insert(0x80002048)
11745: insert(0x800070d2)
11746: insert(0x8000a0fa)
11747: insert(0x8000c090)
11748: insert(0x80000088)
11749: insert(0x80001048)
11750: insert(0x800050ee)
11751: flush()
11752: insert(0x8000b0b2)
11753: insert(0x8000609a)
11754: flush_page(0x8000c) returns false/false
11755: flush_page(0x80008) returns false/false
11756: insert(0x800090d0)
11757: insert(0x8000b096)
11758: flush_page(0x8000a) returns false/false
11759: insert(0x80001036)
11760: insert(0x800020b4)
11761: insert(0x800010dc)
11762: flush_page(0x80005) returns false/false
11763: insert(0x80007042)
11764: insert(0x80007092)
11765: insert(0x800010c8)
11766: insert(0x800070ec)
11767: insert(0x800060a6)
11768: insert(0x8000a050)
11769: insert(0x8000401e)
11770: insert(0x8000b08c)
11771: flush_page(0x80000) returns false/false
11772: insert(0x80009010)
11773: insert(0x80002050)
11774: insert(0x8000705c)
11775: flush_page(0x80001) returns true/true
11776: insert(0x8000505c)
11777: insert(0x800070fc)
11778: flush_page(0x80004) returns true/true
11779: insert(0x80000014)
11780: insert(0x80003012)
11781: insert(0x80004004)
11782: insert(0x80003096)
11783: insert(0x800010e2)
11784: insert(0x800010e6)
11785: insert(0x8000606c)
11786: insert(0x800050b2)
11787: insert(0x80008042)
11788: insert(0x800020da)
11789: insert(0x800020c2)
11790: insert(0x800040a2)
11791: flush_page(0x80001) returns true/true
11792: flush_page(0x80004) returns true/true
11793: insert(0x80008008)
11794: insert(0x80003046)
11795: insert(0x8000609e)
11796: insert(0x8000507e)
11797: insert(0x8000708e)
11798: insert(0x80001058)
11799: insert(0x800090fa)
11800: insert(0x8000703e)
11801: insert(0x80006052)
11802: insert(0x80007000)
11803: flush_page(0x80005) returns true/true
11804: insert(0x80004058)
11805: flush()
11806: insert(0x800090de)
11807: insert(0x80000028)
11808: insert(0x80006036)
11809: flush_page(0x80007) returns false/false
11810: insert(0x80001094)
11811: insert(0x8000909a)
11812: insert(0x8000200e)
11813: insert(0x8000605a)
11814: flush_page(0x8000a) returns false/false
11815: insert(0x8000200a)
11816: insert(0x80000064)
11817: flush_page(0x8000c) returns false/false
11818: insert(0x800090ce)
11819: insert(0x8000c042)
11820: insert(0x800090d2)
11821: insert(0x8000c0d8)
11822: insert(0x8000505a)
11823: insert(0x8000800c)
11824: flush_page(0x80003) returns false/false
11825: insert(0x800050f6)
11826: insert(0x80005074)
11827: flush_page(0x80005) returns true/true
11828: insert(0x80003054)
11829: insert(0x800070ce)
11830: insert(0x8000a024)
11831: insert(0x80006022)
11832: insert(0x8000004c)
11833: insert(0x800090ee)
11834: flush()
11835: insert(0x8000a0b8)
11836: insert(0x80002030)
11837: flush_page(0x80007) returns false/false
11838: insert(0x800070d8)
11839: insert(0x800000ea)
11840: insert(0x80007010)
11841: insert(0x8000c040)
11842: insert(0x80000076)
11843: insert(0x8000b03a)
11844: insert(0x8000701e)
11845: insert(0x80003006)
11846: insert(0x800030e2)
11847: insert(0x8000209a)
11848: flush_page(0x80002) returns true/true
11849: insert(0x80008004)
11850: insert(0x800090b4)
11851: insert(0x8000a0e0)
11852: flush_page(0x8000b) returns true/false
11853: insert(0x80009042)
11854: flush_page(0x80001) returns false/false
11855: insert(0x80003090)
11856: flush_page(0x8000b) returns false/false
11857: insert(0x8000603e)
11858: flush()
11859: insert(0x8000a022)
11860: insert(0x800020d4)
11861: insert(0x80006080)
11862: insert(0x8000a070)
11863: insert(0x80001006)
11864: flush_page(0x80008) returns false/false
11865: insert(0x8000a0ac)
11866: insert(0x8000a024)
11867: insert(0x8000a054)
11868: flush_page(0x80004) returns false/false
11869: flush_page(0x80005) returns false/false
11870: insert(0x8000003a)
11871: flush_page(0x80002) returns true/false
11872: insert(0x8000304a)
11873: insert(0x80006038)
11874: flush_page(0x80004) returns false/false
11875: insert(0x800090b6)
11876: flush_page(0x80009) returns true/true
11877: flush_page(0x80002) returns false/false
11878: insert(0x800010e8)
11879: insert(0x8000909a)
11880: insert(0x80001036)
11881: insert(0x80002008)
11882: flush_page(0x80000) returns true/true
11883: insert(0x8000a04c)
11884: insert(0x8000c036)
11885: flush_page(0x80004) returns false/false
11886: insert(0x800080c0)
11887: insert(0x8000b0aa)
11888: flush_page(0x8000c) returns true/true
11889: insert(0x800060c2)
11890: insert(0x8000604e)
11891: insert(0x80003094)
11892: flush_page(0x80007) returns false/false
11893: insert(0x80006074)
11894: flush_page(0x8000c) returns false/false
11895: insert(0x8000702c)
11896: insert(0x8000b07e)
11897: flush_page(0x8000c) returns false/false
11898: flush_page(0x8000a) returns true/true
11899: insert(0x800010c2)
11900: flush_page(0x80009) returns true/false
11901: insert(0x8000a08a)
11902: flush_page(0x80003) returns true/true
11903: insert(0x8000a05c)
11904: insert(0x80003090)
11905: insert(0x8000a068)
11906: insert(0x800060c2)
11907: insert(0x80001098)
11908: insert(0x8000a0c0)
11909: insert(0x8000c0fe)
11910: insert(0x800050b0)
11911: insert(0x8000b0aa)
11912: insert(0x80003002)
11913: flush_page(0x80001) returns true/true
11914: insert(0x8000205e)
11915: flush_page(0x8000a) returns true/true
11916: insert(0x80000038)
11917: insert(0x80002034)
11918: insert(0x800030d6)
11919: insert(0x800070d0)
11920: flush_page(0x8000a) returns false/false
11921: insert(0x80005028)
11922: insert(0x80002020)
11923: insert(0x800020cc)
11924: insert(0x8000807e)
11925: flush_page(0x80007) returns true/true
11926: insert(0x80005060)
11927: insert(0x80006026)
11928: insert(0x80005096)
11929: flush()
11930: insert(0x80008060)
11931: flush()
11932: insert(0x800050b2)
11933: insert(0x80005012)
11934: insert(0x80009026)
11935: flush_page(0x80001) returns false/false
11936: flush_page(0x80006) returns false/false
11937: insert(0x800080ac)
11938: insert(0x80002034)
11939: insert(0x80008064)
11940: insert(0x8000b044)
11941: insert(0x800010d2)
11942: flush_page(0x80002) returns true/true
11943: flush_page(0x80007) returns false/false
11944: flush_page(0x80008) returns true/true
11945: insert(0x800090b8)
11946: insert(0x8000202a)
11947: insert(0x8000108c)
11948: insert(0x800020fa)
11949: insert(0x800030e6)
11950: insert(0x80004032)
11951: insert(0x800000a2)
11952: insert(0x800010f6)
11953: insert(0x8000205c)
11954: insert(0x80006024)
11955: insert(0x8000c0cc)
11956: insert(0x800040de)
11957: insert(0x8000302c)
11958: insert(0x8000c0f0)
11959: flush()
11960: insert(0x800020da)
11961: insert(0x800040b8)
11962: insert(0x800050f4)
11963: insert(0x80004062)
11964: flush_page(0x80007) returns false/false
11965: flush_page(0x80002) returns true/true
11966: insert(0x8000109c)
11967: insert(0x80009036)
11968: insert(0x8000909c)
11969: insert(0x8000b028)
11970: insert(0x800020ee)
11971: flush()
11972: flush_page(0x8000c) returns false/false
11973: flush_page(0x80004) returns false/false
11974: insert(0x8000a090)
11975: insert(0x800020be)
11976: insert(0x80000090)
11977: insert(0x8000806a)
11978: insert(0x8000703a)
11979: flush()
11980: insert(0x80000040)
11981: insert(0x800040c4)
11982: insert(0x8000c098)
11983: insert(0x800060be)
11984: insert(0x800050d8)
11985: insert(0x8000401e)
11986: insert(0x800030fa)
11987: insert(0x8000b004)
11988: insert(0x800020f6)
11989: insert(0x8000b0a6)
11990: flush_page(0x80006) returns true/false
11991: insert(0x80002054)
11992: flush_page(0x80007) returns false/false
11993: insert(0x8000a0a2)
11994: flush_page(0x80006) returns false/false
11995: flush_page(0x80006) returns false/false
11996: insert(0x800070ec)
11997: insert(0x8000c034)
11998: insert(0x80004040)
11999: insert(0x8000309c)
12000: insert(0x800020b2)
12001: insert(0x800010d0)
12002: insert(0x800070e4)
12003: insert(0x80006042)
12004: insert(0x8000a076)
12005: insert(0x80005096)
12006: insert(0x8000403e)
12007: insert(0x8000b074)
12008: insert(0x8000900a)
12009: flush_page(0x8000b) returns true/false
12010: flush_page(0x8000a) returns true/false
12011: insert(0x80004032)
12012: insert(0x80006042)
12013: flush_page(0x80001) returns true/true
12014: insert(0x8000a082)
12015: flush_page(0x8000a) returns true/true
12016: insert(0x80000018)
12017: insert(0x8000507c)
12018: insert(0x8000006c)
12019: insert(0x8000a06c)
12020: insert(0x8000b036)
12021: insert(0x80006054)
12022: insert(0x8000206a)
12023: insert(0x80005056)
12024: flush_page(0x80009) returns true/false
12025: insert(0x8000302e)
12026: insert(0x8000606a)
12027: insert(0x8000c024)
12028: flush_page(0x80008) returns false/false
12029: insert(0x80008094)
12030: insert(0x800030c4)
12031: insert(0x8000203e)
12032: insert(0x8000609a)
12033: insert(0x800080f4)
12034: insert(0x8000008a)
12035: insert(0x8000604e)
12036: insert(0x8000909a)
12037: flush_page(0x80001) returns false/false
12038: insert(0x8000a0c4)
12039: flush()
12040: flush_page(0x80008) returns false/false
12041: insert(0x80003094)
12042: insert(0x800020ac)
12043: flush()
12044: insert(0x8000808e)
12045: insert(0x8000a03a)
12046: insert(0x8000501e)
12047: insert(0x800020e6)
12048: insert(0x8000701e)
12049: flush()
12050: flush_page(0x80006) returns false/false
12051: insert(0x800090ac)
12052: insert(0x80003062)
12053: insert(0x800000b6)
12054: insert(0x8000109c)
12055: insert(0x8000908c)
12056: flush_page(0x8000c) returns false/false
12057: insert(0x8000708c)
12058: insert(0x80004034)
12059: insert(0x8000b036)
12060: insert(0x800040fc)
12061: insert(0x800080a0)
12062: flush_page(0x80007) returns true/true
12063: insert(0x8000b0b8)
12064: insert(0x80004072)
12065: insert(0x800060b2)
12066: insert(0x80003014)
12067: insert(0x8000c080)
12068: insert(0x80005040)
12069: insert(0x80004022)
12070: insert(0x80003094)
12071: insert(0x800040fc)
12072: insert(0x8000b0b8)
12073: insert(0x80004026)
12074: insert(0x800020a4)
12075: insert(0x8000a096)
12076: insert(0x800060cc)
12077: flush_page(0x8000b) returns true/true
12078: flush()
12079: insert(0x8000a05e)
12080: insert(0x800050c6)
12081: insert(0x80009002)
12082: insert(0x8000607c)
12083: insert(0x80001040)
12084: flush_page(0x80000) returns false/false
12085: insert(0x800080b6)
12086: flush_page(0x80004) returns false/false
12087: flush()
12088: flush_page(0x80003) returns false/false
12089: flush()
12090: insert(0x8000c042)
12091: flush_page(0x80003) returns false/false
12092: flush()
12093: flush_page(0x80002) returns false/false
12094: flush_page(0x80008) returns false/false
12095: insert(0x80008006)
12096: insert(0x80003014)
12097: insert(0x8000708c)
12098: insert(0x8000c0ac)
12099: insert(0x8000702c)
12100: insert(0x80003064)
12101: insert(0x800080ac)
12102: flush_page(0x8000c) returns true/true
12103: flush()
12104: insert(0x8000904c)
12105: insert(0x80000084)
12106: insert(0x80007074)
12107: insert(0x800090ce)
12108: insert(0x800080a0)
12109: insert(0x8000c078)
12110: flush_page(0x80000) returns true/true
12111: insert(0x800060c4)
12112: insert(0x8000306c)
12113: flush()
12114: insert(0x80009072)
12115: insert(0x8000b09c)
12116: flush()
12117: insert(0x80002076)
12118: insert(0x800050a2)
12119: insert(0x8000c048)
12120: insert(0x8000302c)
12121: insert(0x8000a068)
12122: insert(0x8000b084)
12123: insert(0x8000b06e)
12124: insert(0x800010c0)
12125: insert(0x800020b4)
12126: insert(0x8000a0ae)
12127: flush_page(0x80001) returns true/false
12128: insert(0x80004028)
12129: insert(0x800010de)
12130: insert(0x80005098)
12131: insert(0x8000406c)
12132: flush_page(0x80009) returns false/false
12133: insert(0x8000c022)
12134: flush_page(0x8000c) returns true/true
12135: insert(0x8000c0cc)
12136: insert(0x800040e2)
12137: flush_page(0x8000a) returns true/false
12138: insert(0x8000b064)
12139: insert(0x800020b4)
12140: flush_page(0x80000) returns false/false
12141: insert(0x80007044)
12142: insert(0x80005034)
12143: flush_page(0x8000b) returns true/true
12144: insert(0x8000600a)
12145: flush_page(0x80003) returns true/true
12146: flush_page(0x80008) returns false/false
12147: insert(0x80008050)
12148: insert(0x8000c0c0)
12149: insert(0x8000800a)
12150: insert(0x8000c042)
12151: insert(0x8000407c)
12152: insert(0x800060a6)
12153: insert(0x80000044)
12154: insert(0x800020c4)
12155: flush()
12156: insert(0x8000c00a)
12157: insert(0x80003004)
12158: flush_page(0x80001) returns false/false
12159: insert(0x80007076)
12160: flush_page(0x80009) returns false/false
12161: insert(0x80002070)
12162: insert(0x8000b07c)
12163: insert(0x8000804c)
12164: flush_page(0x80004) returns false/false
12165: flush_page(0x80004) returns false/false
12166: insert(0x800000b2)
12167: flush_page(0x8000c) returns true/true
12168: flush_page(0x80007) returns true/true
12169: insert(0x80003080)
12170: flush_page(0x80006) returns false/false
12171: insert(0x800080ac)
12172: insert(0x80004052)
12173: insert(0x80001080)
12174: insert(0x80007078)
12175: insert(0x80007044)
12176: flush_page(0x80009) returns false/false
12177: insert(0x8000b028)
12178: insert(0x8000b03a)
12179: insert(0x8000b028)
12180: flush()
12181: flush_page(0x80008) returns false/false
12182: insert(0x800000f2)
12183: insert(0x80008006)
12184: insert(0x80001094)
12185: insert(0x800010bc)
12186: flush()
12187: insert(0x800010fe)
12188: flush_page(0x80002) returns false/false
12189: insert(0x8000800e)
12190: insert(0x800090f2)
12191: flush_page(0x80003) returns false/false
12192: flush_page(0x80002) returns false/false
12193: insert(0x8000c0ea)
12194: insert(0x8000b084)
12195: flush_page(0x80009) returns true/true
12196: insert(0x800050fc)
12197: insert(0x80002094)
12198: flush_page(0x80007) returns false/false
12199: insert(0x800010d2)
12200: flush_page(0x80009) returns false/false
12201: insert(0x800060c0)
12202: insert(0x800060be)
12203: insert(0x8000a0ba)
12204: insert(0x800010b6)
12205: insert(0x8000803c)
12206: flush_page(0x80001) returns true/true
12207: insert(0x800020a4)
12208: insert(0x80005078)
12209: insert(0x8000707a)
12210: insert(0x800060fa)
12211: insert(0x8000b05a)
12212: flush()
12213: flush_page(0x80007) returns false/false
12214: insert(0x80006072)
12215: flush_page(0x80008) returns false/false
12216: flush_page(0x80001) returns false/false
12217: insert(0x8000001c)
12218: flush_page(0x80008) returns false/false
12219: insert(0x800090fc)
12220: flush_page(0x8000c) returns false/false
12221: insert(0x80005070)
12222: insert(0x800030aa)
12223: flush_page(0x80001) returns false/false
12224: flush()
12225: insert(0x80008066)
12226: insert(0x800090a4)
12227: flush_page(0x8000c) returns false/false
12228: insert(0x800070c0)
12229: insert(0x80002062)
12230: insert(0x800050ee)
12231: insert(0x8000300e)
12232: insert(0x8000a074)
12233: flush_page(0x80001) returns false/false
12234: flush_page(0x8000b) returns false/false
12235: insert(0x8000a03a)
12236: flush_page(0x80003) returns true/true
12237: flush_page(0x8000b) returns false/false
12238: insert(0x80009016)
12239: insert(0x80006046)
12240: insert(0x8000c0e6)
12241: flush()
12242: insert(0x8000a01c)
12243: insert(0x8000c09c)
12244: flush_page(0x80007) returns false/false
12245: flush_page(0x80004) returns false/false
12246: insert(0x8000b078)
12247: insert(0x800030c2)
12248: insert(0x80002066)
12249: flush()
12250: insert(0x8000401a)
12251: insert(0x8000a022)
12252: insert(0x8000b038)
12253: insert(0x80009006)
12254: insert(0x8000003e)
12255: insert(0x800010da)
12256: insert(0x8000c0bc)
12257: insert(0x800000ec)
12258: flush_page(0x80004) returns true/true
12259: insert(0x800090f6)
12260: flush_page(0x80009) returns true/true
12261: insert(0x8000a042)
12262: flush_page(0x80001) returns true/true
12263: flush_page(0x80007) returns false/false
12264: insert(0x800090e0)
12265: insert(0x80001034)
12266: flush_page(0x80002) returns false/false
12267: insert(0x80006076)
12268: insert(0x8000202c)
12269: insert(0x800080ac)
12270: flush()
12271: insert(0x8000b020)
12272: insert(0x8000b0aa)
12273: insert(0x80006060)
12274: flush_page(0x80000) returns false/false
12275: insert(0x8000c054)
12276: insert(0x800030b0)
12277: insert(0x800000fa)
12278: insert(0x80000024)
12279: insert(0x80009000)
12280: insert(0x8000c08e)
12281: insert(0x80002022)
12282: insert(0x80006012)
12283: insert(0x800040f4)
12284: flush_page(0x80000) returns true/false
12285: insert(0x80004036)
12286: insert(0x80003066)
12287: insert(0x8000b06e)
12288: insert(0x8000a09e)
12289: insert(0x800020fa)
12290: insert(0x800060e2)
12291: flush_page(0x8000c) returns true/false
12292: flush_page(0x80009) returns true/true
12293: insert(0x8000707a)
12294: insert(0x8000a084)
12295: insert(0x800080a4)
12296: flush_page(0x80003) returns true/true
12297: insert(0x800040c6)
12298: insert(0x8000a028)
12299: flush_page(0x8000a) returns true/true
12300: insert(0x800090e4)
12301: insert(0x8000807a)
12302: flush_page(0x80005) returns false/false
12303: insert(0x80007016)
12304: insert(0x800080e4)
12305: insert(0x8000304e)
12306: insert(0x800000d2)
12307: insert(0x800050b6)
12308: flush()
12309: insert(0x80006054)
12310: insert(0x80009072)
12311: flush_page(0x80009) returns true/true
12312: insert(0x8000b0e2)
12313: flush_page(0x8000a) returns false/false
12314: flush_page(0x80000) returns false/false
12315: insert(0x8000801c)
12316: flush_page(0x80002) returns false/false
12317: flush_page(0x8000a) returns false/false
12318: insert(0x800070e2)
12319: insert(0x800010ae)
12320: insert(0x8000c036)
12321: insert(0x80003002)
12322: insert(0x80008078)
12323: insert(0x80003026)
12324: insert(0x8000305a)
12325: insert(0x80006040)
12326: insert(0x80006050)
12327: insert(0x800050e6)
12328: insert(0x80004016)
12329: flush_page(0x80007) returns true/true
12330: insert(0x8000109a)
12331: insert(0x800090e0)
12332: flush_page(0x80000) returns false/false
12333: insert(0x8000208a)
12334: insert(0x80005024)
12335: flush_page(0x80002) returns true/true
12336: insert(0x800050c0)
12337: insert(0x80009098)
12338: insert(0x8000c0c8)
12339: insert(0x8000b0ec)
12340: flush_page(0x8000c) returns true/true
12341: insert(0x80009024)
12342: flush_page(0x80003) returns true/true
12343: insert(0x800060ae)
12344: flush_page(0x8000b) returns true/true
12345: insert(0x8000c076)
12346: flush_page(0x8000b) returns false/false
12347: flush()
12348: insert(0x8000a098)
12349: flush_page(0x80001) returns false/false
12350: insert(0x80009074)
12351: insert(0x800050d0)
12352: insert(0x800050fe)
12353: insert(0x800000fa)
12354: insert(0x80003078)
12355: insert(0x8000104c)
12356: flush_page(0x80008) returns false/false
12357: insert(0x8000b072)
12358: flush()
12359: insert(0x8000803e)
12360: insert(0x80007034)
12361: insert(0x8000b03e)
12362: flush_page(0x80004) returns false/false
12363: insert(0x80003026)
12364: insert(0x800040d4)
12365: flush_page(0x80003) returns true/true
12366: insert(0x8000203c)
12367: flush_page(0x80003) returns false/false
12368: insert(0x80009090)
12369: insert(0x800000da)
12370: insert(0x8000104a)
12371: insert(0x80003036)
12372: flush_page(0x80000) returns true/false
12373: flush_page(0x80003) returns true/true
12374: insert(0x800010f0)
12375: insert(0x8000a0a6)
12376: insert(0x80004060)
12377: flush()
12378: flush_page(0x80004) returns false/false
12379: insert(0x800060b8)
12380: insert(0x80000004)
12381: flush_page(0x80002) returns false/false
12382: insert(0x800030cc)
12383: insert(0x80007078)
12384: insert(0x800060e4)
12385: flush_page(0x80008) returns false/false
12386: flush()
12387: insert(0x80003026)
12388: flush()
12389: insert(0x8000406e)
12390: flush_page(0x80003) returns false/false
12391: insert(0x8000c0f6)
12392: insert(0x8000908a)
12393: flush_page(0x80000) returns false/false
12394: flush()
12395: insert(0x8000809c)
12396: flush_page(0x80008) returns true/true
12397: insert(0x800000ac)
12398: flush_page(0x80000) returns true/true
12399: insert(0x80002052)
12400: flush_page(0x80006) returns false/false
12401: insert(0x80006038)
12402: insert(0x8000102e)
12403: insert(0x8000a00e)
12404: insert(0x80006098)
12405: flush_page(0x8000b) returns false/false
12406: insert(0x8000007e)
12407: insert(0x80000048)
12408: insert(0x800050fc)
12409: insert(0x8000b0ee)
12410: flush()
12411: insert(0x80007010)
12412: insert(0x800050ee)
12413: insert(0x8000604e)
12414: flush()
12415: insert(0x80006092)
12416: flush_page(0x80003) returns false/false
12417: insert(0x800070f8)
12418: flush_page(0x80008) returns false/false
12419: insert(0x8000603a)
12420: insert(0x80002036)
12421: insert(0x800020c0)
12422: flush_page(0x8000c) returns false/false
12423: insert(0x80000030)
12424: insert(0x8000a092)
12425: insert(0x80000018)
12426: insert(0x8000a078)
12427: insert(0x800060e8)
12428: insert(0x80009088)
12429: flush_page(0x80006) returns true/true
12430: flush_page(0x80005) returns false/false
12431: flush_page(0x8000c) returns false/false
12432: flush_page(0x80009) returns true/true
12433: insert(0x800020de)
12434: flush()
12435: insert(0x8000b050)
12436: flush()
12437: flush_page(0x80009) returns false/false
12438: flush()
12439: insert(0x800050c8)
12440: insert(0x8000b0d0)
12441: insert(0x8000703c)
12442: flush()
12443: insert(0x8000a0ca)
12444: insert(0x8000604a)
12445: insert(0x80001096)
12446: insert(0x8000b00e)
12447: insert(0x8000b03c)
12448: insert(0x80000058)
12449: flush_page(0x80002) returns false/false
12450: insert(0x80006088)
12451: insert(0x8000c040)
12452: insert(0x80003022)
12453: insert(0x800040fc)
12454: flush()
12455: flush()
12456: insert(0x800050f6)
12457: insert(0x800010ae)
12458: insert(0x8000700c)
12459: insert(0x80007074)
12460: insert(0x8000301c)
12461: insert(0x80009042)
12462: insert(0x8000c088)
12463: insert(0x80007086)
12464: insert(0x8000a0b4)
12465: flush_page(0x80003) returns true/true
12466: insert(0x8000a0ba)
12467: insert(0x80002058)
12468: insert(0x8000108a)
12469: insert(0x80007068)
12470: insert(0x8000808a)
12471: insert(0x8000b000)
12472: flush_page(0x80007) returns true/true
12473: insert(0x8000208e)
12474: insert(0x8000802e)
12475: insert(0x800060fa)
12476: insert(0x800000ce)
12477: flush()
12478: insert(0x800010aa)
12479: insert(0x800010aa)
12480: flush_page(0x80005) returns false/false
12481: flush()
12482: insert(0x8000006c)
12483: insert(0x80004044)
12484: flush_page(0x8000c) returns false/false
12485: insert(0x8000106a)
12486: insert(0x8000c0d2)
12487: flush()
12488: insert(0x80000022)
12489: insert(0x8000803e)
12490: insert(0x8000c0d4)
12491: flush_page(0x80004) returns false/false
12492: insert(0x80009036)
12493: insert(0x8000204a)
12494: flush_page(0x80009) returns true/true
12495: flush_page(0x80000) returns true/true
12496: flush_page(0x80002) returns true/true
12497: insert(0x800080d8)
12498: insert(0x800090fc)
12499: flush_page(0x8000b) returns false/false
12500: insert(0x80000098)
12501: insert(0x800050e2)
12502: insert(0x800060d2)
12503: insert(0x800060e0)
12504: insert(0x8000303a)
12505: insert(0x8000109a)
12506: insert(0x80004016)
12507: insert(0x800070b0)
12508: insert(0x800070bc)
12509: flush_page(0x80007) returns true/true
12510: flush_page(0x80005) returns true/true
12511: insert(0x80005008)
12512: insert(0x80007084)
12513: insert(0x8000709c)
12514: insert(0x80005034)
12515: insert(0x8000c0d0)
12516: insert(0x800040e4)
12517: insert(0x800040e2)
12518: insert(0x80000074)
12519: insert(0x800010e0)
12520: insert(0x800080cc)
12521: insert(0x8000b000)
12522: flush_page(0x8000a) returns false/false
12523: insert(0x800050da)
12524: insert(0x8000204e)
12525: insert(0x80003058)
12526: insert(0x800020b6)
12527: flush_page(0x8000a) returns false/false
12528: insert(0x800000f6)
12529: flush_page(0x80009) returns true/false
12530: insert(0x80007034)
12531: insert(0x800000a2)
12532: insert(0x800050f2)
12533: insert(0x8000601a)
12534: flush_page(0x80001) returns true/true
12535: insert(0x800020c4)
12536: flush_page(0x80004) returns true/true
12537: insert(0x80001018)
12538: insert(0x80009064)
12539: insert(0x8000c0a2)
12540: insert(0x800010ba)
12541: insert(0x80008038)
12542: flush()
12543: flush_page(0x8000b) returns false/false
12544: insert(0x8000c05c)
12545: flush_page(0x8000c) returns true/true
12546: insert(0x80006084)
12547: insert(0x8000a006)
12548: insert(0x8000804c)
12549: insert(0x80003080)
12550: insert(0x800020be)
12551: insert(0x800080c2)
12552: insert(0x8000809e)
12553: insert(0x8000606e)
12554: insert(0x800010ac)
12555: flush_page(0x8000c) returns false/false
12556: insert(0x8000506e)
12557: flush_page(0x80008) returns true/true
12558: flush()
12559: insert(0x800030da)
12560: insert(0x80004008)
12561: insert(0x8000002a)
12562: insert(0x8000005c)
12563: flush_page(0x80005) returns false/false
12564: insert(0x8000102a)
12565: insert(0x80009058)
12566: insert(0x800060f2)
12567: insert(0x800090ea)
12568: flush_page(0x80005) returns false/false
12569: insert(0x800060ca)
12570: flush()
12571: insert(0x800020ce)
12572: flush()
12573: insert(0x8000c0a2)
12574: flush_page(0x80004) returns false/false
12575: insert(0x8000207a)
12576: insert(0x80002046)
12577: flush_page(0x8000a) returns false/false
12578: flush_page(0x80001) returns false/false
12579: insert(0x8000a0ce)
12580: insert(0x80009006)
12581: insert(0x8000706c)
12582: insert(0x80005034)
12583: flush_page(0x80006) returns false/false
12584: insert(0x800050b2)
12585: insert(0x8000a052)
12586: insert(0x80004088)
12587: flush_page(0x80006) returns false/false
12588: insert(0x80009000)
12589: insert(0x8000505a)
12590: insert(0x8000c024)
12591: insert(0x8000a010)
12592: insert(0x800030da)
12593: insert(0x80001092)
12594: insert(0x80008048)
12595: insert(0x80009080)
12596: insert(0x800050b4)
12597: insert(0x80007098)
12598: flush_page(0x80007) returns true/true
12599: insert(0x800050c4)
12600: flush()
12601: insert(0x8000507a)
12602: insert(0x800020a0)
12603: insert(0x80002020)
12604: insert(0x80007070)
12605: insert(0x8000b038)
12606: flush_page(0x8000a) returns false/false
12607: insert(0x800070ca)
12608: flush_page(0x80007) returns true/true
12609: flush_page(0x80009) returns false/false
12610: insert(0x8000906e)
12611: insert(0x800040f2)
12612: insert(0x800030be)
12613: flush_page(0x80006) returns false/false
12614: flush_page(0x8000c) returns false/false
12615: insert(0x8000b0e8)
12616: insert(0x80005038)
12617: insert(0x800040ba)
12618: insert(0x80001096)
12619: insert(0x8000b040)
12620: flush_page(0x80004) returns true/true
12621: insert(0x8000603e)
12622: insert(0x80003038)
12623: insert(0x8000b0a2)
12624: insert(0x800090ae)
12625: insert(0x8000109c)
12626: insert(0x800030d0)
12627: insert(0x800080ca)
12628: insert(0x80000048)
12629: insert(0x8000a044)
12630: insert(0x80009010)
12631: insert(0x8000c066)
12632: flush_page(0x80008) returns true/false
12633: insert(0x80008006)
12634: insert(0x8000603e)
12635: insert(0x80004012)
12636: insert(0x8000a0dc)
12637: insert(0x8000c0bc)
12638: flush_page(0x80000) returns true/false
12639: flush_page(0x80008) returns true/false
12640: insert(0x8000c0e2)
12641: flush_page(0x80006) returns true/false
12642: insert(0x8000a008)
12643: insert(0x80000048)
12644: flush_page(0x80004) returns true/true
12645: insert(0x8000c0aa)
12646: insert(0x800070a2)
12647: flush_page(0x8000c) returns true/true
12648: insert(0x80003000)
12649: flush()
12650: insert(0x800060d4)
12651: insert(0x8000106a)
12652: insert(0x80000006)
12653: insert(0x8000808e)
12654: insert(0x8000c0bc)
12655: insert(0x80006084)
12656: flush_page(0x80001) returns true/true
12657: insert(0x8000b00e)
12658: insert(0x80003010)
12659: flush_page(0x80000) returns true/true
12660: flush_page(0x80008) returns true/true
12661: insert(0x80006000)
12662: insert(0x8000a010)
12663: flush()
12664: insert(0x800070c2)
12665: insert(0x8000705c)
12666: insert(0x80008002)
12667: insert(0x8000c056)
12668: insert(0x8000706c)
12669: flush_page(0x8000b) returns false/false
12670: insert(0x800040a4)
12671: insert(0x8000b052)
12672: flush_page(0x80000) returns false/false
12673: insert(0x80006046)
12674: flush_page(0x80009) returns false/false
12675: insert(0x800010d4)
12676: insert(0x800030de)
12677: insert(0x80004072)
12678: insert(0x80006004)
12679: flush()
12680: insert(0x80006018)
12681: insert(0x8000800a)
12682: insert(0x8000c0fc)
12683: flush_page(0x80007) returns false/false
12684: insert(0x800010ac)
12685: flush_page(0x80004) returns false/false
12686: insert(0x8000a0c4)
12687: insert(0x80003046)
12688: flush_page(0x80006) returns true/true
12689: insert(0x800050d4)
12690: insert(0x80002096)
12691: insert(0x8000703a)
12692: insert(0x8000406c)
12693: flush_page(0x80003) returns true/true
12694: insert(0x800000d8)
12695: insert(0x800040d6)
12696: insert(0x8000c056)
12697: insert(0x80004080)
12698: flush_page(0x80005) returns true/true
12699: insert(0x80007072)
12700: flush()
12701: insert(0x8000307a)
12702: insert(0x8000c0a2)
12703: flush_page(0x80007) returns false/false
12704: insert(0x80000080)
12705: flush()
12706: flush()
12707: insert(0x800060ea)
12708: flush_page(0x80007) returns false/false
12709: insert(0x800040fc)
12710: flush_page(0x80002) returns false/false
12711: insert(0x8000102c)
12712: flush_page(0x80002) returns false/false
12713: insert(0x800040be)
12714: insert(0x80002030)
12715: insert(0x80007042)
12716: insert(0x800060ce)
12717: insert(0x80002094)
12718: insert(0x80008022)
12719: insert(0x80004000)
12720: insert(0x80006016)
12721: flush_page(0x80006) returns true/true
12722: insert(0x80008092)
12723: flush()
12724: flush_page(0x80002) returns false/false
12725: flush_page(0x80005) returns false/false
12726: insert(0x800050dc)
12727: insert(0x8000c070)
12728: insert(0x8000c0cc)
12729: insert(0x8000b094)
12730: insert(0x8000505c)
12731: insert(0x8000b06e)
12732: insert(0x8000a06a)
12733: flush()
12734: insert(0x80004014)
12735: insert(0x80003032)
12736: insert(0x800080f8)
12737: insert(0x800000be)
12738: insert(0x80004014)
12739: flush_page(0x8000b) returns false/false
12740: insert(0x800010c8)
12741: insert(0x8000c02e)
12742: insert(0x80002006)
12743: insert(0x80004096)
12744: insert(0x8000b0dc)
12745: insert(0x80002098)
12746: flush()
12747: insert(0x80007024)
12748: flush()
12749: flush_page(0x80005) returns false/false
12750: insert(0x80002046)
12751: insert(0x8000b02a)
12752: insert(0x800040c0)
12753: flush_page(0x80007) returns false/false
12754: insert(0x80005016)
12755: flush_page(0x80003) returns false/false
12756: insert(0x8000903e)
12757: flush_page(0x80003) returns false/false
12758: insert(0x800070c8)
12759: insert(0x8000a038)
12760: insert(0x8000401e)
12761: insert(0x800060da)
12762: insert(0x8000901c)
12763: insert(0x8000906c)
12764: insert(0x800090ce)
12765: flush_page(0x80009) returns true/true
12766: insert(0x8000205e)
12767: insert(0x8000a0f6)
12768: flush_page(0x80009) returns false/false
12769: insert(0x8000c0d8)
12770: insert(0x80007062)
12771: insert(0x80001072)
12772: insert(0x800040fc)
12773: insert(0x80004090)
12774: insert(0x80009016)
12775: flush_page(0x80006) returns true/false
12776: insert(0x8000c0e4)
12777: flush()
12778: insert(0x80007080)
12779: insert(0x80001008)
12780: flush_page(0x80006) returns false/false
12781: insert(0x800030ee)
12782: flush_page(0x80007) returns true/true
12783: flush_page(0x80003) returns true/true
12784: flush_page(0x8000b) returns false/false
12785: flush_page(0x80001) returns true/true
12786: insert(0x8000b03c)
12787: insert(0x80000086)
12788: insert(0x80000072)
12789: insert(0x80008092)
12790: insert(0x8000b0e8)
12791: insert(0x80008040)
12792: flush_page(0x8000a) returns false/false
12793: insert(0x8000a0b6)
12794: flush_page(0x80005) returns false/false
12795: insert(0x8000705c)
12796: insert(0x800090e4)
12797: insert(0x80006020)
12798: insert(0x8000603e)
12799: insert(0x8000a0f4)
12800: flush_page(0x8000c) returns false/false
12801: insert(0x800070c8)
12802: insert(0x800040e4)
12803: insert(0x8000306a)
12804: insert(0x800070b0)
12805: insert(0x80002016)
12806: insert(0x800080e4)
12807: insert(0x80008064)
12808: flush_page(0x8000c) returns false/false
12809: insert(0x80008076)
12810: insert(0x8000c044)
12811: insert(0x8000705a)
12812: insert(0x8000a03e)
12813: insert(0x80005002)
12814: flush()
12815: insert(0x8000a01a)
12816: insert(0x80004068)
12817: insert(0x800030c0)
12818: insert(0x8000a064)
12819: insert(0x8000602a)
12820: insert(0x80002014)
12821: flush()
12822: insert(0x8000a0b0)
12823: insert(0x8000908e)
12824: insert(0x800080d0)
12825: insert(0x8000a0b0)
12826: insert(0x8000c084)
12827: insert(0x8000308a)
12828: flush_page(0x80001) returns false/false
12829: insert(0x8000200c)
12830: insert(0x800000b4)
12831: insert(0x80007010)
12832: flush_page(0x8000a) returns true/true
12833: insert(0x8000b0ac)
12834: flush_page(0x80005) returns false/false
12835: flush()
12836: insert(0x80003076)
12837: insert(0x800030e0)
12838: insert(0x800090fc)
12839: insert(0x8000b0f6)
12840: insert(0x8000c042)
12841: insert(0x8000704e)
12842: flush_page(0x80003) returns true/true
12843: insert(0x800010fc)
12844: insert(0x8000707c)
12845: flush_page(0x80005) returns false/false
12846: insert(0x800000ce)
12847: insert(0x800000e2)
12848: insert(0x800070be)
12849: insert(0x80002050)
12850: insert(0x80002064)
12851: insert(0x8000a046)
12852: insert(0x800020a2)
12853: insert(0x80008010)
12854: insert(0x8000001e)
12855: insert(0x8000308c)
12856: insert(0x80004066)
12857: insert(0x80007082)
12858: insert(0x800090fa)
12859: flush_page(0x80005) returns false/false
12860: insert(0x80004094)
12861: flush_page(0x80003) returns true/false
12862: insert(0x8000b006)
12863: insert(0x8000b0f2)
12864: insert(0x80006054)
12865: insert(0x80006058)
12866: insert(0x800020a0)
12867: flush_page(0x8000c) returns true/false
12868: flush_page(0x80006) returns true/true
12869: insert(0x8000c0fc)
12870: insert(0x80009070)
12871: insert(0x8000c056)
12872: flush_page(0x80003) returns false/false
12873: insert(0x80006006)
12874: insert(0x800090c4)
12875: insert(0x800060f2)
12876: insert(0x8000b0c4)
12877: insert(0x80009024)
12878: insert(0x8000a01c)
12879: insert(0x800020de)
12880: flush_page(0x80008) returns true/false
12881: flush()
12882: insert(0x800070be)
12883: insert(0x800070b0)
12884: insert(0x80003074)
12885: insert(0x800070bc)
12886: flush_page(0x8000a) returns false/false
12887: flush_page(0x80004) returns false/false
12888: insert(0x8000c076)
12889: flush_page(0x80002) returns false/false
12890: flush()
12891: insert(0x800010da)
12892: insert(0x800000e0)
12893: flush_page(0x8000c) returns false/false
12894: insert(0x800030a6)
12895: insert(0x800020ea)
12896: insert(0x80007002)
12897: flush_page(0x8000a) returns false/false
12898: insert(0x8000102a)
12899: flush_page(0x8000c) returns false/false
12900: insert(0x8000a004)
12901: insert(0x8000102e)
12902: flush()
12903: insert(0x8000000c)
12904: flush_page(0x80004) returns false/false
12905: insert(0x8000b01a)
12906: insert(0x8000309e)
12907: insert(0x80002002)
12908: flush_page(0x80009) returns false/false
12909: flush()
12910: insert(0x800080b0)
12911: insert(0x8000b0ec)
12912: flush_page(0x8000b) returns true/true
12913: insert(0x80005072)
12914: insert(0x800080d0)
12915: insert(0x800090be)
12916: flush_page(0x8000a) returns false/false
12917: insert(0x80008020)
12918: insert(0x8000607c)
12919: insert(0x80009046)
12920: flush_page(0x8000b) returns false/false
12921: insert(0x80002070)
12922: insert(0x8000500e)
12923: insert(0x8000806e)
12924: insert(0x800050ee)
12925: insert(0x800080de)
12926: insert(0x8000702e)
12927: insert(0x8000b0d6)
12928: insert(0x8000b024)
12929: insert(0x8000c022)
12930: insert(0x800060ec)
12931: insert(0x80002010)
12932: insert(0x8000b074)
12933: insert(0x800080b8)
12934: flush_page(0x8000a) returns false/false
12935: flush()
12936: insert(0x80009024)
12937: insert(0x8000a080)
12938: insert(0x80000006)
12939: insert(0x80009058)
12940: insert(0x8000800c)
12941: insert(0x800080c4)
12942: insert(0x800010f2)
12943: flush_page(0x80004) returns false/false
12944: insert(0x80001018)
12945: insert(0x8000901a)
12946: insert(0x8000800e)
12947: insert(0x8000a064)
12948: insert(0x80006090)
12949: flush_page(0x80005) returns false/false
12950: insert(0x8000b056)
12951: insert(0x8000601e)
12952: insert(0x800090b4)
12953: insert(0x800030f8)
12954: insert(0x800020c4)
12955: insert(0x80000074)
12956: insert(0x800030d6)
12957: insert(0x8000200e)
12958: flush_page(0x80005) returns false/false
12959: insert(0x80000004)
12960: insert(0x800060c6)
12961: insert(0x8000003e)
12962: flush_page(0x80007) returns false/false
12963: insert(0x8000c0ec)
12964: flush_page(0x80003) returns true/false
12965: insert(0x80007010)
12966: insert(0x80003070)
12967: insert(0x80002082)
12968: insert(0x8000b068)
12969: insert(0x8000b0a6)
12970: insert(0x800000be)
12971: flush_page(0x8000a) returns true/false
12972: flush_page(0x80004) returns false/false
12973: insert(0x8000b04e)
12974: insert(0x8000a09e)
12975: insert(0x80002048)
12976: insert(0x80004088)
12977: flush_page(0x80005) returns false/false
12978: insert(0x8000202e)
12979: flush_page(0x80002) returns true/true
12980: flush_page(0x8000c) returns true/false
12981: flush_page(0x80003) returns true/false
12982: insert(0x8000b090)
12983: insert(0x800060a0)
12984: insert(0x80006088)
12985: insert(0x8000902e)
12986: insert(0x800010c0)
12987: insert(0x800010e4)
12988: flush_page(0x80006) returns true/true
12989: flush_page(0x80004) returns true/false
12990: flush_page(0x8000a) returns true/true
12991: insert(0x8000001c)
12992: insert(0x800010de)
12993: flush()
12994: flush_page(0x80002) returns false/false
12995: flush_page(0x80003) returns false/false
12996: insert(0x80002076)
12997: insert(0x800070b4)
12998: insert(0x8000b0de)
12999: insert(0x8000c054)
13000: flush_page(0x80004) returns false/false
13001: insert(0x80006076)
13002: flush_page(0x80000) returns false/false
13003: flush()
13004: insert(0x8000503e)
13005: insert(0x800080d4)
13006: insert(0x8000b0bc)
13007: insert(0x80000098)
13008: flush_page(0x80005) returns true/true
13009: flush_page(0x80003) returns false/false
13010: insert(0x80002066)
13011: insert(0x8000a034)
13012: insert(0x8000a0cc)
13013: insert(0x800010d6)
13014: insert(0x800030d0)
13015: insert(0x800070da)
13016: insert(0x80009044)
13017: insert(0x8000a0e0)
13018: insert(0x800050bc)
13019: insert(0x800040f8)
13020: insert(0x8000b048)
13021: insert(0x800060bc)
13022: flush_page(0x80008) returns true/true
13023: insert(0x800060f6)
13024: flush()
13025: flush_page(0x80000) returns false/false
13026: insert(0x8000c0f0)
13027: flush()
13028: insert(0x8000803a)
13029: insert(0x8000c0e4)
13030: insert(0x80003010)
13031: insert(0x8000106e)
13032: flush_page(0x80001) returns true/true
13033: insert(0x8000205a)
13034: insert(0x80001074)
13035: insert(0x80002028)
13036: flush_page(0x80002) returns true/true
13037: insert(0x8000b0a6)
13038: insert(0x8000c08c)
13039: insert(0x8000b0c0)
13040: insert(0x80001060)
13041: insert(0x8000208c)
13042: insert(0x80008096)
13043: insert(0x800060a6)
13044: insert(0x8000a026)
13045: insert(0x800030c2)
13046: insert(0x800090fe)
13047: insert(0x8000208e)
13048: insert(0x8000409c)
13049: insert(0x8000301c)
13050: insert(0x80001006)
13051: insert(0x800000d0)
13052: insert(0x80004038)
13053: insert(0x800060f2)
13054: insert(0x80001026)
13055: insert(0x8000808e)
13056: insert(0x8000b04c)
13057: flush_page(0x80008) returns true/true
13058: insert(0x800040f2)
13059: insert(0x80009098)
13060: flush_page(0x80004) returns true/true
13061: flush_page(0x80006) returns true/false
13062: insert(0x800010e2)
13063: insert(0x800060b0)
13064: flush_page(0x8000b) returns true/false
13065: insert(0x80004046)
13066: insert(0x80004074)
13067: flush_page(0x80000) returns true/true
13068: insert(0x800020e2)
13069: flush()
13070: flush_page(0x80001) returns false/false
13071: flush()
13072: insert(0x8000305a)
13073: insert(0x8000a05c)
13074: insert(0x80000082)
13075: insert(0x8000208a)
13076: flush_page(0x80009) returns false/false
13077: insert(0x800030d2)
13078: flush_page(0x80007) returns false/false
13079: flush_page(0x8000b) returns false/false
13080: insert(0x80004078)
13081: insert(0x80005036)
13082: insert(0x8000c026)
13083: flush()
13084: flush()
13085: insert(0x8000c000)
13086: insert(0x80003044)
13087: flush()
13088: insert(0x800080d6)
13089: insert(0x800070b2)
13090: insert(0x80003006)
13091: insert(0x800030b2)
13092: insert(0x8000b052)
13093: insert(0x80004052)
13094: insert(0x800040e6)
13095: insert(0x80008006)
13096: flush_page(0x8000c) returns false/false
13097: flush_page(0x80006) returns false/false
13098: flush_page(0x80009) returns false/false
13099: insert(0x800040dc)
13100: insert(0x800070e6)
13101: insert(0x80005038)
13102: insert(0x8000a032)
13103: flush_page(0x8000b) returns true/false
13104: insert(0x80000098)
13105: insert(0x800040ae)
13106: insert(0x8000600a)
13107: insert(0x80004008)
13108: insert(0x80004082)
13109: insert(0x8000600c)
13110: insert(0x800030fa)
13111: flush_page(0x8000b) returns false/false
13112: insert(0x8000007e)
13113: insert(0x800030ce)
13114: insert(0x80008098)
13115: insert(0x8000b090)
13116: flush()
13117: insert(0x80006050)
13118: flush_page(0x80000) returns false/false
13119: insert(0x8000c0ca)
13120: insert(0x8000b064)
13121: insert(0x80002014)
13122: insert(0x800000a4)
13123: insert(0x80003096)
13124: insert(0x80007048)
13125: insert(0x800010ce)
13126: insert(0x800040dc)
13127: insert(0x800030c8)
13128: insert(0x80004028)
13129: insert(0x800040a6)
13130: insert(0x80009014)
13131: insert(0x80002096)
13132: flush_page(0x8000c) returns true/true
13133: insert(0x8000101e)
13134: insert(0x8000804c)
13135: insert(0x80003030)
13136: insert(0x80003042)
13137: insert(0x8000c0ae)
13138: flush()
13139: insert(0x800050c8)
13140: insert(0x8000b00c)
13141: flush_page(0x80008) returns false/false
13142: insert(0x8000001e)
13143: insert(0x800070ce)
13144: insert(0x800060b4)
13145: insert(0x800070d6)
13146: insert(0x80008082)
13147: flush_page(0x8000a) returns false/false
13148: insert(0x80001026)
13149: insert(0x8000c002)
13150: flush_page(0x8000c) returns true/true
13151: insert(0x800010f8)
13152: flush_page(0x8000a) returns false/false
13153: insert(0x8000c0f0)
13154: insert(0x800070ec)
13155: insert(0x800090d0)
13156: insert(0x80007062)
13157: insert(0x800030d6)
13158: insert(0x8000701e)
13159: insert(0x80004022)
13160: insert(0x8000303c)
13161: flush_page(0x8000b) returns true/true
13162: flush()
13163: insert(0x800050d0)
13164: insert(0x8000903a)
13165: flush_page(0x80004) returns false/false
13166: flush_page(0x80007) returns false/false
13167: flush()
13168: insert(0x800000a0)
13169: flush_page(0x80002) returns false/false
13170: flush_page(0x80002) returns false/false
13171: flush_page(0x80007) returns false/false
13172: insert(0x8000c0a6)
13173: insert(0x80005058)
13174: insert(0x800030ca)
13175: insert(0x800080b0)
13176: insert(0x8000b00c)
13177: flush_page(0x80006) returns false/false
13178: flush_page(0x80001) returns false/false
13179: flush()
13180: flush_page(0x80005) returns false/false
13181: insert(0x8000502e)
13182: flush_page(0x8000b) returns false/false
13183: insert(0x800030be)
13184: flush_page(0x80007) returns false/false
13185: insert(0x800000d2)
13186: insert(0x8000b0d6)
13187: insert(0x8000c05c)
13188: insert(0x80002014)
13189: insert(0x800090fc)
13190: insert(0x8000401a)
13191: insert(0x8000b074)
13192: insert(0x8000a05e)
13193: flush()
13194: insert(0x8000b05e)
13195: insert(0x800090fc)
13196: insert(0x8000807a)
13197: insert(0x800050ce)
13198: insert(0x800020a4)
13199: insert(0x80001052)
13200: insert(0x80006020)
13201: insert(0x8000c040)
13202: insert(0x8000305c)
13203: insert(0x800070c8)
13204: flush()
13205: flush_page(0x8000c) returns false/false
13206: flush_page(0x80005) returns false/false
13207: insert(0x8000200c)
13208: insert(0x800020fa)
13209: insert(0x80008096)
13210: insert(0x800000d0)
13211: flush()
13212: insert(0x8000b014)
13213: flush_page(0x80006) returns false/false
13214: insert(0x8000105a)
13215: insert(0x80000004)
13216: insert(0x80000032)
13217: insert(0x800060ac)
13218: flush_page(0x80004) returns false/false
13219: insert(0x800090c8)
13220: flush()
13221: flush()
13222: insert(0x800070cc)
13223: flush_page(0x80009) returns false/false
13224: insert(0x800040b8)
13225: insert(0x800060a4)
13226: insert(0x800040ce)
13227: insert(0x8000a0b2)
13228: flush()
13229: flush_page(0x80004) returns false/false
13230: insert(0x8000104e)
13231: flush_page(0x80004) returns false/false
13232: flush_page(0x80000) returns false/false
13233: insert(0x8000409c)
13234: insert(0x800020b8)
13235: flush_page(0x80001) returns true/true
13236: flush_page(0x8000c) returns false/false
13237: flush_page(0x80009) returns false/false
13238: insert(0x8000b04a)
13239: insert(0x8000800c)
13240: insert(0x80000002)
13241: flush_page(0x80005) returns false/false
13242: flush()
13243: insert(0x8000606c)
13244: insert(0x80005012)
13245: insert(0x800070c0)
13246: insert(0x8000908e)
13247: insert(0x8000b026)
13248: flush_page(0x80003) returns false/false
13249: insert(0x8000b062)
13250: insert(0x800040e2)
13251: flush_page(0x80002) returns false/false
13252: insert(0x800020ba)
13253: insert(0x80002086)
13254: flush_page(0x80001) returns false/false
13255: insert(0x800030ee)
13256: insert(0x80008016)
13257: insert(0x8000109e)
13258: insert(0x800040f2)
13259: insert(0x80005060)
13260: insert(0x800070d4)
13261: insert(0x8000a0d8)
13262: flush_page(0x8000b) returns true/true
13263: flush_page(0x80002) returns true/true
13264: insert(0x800050a2)
13265: flush_page(0x80003) returns true/false
13266: flush()
13267: insert(0x8000805c)
13268: flush_page(0x80002) returns false/false
13269: insert(0x8000502e)
13270: insert(0x800040e0)
13271: flush_page(0x80005) returns true/true
13272: insert(0x80005058)
13273: insert(0x800080be)
13274: flush()
13275: insert(0x80002070)
13276: insert(0x80007082)
13277: insert(0x8000b08e)
13278: flush_page(0x80001) returns false/false
13279: insert(0x800030d8)
13280: insert(0x8000a034)
13281: insert(0x80005044)
13282: insert(0x80000000)
13283: insert(0x80006020)
13284: insert(0x8000502a)
13285: insert(0x800050f4)
13286: insert(0x8000607e)
13287: flush_page(0x8000a) returns true/true
13288: flush()
13289: insert(0x8000001c)
13290: flush()
13291: flush()
13292: insert(0x80006004)
13293: flush_page(0x80008) returns false/false
13294: insert(0x80002080)
13295: flush_page(0x80009) returns false/false
13296: flush_page(0x80004) returns false/false
13297: flush_page(0x80000) returns false/false
13298: flush_page(0x8000b) returns false/false
13299: insert(0x80003032)
13300: insert(0x80003080)
13301: insert(0x8000308c)
13302: flush_page(0x8000a) returns false/false
13303: insert(0x8000304c)
13304: insert(0x8000c06c)
13305: insert(0x8000b0ec)
13306: insert(0x8000a096)
13307: insert(0x8000802e)
13308: insert(0x800070dc)
13309: insert(0x80003032)
13310: flush()
13311: flush_page(0x8000a) returns false/false
13312: insert(0x800030e4)
13313: flush_page(0x80005) returns false/false
13314: insert(0x8000c024)
13315: flush()
13316: flush_page(0x8000b) returns false/false
13317: flush_page(0x8000c) returns false/false
13318: flush_page(0x80001) returns false/false
13319: insert(0x8000204c)
13320: insert(0x80002098)
13321: insert(0x8000b0c8)
13322: insert(0x80007044)
13323: insert(0x8000401e)
13324: insert(0x8000206e)
13325: insert(0x800000bc)
13326: insert(0x800030c0)
13327: flush_page(0x80005) returns false/false
13328: insert(0x800000be)
13329: insert(0x800040cc)
13330: flush_page(0x80005) returns false/false
13331: insert(0x800000d0)
13332: insert(0x800050d2)
13333: insert(0x800020a8)
13334: insert(0x800090be)
13335: flush()
13336: insert(0x8000007e)
13337: insert(0x8000508a)
13338: insert(0x80004098)
13339: flush_page(0x80000) returns true/true
13340: flush_page(0x80003) returns false/false
13341: flush_page(0x80001) returns false/false
13342: flush_page(0x80006) returns false/false
13343: flush()
13344: insert(0x8000305c)
13345: insert(0x8000a01e)
13346: flush()
13347: insert(0x800010f4)
13348: flush_page(0x8000c) returns false/false
13349: insert(0x8000a0fe)
13350: insert(0x800060b2)
13351: insert(0x800040e4)
13352: insert(0x800030a2)
13353: flush_page(0x80003) returns true/true
13354: flush_page(0x8000c) returns false/false
13355: insert(0x800000d0)
13356: insert(0x8000301c)
13357: insert(0x8000807c)
13358: insert(0x800080e2)
13359: insert(0x800010d6)
13360: flush_page(0x8000a) returns true/true
13361: insert(0x8000300e)
13362: flush_page(0x8000a) returns false/false
13363: insert(0x80005012)
13364: flush()
13365: insert(0x8000708e)
13366: insert(0x8000409c)
13367: insert(0x800050a4)
13368: insert(0x8000a034)
13369: insert(0x8000c022)
13370: flush()
13371: flush_page(0x8000c) returns false/false
13372: insert(0x80000068)
13373: insert(0x8000a02e)
13374: flush_page(0x80007) returns false/false
13375: insert(0x8000c056)
13376: insert(0x8000a0a4)
13377: insert(0x8000508e)
13378: insert(0x8000008c)
13379: insert(0x800010ba)
13380: flush_page(0x80000) returns true/true
13381: insert(0x800000e2)
13382: insert(0x8000208c)
13383: flush()
13384: flush_page(0x80001) returns false/false
13385: insert(0x800020aa)
13386: insert(0x8000c028)
13387: insert(0x80007000)
13388: flush()
13389: insert(0x80008098)
13390: insert(0x800060a6)
13391: flush_page(0x8000b) returns false/false
13392: insert(0x8000502e)
13393: insert(0x8000005c)
13394: insert(0x8000703e)
13395: insert(0x8000a068)
13396: insert(0x800010f4)
13397: insert(0x8000701e)
13398: insert(0x800070f6)
13399: insert(0x8000908e)
13400: insert(0x8000402a)
13401: flush()
13402: insert(0x800060f0)
13403: insert(0x800030b2)
13404: insert(0x8000704a)
13405: insert(0x8000a050)
13406: flush_page(0x80006) returns true/true
13407: flush_page(0x80004) returns false/false
13408: insert(0x800010b8)
13409: insert(0x8000a022)
13410: insert(0x8000a0b2)
13411: flush_page(0x80001) returns true/true
13412: insert(0x8000a028)
13413: insert(0x800060f6)
13414: flush_page(0x80007) returns true/true
13415: insert(0x8000c086)
13416: insert(0x8000c02e)
13417: flush_page(0x8000c) returns true/true
13418: insert(0x800010ac)
13419: insert(0x8000b0b8)
13420: flush_page(0x80004) returns false/false
13421: insert(0x80009064)
13422: insert(0x80007076)
13423: flush_page(0x80007) returns true/true
13424: insert(0x800080ee)
13425: insert(0x80001060)
13426: insert(0x80002092)
13427: insert(0x800060fe)
13428: insert(0x80007086)
13429: insert(0x800050ca)
13430: insert(0x8000207e)
13431: flush()
13432: flush_page(0x80006) returns false/false
13433: insert(0x8000b09a)
13434: insert(0x8000b0a6)
13435: insert(0x80001056)
13436: flush()
13437: flush_page(0x80007) returns false/false
13438: flush_page(0x8000a) returns false/false
13439: insert(0x8000402e)
13440: flush_page(0x80003) returns false/false
13441: insert(0x8000901a)
13442: insert(0x8000500e)
13443: insert(0x8000a0b0)
13444: insert(0x8000005e)
13445: insert(0x8000a024)
13446: insert(0x8000a072)
13447: insert(0x8000307e)
13448: flush_page(0x8000a) returns true/true
13449: flush_page(0x80005) returns true/true
13450: insert(0x8000804a)
13451: insert(0x8000a0b0)
13452: insert(0x80006046)
13453: insert(0x800050a8)
13454: insert(0x80009060)
13455: insert(0x8000a072)
13456: flush_page(0x8000b) returns false/false
13457: flush_page(0x80002) returns false/false
13458: insert(0x8000a0dc)
13459: insert(0x800030e0)
13460: insert(0x8000c0fa)
13461: flush_page(0x80005) returns true/false
13462: insert(0x80003012)
13463: insert(0x8000508e)
13464: insert(0x800040b4)
13465: insert(0x800080ce)
13466: insert(0x800080f8)
13467: insert(0x8000a002)
13468: insert(0x8000701a)
13469: insert(0x8000401a)
13470: flush_page(0x8000c) returns true/true
13471: insert(0x8000b0d6)
13472: flush()
13473: insert(0x8000a03e)
13474: insert(0x8000a058)
13475: insert(0x80003082)
13476: insert(0x80002002)
13477: insert(0x800010d4)
13478: flush()
13479: insert(0x800080ca)
13480: insert(0x8000b038)
13481: flush()
13482: insert(0x8000b0f8)
13483: insert(0x800030e4)
13484: flush_page(0x8000b) returns true/true
13485: flush_page(0x80001) returns false/false
13486: flush_page(0x8000c) returns false/false
13487: insert(0x800000b2)
13488: insert(0x800080c4)
13489: flush_page(0x80004) returns false/false
13490: insert(0x800050dc)
13491: flush()
13492: insert(0x80008040)
13493: insert(0x8000c0dc)
13494: flush_page(0x80000) returns false/false
13495: insert(0x800080b4)
13496: insert(0x8000709a)
13497: insert(0x8000b0a6)
13498: flush_page(0x80009) returns false/false
13499: insert(0x80003096)
13500: insert(0x800030ac)
13501: insert(0x800050e6)
13502: flush_page(0x80006) returns false/false
13503: insert(0x80004092)
13504: insert(0x80000004)
13505: insert(0x80000060)
13506: insert(0x8000802c)
13507: insert(0x8000a0ee)
13508: insert(0x800020d0)
13509: flush_page(0x8000b) returns true/true
13510: flush()
13511: insert(0x8000a066)
13512: insert(0x800010a4)
13513: insert(0x8000a05e)
13514: insert(0x800050b0)
13515: insert(0x80005046)
13516: insert(0x8000c0e0)
13517: insert(0x800070c2)
13518: insert(0x8000b088)
13519: insert(0x8000305a)
13520: insert(0x800060d8)
13521: insert(0x8000306e)
13522: insert(0x8000a014)
13523: flush_page(0x80006) returns true/true
13524: flush_page(0x80007) returns true/false
13525: insert(0x80008002)
13526: insert(0x8000806e)
13527: insert(0x800090ae)
13528: insert(0x8000908c)
13529: flush_page(0x8000c) returns true/false
13530: insert(0x8000108c)
13531: insert(0x80004074)
13532: insert(0x80001056)
13533: flush()
13534: insert(0x80000034)
13535: insert(0x800080ee)
13536: flush_page(0x80002) returns false/false
13537: insert(0x800080e4)
13538: flush_page(0x80006) returns false/false
13539: insert(0x800030f0)
13540: insert(0x8000a0da)
13541: insert(0x8000b05a)
13542: insert(0x800080fe)
13543: insert(0x8000a0ca)
13544: flush_page(0x80004) returns false/false
13545: insert(0x80009090)
13546: insert(0x80007018)
13547: insert(0x80008052)
13548: insert(0x80000088)
13549: insert(0x800040f2)
13550: insert(0x80006092)
13551: insert(0x80001068)
13552: insert(0x800000b0)
13553: flush_page(0x80009) returns true/true
13554: insert(0x8000c0ee)
13555: insert(0x8000c0d2)
13556: flush_page(0x80005) returns false/false
13557: insert(0x8000504e)
13558: insert(0x800010e8)
13559: insert(0x8000109a)
13560: insert(0x8000b0b6)
13561: flush_page(0x80002) returns false/false
13562: insert(0x8000704e)
13563: insert(0x80007024)
13564: insert(0x80002078)
13565: insert(0x800050e2)
13566: insert(0x80006074)
13567: flush()
13568: flush_page(0x80004) returns false/false
13569: insert(0x8000c040)
13570: insert(0x8000606e)
13571: flush_page(0x80006) returns true/true
13572: insert(0x800080d8)
13573: insert(0x80002052)
13574: flush()
13575: insert(0x8000105a)
13576: insert(0x800030e8)
13577: insert(0x8000b068)
13578: insert(0x8000403c)
13579: insert(0x800090c0)
13580: insert(0x8000c070)
13581: insert(0x800060d8)
13582: flush_page(0x80003) returns true/true
13583: insert(0x8000c06e)
13584: insert(0x8000a0ea)
13585: insert(0x80002060)
13586: flush()
13587: flush_page(0x80006) returns false/false
13588: insert(0x800040ac)
13589: insert(0x800010a4)
13590: flush()
13591: insert(0x8000c0f4)
13592: insert(0x800080b2)
13593: flush_page(0x80006) returns false/false
13594: insert(0x8000c00e)
13595: insert(0x800090f6)
13596: insert(0x80005030)
13597: insert(0x8000b05a)
13598: insert(0x800030bc)
13599: insert(0x80005070)
13600: insert(0x80001038)
13601: insert(0x8000c08a)
13602: flush()
13603: insert(0x80004046)
13604: flush_page(0x8000b) returns false/false
13605: flush()
13606: insert(0x8000209c)
13607: flush_page(0x80005) returns false/false
13608: insert(0x8000b05e)
13609: flush()
13610: flush_page(0x80005) returns false/false
13611: flush_page(0x8000b) returns false/false
13612: insert(0x80008080)
13613: insert(0x8000609e)
13614: insert(0x8000c0f0)
13615: flush()
13616: flush_page(0x80001) returns false/false
13617: flush_page(0x80003) returns false/false
13618: insert(0x8000201e)
13619: insert(0x80005032)
13620: flush_page(0x8000b) returns false/false
13621: insert(0x80002016)
13622: insert(0x8000906e)
13623: insert(0x800060f0)
13624: insert(0x80000024)
13625: insert(0x8000c0c0)
13626: insert(0x8000c024)
13627: insert(0x800050a6)
13628: insert(0x80006028)
13629: insert(0x800070f4)
13630: flush_page(0x80008) returns false/false
13631: insert(0x80000014)
13632: insert(0x800010aa)
13633: insert(0x8000c0e8)
13634: insert(0x800070ec)
13635: insert(0x800090ae)
13636: insert(0x800040e4)
13637: insert(0x8000b07c)
13638: insert(0x80007010)
13639: insert(0x8000c05a)
13640: insert(0x80009054)
13641: insert(0x8000609a)
13642: flush_page(0x80000) returns true/false
13643: insert(0x80001088)
13644: insert(0x80009054)
13645: insert(0x8000707e)
13646: insert(0x8000508c)
13647: insert(0x800090b8)
13648: insert(0x800080fe)
13649: flush_page(0x80004) returns true/false
13650: insert(0x800050c8)
13651: flush()
13652: insert(0x80003090)
13653: insert(0x8000c0a8)
13654: insert(0x8000b078)
13655: insert(0x8000a0e8)
13656: insert(0x80005046)
13657: insert(0x80003068)
13658: insert(0x8000c0d0)
13659: insert(0x80009000)
13660: insert(0x80001064)
13661: insert(0x8000b02a)
13662: flush_page(0x80001) returns true/false
13663: insert(0x80006018)
13664: insert(0x80000094)
13665: insert(0x8000a02c)
13666: insert(0x80008060)
13667: insert(0x80002018)
13668: flush_page(0x80009) returns true/false
13669: insert(0x80004068)
13670: insert(0x8000c0e6)
13671: insert(0x8000308c)
13672: flush()
13673: insert(0x800040bc)
13674: insert(0x80001060)
13675: insert(0x80000022)
13676: flush()
13677: insert(0x80009004)
13678: insert(0x8000502a)
13679: insert(0x800000e8)
13680: insert(0x8000a054)
13681: insert(0x8000c066)
13682: insert(0x8000402c)
13683: insert(0x80004092)
13684: insert(0x800040ec)
13685: insert(0x80001016)
13686: flush()
13687: insert(0x8000a0b2)
13688: insert(0x8000b07e)
13689: flush_page(0x80007) returns false/false
13690: insert(0x800040ee)
13691: insert(0x80005084)
13692: insert(0x8000a020)
13693: flush_page(0x80004) returns true/true
13694: insert(0x8000804c)
13695: insert(0x8000c0c4)
13696: insert(0x800060d2)
13697: insert(0x80008042)
13698: flush()
13699: insert(0x8000007c)
13700: insert(0x8000a06a)
13701: flush_page(0x80002) returns false/false
13702: flush_page(0x80004) returns false/false
13703: insert(0x8000603c)
13704: insert(0x80005078)
13705: insert(0x80002020)
13706: insert(0x80002092)
13707: insert(0x8000b0ec)
13708: insert(0x80006042)
13709: insert(0x8000405c)
13710: insert(0x80009024)
13711: flush_page(0x8000c) returns false/false
13712: flush()
13713: flush_page(0x80003) returns false/false
13714: insert(0x8000a068)
13715: flush_page(0x80005) returns false/false
13716: insert(0x800030c6)
13717: flush_page(0x8000c) returns false/false
13718: insert(0x8000107e)
13719: insert(0x8000b012)
13720: insert(0x800040f6)
13721: insert(0x80006090)
13722: flush()
13723: insert(0x8000300c)
13724: flush_page(0x80007) returns false/false
13725: insert(0x800090bc)
13726: insert(0x80005068)
13727: flush()
13728: insert(0x800000fa)
13729: insert(0x800050c8)
13730: insert(0x8000408e)
13731: insert(0x8000b09c)
13732: insert(0x8000b02a)
13733: flush()
13734: insert(0x8000108e)
13735: insert(0x80007026)
13736: insert(0x8000205c)
13737: insert(0x80003044)
13738: insert(0x80002056)
13739: insert(0x80001046)
13740: flush_page(0x80003) returns true/true
13741: insert(0x8000008c)
13742: flush_page(0x80008) returns false/false
13743: flush_page(0x8000c) returns false/false
13744: flush_page(0x80005) returns false/false
13745: flush_page(0x80007) returns true/true
13746: insert(0x800070c6)
13747: insert(0x800070fa)
13748: flush_page(0x80005) returns false/false
13749: insert(0x8000c09e)
13750: flush_page(0x80000) returns true/true
13751: insert(0x80008014)
13752: insert(0x8000c02c)
13753: insert(0x8000500a)
13754: insert(0x8000102a)
13755: flush_page(0x8000a) returns false/false
13756: insert(0x80002004)
13757: flush_page(0x80007) returns true/false
13758: insert(0x800010e6)
13759: insert(0x80007022)
13760: flush_page(0x8000a) returns false/false
13761: insert(0x80008082)
13762: insert(0x8000c0a8)
13763: flush_page(0x8000a) returns false/false
13764: insert(0x8000b076)
13765: insert(0x800090ae)
13766: insert(0x800020ac)
13767: insert(0x80003040)
13768: insert(0x8000b05a)
13769: insert(0x80005080)
13770: insert(0x8000c0e0)
13771: flush_page(0x80000) returns false/false
13772: flush_page(0x80007) returns true/false
13773: insert(0x800070bc)
13774: flush_page(0x80008) returns true/true
13775: insert(0x800060c0)
13776: insert(0x80001060)
13777: flush_page(0x8000b) returns true/false
13778: insert(0x800090ea)
13779: insert(0x80008002)
13780: insert(0x800000da)
13781: flush_page(0x80004) returns false/false
13782: flush_page(0x80005) returns true/false
13783: flush()
13784: insert(0x8000008a)
13785: insert(0x8000b0c8)
13786: flush_page(0x80008) returns false/false
13787: flush_page(0x80004) returns false/false
13788: insert(0x8000c01a)
13789: flush_page(0x80006) returns false/false
13790: insert(0x800020b4)
13791: insert(0x8000a008)
13792: insert(0x80002062)
13793: insert(0x800030e4)
13794: insert(0x8000c0b4)
13795: flush_page(0x80003) returns true/true
13796: flush()
13797: flush_page(0x8000b) returns false/false
13798: flush_page(0x80004) returns false/false
13799: insert(0x8000002a)
13800: insert(0x80004044)
13801: insert(0x8000000e)
13802: insert(0x800040b8)
13803: flush_page(0x80002) returns false/false
13804: insert(0x80008086)
13805: insert(0x8000b07e)
13806: insert(0x800000b4)
13807: insert(0x8000b00e)
13808: flush()
13809: flush_page(0x8000b) returns false/false
13810: insert(0x80008004)
13811: insert(0x800040b0)
13812: flush_page(0x80003) returns false/false
13813: flush_page(0x8000b) returns false/false
13814: insert(0x8000a0ca)
13815: insert(0x80007012)
13816: flush_page(0x8000a) returns true/true
13817: insert(0x800010d8)
13818: insert(0x8000808e)
13819: insert(0x800040e4)
13820: insert(0x80007036)
13821: insert(0x8000308a)
13822: insert(0x8000508c)
13823: flush_page(0x8000a) returns false/false
13824: insert(0x80002010)
13825: flush_page(0x80004) returns true/true
13826: insert(0x80005042)
13827: insert(0x8000b056)
13828: flush_page(0x80005) returns true/true
13829: flush_page(0x80000) returns false/false
13830: insert(0x800060b2)
13831: insert(0x80008082)
13832: flush_page(0x80003) returns true/true
13833: insert(0x8000c010)
13834: flush_page(0x80008) returns true/true
13835: flush_page(0x80005) returns false/false
13836: insert(0x800030fa)
13837: insert(0x80005006)
13838: insert(0x8000002a)
13839: insert(0x800020c2)
13840: insert(0x800080ba)
13841: insert(0x800050e4)
13842: insert(0x8000a008)
13843: insert(0x8000b084)
13844: insert(0x8000900a)
13845: insert(0x80002038)
13846: insert(0x8000a04a)
13847: flush_page(0x80006) returns true/true
13848: insert(0x80005064)
13849: flush_page(0x80002) returns true/false
13850: flush_page(0x80006) returns false/false
13851: insert(0x80002056)
13852: insert(0x80008004)
13853: insert(0x8000006a)
13854: insert(0x800070fa)
13855: insert(0x8000b094)
13856: insert(0x800040ac)
13857: flush_page(0x80006) returns false/false
13858: flush()
13859: flush()
13860: insert(0x800010b4)
13861: insert(0x80004058)
13862: flush_page(0x80009) returns false/false
13863: flush_page(0x80006) returns false/false
13864: insert(0x800060e8)
13865: flush()
13866: insert(0x8000402e)
13867: insert(0x80003096)
13868: insert(0x800080f2)
13869: insert(0x8000b07c)
13870: flush_page(0x80003) returns true/true
13871: flush_page(0x8000c) returns false/false
13872: flush_page(0x80005) returns false/false
13873: insert(0x8000c0c4)
13874: insert(0x800000e2)
13875: insert(0x8000b0ae)
13876: insert(0x8000b026)
13877: insert(0x800040a2)
13878: flush()
13879: flush_page(0x80006) returns false/false
13880: insert(0x8000b070)
13881: flush_page(0x80008) returns false/false
13882: insert(0x80006092)
13883: insert(0x800080a6)
13884: insert(0x80009058)
13885: insert(0x8000c044)
13886: flush_page(0x80002) returns false/false
13887: flush()
13888: insert(0x80006086)
13889: insert(0x800010cc)
13890: insert(0x800070d8)
13891: insert(0x80003046)
13892: flush_page(0x80006) returns true/true
13893: insert(0x80006066)
13894: insert(0x80007072)
13895: insert(0x80002080)
13896: insert(0x800080c0)
13897: insert(0x8000a07e)
13898: insert(0x8000b0c4)
13899: flush_page(0x80008) returns true/true
13900: insert(0x8000708e)
13901: insert(0x8000503a)
13902: insert(0x800000e2)
13903: insert(0x8000b080)
13904: insert(0x8000802c)
13905: flush_page(0x8000c) returns false/false
13906: insert(0x8000a0aa)
13907: flush_page(0x8000b) returns true/true
13908: flush_page(0x80003) returns true/false
13909: insert(0x8000105a)
13910: insert(0x800000d8)
13911: insert(0x8000c0a8)
13912: insert(0x800050f4)
13913: insert(0x8000c058)
13914: insert(0x80006072)
13915: insert(0x8000c038)
13916: insert(0x8000300a)
13917: insert(0x800030c6)
13918: insert(0x80002066)
13919: insert(0x800040cc)
13920: insert(0x8000401c)
13921: insert(0x80003042)
13922: flush()
13923: insert(0x8000508e)
13924: insert(0x800040a4)
13925: insert(0x80007082)
13926: insert(0x8000c022)
13927: flush_page(0x80004) returns true/true
13928: insert(0x800060ea)
13929: insert(0x800060ca)
13930: flush_page(0x80001) returns false/false
13931: insert(0x800010f6)
13932: insert(0x80009010)
13933: insert(0x8000000a)
13934: insert(0x800020d6)
13935: flush_page(0x80008) returns false/false
13936: insert(0x8000601e)
13937: flush_page(0x80006) returns true/true
13938: insert(0x8000c0d0)
13939: insert(0x80006028)
13940: insert(0x8000708e)
13941: insert(0x8000805c)
13942: flush_page(0x8000c) returns true/true
13943: flush()
13944: insert(0x80007090)
13945: flush_page(0x80007) returns true/true
13946: insert(0x8000a0e0)
13947: insert(0x80002040)
13948: flush_page(0x8000b) returns false/false
13949: insert(0x800080ee)
13950: insert(0x800030fe)
13951: insert(0x8000c0a2)
13952: insert(0x80002030)
13953: insert(0x80004010)
13954: insert(0x8000b0b4)
13955: insert(0x8000b0b4)
13956: insert(0x8000c0da)
13957: insert(0x80004046)
13958: insert(0x8000109a)
13959: flush_page(0x80001) returns true/true
13960: insert(0x80009024)
13961: insert(0x8000c04c)
13962: insert(0x8000507c)
13963: flush_page(0x8000b) returns true/true
13964: flush()
13965: insert(0x80006076)
13966: insert(0x80005076)
13967: insert(0x80001034)
13968: insert(0x800070ec)
13969: insert(0x8000b0ee)
13970: insert(0x8000b060)
13971: flush_page(0x80003) returns false/false
13972: insert(0x80006028)
13973: insert(0x8000b046)
13974: insert(0x80000038)
13975: insert(0x80003082)
13976: flush()
13977: insert(0x80008052)
13978: insert(0x800090d0)
13979: flush_page(0x80006) returns false/false
13980: flush_page(0x80006) returns false/false
13981: flush_page(0x80000) returns false/false
13982: flush_page(0x80002) returns false/false
13983: insert(0x8000b03a)
13984: flush()
13985: insert(0x8000b0a2)
13986: insert(0x8000c00c)
13987: insert(0x8000501a)
13988: insert(0x800080cc)
13989: insert(0x80001004)
13990: insert(0x8000606e)
13991: insert(0x800090c2)
13992: insert(0x8000101c)
13993: insert(0x800000da)
13994: insert(0x8000207c)
13995: insert(0x800040de)
13996: flush_page(0x8000a) returns false/false
13997: insert(0x8000a002)
13998: insert(0x80007044)
13999: flush_page(0x8000a) returns true/true
14000: insert(0x800020be)
14001: flush_page(0x80000) returns true/false
14002: flush()
14003: insert(0x8000400a)
14004: insert(0x80009092)
14005: insert(0x80008016)
14006: insert(0x80001098)
14007: insert(0x80004028)
14008: insert(0x8000301a)
14009: flush_page(0x80002) returns false/false
14010: insert(0x800020e0)
14011: flush()
14012: flush_page(0x80009) returns false/false
14013: insert(0x80008090)
14014: flush()
14015: insert(0x80005018)
14016: insert(0x800050a0)
14017: insert(0x800090ae)
14018: insert(0x800020a8)
14019: insert(0x80002034)
14020: flush_page(0x8000a) returns false/false
14021: insert(0x80007092)
14022: insert(0x8000600c)
14023: flush_page(0x80004) returns false/false
14024: insert(0x800080fe)
14025: insert(0x8000204c)
14026: flush_page(0x80003) returns false/false
14027: insert(0x80007094)
14028: flush_page(0x80002) returns true/true
14029: insert(0x8000c076)
14030: insert(0x8000708e)
14031: flush_page(0x80000) returns false/false
14032: insert(0x8000c0f4)
14033: insert(0x8000a02a)
14034: insert(0x800020e4)
14035: insert(0x80000036)
14036: flush_page(0x80001) returns false/false
14037: insert(0x8000a0e8)
14038: insert(0x8000605a)
14039: insert(0x800070c2)
14040: flush_page(0x8000b) returns false/false
14041: insert(0x8000b098)
14042: insert(0x80004004)
14043: insert(0x8000a01e)
14044: insert(0x8000b0aa)
14045: insert(0x80008026)
14046: insert(0x8000a08a)
14047: insert(0x8000c07a)
14048: insert(0x80007080)
14049: insert(0x800030be)
14050: insert(0x80008020)
14051: insert(0x8000a0b4)
14052: insert(0x8000102a)
14053: flush_page(0x80006) returns true/false
14054: insert(0x8000602e)
14055: insert(0x8000709c)
14056: insert(0x8000b00c)
14057: insert(0x80009072)
14058: flush_page(0x80005) returns true/false
14059: insert(0x80009092)
14060: flush_page(0x80006) returns true/true
14061: insert(0x8000c01e)
14062: insert(0x80009058)
14063: insert(0x8000008a)
14064: insert(0x80009038)
14065: flush_page(0x8000a) returns true/true
14066: flush()
14067: flush_page(0x80008) returns false/false
14068: flush_page(0x80000) returns false/false
14069: insert(0x800070c0)
14070: insert(0x800070d0)
14071: flush_page(0x80002) returns false/false
14072: insert(0x8000802a)
14073: insert(0x800080b6)
14074: insert(0x8000b038)
14075: insert(0x8000301c)
14076: flush_page(0x80005) returns false/false
14077: insert(0x8000b02c)
14078: insert(0x8000b090)
14079: insert(0x8000b03a)
14080: insert(0x8000900c)
14081: flush_page(0x80008) returns true/true
14082: insert(0x80007096)
14083: flush_page(0x80009) returns true/true
14084: insert(0x8000707c)
14085: insert(0x80008084)
14086: insert(0x80001058)
14087: flush()
14088: insert(0x8000402a)
14089: insert(0x8000802a)
14090: insert(0x80009044)
14091: insert(0x80007014)
14092: insert(0x8000209c)
14093: insert(0x80005010)
14094: insert(0x8000105a)
14095: insert(0x800070a2)
14096: flush_page(0x80005) returns true/true
14097: flush_page(0x80000) returns false/false
14098: flush_page(0x80007) returns true/true
14099: flush_page(0x80001) returns true/true
14100: flush_page(0x80007) returns false/false
14101: insert(0x80003050)
14102: insert(0x8000c084)
14103: insert(0x80006072)
14104: insert(0x8000405e)
14105: insert(0x800010e0)
14106: insert(0x8000203c)
14107: flush_page(0x8000a) returns false/false
14108: insert(0x8000909a)
14109: insert(0x80001054)
14110: flush()
14111: insert(0x800000b6)
14112: flush_page(0x80002) returns false/false
14113: insert(0x80006032)
14114: insert(0x800060e8)
14115: flush_page(0x80000) returns true/true
14116: insert(0x80004004)
14117: insert(0x800020fa)
14118: flush_page(0x80001) returns false/false
14119: insert(0x8000b0d8)
14120: flush()
14121: insert(0x8000c054)
14122: flush_page(0x8000b) returns false/false
14123: flush()
14124: insert(0x800040d4)
14125: insert(0x80006072)
14126: insert(0x800000ee)
14127: insert(0x8000b0a6)
14128: insert(0x80007062)
14129: insert(0x80000058)
14130: flush()
14131: flush_page(0x8000c) returns false/false
14132: insert(0x800070a4)
14133: flush_page(0x80007) returns true/true
14134: insert(0x800030b8)
14135: insert(0x8000c0b8)
14136: insert(0x800030b6)
14137: insert(0x80004060)
14138: insert(0x80002042)
14139: insert(0x800000de)
14140: insert(0x80008040)
14141: flush_page(0x80004) returns true/true
14142: insert(0x80008030)
14143: insert(0x8000b0b0)
14144: insert(0x800040ca)
14145: insert(0x8000905c)
14146: flush_page(0x80002) returns true/false
14147: insert(0x800080d4)
14148: flush_page(0x80006) returns false/false
14149: flush_page(0x80009) returns true/true
14150: insert(0x80001044)
14151: flush_page(0x80003) returns true/true
14152: insert(0x8000a0f0)
14153: insert(0x800080e4)
14154: insert(0x80006018)
14155: insert(0x800050ce)
14156: insert(0x80006006)
14157: flush_page(0x80004) returns true/true
14158: insert(0x8000900a)
14159: flush_page(0x80004) returns false/false
14160: flush()
14161: flush_page(0x80001) returns false/false
14162: insert(0x8000601c)
14163: flush_page(0x8000b) returns false/false
14164: insert(0x800040fa)
14165: insert(0x8000a040)
14166: flush_page(0x8000b) returns false/false
14167: insert(0x8000501e)
14168: insert(0x800090a6)
14169: insert(0x8000004e)
14170: insert(0x8000a0a6)
14171: flush_page(0x80003) returns false/false
14172: insert(0x8000a058)
14173: insert(0x800080d4)
14174: flush_page(0x8000a) returns true/true
14175: flush_page(0x8000c) returns false/false
14176: insert(0x800030b6)
14177: insert(0x8000701e)
14178: insert(0x80004082)
14179: insert(0x8000203e)
14180: insert(0x80005072)
14181: flush()
14182: flush_page(0x80004) returns false/false
14183: insert(0x8000a056)
14184: flush_page(0x80007) returns false/false
14185: insert(0x800020da)
14186: insert(0x800010f4)
14187: insert(0x8000c098)
14188: insert(0x80001098)
14189: insert(0x800040f2)
14190: insert(0x8000802c)
14191: insert(0x80002096)
14192: insert(0x80003018)
14193: insert(0x80002008)
14194: flush()
14195: flush()
14196: insert(0x8000c09e)
14197: insert(0x8000a03a)
14198: insert(0x800020be)
14199: insert(0x800080da)
14200: insert(0x80004008)
14201: insert(0x8000a098)
14202: insert(0x80003098)
14203: flush_page(0x8000b) returns false/false
14204: insert(0x800060fa)
14205: flush_page(0x80002) returns true/true
14206: flush_page(0x8000b) returns false/false
14207: flush()
14208: insert(0x8000a0e2)
14209: insert(0x800060ca)
14210: flush_page(0x80008) returns false/false
14211: insert(0x8000a0cc)
14212: insert(0x800070c6)
14213: insert(0x80008090)
14214: insert(0x80005048)
14215: insert(0x800030f2)
14216: insert(0x80005098)
14217: insert(0x8000504c)
14218: insert(0x800060d2)
14219: flush_page(0x8000b) returns false/false
14220: insert(0x8000808a)
14221: insert(0x80007002)
14222: insert(0x80009052)
14223: insert(0x800070aa)
14224: flush_page(0x80004) returns false/false
14225: insert(0x80000016)
14226: insert(0x8000809a)
14227: insert(0x8000a0be)
14228: insert(0x80009024)
14229: insert(0x800070a6)
14230: flush_page(0x80005) returns true/false
14231: insert(0x80007050)
14232: insert(0x800020c0)
14233: flush_page(0x80008) returns true/true
14234: flush_page(0x80006) returns true/true
14235: insert(0x8000a024)
14236: insert(0x8000c08c)
14237: insert(0x8000b0d4)
14238: flush_page(0x80007) returns true/true
14239: insert(0x800090ae)
14240: flush_page(0x80006) returns false/false
14241: insert(0x800000a2)
14242: insert(0x80002058)
14243: flush_page(0x8000b) returns true/true
14244: insert(0x800020d6)
14245: insert(0x80002004)
14246: insert(0x80004078)
14247: insert(0x8000a014)
14248: insert(0x800020ee)
14249: insert(0x8000506e)
14250: insert(0x80009084)
14251: flush_page(0x80002) returns true/true
14252: insert(0x80005054)
14253: insert(0x8000c0ee)
14254: insert(0x800040f2)
14255: insert(0x800060c0)
14256: flush_page(0x80004) returns true/true
14257: insert(0x800050ac)
14258: flush()
14259: insert(0x8000a05a)
14260: insert(0x80001012)
14261: insert(0x80002004)
14262: insert(0x8000a0e4)
14263: insert(0x80003070)
14264: insert(0x80008040)
14265: insert(0x80003028)
14266: insert(0x8000308c)
14267: insert(0x800000f2)
14268: insert(0x80002088)
14269: insert(0x8000605c)
14270: insert(0x800090ec)
14271: insert(0x8000a032)
14272: insert(0x8000707a)
14273: flush()
14274: insert(0x80009004)
14275: flush_page(0x80002) returns false/false
14276: flush_page(0x8000a) returns false/false
14277: insert(0x800020e2)
14278: insert(0x80003010)
14279: flush_page(0x8000c) returns false/false
14280: insert(0x800000da)
14281: insert(0x8000b08c)
14282: flush_page(0x80006) returns false/false
14283: flush_page(0x8000a) returns false/false
14284: insert(0x800070b2)
14285: flush_page(0x80007) returns true/true
14286: insert(0x8000b0e8)
14287: insert(0x80004006)
14288: flush_page(0x80003) returns true/true
14289: flush_page(0x80001) returns false/false
14290: insert(0x8000907e)
14291: flush()
14292: flush()
14293: flush_page(0x80008) returns false/false
14294: insert(0x80007024)
14295: insert(0x80004016)
14296: flush_page(0x80000) returns false/false
14297: insert(0x80004088)
14298: flush()
14299: insert(0x80002082)
14300: flush_page(0x80000) returns false/false
14301: insert(0x8000303c)
14302: insert(0x80006082)
14303: insert(0x80004012)
14304: insert(0x8000104e)
14305: insert(0x80009068)
14306: insert(0x8000a09c)
14307: flush_page(0x80008) returns false/false
14308: insert(0x8000b064)
14309: flush()
14310: insert(0x80002098)
14311: insert(0x8000c0b6)
14312: insert(0x80003008)
14313: insert(0x80002016)
14314: flush()
14315: flush_page(0x80004) returns false/false
14316: flush_page(0x80004) returns false/false
14317: insert(0x8000608e)
14318: insert(0x8000906c)
14319: flush_page(0x80007) returns false/false
14320: insert(0x8000c0bc)
14321: flush()
14322: insert(0x8000b07c)
14323: insert(0x8000005c)
14324: insert(0x80001008)
14325: insert(0x800030b0)
14326: insert(0x8000c040)
14327: insert(0x80000078)
14328: insert(0x8000a0d6)
14329: flush_page(0x80005) returns false/false
14330: insert(0x8000c0aa)
14331: insert(0x800000f8)
14332: insert(0x8000c03a)
14333: insert(0x8000104c)
14334: insert(0x8000609c)
14335: flush()
14336: insert(0x8000c060)
14337: flush_page(0x80002) returns false/false
14338: insert(0x800030da)
14339: insert(0x80001044)
14340: insert(0x8000205a)
14341: insert(0x8000404c)
14342: insert(0x800020f8)
14343: insert(0x80003032)
14344: insert(0x8000a068)
14345: flush_page(0x80000) returns false/false
14346: insert(0x800020e4)
14347: insert(0x800070b4)
14348: insert(0x80009066)
14349: insert(0x80008042)
14350: insert(0x8000c006)
14351: flush_page(0x80006) returns false/false
14352: insert(0x80006034)
14353: insert(0x8000707c)
14354: flush_page(0x80007) returns true/true
14355: insert(0x8000c01c)
14356: insert(0x800040e6)
14357: flush_page(0x8000c) returns true/true
14358: insert(0x80009000)
14359: insert(0x8000a07e)
14360: insert(0x800040f2)
14361: flush_page(0x8000c) returns false/false
14362: insert(0x8000c0d6)
14363: insert(0x800010a4)
14364: flush()
14365: insert(0x8000202e)
14366: flush_page(0x80003) returns false/false
14367: flush_page(0x80005) returns false/false
14368: insert(0x800060ee)
14369: insert(0x8000501e)
14370: insert(0x800000d0)
14371: flush_page(0x80004) returns false/false
14372: insert(0x800090a2)
14373: flush_page(0x8000c) returns false/false
14374: insert(0x800020f2)
14375: flush_page(0x80008) returns false/false
14376: insert(0x800040ca)
14377: flush_page(0x8000a) returns false/false
14378: flush()
14379: insert(0x80007086)
14380: insert(0x80006006)
14381: insert(0x8000605a)
14382: insert(0x8000b080)
14383: insert(0x8000a0c0)
14384: insert(0x80003002)
14385: flush_page(0x80009) returns false/false
14386: insert(0x80003080)
14387: flush_page(0x80005) returns false/false
14388: insert(0x8000207c)
14389: insert(0x8000104e)
14390: insert(0x80002078)
14391: insert(0x80009030)
14392: flush_page(0x80005) returns false/false
14393: flush_page(0x80002) returns true/true
14394: insert(0x80005038)
14395: insert(0x8000609a)
14396: insert(0x800050aa)
14397: insert(0x8000b096)
14398: insert(0x8000608c)
14399: insert(0x8000a00e)
14400: insert(0x8000308c)
14401: insert(0x80003042)
14402: insert(0x80001024)
14403: insert(0x8000702c)
14404: insert(0x80000046)
14405: flush_page(0x8000b) returns true/false
14406: insert(0x8000c090)
14407: insert(0x800080e6)
14408: flush_page(0x8000b) returns false/false
14409: insert(0x800070d4)
14410: flush()
14411: flush_page(0x80000) returns false/false
14412: insert(0x80003072)
14413: insert(0x8000306a)
14414: flush_page(0x80000) returns false/false
14415: flush()
14416: insert(0x8000a012)
14417: insert(0x8000a088)
14418: flush()
14419: flush_page(0x80007) returns false/false
14420: insert(0x8000900e)
14421: insert(0x800070ee)
14422: flush_page(0x80002) returns false/false
14423: insert(0x8000a014)
14424: flush_page(0x80008) returns false/false
14425: insert(0x8000409e)
14426: insert(0x800060b8)
14427: insert(0x80003068)
14428: flush_page(0x8000a) returns true/true
14429: insert(0x8000508c)
14430: flush_page(0x8000c) returns false/false
14431: insert(0x80001050)
14432: insert(0x80008042)
14433: insert(0x800040f2)
14434: insert(0x8000003c)
14435: insert(0x8000900c)
14436: flush_page(0x80001) returns true/false
14437: insert(0x80004096)
14438: flush_page(0x8000a) returns false/false
14439: flush_page(0x80001) returns false/false
14440: insert(0x80004088)
14441: insert(0x80004086)
14442: insert(0x80009046)
14443: insert(0x8000c0f4)
14444: insert(0x8000602c)
14445: insert(0x800010ba)
14446: insert(0x8000605c)
14447: insert(0x80000054)
14448: insert(0x80002088)
14449: insert(0x80004020)
14450: flush_page(0x80008) returns true/false
14451: insert(0x80009094)
14452: insert(0x800090d4)
14453: insert(0x800020d2)
14454: flush_page(0x80007) returns true/false
14455: flush_page(0x8000b) returns false/false
14456: flush_page(0x8000b) returns false/false
14457: flush_page(0x8000a) returns false/false
14458: insert(0x800070ba)
14459: insert(0x800030a8)
14460: insert(0x80007028)
14461: insert(0x8000c0ae)
14462: insert(0x8000a0bc)
14463: insert(0x8000103e)
14464: flush_page(0x80000) returns true/true
14465: insert(0x80006036)
14466: insert(0x8000b07c)
14467: insert(0x800030b8)
14468: flush_page(0x80008) returns false/false
14469: insert(0x80005060)
14470: insert(0x8000b01a)
14471: insert(0x80001034)
14472: insert(0x800070fc)
14473: insert(0x80002050)
14474: flush()
14475: flush_page(0x80006) returns false/false
14476: flush_page(0x8000b) returns false/false
14477: insert(0x8000b08e)
14478: insert(0x8000a03e)
14479: insert(0x80009038)
14480: insert(0x800050d6)
14481: flush_page(0x80000) returns false/false
14482: flush()
14483: insert(0x8000007e)
14484: insert(0x80006042)
14485: flush_page(0x80000) returns true/true
14486: insert(0x80007072)
14487: flush_page(0x80002) returns false/false
14488: flush_page(0x80000) returns false/false
14489: insert(0x80002012)
14490: insert(0x8000a0ce)
14491: flush_page(0x80001) returns false/false
14492: flush_page(0x80005) returns false/false
14493: flush_page(0x80002) returns true/true
14494: insert(0x80006084)
14495: flush_page(0x8000c) returns false/false
14496: insert(0x800000ac)
14497: insert(0x8000101e)
14498: flush_page(0x80009) returns false/false
14499: flush_page(0x80000) returns true/true
14500: insert(0x800000b2)
14501: insert(0x8000c066)
14502: insert(0x800080a8)
14503: insert(0x80000014)
14504: insert(0x800070c8)
14505: insert(0x800000ba)
14506: flush_page(0x80002) returns false/false
14507: insert(0x80001050)
14508: flush_page(0x80002) returns false/false
14509: flush_page(0x80007) returns true/true
14510: flush_page(0x80000) returns true/true
14511: insert(0x8000509c)
14512: insert(0x800080ca)
14513: insert(0x8000401e)
14514: insert(0x8000605e)
14515: flush_page(0x80003) returns false/false
14516: insert(0x80009066)
14517: flush_page(0x80001) returns true/true
14518: insert(0x800040f4)
14519: flush_page(0x80003) returns false/false
14520: insert(0x800000fe)
14521: insert(0x80002066)
14522: flush_page(0x80001) returns false/false
14523: insert(0x80006038)
14524: insert(0x80008044)
14525: insert(0x8000207e)
14526: insert(0x8000008e)
14527: insert(0x800050b4)
14528: insert(0x8000a048)
14529: insert(0x80007044)
14530: insert(0x8000500a)
14531: insert(0x8000803a)
14532: insert(0x800060a4)
14533: flush_page(0x8000b) returns false/false
14534: flush_page(0x80004) returns true/false
14535: flush_page(0x80000) returns true/false
14536: flush_page(0x80004) returns false/false
14537: insert(0x8000308c)
14538: insert(0x800000aa)
14539: flush_page(0x80008) returns true/true
14540: insert(0x800060fe)
14541: insert(0x80000050)
14542: insert(0x800040d8)
14543: insert(0x800070f8)
14544: insert(0x800020ae)
14545: flush_page(0x80006) returns true/true
14546: flush_page(0x80001) returns false/false
14547: insert(0x800090e4)
14548: flush()
14549: flush_page(0x8000b) returns false/false
14550: insert(0x80008042)
14551: insert(0x80002082)
14552: flush_page(0x80007) returns false/false
14553: flush_page(0x80004) returns false/false
14554: insert(0x8000809e)
14555: flush()
14556: insert(0x8000c00a)
14557: insert(0x800060c4)
14558: insert(0x800020e4)
14559: flush_page(0x80007) returns false/false
14560: insert(0x800050f2)
14561: insert(0x80008058)
14562: insert(0x800090ce)
14563: flush_page(0x80007) returns false/false
14564: insert(0x8000c092)
14565: insert(0x8000c0aa)
14566: flush_page(0x80000) returns false/false
14567: insert(0x8000208c)
14568: flush_page(0x8000c) returns true/true
14569: insert(0x8000b0d2)
14570: insert(0x800070ec)
14571: flush_page(0x80003) returns false/false
14572: insert(0x80009068)
14573: insert(0x8000100a)
14574: insert(0x8000b066)
14575: insert(0x8000a0ec)
14576: insert(0x8000b04c)
14577: insert(0x800060d0)
14578: insert(0x800060f6)
14579: flush_page(0x80003) returns false/false
14580: insert(0x800000fa)
14581: insert(0x8000a01a)
14582: flush_page(0x80005) returns true/true
14583: flush_page(0x8000c) returns false/false
14584: insert(0x8000a0f2)
14585: insert(0x8000006e)
14586: insert(0x800010c2)
14587: flush_page(0x8000a) returns true/true
14588: insert(0x80003052)
14589: insert(0x8000b0ee)
14590: insert(0x80006048)
14591: insert(0x800070ca)
14592: flush_page(0x8000c) returns false/false
14593: insert(0x80008098)
14594: insert(0x80006006)
14595: insert(0x8000905c)
14596: insert(0x80009092)
14597: insert(0x8000103e)
14598: flush_page(0x80001) returns true/true
14599: flush_page(0x80007) returns true/true
14600: flush_page(0x80009) returns true/true
14601: flush()
14602: flush_page(0x80008) returns false/false
14603: insert(0x8000a06e)
14604: insert(0x800050ea)
14605: insert(0x8000906a)
14606: flush_page(0x80007) returns false/false
14607: flush_page(0x8000a) returns true/true
14608: insert(0x80000012)
14609: insert(0x800060aa)
14610: insert(0x8000404c)
14611: insert(0x800050e2)
14612: insert(0x8000a06c)
14613: insert(0x80003058)
14614: flush()
14615: flush_page(0x80005) returns false/false
14616: flush_page(0x80003) returns false/false
14617: insert(0x8000003e)
14618: insert(0x8000202e)
14619: flush_page(0x80008) returns false/false
14620: flush_page(0x80000) returns true/true
14621: flush_page(0x8000a) returns false/false
14622: insert(0x8000202a)
14623: flush_page(0x80000) returns false/false
14624: insert(0x800030be)
14625: flush_page(0x80008) returns false/false
14626: insert(0x8000a0fc)
14627: insert(0x800000e0)
14628: flush()
14629: insert(0x8000203c)
14630: flush_page(0x80007) returns false/false
14631: insert(0x800080f2)
14632: flush_page(0x8000c) returns false/false
14633: insert(0x80004038)
14634: flush()
14635: insert(0x8000900e)
14636: insert(0x800040e8)
14637: insert(0x80005092)
14638: flush_page(0x8000c) returns false/false
14639: insert(0x8000304e)
14640: insert(0x8000b018)
14641: insert(0x800010c6)
14642: insert(0x800060b0)
14643: flush_page(0x8000a) returns false/false
14644: insert(0x80002042)
14645: flush_page(0x80009) returns true/true
14646: insert(0x8000a0fe)
14647: insert(0x8000c084)
14648: insert(0x8000c02a)
14649: insert(0x8000c0be)
14650: insert(0x800070f0)
14651: insert(0x800060ae)
14652: flush_page(0x80005) returns true/true
14653: insert(0x80009062)
14654: insert(0x80000094)
14655: insert(0x8000a0a4)
14656: flush_page(0x80008) returns false/false
14657: insert(0x800010a4)
14658: insert(0x8000a028)
14659: flush_page(0x8000b) returns true/false
14660: flush()
14661: flush_page(0x80001) returns false/false
14662: flush_page(0x8000a) returns false/false
14663: insert(0x8000c030)
14664: insert(0x80005032)
14665: flush_page(0x80002) returns false/false
14666: insert(0x8000a01c)
14667: insert(0x80002022)
14668: insert(0x800030fc)
14669: insert(0x8000c034)
14670: insert(0x800010d0)
14671: insert(0x800090d8)
14672: flush_page(0x80009) returns true/true
14673: flush_page(0x80003) returns true/true
14674: insert(0x80000026)
14675: flush_page(0x8000b) returns false/false
14676: insert(0x8000706a)
14677: insert(0x80003074)
14678: insert(0x800050c4)
14679: insert(0x8000a0d8)
14680: insert(0x8000504a)
14681: insert(0x80001018)
14682: insert(0x8000c07c)
14683: insert(0x8000509c)
14684: insert(0x800060ca)
14685: insert(0x800090a2)
14686: insert(0x80000022)
14687: insert(0x800040c2)
14688: insert(0x80002024)
14689: flush_page(0x80005) returns true/true
14690: insert(0x8000706c)
14691: insert(0x8000c058)
14692: insert(0x8000302e)
14693: insert(0x800090c0)
14694: insert(0x8000c018)
14695: insert(0x80005028)
14696: flush()
14697: flush()
14698: insert(0x80002066)
14699: insert(0x8000c06c)
14700: flush_page(0x80004) returns false/false
14701: insert(0x800080da)
14702: insert(0x8000101a)
14703: insert(0x800060fa)
14704: insert(0x8000403e)
14705: insert(0x8000a038)
14706: insert(0x800070f4)
14707: flush_page(0x80007) returns true/true
14708: insert(0x80009060)
14709: flush_page(0x80006) returns true/true
14710: flush_page(0x80001) returns true/true
14711: insert(0x80004010)
14712: insert(0x800060a2)
14713: insert(0x8000b08e)
14714: insert(0x80007062)
14715: flush_page(0x8000b) returns true/true
14716: insert(0x8000c034)
14717: insert(0x8000903c)
14718: insert(0x800060fa)
14719: insert(0x800020be)
14720: insert(0x8000b086)
14721: flush()
14722: insert(0x8000403c)
14723: insert(0x800000e8)
14724: insert(0x8000b00a)
14725: insert(0x8000401e)
14726: insert(0x8000c03a)
14727: insert(0x8000c0c0)
14728: insert(0x800040f4)
14729: flush()
14730: insert(0x80004060)
14731: insert(0x8000c0f8)
14732: flush()
14733: flush_page(0x80001) returns false/false
14734: insert(0x8000503a)
14735: flush()
14736: insert(0x800040b8)
14737: flush_page(0x80001) returns false/false
14738: insert(0x800060ce)
14739: insert(0x800060da)
14740: insert(0x80003082)
14741: insert(0x800000ae)
14742: insert(0x8000601e)
14743: insert(0x80006030)
14744: insert(0x8000b0cc)
14745: insert(0x80003078)
14746: insert(0x80008000)
14747: flush_page(0x80005) returns false/false
14748: insert(0x8000009c)
14749: insert(0x80006016)
14750: flush_page(0x80005) returns false/false
14751: flush_page(0x80004) returns true/true
14752: insert(0x8000201e)
14753: insert(0x8000c0ea)
14754: flush_page(0x80005) returns false/false
14755: insert(0x80001088)
14756: insert(0x8000104c)
14757: flush_page(0x8000b) returns true/true
14758: insert(0x8000b07a)
14759: insert(0x80000032)
14760: flush_page(0x80001) returns true/true
14761: insert(0x8000c0f6)
14762: insert(0x80001016)
14763: insert(0x800080b8)
14764: insert(0x80006052)
14765: flush_page(0x80001) returns true/true
14766: insert(0x8000c086)
14767: flush()
14768: flush_page(0x80000) returns false/false
14769: flush()
14770: insert(0x8000a016)
14771: insert(0x80003064)
14772: insert(0x80007064)
14773: insert(0x800020c0)
14774: insert(0x8000c06a)
14775: insert(0x80002006)
14776: insert(0x80005032)
14777: insert(0x8000c048)
14778: insert(0x8000303c)
14779: insert(0x8000606a)
14780: insert(0x800080e0)
14781: insert(0x8000205a)
14782: flush_page(0x80002) returns true/true
14783: insert(0x8000a060)
14784: flush()
14785: insert(0x800020f8)
14786: flush_page(0x80001) returns false/false
14787: insert(0x8000b0e4)
14788: insert(0x800020e6)
14789: flush_page(0x8000b) returns true/true
14790: insert(0x800080c0)
14791: insert(0x8000b07a)
14792: insert(0x800000ce)
14793: flush_page(0x80007) returns false/false
14794: flush_page(0x8000a) returns false/false
14795: insert(0x8000a032)
14796: insert(0x800050f6)
14797: flush_page(0x80002) returns true/true
14798: flush_page(0x80004) returns false/false
14799: flush_page(0x80008) returns true/true
14800: insert(0x800050c8)
14801: insert(0x8000c072)
14802: insert(0x80002000)
14803: insert(0x80008016)
14804: insert(0x8000802a)
14805: insert(0x80004006)
14806: insert(0x800080aa)
14807: insert(0x8000c092)
14808: insert(0x800050a8)
14809: insert(0x80000092)
14810: insert(0x8000a030)
14811: flush_page(0x80007) returns false/false
14812: insert(0x8000b00a)
14813: flush_page(0x8000c) returns true/false
14814: insert(0x8000807a)
14815: flush_page(0x8000a) returns true/true
14816: insert(0x8000b00c)
14817: flush_page(0x80009) returns false/false
14818: insert(0x800010d6)
14819: insert(0x80008040)
14820: insert(0x8000203c)
14821: insert(0x80008026)
14822: insert(0x80008024)
14823: insert(0x8000a0b4)
14824: insert(0x80000076)
14825: insert(0x80000002)
14826: insert(0x80002026)
14827: insert(0x8000a018)
14828: insert(0x800020d8)
14829: flush()
14830: insert(0x80001034)
14831: insert(0x80007004)
14832: insert(0x800090f6)
14833: flush()
14834: insert(0x800020d4)
14835: flush_page(0x80003) returns false/false
14836: flush()
14837: insert(0x800090dc)
14838: flush_page(0x80003) returns false/false
14839: insert(0x80007066)
14840: insert(0x80008002)
14841: flush_page(0x80008) returns true/true
14842: insert(0x800030e2)
14843: flush_page(0x80001) returns false/false
14844: insert(0x8000602e)
14845: insert(0x80008096)
14846: insert(0x800030ae)
14847: insert(0x80000022)
14848: flush_page(0x80009) returns true/true
14849: flush_page(0x80001) returns false/false
14850: flush()
14851: flush_page(0x80002) returns false/false
14852: flush_page(0x80009) returns false/false
14853: insert(0x80002002)
14854: insert(0x80001066)
14855: flush_page(0x80001) returns true/true
14856: insert(0x8000c024)
14857: insert(0x800060c4)
14858: insert(0x800090fc)
14859: flush_page(0x80002) returns true/true
14860: insert(0x80000038)
14861: insert(0x800050d2)
14862: insert(0x8000005e)
14863: insert(0x80001020)
14864: insert(0x800020fe)
14865: flush_page(0x80003) returns false/false
14866: insert(0x8000301c)
14867: flush_page(0x8000b) returns false/false
14868: insert(0x80004088)
14869: flush_page(0x8000a) returns false/false
14870: insert(0x8000108c)
14871: insert(0x8000200e)
14872: insert(0x800010a2)
14873: insert(0x80001090)
14874: insert(0x8000b0f8)
14875: insert(0x80007084)
14876: flush_page(0x8000b) returns true/true
14877: insert(0x80009082)
14878: insert(0x80008018)
14879: flush()
14880: flush_page(0x80000) returns false/false
14881: flush_page(0x80001) returns false/false
14882: insert(0x8000002a)
14883: flush_page(0x8000c) returns false/false
14884: insert(0x800040f4)
14885: insert(0x8000b0ce)
14886: insert(0x80002056)
14887: flush_page(0x80001) returns false/false
14888: insert(0x800090fc)
14889: flush()
14890: insert(0x800090ea)
14891: insert(0x800070d6)
14892: insert(0x8000405c)
14893: flush()
14894: flush_page(0x80003) returns false/false
14895: insert(0x80005048)
14896: insert(0x8000404c)
14897: insert(0x8000b0dc)
14898: flush_page(0x80000) returns false/false
14899: insert(0x800000b4)
14900: insert(0x8000a00c)
14901: insert(0x8000208e)
14902: flush_page(0x80008) returns false/false
14903: insert(0x8000c072)
14904: insert(0x8000a014)
14905: insert(0x8000402a)
14906: insert(0x8000c06c)
14907: flush()
14908: flush_page(0x80004) returns false/false
14909: flush_page(0x80003) returns false/false
14910: insert(0x80008000)
14911: insert(0x80007072)
14912: insert(0x8000a04c)
14913: flush()
14914: insert(0x80009008)
14915: flush_page(0x80007) returns false/false
14916: insert(0x8000805a)
14917: insert(0x8000404c)
14918: insert(0x8000a052)
14919: flush_page(0x8000b) returns false/false
14920: flush()
14921: flush()
14922: insert(0x80004096)
14923: insert(0x800020da)
14924: flush_page(0x80004) returns true/true
14925: insert(0x80003088)
14926: insert(0x800040b2)
14927: flush_page(0x80000) returns false/false
14928: insert(0x8000b0b4)
14929: insert(0x800020fa)
14930: insert(0x8000c0b4)
14931: insert(0x80006084)
14932: insert(0x800010f2)
14933: insert(0x80003060)
14934: insert(0x800020b6)
14935: flush_page(0x80005) returns false/false
14936: flush()
14937: insert(0x8000a010)
14938: insert(0x80006040)
14939: insert(0x80002038)
14940: insert(0x8000309e)
14941: insert(0x80002048)
14942: insert(0x800070e6)
14943: insert(0x80008098)
14944: insert(0x80000040)
14945: insert(0x800090e4)
14946: insert(0x80004076)
14947: insert(0x80005008)
14948: insert(0x80005034)
14949: insert(0x800020f4)
14950: insert(0x800000b8)
14951: flush()
14952: insert(0x800040bc)
14953: insert(0x8000109e)
14954: flush_page(0x8000a) returns false/false
14955: insert(0x800080ec)
14956: insert(0x800000fa)
14957: insert(0x80005052)
14958: insert(0x80001096)
14959: insert(0x8000809c)
14960: flush()
14961: insert(0x800020d2)
14962: flush_page(0x80008) returns false/false
14963: insert(0x8000309a)
14964: insert(0x800080fa)
14965: insert(0x80001032)
14966: insert(0x80009064)
14967: flush_page(0x80001) returns true/true
14968: insert(0x8000a0c2)
14969: flush_page(0x8000a) returns true/true
14970: flush_page(0x80000) returns false/false
14971: flush_page(0x80004) returns false/false
14972: flush()
14973: insert(0x800020c0)
14974: flush_page(0x80005) returns false/false
14975: flush()
14976: flush_page(0x8000c) returns false/false
14977: insert(0x800040bc)
14978: insert(0x80008000)
14979: insert(0x80007052)
14980: flush()
14981: insert(0x8000b0b2)
14982: insert(0x8000505a)
14983: insert(0x8000a07c)
14984: insert(0x800050aa)
14985: flush_page(0x80008) returns false/false
14986: insert(0x800060a6)
14987: insert(0x80009056)
14988: flush()
14989: insert(0x8000a052)
14990: insert(0x800020c8)
14991: insert(0x800040c2)
14992: insert(0x8000c086)
14993: insert(0x8000a028)
14994: insert(0x800010fe)
14995: insert(0x8000904e)
14996: flush_page(0x80005) returns false/false
14997: insert(0x8000003a)
14998: insert(0x80000070)
14999: flush_page(0x8000b) returns false/false
15000: insert(0x8000c000)
15001: insert(0x800060a4)
15002: insert(0x8000006c)
15003: insert(0x800040c4)
15004: flush_page(0x80004) returns true/true
15005: flush_page(0x80003) returns false/false
15006: flush()
15007: insert(0x800010dc)
15008: flush_page(0x80002) returns false/false
15009: insert(0x80006060)
15010: insert(0x800060a0)
15011: insert(0x800020b4)
15012: flush_page(0x80000) returns false/false
15013: insert(0x800080b6)
15014: insert(0x800020ec)
15015: flush()
15016: insert(0x800090f4)
15017: insert(0x800010de)
15018: insert(0x8000a04e)
15019: insert(0x8000b074)
15020: flush_page(0x80009) returns true/true
15021: insert(0x8000c008)
15022: flush_page(0x80009) returns false/false
15023: flush_page(0x80006) returns false/false
15024: flush_page(0x80009) returns false/false
15025: flush_page(0x80000) returns false/false
15026: insert(0x8000c0ec)
15027: insert(0x800010b6)
15028: flush_page(0x80003) returns false/false
15029: insert(0x8000108e)
15030: flush_page(0x80002) returns false/false
15031: insert(0x800080d2)
15032: flush()
15033: flush_page(0x80008) returns false/false
15034: flush_page(0x80000) returns false/false
15035: flush_page(0x80009) returns false/false
15036: flush_page(0x80000) returns false/false
15037: flush_page(0x80003) returns false/false
15038: insert(0x80001074)
15039: insert(0x80007074)
15040: insert(0x8000a08e)
15041: insert(0x8000c050)
15042: insert(0x8000c0f0)
15043: flush_page(0x80000) returns false/false
15044: flush()
15045: insert(0x8000102e)
15046: insert(0x80004084)
15047: flush()
15048: insert(0x800020f2)
15049: insert(0x80000074)
15050: insert(0x800040ac)
15051: insert(0x8000504c)
15052: insert(0x80009088)
15053: insert(0x8000b0b2)
15054: insert(0x8000b074)
15055: insert(0x80008066)
15056: insert(0x8000a0d8)
15057: insert(0x800040be)
15058: insert(0x8000b05e)
15059: insert(0x800010d2)
15060: insert(0x8000c024)
15061: insert(0x800000e4)
15062: insert(0x800050d2)
15063: insert(0x8000c054)
15064: flush_page(0x80000) returns true/true
15065: flush_page(0x80009) returns true/false
15066: insert(0x800050da)
15067: insert(0x800000dc)
15068: insert(0x8000403a)
15069: flush_page(0x80007) returns false/false
15070: insert(0x8000008c)
15071: insert(0x8000406e)
15072: insert(0x800030c0)
15073: flush()
15074: insert(0x8000005c)
15075: insert(0x8000a020)
15076: insert(0x80005074)
15077: insert(0x80000008)
15078: insert(0x80003002)
15079: flush_page(0x80009) returns false/false
15080: insert(0x80001094)
15081: insert(0x8000c082)
15082: flush_page(0x80004) returns false/false
15083: flush()
15084: insert(0x80002084)
15085: insert(0x80009098)
15086: insert(0x8000104c)
15087: insert(0x8000b058)
15088: insert(0x80006044)
15089: insert(0x80007082)
15090: insert(0x80003060)
15091: flush()
15092: insert(0x8000907c)
15093: flush()
15094: flush_page(0x8000a) returns false/false
15095: flush_page(0x80009) returns false/false
15096: insert(0x8000a002)
15097: flush()
15098: insert(0x800070e8)
15099: insert(0x8000b0ce)
15100: insert(0x80003076)
15101: insert(0x8000a048)
15102: insert(0x80005068)
15103: flush_page(0x80002) returns false/false
15104: flush_page(0x80008) returns false/false
15105: insert(0x8000702e)
15106: flush()
15107: insert(0x8000504a)
15108: insert(0x800030fa)
15109: insert(0x8000b0c0)
15110: insert(0x8000808e)
15111: flush_page(0x8000c) returns false/false
15112: flush_page(0x80008) returns true/true
15113: insert(0x800030c8)
15114: insert(0x80001006)
15115: flush()
15116: insert(0x800090e2)
15117: insert(0x80004048)
15118: insert(0x8000700e)
15119: insert(0x80002048)
15120: flush_page(0x80002) returns true/true
15121: insert(0x8000b0d0)
15122: flush_page(0x80000) returns false/false
15123: insert(0x8000508a)
15124: insert(0x8000a0fe)
15125: insert(0x8000303a)
15126: flush_page(0x80004) returns true/true
15127: insert(0x8000a06e)
15128: flush()
15129: insert(0x8000c012)
15130: flush()
15131: insert(0x80005038)
15132: insert(0x8000008c)
15133: flush_page(0x80001) returns false/false
15134: insert(0x8000a0b8)
15135: insert(0x80006084)
15136: insert(0x8000400e)
15137: insert(0x800070c0)
15138: flush_page(0x80009) returns false/false
15139: insert(0x80002018)
15140: flush_page(0x8000a) returns true/true
15141: insert(0x80005020)
15142: flush_page(0x8000a) returns false/false
15143: flush_page(0x8000b) returns false/false
15144: flush()
15145: flush()
15146: flush_page(0x80004) returns false/false
15147: flush_page(0x80006) returns false/false
15148: flush_page(0x80006) returns false/false
15149: insert(0x800020e0)
15150: insert(0x800000da)
15151: insert(0x8000c028)
15152: flush_page(0x8000a) returns false/false
15153: insert(0x80000086)
15154: flush()
15155: flush()
15156: insert(0x80008070)
15157: flush_page(0x8000b) returns false/false
15158: flush()
15159: flush_page(0x80004) returns false/false
15160: insert(0x80000072)
15161: flush_page(0x80009) returns false/false
15162: insert(0x8000a02a)
15163: insert(0x80007090)
15164: insert(0x8000c044)
15165: insert(0x8000106c)
15166: insert(0x8000200a)
15167: flush_page(0x80009) returns false/false
15168: insert(0x800030f0)
15169: flush()
15170: flush_page(0x80006) returns false/false
15171: insert(0x8000a0b0)
15172: insert(0x8000c01a)
15173: insert(0x8000b0fe)
15174: insert(0x80004062)
15175: insert(0x800080c6)
15176: flush()
15177: insert(0x800030c4)
15178: insert(0x8000306e)
15179: insert(0x8000303c)
15180: flush_page(0x80003) returns true/true
15181: insert(0x8000b050)
15182: insert(0x800070ea)
15183: flush_page(0x8000a) returns false/false
15184: insert(0x8000a06e)
15185: insert(0x800050da)
15186: flush_page(0x80000) returns false/false
15187: flush_page(0x80003) returns false/false
15188: flush_page(0x8000a) returns true/true
15189: insert(0x800020c2)
15190: insert(0x80006010)
15191: insert(0x80000080)
15192: flush_page(0x80008) returns false/false
15193: insert(0x8000b058)
15194: insert(0x800030d2)
15195: insert(0x8000401a)
15196: flush_page(0x8000a) returns false/false
15197: insert(0x80004032)
15198: insert(0x8000b0bc)
15199: insert(0x8000305e)
15200: insert(0x800070f6)
15201: insert(0x800040ee)
15202: flush_page(0x80009) returns false/false
15203: insert(0x8000b080)
15204: insert(0x8000c03e)
15205: insert(0x8000c00a)
15206: insert(0x8000005c)
15207: insert(0x800090ac)
15208: insert(0x8000b078)
15209: flush_page(0x80007) returns true/true
15210: insert(0x8000906e)
15211: insert(0x800010d6)
15212: insert(0x800090b4)
15213: insert(0x8000809c)
15214: insert(0x80007084)
15215: flush_page(0x8000b) returns true/false
15216: insert(0x8000301a)
15217: insert(0x800060ea)
15218: insert(0x8000a040)
15219: flush_page(0x80005) returns true/false
15220: insert(0x800010d6)
15221: insert(0x800060b8)
15222: flush_page(0x80003) returns true/false
15223: flush_page(0x80000) returns true/true
15224: insert(0x80001042)
15225: insert(0x800080e6)
15226: insert(0x80000046)
15227: flush_page(0x80002) returns true/true
15228: insert(0x8000c00e)
15229: insert(0x80002082)
15230: insert(0x8000b0f4)
15231: insert(0x8000c0c4)
15232: flush()
15233: insert(0x800000e4)
15234: flush_page(0x8000a) returns false/false
15235: insert(0x80001066)
15236: insert(0x8000401c)
15237: insert(0x80009086)
15238: insert(0x800010a4)
15239: flush_page(0x80003) returns false/false
15240: insert(0x800070c2)
15241: insert(0x80001080)
15242: insert(0x80003076)
15243: insert(0x80005088)
15244: flush_page(0x8000a) returns false/false
15245: flush_page(0x80002) returns false/false
15246: flush_page(0x80008) returns false/false
15247: insert(0x80004092)
15248: insert(0x8000c0dc)
15249: insert(0x8000a038)
15250: insert(0x800090e0)
15251: insert(0x8000b0d6)
15252: insert(0x80001002)
15253: insert(0x80002034)
15254: insert(0x800010bc)
15255: insert(0x8000b01c)
15256: insert(0x80006090)
15257: insert(0x80001086)
15258: insert(0x8000c07e)
15259: insert(0x8000b0ca)
15260: insert(0x80007098)
15261: insert(0x8000a01e)
15262: insert(0x80002094)
15263: insert(0x800050d6)
15264: flush_page(0x80003) returns true/false
15265: flush_page(0x80000) returns true/false
15266: flush_page(0x80009) returns true/true
15267: flush_page(0x80009) returns false/false
15268: flush_page(0x80001) returns true/true
15269: insert(0x80000016)
15270: insert(0x8000b07e)
15271: flush_page(0x80007) returns true/true
15272: insert(0x800080b0)
15273: insert(0x800030aa)
15274: insert(0x800000c8)
15275: insert(0x8000400a)
15276: insert(0x80001094)
15277: flush_page(0x80009) returns false/false
15278: flush_page(0x80007) returns false/false
15279: insert(0x800010d8)
15280: insert(0x800010fc)
15281: flush_page(0x8000b) returns true/false
15282: insert(0x8000800e)
15283: insert(0x80004072)
15284: flush_page(0x80001) returns true/true
15285: insert(0x800070d2)
15286: insert(0x800010a8)
15287: insert(0x800010c2)
15288: flush_page(0x80001) returns true/true
15289: insert(0x8000b07e)
15290: insert(0x8000a038)
15291: flush_page(0x80000) returns true/true
15292: insert(0x80000054)
15293: flush_page(0x8000b) returns true/true
15294: insert(0x8000902a)
15295: flush_page(0x80003) returns true/true
15296: insert(0x8000b02c)
15297: insert(0x800030b2)
15298: flush_page(0x80008) returns true/true
15299: insert(0x800080ea)
15300: insert(0x80009066)
15301: flush_page(0x80009) returns true/true
15302: insert(0x80000024)
15303: insert(0x800060b4)
15304: insert(0x80004068)
15305: insert(0x8000b06e)
15306: insert(0x80001008)
15307: insert(0x800070ec)
15308: insert(0x80007024)
15309: insert(0x800040b4)
15310: insert(0x800030e6)
15311: insert(0x800030f4)
15312: insert(0x8000c01a)
15313: insert(0x800010b0)
15314: insert(0x8000304c)
15315: insert(0x8000c036)
15316: insert(0x800040d2)
15317: insert(0x800080f0)
15318: flush()
15319: insert(0x80003056)
15320: flush()
15321: flush_page(0x80001) returns false/false
15322: insert(0x800090aa)
15323: flush()
15324: insert(0x800030ee)
15325: insert(0x80004016)
15326: flush()
15327: insert(0x800070ce)
15328: insert(0x8000b0b2)
15329: insert(0x800090e0)
15330: insert(0x8000407e)
15331: insert(0x8000b0a8)
15332: insert(0x800050c2)
15333: flush_page(0x80004) returns true/true
15334: insert(0x80006042)
15335: insert(0x800080d0)
15336: insert(0x80003042)
15337: flush_page(0x80009) returns true/true
15338: flush_page(0x80009) returns false/false
15339: insert(0x8000c028)
15340: flush_page(0x80004) returns false/false
15341: insert(0x8000c0a2)
15342: flush()
15343: insert(0x8000a0c2)
15344: insert(0x80008040)
15345: flush()
15346: insert(0x80004068)
15347: insert(0x80008098)
15348: insert(0x80001074)
15349: insert(0x80007072)
15350: insert(0x8000801c)
15351: insert(0x8000b0c8)
15352: insert(0x80002070)
15353: insert(0x8000c078)
15354: insert(0x80008034)
15355: insert(0x8000b01e)
15356: insert(0x80007052)
15357: flush_page(0x80007) returns true/true
15358: insert(0x80009090)
15359: insert(0x8000a0e0)
15360: insert(0x800040bc)
15361: insert(0x8000b0ba)
15362: insert(0x8000b0ec)
15363: insert(0x8000600a)
15364: insert(0x80008068)
15365: flush_page(0x80006) returns true/true
15366: insert(0x8000a066)
15367: flush_page(0x80006) returns false/false
15368: flush_page(0x80005) returns false/false
15369: insert(0x800070d2)
15370: flush_page(0x80008) returns true/true
15371: flush_page(0x80001) returns true/false
15372: insert(0x800040f4)
15373: insert(0x80004016)
15374: insert(0x80007040)
15375: insert(0x8000108a)
15376: insert(0x800050f0)
15377: flush()
15378: flush()
15379: insert(0x80001062)
15380: insert(0x80008016)
15381: flush_page(0x80000) returns false/false
15382: insert(0x8000a09c)
15383: insert(0x80001046)
15384: insert(0x800040e8)
15385: flush_page(0x8000a) returns true/true
15386: flush_page(0x8000b) returns false/false
15387: insert(0x800030f0)
15388: insert(0x8000a08a)
15389: insert(0x80006006)
15390: insert(0x8000b078)
15391: flush_page(0x80003) returns true/true
15392: insert(0x8000b092)
15393: insert(0x8000508a)
15394: flush_page(0x80008) returns true/false
15395: flush_page(0x8000b) returns true/true
15396: insert(0x8000c00e)
15397: insert(0x8000306a)
15398: flush()
15399: flush_page(0x8000a) returns false/false
15400: insert(0x80008034)
15401: insert(0x80002014)
15402: insert(0x8000c002)
15403: flush_page(0x80002) returns true/true
15404: insert(0x8000a0f8)
15405: insert(0x80001030)
15406: insert(0x8000b068)
15407: insert(0x8000c0e8)
15408: insert(0x80004040)
15409: insert(0x8000a020)
15410: insert(0x8000c04a)
15411: flush()
15412: insert(0x8000c080)
15413: insert(0x80008068)
15414: flush_page(0x80004) returns false/false
15415: insert(0x80000094)
15416: insert(0x80009064)
15417: insert(0x8000b0c8)
15418: flush_page(0x80002) returns false/false
15419: insert(0x8000307e)
15420: insert(0x80005088)
15421: insert(0x80005074)
15422: flush_page(0x80000) returns true/true
15423: insert(0x80001040)
15424: flush_page(0x80005) returns true/true
15425: insert(0x800090a2)
15426: insert(0x80003026)
15427: insert(0x8000406e)
15428: insert(0x80008024)
15429: insert(0x80002032)
15430: insert(0x80000024)
15431: insert(0x80004020)
15432: insert(0x8000102e)
15433: insert(0x80009042)
15434: insert(0x8000904a)
15435: insert(0x8000801e)
15436: flush_page(0x80008) returns true/true
15437: insert(0x800060f8)
15438: flush()
15439: insert(0x800070ac)
15440: insert(0x800030e8)
15441: insert(0x800010e8)
15442: insert(0x8000600c)
15443: insert(0x8000c0b0)
15444: insert(0x80004096)
15445: insert(0x8000202c)
15446: insert(0x8000000c)
15447: insert(0x8000207e)
15448: flush_page(0x8000a) returns false/false
15449: flush_page(0x80008) returns false/false
15450: insert(0x8000c086)
15451: flush_page(0x80000) returns true/true
15452: insert(0x800060fc)
15453: insert(0x80001098)
15454: insert(0x800090ae)
15455: insert(0x8000302a)
15456: insert(0x8000902a)
15457: insert(0x8000a0ca)
15458: insert(0x8000b026)
15459: insert(0x8000c0a0)
15460: insert(0x80003014)
15461: insert(0x8000305a)
15462: insert(0x8000a05e)
15463: insert(0x80000076)
15464: insert(0x8000203c)
15465: flush()
15466: insert(0x800090c8)
15467: insert(0x80005016)
15468: insert(0x8000807e)
15469: insert(0x800050b4)
15470: insert(0x8000c012)
15471: flush_page(0x80008) returns true/true
15472: flush()
15473: insert(0x800020fe)
15474: insert(0x80008018)
15475: insert(0x80004096)
15476: insert(0x800050a8)
15477: insert(0x8000b078)
15478: insert(0x8000303a)
15479: insert(0x8000802c)
15480: insert(0x800010e0)
15481: insert(0x8000801e)
15482: flush()
15483: insert(0x800060cc)
15484: insert(0x8000302e)
15485: insert(0x8000a044)
15486: insert(0x8000c0e4)
15487: flush_page(0x80008) returns false/false
15488: insert(0x80004012)
15489: insert(0x800080d4)
15490: insert(0x800070e2)
15491: insert(0x8000201c)
15492: flush_page(0x8000b) returns false/false
15493: insert(0x8000707e)
15494: flush_page(0x8000a) returns true/true
15495: insert(0x8000009a)
15496: flush()
15497: insert(0x8000202c)
15498: flush_page(0x8000c) returns false/false
15499: insert(0x80000082)
15500: insert(0x8000c0c4)
15501: insert(0x80007022)
15502: insert(0x8000c020)
15503: insert(0x80000020)
15504: insert(0x800040d2)
15505: insert(0x800090a6)
15506: insert(0x800000d2)
15507: insert(0x800040ec)
15508: insert(0x800070ca)
15509: insert(0x8000204e)
15510: insert(0x800070dc)
15511: flush()
15512: insert(0x8000c00c)
15513: flush_page(0x80006) returns false/false
15514: insert(0x80008028)
15515: insert(0x800080a2)
15516: insert(0x800080ca)
15517: flush_page(0x80008) returns true/true
15518: flush()
15519: insert(0x8000302c)
15520: insert(0x80002040)
15521: insert(0x8000901c)
15522: insert(0x8000a0ba)
15523: flush_page(0x80005) returns false/false
15524: flush_page(0x8000b) returns false/false
15525: insert(0x800000ba)
15526: insert(0x8000c02a)
15527: insert(0x80000066)
15528: insert(0x80000050)
15529: insert(0x80004016)
15530: insert(0x80002018)
15531: insert(0x80004082)
15532: insert(0x800040f0)
15533: insert(0x800010bc)
15534: insert(0x800080ae)
15535: insert(0x8000008c)
15536: flush()
15537: flush_page(0x8000b) returns false/false
15538: insert(0x80001028)
15539: flush()
15540: insert(0x80007026)
15541: insert(0x800070ce)
15542: flush_page(0x80000) returns false/false
15543: flush_page(0x80008) returns false/false
15544: insert(0x800070c4)
15545: insert(0x80004056)
15546: flush_page(0x80004) returns true/true
15547: flush_page(0x80004) returns false/false
15548: flush_page(0x80003) returns false/false
15549: insert(0x800000ae)
15550: insert(0x80009086)
15551: insert(0x8000005c)
15552: insert(0x80003008)
15553: insert(0x80006004)
15554: flush_page(0x80005) returns false/false
15555: insert(0x8000a0ec)
15556: flush()
15557: insert(0x80008064)
15558: insert(0x800050ec)
15559: insert(0x800000da)
15560: insert(0x800030f6)
15561: flush_page(0x80008) returns true/true
15562: flush()
15563: insert(0x80004026)
15564: insert(0x8000c0bc)
15565: flush_page(0x8000a) returns false/false
15566: insert(0x8000c070)
15567: insert(0x8000209e)
15568: flush_page(0x80001) returns false/false
15569: insert(0x8000b076)
15570: flush_page(0x8000c) returns true/true
15571: flush_page(0x80009) returns false/false
15572: insert(0x80003056)
15573: insert(0x8000a0fc)
15574: insert(0x800070b6)
15575: flush_page(0x80000) returns false/false
15576: insert(0x8000302c)
15577: flush()
15578: insert(0x80003032)
15579: insert(0x800080e4)
15580: flush()
15581: insert(0x800030f2)
15582: insert(0x800020d2)
15583: insert(0x800000ea)
15584: flush()
15585: insert(0x80003082)
15586: flush_page(0x80004) returns false/false
15587: insert(0x800040fa)
15588: insert(0x80009034)
15589: insert(0x800010de)
15590: insert(0x8000a080)
15591: insert(0x8000706e)
15592: insert(0x8000a016)
15593: insert(0x8000b050)
15594: flush_page(0x8000b) returns true/true
15595: insert(0x80008010)
15596: flush_page(0x80009) returns true/true
15597: insert(0x8000a0a8)
15598: flush_page(0x80009) returns false/false
15599: insert(0x8000209a)
15600: insert(0x8000c074)
15601: insert(0x8000506a)
15602: flush_page(0x80002) returns true/true
15603: insert(0x800010ee)
15604: insert(0x800070ac)
15605: insert(0x8000c084)
15606: insert(0x80001034)
15607: insert(0x8000109c)
15608: flush_page(0x8000a) returns true/true
15609: flush_page(0x80009) returns false/false
15610: insert(0x800030a6)
15611: insert(0x8000507e)
15612: flush_page(0x80001) returns true/true
15613: flush_page(0x80000) returns false/false
15614: insert(0x800060be)
15615: insert(0x80002086)
15616: insert(0x8000b010)
15617: insert(0x800020a2)
15618: insert(0x80004034)
15619: insert(0x8000b010)
15620: insert(0x8000c09e)
15621: insert(0x8000804c)
15622: insert(0x800040e0)
15623: insert(0x80001088)
15624: insert(0x800040da)
15625: insert(0x80000048)
15626: insert(0x8000203a)
15627: insert(0x8000201a)
15628: insert(0x80000004)
15629: insert(0x8000400a)
15630: insert(0x800070ba)
15631: insert(0x8000c04e)
15632: insert(0x8000802a)
15633: insert(0x80006090)
15634: insert(0x8000803c)
15635: insert(0x8000b0b6)
15636: insert(0x80007090)
15637: insert(0x80009078)
15638: flush()
15639: flush_page(0x80004) returns false/false
15640: insert(0x80007096)
15641: insert(0x800000e8)
15642: insert(0x80006050)
15643: insert(0x8000c066)
15644: insert(0x800050a2)
15645: insert(0x8000903c)
15646: insert(0x8000c03e)
15647: insert(0x8000901c)
15648: flush_page(0x80002) returns false/false
15649: insert(0x8000b004)
15650: flush_page(0x80006) returns true/true
15651: flush_page(0x8000a) returns false/false
15652: insert(0x8000b048)
15653: insert(0x80000066)
15654: insert(0x800000fa)
15655: insert(0x800020d6)
15656: insert(0x8000906a)
15657: flush_page(0x80003) returns false/false
15658: flush_page(0x8000b) returns true/true
15659: insert(0x800080f8)
15660: flush_page(0x80003) returns false/false
15661: insert(0x8000c03e)
15662: insert(0x8000a0e2)
15663: insert(0x80007000)
15664: insert(0x800070d2)
15665: insert(0x80009088)
15666: flush()
15667: flush()
15668: insert(0x800040d2)
15669: insert(0x8000301e)
15670: flush()
15671: flush_page(0x80000) returns false/false
15672: insert(0x80002086)
15673: flush()
15674: flush_page(0x80003) returns false/false
15675: flush_page(0x80003) returns false/false
15676: flush()
15677: insert(0x8000a086)
15678: insert(0x8000105e)
15679: insert(0x800040c0)
15680: insert(0x80006020)
15681: insert(0x80002068)
15682: flush_page(0x80000) returns false/false
15683: insert(0x80002096)
15684: insert(0x800050f4)
15685: flush_page(0x8000a) returns true/true
15686: insert(0x8000b026)
15687: insert(0x800030b4)
15688: insert(0x8000807a)
15689: insert(0x800010fc)
15690: flush_page(0x8000b) returns true/true
15691: insert(0x800060d8)
15692: insert(0x800090c8)
15693: insert(0x8000406c)
15694: insert(0x80000068)
15695: insert(0x80005048)
15696: insert(0x8000201a)
15697: insert(0x80006092)
15698: insert(0x800010ce)
15699: insert(0x800000b8)
15700: insert(0x800020fc)
15701: insert(0x800010ae)
15702: insert(0x8000805e)
15703: insert(0x8000b07e)
15704: insert(0x80006032)
15705: flush_page(0x80008) returns true/true
15706: insert(0x80002026)
15707: insert(0x8000a0ae)
15708: insert(0x80008036)
15709: insert(0x8000702a)
15710: insert(0x8000c044)
15711: insert(0x8000208c)
15712: insert(0x8000103e)
15713: insert(0x8000802e)
15714: flush_page(0x80004) returns true/false
15715: insert(0x8000a0ce)
15716: insert(0x80001006)
15717: flush_page(0x80006) returns true/false
15718: insert(0x800030a0)
15719: insert(0x8000008c)
15720: insert(0x800050e2)
15721: insert(0x80009024)
15722: insert(0x8000a0ce)
15723: flush_page(0x80006) returns false/false
15724: flush()
15725: flush_page(0x80000) returns false/false
15726: insert(0x800010f4)
15727: flush_page(0x80009) returns false/false
15728: insert(0x80009004)
15729: flush()
15730: flush_page(0x80009) returns false/false
15731: insert(0x8000b00a)
15732: insert(0x800020a4)
15733: flush_page(0x80007) returns false/false
15734: insert(0x80005088)
15735: insert(0x80005050)
15736: insert(0x800030da)
15737: flush_page(0x80001) returns false/false
15738: insert(0x8000b044)
15739: flush()
15740: insert(0x800040d0)
15741: flush_page(0x80005) returns false/false
15742: insert(0x80006018)
15743: insert(0x80001088)
15744: insert(0x800000d6)
15745: insert(0x8000b0d6)
15746: insert(0x800080e4)
15747: insert(0x800040e2)
15748: insert(0x8000b0e2)
15749: insert(0x80000006)
15750: flush()
15751: insert(0x8000a046)
15752: insert(0x80002034)
15753: flush_page(0x80002) returns true/true
15754: insert(0x80006050)
15755: insert(0x8000a0be)
15756: insert(0x8000b08e)
15757: insert(0x8000705e)
15758: insert(0x8000306c)
15759: insert(0x8000b014)
15760: insert(0x80009004)
15761: insert(0x80005000)
15762: insert(0x8000b0b0)
15763: flush()
15764: insert(0x800070c8)
15765: flush_page(0x80008) returns false/false
15766: flush_page(0x80003) returns false/false
15767: insert(0x8000907a)
15768: flush_page(0x8000a) returns false/false
15769: flush_page(0x80003) returns false/false
15770: flush_page(0x80003) returns false/false
15771: insert(0x8000c04a)
15772: insert(0x8000b042)
15773: flush_page(0x80001) returns false/false
15774: insert(0x800060fc)
15775: flush_page(0x80009) returns true/true
15776: insert(0x80007098)
15777: insert(0x8000708e)
15778: insert(0x80001096)
15779: insert(0x80008078)
15780: insert(0x80001032)
15781: insert(0x8000809a)
15782: insert(0x80001072)
15783: insert(0x8000409c)
15784: insert(0x8000604a)
15785: flush_page(0x80009) returns false/false
15786: flush_page(0x80005) returns false/false
15787: insert(0x8000b062)
15788: insert(0x80007020)
15789: insert(0x80004034)
15790: insert(0x800050ec)
15791: insert(0x80001086)
15792: insert(0x8000800c)
15793: insert(0x8000309a)
15794: flush()
15795: insert(0x8000a0da)
15796: insert(0x8000101a)
15797: flush_page(0x8000b) returns false/false
15798: insert(0x800070cc)
15799: insert(0x8000008e)
15800: flush()
15801: insert(0x800000da)
15802: flush()
15803: flush_page(0x80006) returns false/false
15804: insert(0x80009026)
15805: insert(0x80004058)
15806: flush()
15807: insert(0x80001032)
15808: insert(0x800050f8)
15809: insert(0x800030aa)
15810: insert(0x800090c0)
15811: flush_page(0x80009) returns true/true
15812: flush_page(0x80005) returns true/true
15813: insert(0x80005066)
15814: insert(0x800050ac)
15815: insert(0x8000808c)
15816: insert(0x8000a0e0)
15817: insert(0x800080e6)
15818: insert(0x8000b0fe)
15819: flush_page(0x80003) returns true/true
15820: insert(0x800010c0)
15821: insert(0x800070b8)
15822: insert(0x800060b6)
15823: flush_page(0x8000b) returns true/true
15824: insert(0x8000809e)
15825: insert(0x800070be)
15826: insert(0x8000103e)
15827: insert(0x800080da)
15828: insert(0x80000056)
15829: insert(0x80001058)
15830: insert(0x800020de)
15831: insert(0x8000c0cc)
15832: insert(0x8000601e)
15833: flush_page(0x80006) returns true/true
15834: insert(0x80000080)
15835: insert(0x80004050)
15836: flush_page(0x8000a) returns true/false
15837: insert(0x8000a006)
15838: insert(0x80009018)
15839: insert(0x8000a094)
15840: insert(0x80004054)
15841: flush_page(0x80009) returns true/true
15842: insert(0x800090b2)
15843: insert(0x800010bc)
15844: insert(0x80007058)
15845: insert(0x80003082)
15846: insert(0x800020dc)
15847: flush_page(0x80006) returns false/false
15848: insert(0x80008024)
15849: flush()
15850: insert(0x800030b6)
15851: flush_page(0x8000b) returns false/false
15852: insert(0x80003000)
15853: insert(0x8000b068)
15854: insert(0x8000502c)
15855: flush_page(0x80005) returns true/true
15856: insert(0x8000b0ea)
15857: flush_page(0x80004) returns false/false
15858: insert(0x80003096)
15859: insert(0x800080dc)
15860: flush_page(0x80009) returns false/false
15861: flush_page(0x80002) returns false/false
15862: insert(0x800000da)
15863: insert(0x80004086)
15864: insert(0x80006014)
15865: flush_page(0x80007) returns false/false
15866: insert(0x800090a0)
15867: insert(0x80003020)
15868: insert(0x800040f0)
15869: flush_page(0x8000b) returns true/true
15870: insert(0x8000800e)
15871: insert(0x8000505e)
15872: insert(0x800050f0)
15873: flush_page(0x80000) returns true/false
15874: insert(0x8000a0a2)
15875: insert(0x80007014)
15876: insert(0x800040fe)
15877: insert(0x8000b0ea)
15878: insert(0x80004068)
15879: insert(0x800030b2)
15880: insert(0x8000b04a)
15881: insert(0x80002018)
15882: flush_page(0x80003) returns true/true
15883: flush()
15884: insert(0x80004020)
15885: insert(0x8000a070)
15886: insert(0x800060bc)
15887: insert(0x8000a07e)
15888: insert(0x8000b0dc)
15889: insert(0x8000b09c)
15890: flush_page(0x80009) returns false/false
15891: flush_page(0x80002) returns false/false
15892: insert(0x800070b4)
15893: insert(0x80006082)
15894: insert(0x800050dc)
15895: flush_page(0x80003) returns false/false
15896: flush_page(0x8000b) returns true/true
15897: insert(0x80003024)
15898: insert(0x800060b4)
15899: insert(0x8000c0de)
15900: flush_page(0x80000) returns false/false
15901: flush()
15902: insert(0x80001074)
15903: flush_page(0x80008) returns false/false
15904: insert(0x8000c022)
15905: insert(0x8000c044)
15906: insert(0x800090e2)
15907: insert(0x8000b08a)
15908: insert(0x8000a05a)
15909: insert(0x80005048)
15910: insert(0x80009044)
15911: insert(0x8000a09a)
15912: insert(0x80002026)
15913: flush_page(0x80004) returns false/false
15914: flush_page(0x80001) returns true/false
15915: flush_page(0x80006) returns false/false
15916: flush()
15917: insert(0x800010e8)
15918: insert(0x8000c0d8)
15919: flush()
15920: insert(0x8000402e)
15921: insert(0x8000901e)
15922: insert(0x8000802e)
15923: insert(0x8000501c)
15924: insert(0x8000107a)
15925: insert(0x800010dc)
15926: insert(0x80002016)
15927: insert(0x80005080)
15928: insert(0x800070f8)
15929: flush()
15930: insert(0x8000b070)
15931: insert(0x8000905e)
15932: insert(0x8000209e)
15933: insert(0x80003042)
15934: insert(0x8000709e)
15935: insert(0x8000907e)
15936: insert(0x80001050)
15937: insert(0x800060ea)
15938: insert(0x80005016)
15939: insert(0x8000c0fc)
15940: insert(0x80006086)
15941: flush_page(0x80008) returns false/false
15942: insert(0x8000c076)
15943: insert(0x8000b046)
15944: insert(0x800090b6)
15945: insert(0x8000c0fc)
15946: insert(0x80002028)
15947: insert(0x80005040)
15948: insert(0x80008056)
15949: flush_page(0x8000b) returns true/true
15950: insert(0x800010f2)
15951: insert(0x800050de)
15952: insert(0x80003080)
15953: insert(0x8000a0c6)
15954: insert(0x800080c4)
15955: insert(0x80003058)
15956: insert(0x8000b020)
15957: insert(0x800030d6)
15958: insert(0x8000103a)
15959: insert(0x80000050)
15960: insert(0x8000c00c)
15961: insert(0x800060c0)
15962: insert(0x8000b006)
15963: insert(0x800050a0)
15964: insert(0x8000b0c2)
15965: insert(0x8000201c)
15966: insert(0x8000c08c)
15967: insert(0x80008092)
15968: insert(0x80001016)
15969: insert(0x8000c052)
15970: flush()
15971: flush_page(0x80000) returns false/false
15972: insert(0x800060e0)
15973: flush_page(0x80007) returns false/false
15974: insert(0x8000c07e)
15975: insert(0x800030c4)
15976: insert(0x800000be)
15977: insert(0x80009020)
15978: insert(0x8000b078)
15979: insert(0x800040ae)
15980: insert(0x800080c0)
15981: insert(0x800060c4)
15982: insert(0x8000805c)
15983: insert(0x8000b098)
15984: insert(0x8000606a)
15985: insert(0x80008094)
15986: insert(0x800050ea)
15987: insert(0x800000de)
15988: insert(0x8000a080)
15989: insert(0x800050a8)
15990: flush_page(0x80008) returns true/false
15991: flush_page(0x80003) returns true/false
15992: insert(0x800020f0)
15993: insert(0x80000088)
15994: flush_page(0x80003) returns false/false
15995: insert(0x8000a07c)
15996: flush_page(0x8000a) returns true/true
15997: flush_page(0x8000a) returns false/false
15998: insert(0x800020ea)
15999: insert(0x80009054)
16000: flush_page(0x8000b) returns true/true
16001: insert(0x800060ae)
16002: flush_page(0x8000b) returns false/false
16003: insert(0x800030ae)
16004: flush_page(0x80007) returns false/false
16005: flush_page(0x80008) returns false/false
16006: flush_page(0x8000c) returns true/true
16007: insert(0x800020b6)
16008: flush()
16009: flush_page(0x80006) returns false/false
16010: insert(0x8000906a)
16011: insert(0x80005030)
16012: insert(0x80007060)
16013: insert(0x8000a060)
16014: insert(0x80003052)
16015: insert(0x80000098)
16016: insert(0x8000808e)
16017: flush_page(0x80009) returns true/true
16018: flush_page(0x8000b) returns false/false
16019: insert(0x8000b030)
16020: flush_page(0x80005) returns true/true
16021: flush_page(0x80005) returns false/false
16022: insert(0x80007064)
16023: insert(0x800020b6)
16024: insert(0x80000080)
16025: flush_page(0x80002) returns true/true
16026: flush_page(0x80009) returns false/false
16027: flush()
16028: insert(0x80008036)
16029: insert(0x80003014)
16030: insert(0x8000b0fa)
16031: insert(0x80005034)
16032: insert(0x8000202e)
16033: flush()
16034: insert(0x800020d8)
16035: flush_page(0x80001) returns false/false
16036: insert(0x8000a0e8)
16037: insert(0x8000a02e)
16038: insert(0x8000a050)
16039: flush_page(0x8000b) returns false/false
16040: insert(0x80000096)
16041: insert(0x8000a036)
16042: insert(0x8000701c)
16043: insert(0x800060b2)
16044: flush_page(0x80008) returns false/false
16045: insert(0x80003068)
16046: insert(0x800060e0)
16047: insert(0x8000a0fc)
16048: insert(0x800030b4)
16049: insert(0x80008012)
16050: insert(0x80004072)
16051: insert(0x8000401c)
16052: insert(0x8000a05e)
16053: insert(0x8000b068)
16054: insert(0x80005080)
16055: insert(0x8000a0e2)
16056: insert(0x80001090)
16057: insert(0x8000a00a)
16058: insert(0x800020c8)
16059: insert(0x8000405e)
16060: flush_page(0x80009) returns false/false
16061: insert(0x80001030)
16062: flush_page(0x80000) returns true/false
16063: insert(0x80002076)
16064: flush_page(0x80007) returns true/false
16065: insert(0x8000708e)
16066: flush_page(0x8000c) returns false/false
16067: insert(0x800010ca)
16068: insert(0x8000c09e)
16069: flush_page(0x80006) returns true/false
16070: insert(0x8000a0ae)
16071: flush()
16072: insert(0x8000a0f0)
16073: flush()
16074: insert(0x800050e6)
16075: flush()
16076: insert(0x8000a022)
16077: insert(0x80007092)
16078: insert(0x800000da)
16079: flush_page(0x80002) returns false/false
16080: insert(0x800000d4)
16081: insert(0x800030b8)
16082: flush_page(0x80004) returns false/false
16083: insert(0x8000a0d2)
16084: insert(0x8000a0f6)
16085: flush_page(0x80005) returns false/false
16086: insert(0x8000809c)
16087: flush_page(0x8000b) returns false/false
16088: insert(0x80002080)
16089: insert(0x80009090)
16090: insert(0x80002024)
16091: flush_page(0x80001) returns false/false
16092: insert(0x8000b020)
16093: flush_page(0x80005) returns false/false
16094: insert(0x8000c002)
16095: insert(0x8000401e)
16096: insert(0x800030ca)
16097: insert(0x8000b076)
16098: insert(0x80005088)
16099: insert(0x8000800e)
16100: insert(0x8000803a)
16101: insert(0x8000a0ee)
16102: insert(0x800030f4)
16103: insert(0x8000a0b0)
16104: insert(0x80008004)
16105: insert(0x8000700e)
16106: insert(0x80003018)
16107: flush_page(0x80000) returns true/true
16108: insert(0x8000902a)
16109: flush_page(0x8000c) returns true/false
16110: flush_page(0x80002) returns true/true
16111: insert(0x80004076)
16112: flush()
16113: insert(0x80003078)
16114: flush_page(0x80002) returns false/false
16115: insert(0x8000a00e)
16116: flush_page(0x80000) returns false/false
16117: flush_page(0x80004) returns false/false
16118: insert(0x800020d0)
16119: insert(0x800000a0)
16120: insert(0x8000a0c8)
16121: insert(0x8000400e)
16122: flush_page(0x80008) returns false/false
16123: insert(0x800080b2)
16124: insert(0x8000b082)
16125: insert(0x80009050)
16126: flush_page(0x80003) returns true/false
16127: insert(0x8000b0c6)
16128: insert(0x8000604e)
16129: insert(0x8000c024)
16130: insert(0x8000a02a)
16131: insert(0x80005044)
16132: flush_page(0x8000c) returns true/true
16133: flush_page(0x80001) returns false/false
16134: insert(0x800050ec)
16135: flush_page(0x80008) returns true/false
16136: insert(0x80007014)
16137: insert(0x800040aa)
16138: flush_page(0x80004) returns true/true
16139: flush()
16140: flush_page(0x80003) returns false/false
16141: insert(0x80007014)
16142: insert(0x80007006)
16143: insert(0x80003080)
16144: insert(0x80002064)
16145: flush_page(0x80004) returns false/false
16146: insert(0x80001038)
16147: flush_page(0x80007) returns true/true
16148: flush_page(0x80003) returns true/true
16149: insert(0x8000a094)
16150: insert(0x80009076)
16151: insert(0x800000d2)
16152: insert(0x80007094)
16153: insert(0x8000a054)
16154: flush_page(0x80004) returns false/false
16155: flush_page(0x80004) returns false/false
16156: insert(0x80000078)
16157: insert(0x800050f6)
16158: insert(0x80005006)
16159: insert(0x8000608e)
16160: insert(0x80002030)
16161: insert(0x800080e0)
16162: insert(0x80004020)
16163: insert(0x800080de)
16164: insert(0x800010f0)
16165: flush_page(0x80007) returns true/true
16166: insert(0x8000c096)
16167: insert(0x8000a0f2)
16168: insert(0x8000b09c)
16169: insert(0x800000fe)
16170: insert(0x800040d0)
16171: insert(0x8000b0ba)
16172: insert(0x8000b0d2)
16173: insert(0x8000008a)
16174: flush_page(0x8000b) returns true/true
16175: insert(0x8000809c)
16176: flush()
16177: insert(0x8000c0c0)
16178: insert(0x8000900a)
16179: insert(0x800040a2)
16180: flush_page(0x80007) returns false/false
16181: insert(0x8000001e)
16182: insert(0x8000c092)
16183: insert(0x8000200a)
16184: insert(0x8000905a)
16185: insert(0x80001000)
16186: insert(0x8000b034)
16187: flush_page(0x8000b) returns true/true
16188: insert(0x80008080)
16189: insert(0x800070d0)
16190: insert(0x80008060)
16191: insert(0x800090f8)
16192: insert(0x8000407e)
16193: flush()
16194: insert(0x8000b0e0)
16195: flush_page(0x80005) returns false/false
16196: insert(0x80006058)
16197: insert(0x8000901c)
16198: insert(0x800070a0)
16199: insert(0x8000001e)
16200: insert(0x800080ea)
16201: insert(0x8000b0ce)
16202: flush_page(0x8000a) returns false/false
16203: insert(0x800080ac)
16204: flush_page(0x80009) returns true/true
16205: insert(0x800000ea)
16206: flush()
16207: insert(0x800000f6)
16208: flush_page(0x80004) returns false/false
16209: insert(0x800070f2)
16210: flush_page(0x80005) returns false/false
16211: insert(0x8000506e)
16212: insert(0x80005066)
16213: insert(0x800050b8)
16214: insert(0x80009056)
16215: insert(0x8000203e)
16216: flush_page(0x80005) returns true/true
16217: insert(0x8000b07a)
16218: insert(0x800040f4)
16219: insert(0x80009054)
16220: flush_page(0x80002) returns true/true
16221: insert(0x80003026)
16222: flush_page(0x80007) returns true/true
16223: insert(0x800050d2)
16224: flush_page(0x80000) returns true/true
16225: insert(0x800050ea)
16226: insert(0x8000a00a)
16227: insert(0x8000705c)
16228: insert(0x800010ee)
16229: flush_page(0x80001) returns true/true
16230: insert(0x800000d6)
16231: insert(0x8000a070)
16232: insert(0x800050a8)
16233: insert(0x800050f0)
16234: flush_page(0x80003) returns true/false
16235: insert(0x8000b054)
16236: insert(0x800050ba)
16237: insert(0x8000c032)
16238: insert(0x800060fa)
16239: insert(0x8000c032)
16240: flush_page(0x80003) returns false/false
16241: insert(0x8000b092)
16242: insert(0x8000207a)
16243: flush_page(0x80008) returns false/false
16244: insert(0x80004070)
16245: insert(0x800050d8)
16246: insert(0x80002088)
16247: insert(0x8000902a)
16248: insert(0x80008060)
16249: insert(0x80005002)
16250: insert(0x80003056)
16251: insert(0x80007050)
16252: insert(0x800030bc)
16253: insert(0x800050ba)
16254: flush_page(0x80003) returns true/true
16255: insert(0x80001012)
16256: insert(0x800020b0)
16257: insert(0x800030a4)
16258: insert(0x8000a096)
16259: flush_page(0x80005) returns true/true
16260: flush()
16261: insert(0x800070e2)
16262: insert(0x8000b094)
16263: insert(0x80008050)
16264: flush_page(0x80008) returns true/true
16265: insert(0x80008048)
16266: insert(0x8000102e)
16267: flush_page(0x80002) returns false/false
16268: insert(0x80005006)
16269: flush_page(0x8000a) returns false/false
16270: insert(0x8000c0d2)
16271: insert(0x80001056)
16272: flush_page(0x80003) returns false/false
16273: flush()
16274: insert(0x80009016)
16275: insert(0x800040d6)
16276: flush()
16277: insert(0x800080b6)
16278: insert(0x800010f8)
16279: insert(0x800030b6)
16280: flush_page(0x80005) returns false/false
16281: flush_page(0x80004) returns false/false
16282: insert(0x8000808c)
16283: insert(0x80009088)
16284: insert(0x80006060)
16285: insert(0x8000700c)
16286: flush_page(0x80009) returns true/true
16287: insert(0x800070c6)
16288: insert(0x80003006)
16289: flush()
16290: insert(0x8000a004)
16291: insert(0x80003090)
16292: insert(0x8000b06a)
16293: insert(0x80007070)
16294: insert(0x8000a042)
16295: insert(0x8000a03a)
16296: insert(0x800080a8)
16297: insert(0x800050dc)
16298: insert(0x8000a080)
16299: insert(0x800060fa)
16300: insert(0x800000fc)
16301: insert(0x800010f0)
16302: insert(0x8000c0da)
16303: flush_page(0x8000a) returns true/true
16304: flush_page(0x80001) returns true/true
16305: flush()
16306: flush_page(0x80002) returns false/false
16307: flush_page(0x8000c) returns false/false
16308: flush_page(0x80008) returns false/false
16309: flush_page(0x80005) returns false/false
16310: flush_page(0x80004) returns false/false
16311: insert(0x8000c050)
16312: flush_page(0x80000) returns false/false
16313: insert(0x8000906c)
16314: insert(0x8000b006)
16315: insert(0x8000305c)
16316: flush_page(0x80002) returns false/false
16317: insert(0x8000609a)
16318: flush_page(0x80009) returns true/true
16319: flush_page(0x8000a) returns false/false
16320: flush_page(0x80001) returns false/false
16321: insert(0x80006016)
16322: flush_page(0x80002) returns false/false
16323: insert(0x8000704e)
16324: insert(0x80005066)
16325: insert(0x80005062)
16326: insert(0x800070c2)
16327: insert(0x8000502a)
16328: flush_page(0x80006) returns true/false
16329: flush_page(0x8000b) returns true/true
16330: insert(0x800070ce)
16331: insert(0x800050e2)
16332: insert(0x80005050)
16333: insert(0x800070b6)
16334: insert(0x8000407a)
16335: flush_page(0x80009) returns false/false
16336: insert(0x80005026)
16337: flush_page(0x8000b) returns false/false
16338: flush_page(0x80006) returns false/false
16339: insert(0x800050de)
16340: insert(0x800040dc)
16341: insert(0x800030bc)
16342: insert(0x800080e6)
16343: flush_page(0x80004) returns true/true
16344: flush_page(0x80006) returns false/false
16345: insert(0x8000500e)
16346: flush_page(0x80001) returns false/false
16347: insert(0x8000100e)
16348: insert(0x8000705e)
16349: insert(0x80005024)
16350: insert(0x8000805a)
16351: insert(0x80008056)
16352: insert(0x8000c006)
16353: insert(0x80000036)
16354: insert(0x8000608e)
16355: insert(0x80009096)
16356: insert(0x80008068)
16357: insert(0x8000c03a)
16358: flush_page(0x80004) returns false/false
16359: insert(0x80002000)
16360: insert(0x8000b0ce)
16361: insert(0x8000b05a)
16362: insert(0x80002042)
16363: insert(0x8000509c)
16364: flush_page(0x8000b) returns true/true
16365: flush_page(0x80001) returns true/false
16366: insert(0x8000b074)
16367: flush_page(0x80004) returns false/false
16368: insert(0x8000b04c)
16369: insert(0x80009098)
16370: insert(0x800070b8)
16371: insert(0x800040b0)
16372: insert(0x800060e8)
16373: insert(0x800090d8)
16374: insert(0x8000a05e)
16375: insert(0x80006088)
16376: insert(0x800030e4)
16377: flush()
16378: flush_page(0x8000c) returns false/false
16379: insert(0x80008064)
16380: insert(0x8000804c)
16381: insert(0x800090f6)
16382: insert(0x800000f6)
16383: insert(0x800080a2)
16384: insert(0x8000c09c)
16385: insert(0x8000104a)
16386: insert(0x80003044)
16387: insert(0x8000a058)
16388: flush_page(0x80001) returns true/true
16389: flush_page(0x8000a) returns true/true
16390: insert(0x800030d8)
16391: flush_page(0x80004) returns false/false
16392: flush_page(0x80009) returns true/false
16393: insert(0x800080e8)
16394: insert(0x8000b04c)
16395: flush_page(0x80005) returns false/false
16396: insert(0x80003040)
16397: insert(0x80004040)
16398: insert(0x800080da)
16399: insert(0x80002042)
16400: insert(0x80001098)
16401: insert(0x80005092)
16402: insert(0x80005068)
16403: insert(0x8000306a)
16404: insert(0x8000a088)
16405: insert(0x8000b01e)
16406: insert(0x8000b0fc)
16407: flush_page(0x80004) returns true/false
16408: insert(0x80005002)
16409: insert(0x800030b0)
16410: insert(0x8000704a)
16411: flush_page(0x80005) returns true/true
16412: flush_page(0x80003) returns true/true
16413: insert(0x80007022)
16414: flush_page(0x80003) returns false/false
16415: insert(0x8000c004)
16416: insert(0x800030f4)
16417: insert(0x800080ec)
16418: flush_page(0x80009) returns false/false
16419: insert(0x80008022)
16420: insert(0x80006038)
16421: flush_page(0x80000) returns true/false
16422: insert(0x800050aa)
16423: insert(0x80005094)
16424: insert(0x80001086)
16425: flush_page(0x80004) returns false/false
16426: insert(0x80001054)
16427: flush_page(0x80001) returns true/true
16428: insert(0x80000018)
16429: insert(0x80004002)
16430: flush_page(0x80007) returns true/true
16431: flush_page(0x80001) returns false/false
16432: insert(0x8000206e)
16433: insert(0x800000ca)
16434: insert(0x800010e4)
16435: insert(0x800030f4)
16436: insert(0x800090a2)
16437: flush_page(0x80008) returns true/true
16438: insert(0x8000409e)
16439: insert(0x8000601c)
16440: insert(0x800030c8)
16441: flush_page(0x80004) returns true/false
16442: insert(0x8000903a)
16443: flush_page(0x80007) returns false/false
16444: flush()
16445: flush_page(0x80005) returns false/false
16446: flush_page(0x80007) returns false/false
16447: insert(0x80008034)
16448: insert(0x800010be)
16449: insert(0x80005030)
16450: insert(0x8000807a)
16451: insert(0x80005048)
16452: insert(0x80002066)
16453: flush_page(0x80009) returns false/false
16454: flush_page(0x80007) returns false/false
16455: flush_page(0x8000a) returns false/false
16456: insert(0x8000309c)
16457: insert(0x8000a07c)
16458: insert(0x8000c070)
16459: insert(0x800000f4)
16460: insert(0x80000070)
16461: insert(0x8000104c)
16462: flush_page(0x80009) returns false/false
16463: insert(0x8000209a)
16464: insert(0x80005054)
16465: insert(0x80007004)
16466: flush_page(0x80005) returns true/true
16467: insert(0x8000a056)
16468: insert(0x800050b2)
16469: insert(0x800060e0)
16470: insert(0x800070ea)
16471: insert(0x8000a016)
16472: insert(0x80006018)
16473: insert(0x8000a020)
16474: insert(0x8000803e)
16475: flush_page(0x80005) returns true/false
16476: insert(0x800000b8)
16477: insert(0x80007078)
16478: insert(0x8000c0cc)
16479: flush_page(0x80005) returns false/false
16480: insert(0x80009018)
16481: flush()
16482: insert(0x8000c05c)
16483: insert(0x80008004)
16484: insert(0x800030fc)
16485: insert(0x80009044)
16486: insert(0x80006004)
16487: flush_page(0x80002) returns false/false
16488: insert(0x800060f8)
16489: insert(0x8000702c)
16490: insert(0x8000601a)
16491: insert(0x8000a0ea)
16492: insert(0x800080c4)
16493: insert(0x8000905e)
16494: insert(0x80007000)
16495: insert(0x800020e0)
16496: insert(0x8000a006)
16497: insert(0x80004084)
16498: insert(0x8000300a)
16499: flush_page(0x80001) returns false/false
16500: insert(0x8000402a)
16501: insert(0x800030c2)
16502: insert(0x800070c4)
16503: insert(0x8000a01c)
16504: insert(0x800090e8)
16505: flush_page(0x80004) returns true/true
16506: insert(0x80004026)
16507: insert(0x8000308a)
16508: insert(0x8000a05a)
16509: insert(0x80009028)
16510: flush_page(0x80006) returns true/true
16511: insert(0x800040e6)
16512: insert(0x800070a8)
16513: insert(0x8000007c)
16514: insert(0x80006028)
16515: insert(0x8000b0a2)
16516: flush_page(0x80005) returns false/false
16517: insert(0x80005086)
16518: insert(0x800060e6)
16519: insert(0x800070f8)
16520: insert(0x800000cc)
16521: flush_page(0x80009) returns true/true
16522: flush_page(0x80006) returns true/false
16523: insert(0x8000001c)
16524: insert(0x800090d2)
16525: insert(0x8000306e)
16526: flush_page(0x80002) returns true/false
16527: insert(0x80000076)
16528: insert(0x80008090)
16529: flush_page(0x80005) returns true/true
16530: insert(0x8000b0d8)
16531: insert(0x8000a0f6)
16532: insert(0x800010ba)
16533: flush_page(0x80006) returns false/false
16534: insert(0x8000b0b6)
16535: insert(0x80006068)
16536: flush_page(0x8000a) returns true/true
16537: flush_page(0x80005) returns false/false
16538: flush()
16539: flush_page(0x80008) returns false/false
16540: insert(0x800020fa)
16541: insert(0x800090d0)
16542: flush_page(0x80008) returns false/false
16543: insert(0x8000507a)
16544: insert(0x800000a4)
16545: insert(0x800030be)
16546: insert(0x8000301a)
16547: flush_page(0x80005) returns true/true
16548: flush_page(0x80009) returns true/true
16549: insert(0x8000c0d6)
16550: insert(0x80007048)
16551: insert(0x8000600e)
16552: flush_page(0x8000c) returns true/true
16553: flush_page(0x80002) returns true/true
16554: insert(0x8000901a)
16555: insert(0x8000803e)
16556: insert(0x80007068)
16557: flush()
16558: insert(0x800060ae)
16559: flush_page(0x80001) returns false/false
16560: insert(0x8000505e)
16561: insert(0x80001020)
16562: insert(0x80006022)
16563: insert(0x800000f6)
16564: flush()
16565: insert(0x8000505a)
16566: insert(0x8000806e)
16567: flush_page(0x80000) returns false/false
16568: insert(0x80008094)
16569: flush_page(0x80007) returns false/false
16570: insert(0x80004074)
16571: insert(0x8000a0b2)
16572: insert(0x8000703e)
16573: insert(0x8000a07c)
16574: insert(0x80002062)
16575: flush_page(0x80002) returns true/true
16576: insert(0x8000b0f0)
16577: flush_page(0x80001) returns false/false
16578: insert(0x800040ca)
16579: flush_page(0x8000c) returns false/false
16580: flush_page(0x80003) returns false/false
16581: insert(0x800070ec)
16582: flush_page(0x80008) returns true/true
16583: insert(0x800000a2)
16584: insert(0x80008014)
16585: insert(0x8000b034)
16586: insert(0x8000809a)
16587: insert(0x8000b072)
16588: insert(0x8000c03e)
16589: insert(0x800030d0)
16590: insert(0x800030bc)
16591: flush_page(0x80001) returns false/false
16592: insert(0x80004050)
16593: insert(0x800080f8)
16594: flush_page(0x80005) returns true/false
16595: flush_page(0x8000c) returns true/false
16596: insert(0x8000402a)
16597: insert(0x800070e6)
16598: flush_page(0x80001) returns false/false
16599: insert(0x8000005c)
16600: flush()
16601: insert(0x800050ce)
16602: flush_page(0x80009) returns false/false
16603: flush_page(0x80006) returns false/false
16604: insert(0x8000905e)
16605: flush_page(0x80000) returns false/false
16606: flush_page(0x80001) returns false/false
16607: flush()
16608: insert(0x8000902c)
16609: insert(0x800030ec)
16610: flush_page(0x80002) returns false/false
16611: insert(0x80009076)
16612: insert(0x8000a0ec)
16613: flush_page(0x80003) returns true/true
16614: flush_page(0x80005) returns false/false
16615: insert(0x8000b0b6)
16616: flush_page(0x8000a) returns true/true
16617: insert(0x8000908e)
16618: flush()
16619: insert(0x8000a0ea)
16620: insert(0x800030be)
16621: flush_page(0x80007) returns false/false
16622: flush_page(0x80009) returns false/false
16623: insert(0x800040ba)
16624: flush_page(0x80004) returns true/true
16625: insert(0x8000409c)
16626: flush_page(0x80000) returns false/false
16627: flush_page(0x80000) returns false/false
16628: insert(0x800050b2)
16629: insert(0x80007092)
16630: flush_page(0x80003) returns true/true
16631: insert(0x8000a05a)
16632: insert(0x8000406a)
16633: insert(0x800010a4)
16634: insert(0x800020e6)
16635: insert(0x8000a0e4)
16636: insert(0x8000a0f6)
16637: flush_page(0x80009) returns false/false
16638: insert(0x80009040)
16639: insert(0x80000054)
16640: insert(0x8000a0ce)
16641: insert(0x800070e6)
16642: flush_page(0x8000b) returns false/false
16643: flush_page(0x80008) returns false/false
16644: insert(0x80009028)
16645: flush()
16646: insert(0x8000001a)
16647: flush_page(0x80007) returns false/false
16648: insert(0x800010d2)
16649: insert(0x8000c03e)
16650: insert(0x80004078)
16651: flush_page(0x80000) returns true/true
16652: insert(0x800080e6)
16653: insert(0x800070c4)
16654: flush_page(0x80009) returns false/false
16655: flush_page(0x80008) returns true/true
16656: flush_page(0x80000) returns false/false
16657: flush_page(0x80006) returns false/false
16658: insert(0x8000a0b4)
16659: flush_page(0x80005) returns false/false
16660: insert(0x80004042)
16661: insert(0x80009010)
16662: flush()
16663: insert(0x80006010)
16664: flush_page(0x8000a) returns false/false
16665: insert(0x800010e8)
16666: flush_page(0x8000b) returns false/false
16667: flush_page(0x80008) returns false/false
16668: insert(0x800000d8)
16669: insert(0x80001074)
16670: insert(0x8000005e)
16671: insert(0x8000a062)
16672: flush_page(0x80004) returns false/false
16673: insert(0x8000c000)
16674: insert(0x8000c02e)
16675: insert(0x8000309c)
16676: insert(0x800030de)
16677: insert(0x80003018)
16678: insert(0x800060c0)
16679: flush_page(0x80003) returns true/true
16680: insert(0x8000101a)
16681: insert(0x8000b0ac)
16682: flush_page(0x80009) returns false/false
16683: insert(0x8000c0a6)
16684: insert(0x80006014)
16685: flush()
16686: insert(0x800080d8)
16687: insert(0x800060c8)
16688: flush_page(0x80001) returns false/false
16689: insert(0x8000701c)
16690: flush_page(0x80001) returns false/false
16691: insert(0x800070e0)
16692: flush_page(0x80006) returns true/true
16693: flush_page(0x80005) returns false/false
16694: flush_page(0x8000b) returns false/false
16695: insert(0x800070f6)
16696: flush_page(0x8000c) returns false/false
16697: flush_page(0x80004) returns false/false
16698: insert(0x80007000)
16699: insert(0x8000205c)
16700: insert(0x800050e2)
16701: insert(0x8000906a)
16702: flush_page(0x80008) returns true/true
16703: insert(0x800030b0)
16704: insert(0x8000c0a0)
16705: flush()
16706: insert(0x8000a076)
16707: flush()
16708: insert(0x8000c02e)
16709: flush_page(0x80002) returns false/false
16710: insert(0x8000703a)
16711: flush()
16712: insert(0x800030d2)
16713: insert(0x8000c090)
16714: insert(0x800030ae)
16715: insert(0x80002072)
16716: insert(0x800090de)
16717: flush_page(0x80006) returns false/false
16718: flush_page(0x8000c) returns true/true
16719: insert(0x80009052)
16720: flush()
16721: insert(0x8000306a)
16722: flush_page(0x80003) returns true/true
16723: flush_page(0x80002) returns false/false
16724: flush_page(0x80002) returns false/false
16725: flush_page(0x80004) returns false/false
16726: insert(0x800010aa)
16727: flush()
16728: insert(0x800090a6)
16729: insert(0x80003080)
16730: insert(0x800040b8)
16731: flush_page(0x80005) returns false/false
16732: insert(0x800030d2)
16733: flush()
16734: insert(0x8000805c)
16735: insert(0x800090ba)
16736: insert(0x8000808a)
16737: insert(0x800000d2)
16738: flush_page(0x80006) returns false/false
16739: flush_page(0x80007) returns false/false
16740: flush_page(0x80008) returns true/true
16741: insert(0x80000062)
16742: insert(0x800000e6)
16743: insert(0x8000b000)
16744: flush_page(0x80003) returns false/false
16745: insert(0x800040f0)
16746: flush()
16747: flush()
16748: insert(0x8000a0de)
16749: insert(0x800000c8)
16750: insert(0x80006020)
16751: insert(0x8000903e)
16752: flush_page(0x80008) returns false/false
16753: flush()
16754: flush_page(0x80005) returns false/false
16755: insert(0x8000103c)
16756: flush_page(0x80002) returns false/false
16757: insert(0x80003008)
16758: flush_page(0x80007) returns false/false
16759: flush_page(0x80005) returns false/false
16760: insert(0x800080ca)
16761: insert(0x800060e8)
16762: flush_page(0x80004) returns false/false
16763: insert(0x8000801c)
16764: flush_page(0x80008) returns true/true
16765: insert(0x800050ee)
16766: insert(0x8000100e)
16767: insert(0x8000106c)
16768: insert(0x8000406e)
16769: insert(0x8000207e)
16770: insert(0x8000a0a8)
16771: insert(0x8000c032)
16772: insert(0x8000b01c)
16773: flush_page(0x8000a) returns true/true
16774: flush_page(0x80005) returns true/true
16775: insert(0x80001016)
16776: insert(0x800000e0)
16777: insert(0x8000902e)
16778: insert(0x8000404a)
16779: flush_page(0x80002) returns true/false
16780: insert(0x80004094)
16781: insert(0x80002010)
16782: insert(0x80008024)
16783: insert(0x800050a0)
16784: insert(0x800090be)
16785: insert(0x8000002e)
16786: insert(0x800080f2)
16787: insert(0x8000408a)
16788: flush_page(0x80006) returns true/false
16789: insert(0x800040b6)
16790: insert(0x8000a0f0)
16791: flush_page(0x8000b) returns true/false
16792: insert(0x800050be)
16793: insert(0x8000a0e8)
16794: flush()
16795: insert(0x8000007e)
16796: insert(0x800020b8)
16797: insert(0x80003034)
16798: insert(0x8000c09a)
16799: insert(0x8000c0fe)
16800: insert(0x8000900a)
16801: insert(0x80001038)
16802: insert(0x800060a2)
16803: flush_page(0x80008) returns false/false
16804: insert(0x80006002)
16805: insert(0x8000c05a)
16806: flush_page(0x80009) returns true/true
16807: insert(0x8000c0aa)
16808: insert(0x8000507c)
16809: flush_page(0x8000a) returns false/false
16810: insert(0x8000b000)
16811: insert(0x8000100a)
16812: flush_page(0x80009) returns false/false
16813: insert(0x8000b0f6)
16814: insert(0x800070aa)
16815: insert(0x80008012)
16816: insert(0x8000a0b4)
16817: insert(0x80005070)
16818: insert(0x8000b0a0)
16819: flush_page(0x80000) returns true/true
16820: flush_page(0x80001) returns true/true
16821: insert(0x80000028)
16822: insert(0x80009072)
16823: insert(0x800030f4)
16824: insert(0x8000b0c6)
16825: flush_page(0x80006) returns true/false
16826: insert(0x800040d2)
16827: flush_page(0x80007) returns true/false
16828: insert(0x8000c000)
16829: flush_page(0x80008) returns true/false
16830: insert(0x8000c016)
16831: insert(0x8000b0e2)
16832: insert(0x80009064)
16833: insert(0x80007022)
16834: insert(0x80001018)
16835: flush_page(0x8000c) returns true/false
16836: insert(0x800000b4)
16837: flush_page(0x80004) returns true/true
16838: flush_page(0x80001) returns true/true
16839: insert(0x800010bc)
16840: insert(0x80009038)
16841: insert(0x80009074)
16842: insert(0x800090b6)
16843: flush_page(0x8000c) returns false/false
16844: flush_page(0x8000a) returns true/false
16845: flush_page(0x80009) returns true/true
16846: insert(0x8000503e)
16847: insert(0x8000b094)
16848: insert(0x8000008a)
16849: insert(0x8000801a)
16850: insert(0x8000408e)
16851: insert(0x80009018)
16852: flush_page(0x80004) returns true/true
16853: insert(0x8000a0a0)
16854: flush()
16855: insert(0x8000006c)
16856: flush_page(0x80006) returns false/false
16857: flush_page(0x8000c) returns false/false
16858: insert(0x80006034)
16859: insert(0x80000054)
16860: flush_page(0x80007) returns false/false
16861: insert(0x8000c012)
16862: flush_page(0x80001) returns false/false
16863: insert(0x8000b09e)
16864: insert(0x800010e0)
16865: insert(0x8000908c)
16866: insert(0x8000102e)
16867: insert(0x80006050)
16868: flush_page(0x80008) returns false/false
16869: flush_page(0x80001) returns true/true
16870: insert(0x80000040)
16871: flush_page(0x80002) returns false/false
16872: insert(0x8000b0f4)
16873: insert(0x80000008)
16874: flush_page(0x80009) returns true/true
16875: insert(0x80000072)
16876: flush()
16877: insert(0x800010d4)
16878: insert(0x80007002)
16879: insert(0x80002070)
16880: insert(0x800050ba)
16881: insert(0x800030c2)
16882: insert(0x8000a030)
16883: flush_page(0x80007) returns true/true
16884: insert(0x80000002)
16885: insert(0x800000aa)
16886: insert(0x800010d8)
16887: insert(0x8000a0b6)
16888: insert(0x8000b0d6)
16889: insert(0x800090cc)
16890: insert(0x8000c0b0)
16891: insert(0x80002062)
16892: flush_page(0x80008) returns false/false
16893: flush_page(0x80004) returns false/false
16894: insert(0x80007012)
16895: insert(0x8000b0ba)
16896: insert(0x8000c054)
16897: flush()
16898: flush_page(0x80002) returns false/false
16899: insert(0x80004074)
16900: flush()
16901: insert(0x80009080)
16902: insert(0x80007020)
16903: flush_page(0x80002) returns false/false
16904: insert(0x80003012)
16905: insert(0x8000a094)
16906: flush_page(0x80008) returns false/false
16907: insert(0x8000a058)
16908: flush_page(0x80000) returns false/false
16909: insert(0x800040e8)
16910: insert(0x8000a0aa)
16911: insert(0x80009022)
16912: insert(0x800070fa)
16913: insert(0x8000a03c)
16914: flush_page(0x80007) returns true/true
16915: insert(0x80004034)
16916: insert(0x800030b8)
16917: flush_page(0x80002) returns false/false
16918: insert(0x8000a0a6)
16919: insert(0x800090e2)
16920: insert(0x800060c4)
16921: insert(0x8000302c)
16922: flush_page(0x80006) returns true/true
16923: insert(0x8000502e)
16924: flush_page(0x80006) returns false/false
16925: flush_page(0x80005) returns true/true
16926: insert(0x8000507a)
16927: flush()
16928: insert(0x80006020)
16929: insert(0x80008032)
16930: insert(0x8000b008)
16931: insert(0x8000b00e)
16932: insert(0x80000010)
16933: insert(0x800040d0)
16934: insert(0x80006096)
16935: insert(0x8000900c)
16936: insert(0x8000800e)
16937: flush_page(0x80009) returns true/true
16938: insert(0x80003008)
16939: flush_page(0x80000) returns true/false
16940: insert(0x800070a6)
16941: insert(0x8000905c)
16942: insert(0x8000c072)
16943: insert(0x80000032)
16944: flush()
16945: insert(0x80003014)
16946: flush_page(0x8000b) returns false/false
16947: flush_page(0x8000a) returns false/false
16948: insert(0x8000309a)
16949: insert(0x80001090)
16950: insert(0x8000606e)
16951: flush_page(0x80005) returns false/false
16952: flush_page(0x80005) returns false/false
16953: flush_page(0x80007) returns false/false
16954: insert(0x8000b084)
16955: insert(0x80002058)
16956: insert(0x8000a070)
16957: insert(0x80003040)
16958: flush_page(0x80004) returns false/false
16959: flush()
16960: insert(0x80006038)
16961: insert(0x800000a4)
16962: flush_page(0x80009) returns false/false
16963: insert(0x800050ea)
16964: insert(0x800030aa)
16965: insert(0x800020b0)
16966: insert(0x8000c048)
16967: insert(0x80004070)
16968: insert(0x8000b016)
16969: insert(0x80008012)
16970: flush_page(0x8000c) returns true/true
16971: insert(0x800000f8)
16972: flush_page(0x80001) returns false/false
16973: insert(0x8000c0f4)
16974: insert(0x8000b00a)
16975: insert(0x80006028)
16976: insert(0x80009038)
16977: flush_page(0x80001) returns false/false
16978: insert(0x800010c4)
16979: insert(0x8000c080)
16980: insert(0x80005076)
16981: flush_page(0x80005) returns true/true
16982: flush_page(0x80003) returns true/true
16983: insert(0x80004038)
16984: insert(0x800030f6)
16985: insert(0x800060ee)
16986: insert(0x800070ae)
16987: flush_page(0x80009) returns true/true
16988: insert(0x800080a0)
16989: insert(0x8000704a)
16990: insert(0x8000c0c0)
16991: flush_page(0x80008) returns true/true
16992: flush_page(0x80008) returns false/false
16993: insert(0x8000800e)
16994: flush_page(0x8000a) returns false/false
16995: insert(0x80007000)
16996: flush_page(0x80003) returns true/true
16997: insert(0x8000404c)
16998: flush_page(0x80008) returns true/true
16999: flush_page(0x80001) returns true/true
17000: flush_page(0x8000b) returns true/true
17001: flush_page(0x80002) returns true/false
17002: insert(0x8000606a)
17003: insert(0x8000b002)
17004: flush_page(0x8000b) returns true/true
17005: flush_page(0x8000a) returns false/false
17006: insert(0x8000508c)
17007: flush()
17008: insert(0x8000c084)
17009: flush()
17010: insert(0x8000c0d4)
17011: insert(0x800070b8)
17012: insert(0x8000004a)
17013: insert(0x800070c8)
17014: insert(0x800010d2)
17015: flush()
17016: flush_page(0x80001) returns false/false
17017: insert(0x8000a098)
17018: flush_page(0x80008) returns false/false
17019: insert(0x80004072)
17020: insert(0x8000806a)
17021: insert(0x8000b0ca)
17022: insert(0x800050d4)
17023: insert(0x800060ca)
17024: insert(0x800000b2)
17025: insert(0x8000b06e)
17026: flush_page(0x80009) returns false/false
17027: insert(0x80002092)
17028: insert(0x800010d0)
17029: insert(0x80007042)
17030: flush()
17031: insert(0x8000108c)
17032: flush_page(0x80001) returns true/true
17033: insert(0x80008044)
17034: insert(0x800010b4)
17035: insert(0x800090fc)
17036: insert(0x8000509e)
17037: insert(0x8000c0aa)
17038: insert(0x8000907a)
17039: flush_page(0x8000b) returns false/false
17040: insert(0x8000b0ae)
17041: insert(0x8000b0f4)
17042: insert(0x800030c2)
17043: insert(0x80003012)
17044: insert(0x80009096)
17045: insert(0x800010fc)
17046: flush_page(0x80009) returns true/true
17047: insert(0x80001014)
17048: insert(0x8000c06e)
17049: flush_page(0x80009) returns false/false
17050: insert(0x800040f2)
17051: flush_page(0x8000b) returns true/true
17052: insert(0x800060d8)
17053: insert(0x8000808a)
17054: flush_page(0x80008) returns true/true
17055: insert(0x8000a088)
17056: flush_page(0x8000b) returns false/false
17057: insert(0x8000100a)
17058: insert(0x8000609c)
17059: insert(0x8000a052)
17060: insert(0x8000a072)
17061: insert(0x80006074)
17062: insert(0x8000b002)
17063: insert(0x80007006)
17064: flush_page(0x80000) returns false/false
17065: flush_page(0x80002) returns false/false
17066: insert(0x800050cc)
17067: insert(0x80007060)
17068: insert(0x80000066)
17069: flush_page(0x80001) returns true/true
17070: insert(0x800000a4)
17071: flush_page(0x80002) returns false/false
17072: insert(0x800090c4)
17073: insert(0x80000046)
17074: flush_page(0x80005) returns true/false
17075: flush_page(0x80005) returns false/false
17076: insert(0x8000b0ae)
17077: flush_page(0x8000c) returns true/false
17078: insert(0x80003030)
17079: insert(0x800040a2)
17080: insert(0x8000b0c4)
17081: insert(0x80002042)
17082: flush_page(0x8000b) returns true/true
17083: insert(0x8000001e)
17084: flush_page(0x80005) returns false/false
17085: flush()
17086: insert(0x800090c6)
17087: insert(0x80003068)
17088: insert(0x80002086)
17089: insert(0x800000f4)
17090: insert(0x800030d8)
17091: insert(0x8000808e)
17092: insert(0x80006032)
17093: flush()
17094: insert(0x800020f2)
17095: insert(0x8000607a)
17096: insert(0x8000909c)
17097: insert(0x800010da)
17098: flush_page(0x80006) returns true/true
17099: insert(0x80003056)
17100: insert(0x80007096)
17101: insert(0x8000901c)
17102: insert(0x80002024)
17103: flush_page(0x8000c) returns false/false
17104: insert(0x80008090)
17105: insert(0x8000b0a4)
17106: insert(0x8000b0e4)
17107: insert(0x8000c0fe)
17108: insert(0x80009018)
17109: insert(0x8000a0ba)
17110: insert(0x80003022)
17111: insert(0x8000c098)
17112: flush_page(0x80002) returns true/true
17113: insert(0x800070e0)
17114: insert(0x800050ce)
17115: flush_page(0x80000) returns false/false
17116: flush_page(0x8000c) returns true/true
17117: insert(0x8000500a)
17118: insert(0x80000054)
17119: insert(0x800040ce)
17120: insert(0x80001040)
17121: insert(0x8000c092)
17122: insert(0x80001092)
17123: insert(0x80008048)
17124: insert(0x8000c0aa)
17125: flush_page(0x80006) returns false/false
17126: insert(0x8000106a)
17127: flush_page(0x80007) returns true/false
17128: flush_page(0x80000) returns true/false
17129: flush_page(0x80007) returns false/false
17130: insert(0x8000a01e)
17131: flush_page(0x8000b) returns true/false
17132: insert(0x800020da)
17133: insert(0x800020b6)
17134: flush_page(0x80002) returns true/true
17135: insert(0x8000702c)
17136: flush_page(0x80006) returns false/false
17137: insert(0x800070c8)
17138: insert(0x800030d6)
17139: insert(0x8000605e)
17140: flush_page(0x8000c) returns true/false
17141: insert(0x8000c07c)
17142: insert(0x800020ce)
17143: flush_page(0x80001) returns true/true
17144: insert(0x8000a026)
17145: insert(0x800090de)
17146: flush_page(0x8000a) returns true/true
17147: insert(0x8000c08e)
17148: insert(0x80009010)
17149: flush_page(0x80005) returns true/false
17150: insert(0x80004006)
17151: insert(0x80001036)
17152: insert(0x80009022)
17153: flush_page(0x80006) returns true/true
17154: flush()
17155: flush_page(0x80001) returns false/false
17156: insert(0x800000d8)
17157: insert(0x800050b4)
17158: flush_page(0x80004) returns false/false
17159: insert(0x800030f2)
17160: insert(0x80000046)
17161: insert(0x80005056)
17162: flush_page(0x8000a) returns false/false
17163: flush()
17164: flush_page(0x8000c) returns false/false
17165: insert(0x8000a07a)
17166: flush_page(0x80000) returns false/false
17167: flush_page(0x80005) returns false/false
17168: flush_page(0x8000b) returns false/false
17169: flush_page(0x80005) returns false/false
17170: flush()
17171: insert(0x800050ca)
17172: insert(0x800090ac)
17173: flush_page(0x80000) returns false/false
17174: insert(0x8000b074)
17175: insert(0x8000c0e4)
17176: insert(0x80002034)
17177: flush()
17178: insert(0x8000006e)
17179: insert(0x8000a0da)
17180: flush_page(0x80006) returns false/false
17181: insert(0x80006056)
17182: insert(0x8000b096)
17183: insert(0x80008020)
17184: insert(0x8000608e)
17185: insert(0x8000901a)
17186: insert(0x8000a046)
17187: insert(0x8000b0ba)
17188: insert(0x80006078)
17189: insert(0x8000a008)
17190: insert(0x8000a068)
17191: insert(0x800050cc)
17192: flush_page(0x80004) returns false/false
17193: insert(0x8000a016)
17194: flush_page(0x80009) returns true/false
17195: insert(0x800060f6)
17196: insert(0x80007030)
17197: insert(0x80001078)
17198: insert(0x8000c0e0)
17199: insert(0x8000304c)
17200: insert(0x80006022)
17201: insert(0x80009090)
17202: insert(0x8000702c)
17203: insert(0x80008030)
17204: flush()
17205: insert(0x800010f0)
17206: insert(0x80007080)
17207: insert(0x80004072)
17208: insert(0x80006012)
17209: flush_page(0x80001) returns true/true
17210: insert(0x8000c04a)
17211: flush_page(0x8000b) returns false/false
17212: insert(0x80006020)
17213: insert(0x80005076)
17214: insert(0x8000909c)
17215: insert(0x8000c0ee)
17216: flush()
17217: insert(0x80009000)
17218: insert(0x8000206a)
17219: insert(0x8000905e)
17220: insert(0x80005058)
17221: insert(0x8000604a)
17222: insert(0x8000c064)
17223: insert(0x8000500c)
17224: insert(0x8000706a)
17225: flush_page(0x80007) returns true/true
17226: insert(0x800030a8)
17227: flush_page(0x80001) returns false/false
17228: insert(0x800000f0)
17229: flush_page(0x80002) returns true/true
17230: insert(0x800070b6)
17231: flush_page(0x80006) returns true/true
17232: flush_page(0x80005) returns true/true
17233: insert(0x8000106a)
17234: flush_page(0x80008) returns false/false
17235: flush_page(0x8000a) returns false/false
17236: insert(0x80008034)
17237: flush_page(0x8000a) returns false/false
17238: insert(0x80003006)
17239: flush_page(0x8000b) returns false/false
17240: insert(0x8000c078)
17241: insert(0x8000803e)
17242: insert(0x8000b0f0)
17243: flush_page(0x80008) returns true/true
17244: insert(0x8000303e)
17245: flush_page(0x8000b) returns true/true
17246: insert(0x8000c082)
17247: insert(0x800090d0)
17248: insert(0x8000b0b4)
17249: insert(0x80006098)
17250: insert(0x8000c0ce)
17251: insert(0x8000809c)
17252: flush_page(0x80005) returns false/false
17253: insert(0x800080d8)
17254: insert(0x8000c0c2)
17255: insert(0x800030e8)
17256: insert(0x8000801e)
17257: flush_page(0x80008) returns true/true
17258: insert(0x80003050)
17259: insert(0x800090d4)
17260: insert(0x800040ce)
17261: insert(0x800080bc)
17262: flush_page(0x80002) returns false/false
17263: insert(0x8000c0ea)
17264: insert(0x80003062)
17265: insert(0x80004086)
17266: insert(0x800010a6)
17267: insert(0x8000a02a)
17268: flush_page(0x80005) returns false/false
17269: flush()
17270: insert(0x8000702e)
17271: insert(0x800090e4)
17272: flush_page(0x80009) returns true/true
17273: insert(0x80002074)
17274: insert(0x800060b0)
17275: insert(0x8000707e)
17276: insert(0x80003030)
17277: insert(0x80007006)
17278: insert(0x8000007a)
17279: insert(0x8000509e)
17280: insert(0x800050a8)
17281: flush_page(0x80003) returns true/true
17282: insert(0x800000be)
17283: flush_page(0x80004) returns false/false
17284: flush_page(0x80005) returns true/true
17285: flush()
17286: insert(0x80008082)
17287: insert(0x800010c0)
17288: insert(0x80004084)
17289: insert(0x8000b02c)
17290: insert(0x800030e4)
17291: insert(0x80004082)
17292: insert(0x800030c0)
17293: flush_page(0x80004) returns true/true
17294: insert(0x80002072)
17295: insert(0x8000303c)
17296: insert(0x800070f8)
17297: insert(0x80007078)
17298: insert(0x80006022)
17299: insert(0x80006086)
17300: insert(0x8000803c)
17301: flush_page(0x8000c) returns false/false
17302: insert(0x800010b4)
17303: insert(0x8000306a)
17304: insert(0x800060f2)
17305: flush()
17306: flush_page(0x80004) returns false/false
17307: insert(0x8000a024)
17308: insert(0x8000b010)
17309: insert(0x800020a8)
17310: flush_page(0x8000a) returns true/true
17311: insert(0x800030c4)
17312: insert(0x800060b6)
17313: insert(0x8000a00a)
17314: insert(0x8000c08e)
17315: flush_page(0x80007) returns false/false
17316: insert(0x8000005e)
17317: flush_page(0x80004) returns false/false
17318: insert(0x80002032)
17319: insert(0x8000a096)
17320: insert(0x8000707c)
17321: insert(0x80003090)
17322: flush_page(0x80005) returns false/false
17323: insert(0x800070ca)
17324: insert(0x800040b6)
17325: insert(0x80003026)
17326: insert(0x8000b0ec)
17327: insert(0x8000b084)
17328: insert(0x800070f8)
17329: insert(0x800010be)
17330: insert(0x8000303e)
17331: insert(0x800070b4)
17332: insert(0x800020fa)
17333: insert(0x800020a4)
17334: flush()
17335: insert(0x8000a060)
17336: insert(0x8000306a)
17337: insert(0x80003076)
17338: insert(0x800040dc)
17339: insert(0x800010d2)
17340: insert(0x80001090)
17341: flush_page(0x80001) returns true/true
17342: flush_page(0x8000b) returns false/false
17343: insert(0x80005022)
17344: insert(0x8000602c)
17345: flush_page(0x80000) returns false/false
17346: insert(0x800010dc)
17347: insert(0x8000a076)
17348: insert(0x80000010)
17349: flush_page(0x80003) returns true/true
17350: flush_page(0x80000) returns true/true
17351: insert(0x80002066)
17352: insert(0x80006084)
17353: flush_page(0x80002) returns true/true
17354: insert(0x8000c0f0)
17355: flush_page(0x80003) returns false/false
17356: flush_page(0x80001) returns true/true
17357: insert(0x80009024)
17358: insert(0x8000700e)
17359: insert(0x8000c052)
17360: insert(0x8000709e)
17361: insert(0x80008046)
17362: insert(0x800060a6)
17363: insert(0x80009062)
17364: insert(0x8000507e)
17365: insert(0x80002084)
17366: insert(0x80009032)
17367: insert(0x8000806a)
17368: insert(0x80001056)
17369: insert(0x800040d8)
17370: flush_page(0x80005) returns true/true
17371: insert(0x8000701a)
17372: insert(0x800060d8)
17373: insert(0x80008072)
17374: flush_page(0x80002) returns true/false
17375: insert(0x800040f2)
17376: insert(0x800010f4)
17377: flush_page(0x8000b) returns false/false
17378: insert(0x800080b2)
17379: insert(0x80000000)
17380: insert(0x8000907e)
17381: insert(0x8000007c)
17382: flush_page(0x80004) returns true/true
17383: insert(0x8000708e)
17384: insert(0x80000050)
17385: flush()
17386: insert(0x80008094)
17387: insert(0x80001050)
17388: insert(0x8000a00c)
17389: insert(0x8000103a)
17390: insert(0x80007060)
17391: insert(0x800000c6)
17392: flush_page(0x80000) returns true/true
17393: insert(0x800000ee)
17394: insert(0x80009056)
17395: insert(0x8000406c)
17396: flush()
17397: insert(0x8000a0e8)
17398: insert(0x80005074)
17399: flush_page(0x80006) returns false/false
17400: insert(0x800090dc)
17401: insert(0x8000a07c)
17402: insert(0x80001050)
17403: insert(0x80002094)
17404: flush_page(0x80006) returns false/false
17405: insert(0x80000098)
17406: insert(0x8000a032)
17407: insert(0x8000b0aa)
17408: flush_page(0x80009) returns true/true
17409: insert(0x8000203c)
17410: insert(0x800050c6)
17411: flush()
17412: insert(0x800030be)
17413: insert(0x800070cc)
17414: insert(0x800050b2)
17415: insert(0x80006034)
17416: insert(0x80000056)
17417: insert(0x8000c06c)
17418: insert(0x800020e4)
17419: insert(0x8000b0e2)
17420: insert(0x80008072)
17421: flush()
17422: flush_page(0x80000) returns false/false
17423: insert(0x80000064)
17424: flush_page(0x80002) returns false/false
17425: insert(0x8000200a)
17426: flush()
17427: insert(0x800020fa)
17428: insert(0x80006066)
17429: flush_page(0x80002) returns true/true
17430: insert(0x80003088)
17431: insert(0x800080c6)
17432: flush()
17433: insert(0x8000c028)
17434: insert(0x80001052)
17435: insert(0x80008080)
17436: flush()
17437: insert(0x8000908e)
17438: insert(0x8000001c)
17439: insert(0x800040e0)
17440: insert(0x800000b8)
17441: flush_page(0x80000) returns true/true
17442: insert(0x800020ac)
17443: insert(0x80009064)
17444: flush()
17445: insert(0x800000fa)
17446: insert(0x800080f4)
17447: insert(0x8000b0a8)
17448: flush_page(0x8000a) returns false/false
17449: insert(0x80004054)
17450: flush_page(0x80008) returns true/true
17451: insert(0x8000c004)
17452: flush_page(0x80008) returns false/false
17453: insert(0x800010da)
17454: insert(0x800010b6)
17455: insert(0x8000700e)
17456: insert(0x80007038)
17457: flush_page(0x80004) returns true/true
17458: insert(0x8000603c)
17459: insert(0x800020aa)
17460: insert(0x80001008)
17461: insert(0x8000b0d6)
17462: insert(0x800070b6)
17463: flush_page(0x80006) returns true/false
17464: insert(0x8000b0e8)
17465: insert(0x8000900a)
17466: flush_page(0x80002) returns true/true
17467: flush()
17468: insert(0x800030b6)
17469: insert(0x800070b2)
17470: insert(0x800090d6)
17471: insert(0x80005032)
17472: insert(0x80000058)
17473: insert(0x80004078)
17474: flush_page(0x80005) returns true/true
17475: insert(0x8000a080)
17476: insert(0x8000a036)
17477: flush()
17478: insert(0x800050a0)
17479: flush()
17480: flush()
17481: insert(0x8000000c)
17482: insert(0x80002030)
17483: insert(0x80001004)
17484: flush()
17485: insert(0x80008070)
17486: insert(0x8000b0a6)
17487: flush()
17488: insert(0x80001000)
17489: flush_page(0x80004) returns false/false
17490: insert(0x800050c4)
17491: flush_page(0x80002) returns false/false
17492: insert(0x8000508e)
17493: insert(0x8000100e)
17494: insert(0x8000b08c)
17495: insert(0x8000a022)
17496: insert(0x8000b01c)
17497: insert(0x800010c0)
17498: flush_page(0x80000) returns false/false
17499: flush_page(0x8000a) returns true/true
17500: insert(0x8000a042)
17501: insert(0x80009036)
17502: flush()
17503: flush_page(0x80006) returns false/false
17504: insert(0x800060b6)
17505: flush()
17506: flush()
17507: insert(0x800020fc)
17508: flush()
17509: flush_page(0x8000c) returns false/false
17510: insert(0x800010f4)
17511: flush_page(0x80007) returns false/false
17512: insert(0x8000a05e)
17513: insert(0x800080f0)
17514: insert(0x8000a026)
17515: insert(0x80008034)
17516: insert(0x80000022)
17517: insert(0x8000b0be)
17518: flush_page(0x80000) returns true/true
17519: insert(0x800090ec)
17520: insert(0x80000038)
17521: insert(0x8000503a)
17522: flush_page(0x80002) returns false/false
17523: flush_page(0x80000) returns true/true
17524: insert(0x80007084)
17525: insert(0x800080ba)
17526: insert(0x8000104c)
17527: flush()
17528: flush_page(0x80002) returns false/false
17529: insert(0x8000b05e)
17530: flush_page(0x80008) returns false/false
17531: flush_page(0x8000b) returns true/true
17532: insert(0x800000d4)
17533: flush_page(0x80003) returns false/false
17534: insert(0x8000a056)
17535: insert(0x8000900a)
17536: insert(0x80002002)
17537: insert(0x800060b4)
17538: insert(0x8000103a)
17539: insert(0x80000014)
17540: insert(0x8000a056)
17541: insert(0x8000307e)
17542: insert(0x800020dc)
17543: insert(0x80005098)
17544: insert(0x800000e0)
17545: insert(0x8000200c)
17546: insert(0x80004022)
17547: insert(0x8000908c)
17548: flush()
17549: insert(0x80003076)
17550: flush_page(0x8000b) returns false/false
17551: flush_page(0x80007) returns false/false
17552: insert(0x800000ba)
17553: insert(0x800080cc)
17554: flush_page(0x80006) returns false/false
17555: insert(0x80003060)
17556: insert(0x8000303a)
17557: insert(0x8000700c)
17558: insert(0x8000c068)
17559: insert(0x80000024)
17560: flush()
17561: insert(0x8000b068)
17562: insert(0x8000c006)
17563: flush_page(0x8000b) returns true/true
17564: insert(0x80004098)
17565: insert(0x800010e0)
17566: flush_page(0x80009) returns false/false
17567: insert(0x800050e6)
17568: insert(0x8000c082)
17569: insert(0x80004090)
17570: insert(0x8000607c)
17571: flush_page(0x80005) returns true/true
17572: insert(0x80008036)
17573: flush_page(0x80009) returns false/false
17574: insert(0x8000106a)
17575: insert(0x8000604e)
17576: insert(0x800090e4)
17577: insert(0x80004024)
17578: flush_page(0x80000) returns false/false
17579: flush_page(0x8000a) returns false/false
17580: insert(0x8000803e)
17581: insert(0x80006004)
17582: insert(0x80007052)
17583: flush_page(0x8000a) returns false/false
17584: flush_page(0x80006) returns true/true
17585: insert(0x8000b078)
17586: insert(0x80005036)
17587: insert(0x800040ae)
17588: insert(0x80009014)
17589: insert(0x80003056)
17590: insert(0x800060f6)
17591: insert(0x8000302a)
17592: flush_page(0x80001) returns true/false
17593: insert(0x800050e6)
17594: insert(0x80008088)
17595: insert(0x8000101a)
17596: insert(0x8000b0f0)
17597: flush_page(0x80008) returns true/true
17598: flush()
17599: insert(0x80001052)
17600: flush_page(0x80008) returns false/false
17601: flush_page(0x8000c) returns false/false
17602: insert(0x80008078)
17603: insert(0x800040a6)
17604: insert(0x8000408c)
17605: flush_page(0x8000b) returns false/false
17606: insert(0x8000b04e)
17607: insert(0x8000b080)
17608: insert(0x800000b8)
17609: flush_page(0x80009) returns false/false
17610: flush_page(0x8000a) returns false/false
17611: insert(0x800090b0)
17612: flush_page(0x8000b) returns true/true
17613: flush_page(0x8000b) returns false/false
17614: insert(0x8000c020)
17615: insert(0x80003024)
17616: insert(0x8000006c)
17617: insert(0x8000c02e)
17618: insert(0x800040ce)
17619: insert(0x800040e2)
17620: insert(0x800050e2)
17621: insert(0x8000c0ce)
17622: flush_page(0x80003) returns true/false
17623: insert(0x800020f2)
17624: flush_page(0x8000a) returns false/false
17625: flush_page(0x8000b) returns false/false
17626: insert(0x8000b080)
17627: insert(0x8000806c)
17628: insert(0x80002050)
17629: insert(0x800000bc)
17630: insert(0x8000500e)
17631: insert(0x8000805e)
17632: insert(0x8000b01a)
17633: insert(0x8000701a)
17634: insert(0x8000b030)
17635: insert(0x8000609e)
17636: flush_page(0x8000b) returns true/true
17637: insert(0x8000800a)
17638: insert(0x8000a048)
17639: insert(0x800050ae)
17640: insert(0x80005078)
17641: flush_page(0x80009) returns true/false
17642: insert(0x800070e8)
17643: insert(0x80009072)
17644: flush_page(0x80004) returns true/false
17645: insert(0x8000209c)
17646: flush_page(0x80004) returns false/false
17647: insert(0x80003096)
17648: insert(0x800070fe)
17649: insert(0x8000b0ee)
17650: insert(0x800030f8)
17651: flush_page(0x8000a) returns true/false
17652: insert(0x8000a034)
17653: insert(0x80002050)
17654: flush_page(0x80004) returns false/false
17655: flush_page(0x80000) returns true/true
17656: insert(0x800040f4)
17657: insert(0x800060c8)
17658: insert(0x8000a066)
17659: insert(0x80002026)
17660: insert(0x80009012)
17661: insert(0x80003098)
17662: insert(0x80004034)
17663: insert(0x80006078)
17664: insert(0x800000e4)
17665: flush_page(0x8000c) returns true/false
17666: insert(0x800050f0)
17667: flush_page(0x80008) returns true/false
17668: flush_page(0x80004) returns true/true
17669: insert(0x8000b0f0)
17670: flush_page(0x8000b) returns true/true
17671: insert(0x8000103c)
17672: insert(0x800060a8)
17673: insert(0x80007042)
17674: insert(0x8000506c)
17675: insert(0x80007092)
17676: insert(0x8000a0b8)
17677: insert(0x8000409a)
17678: insert(0x8000001c)
17679: insert(0x8000c002)
17680: insert(0x800070c6)
17681: insert(0x80000052)
17682: flush_page(0x8000b) returns false/false
17683: insert(0x8000007e)
17684: flush_page(0x80001) returns true/true
17685: insert(0x80002026)
17686: insert(0x8000b0f4)
17687: insert(0x8000a0b4)
17688: insert(0x800040be)
17689: insert(0x800090c2)
17690: flush_page(0x80002) returns true/true
17691: insert(0x800030e0)
17692: flush_page(0x80008) returns false/false
17693: flush_page(0x80002) returns false/false
17694: insert(0x800070f6)
17695: flush_page(0x80002) returns false/false
17696: insert(0x80000066)
17697: flush()
17698: flush_page(0x80009) returns false/false
17699: insert(0x8000604e)
17700: insert(0x80001022)
17701: insert(0x8000705e)
17702: insert(0x80001078)
17703: insert(0x800080da)
17704: insert(0x800030c6)
17705: insert(0x8000800e)
17706: insert(0x8000c0e8)
17707: flush_page(0x80002) returns false/false
17708: insert(0x80007028)
17709: insert(0x800050dc)
17710: insert(0x80005002)
17711: insert(0x800030f0)
17712: insert(0x800080c2)
17713: flush_page(0x80009) returns false/false
17714: insert(0x800060e6)
17715: insert(0x800050e8)
17716: insert(0x8000904e)
17717: insert(0x800070c2)
17718: insert(0x80009076)
17719: insert(0x80006066)
17720: insert(0x800040e2)
17721: flush()
17722: insert(0x80005012)
17723: flush_page(0x80002) returns false/false
17724: insert(0x80008080)
17725: insert(0x80006016)
17726: insert(0x80009070)
17727: flush_page(0x8000a) returns false/false
17728: flush()
17729: insert(0x80001036)
17730: insert(0x80007058)
17731: insert(0x800040a4)
17732: insert(0x800020be)
17733: insert(0x8000c008)
17734: insert(0x8000908a)
17735: flush_page(0x8000b) returns false/false
17736: insert(0x800070e4)
17737: flush_page(0x80009) returns true/true
17738: insert(0x80001022)
17739: insert(0x800060b6)
17740: insert(0x80002066)
17741: insert(0x8000607c)
17742: insert(0x8000c040)
17743: insert(0x8000003e)
17744: insert(0x8000c03c)
17745: insert(0x80000066)
17746: flush_page(0x80000) returns true/true
17747: insert(0x8000007e)
17748: insert(0x800020e4)
17749: flush()
17750: flush_page(0x80009) returns false/false
17751: insert(0x80000012)
17752: flush_page(0x8000b) returns false/false
17753: insert(0x80009048)
17754: insert(0x80008018)
17755: insert(0x80005058)
17756: flush()
17757: flush_page(0x80000) returns false/false
17758: insert(0x8000a0ce)
17759: flush_page(0x80002) returns false/false
17760: flush()
17761: insert(0x8000b0ee)
17762: insert(0x8000c0d6)
17763: insert(0x80006080)
17764: insert(0x8000a04a)
17765: flush_page(0x8000c) returns true/true
17766: insert(0x80009052)
17767: flush_page(0x8000b) returns true/true
17768: insert(0x80002034)
17769: insert(0x800080da)
17770: insert(0x8000c066)
17771: insert(0x80006086)
17772: flush_page(0x80009) returns true/true
17773: insert(0x800020ee)
17774: insert(0x80001008)
17775: insert(0x80006000)
17776: flush_page(0x8000a) returns true/true
17777: insert(0x800000d8)
17778: flush_page(0x8000b) returns false/false
17779: flush()
17780: flush_page(0x80002) returns false/false
17781: insert(0x800090ac)
17782: flush_page(0x8000c) returns false/false
17783: insert(0x80002094)
17784: insert(0x8000101a)
17785: insert(0x800010b6)
17786: flush_page(0x80005) returns false/false
17787: insert(0x800090ee)
17788: insert(0x80000040)
17789: insert(0x80009026)
17790: insert(0x80000042)
17791: flush()
17792: flush_page(0x80008) returns false/false
17793: flush_page(0x80005) returns false/false
17794: insert(0x8000b070)
17795: insert(0x8000909e)
17796: insert(0x8000a0e0)
17797: insert(0x8000801e)
17798: insert(0x800040a8)
17799: insert(0x8000c078)
17800: flush()
17801: insert(0x80004092)
17802: insert(0x80007036)
17803: flush_page(0x8000c) returns false/false
17804: insert(0x8000700e)
17805: insert(0x80009042)
17806: insert(0x8000c0c8)
17807: insert(0x80007070)
17808: insert(0x8000408c)
17809: flush_page(0x80007) returns true/true
17810: insert(0x80007080)
17811: flush()
17812: insert(0x8000b092)
17813: flush_page(0x80002) returns false/false
17814: insert(0x800020f0)
17815: flush_page(0x80000) returns false/false
17816: flush()
17817: insert(0x80009080)
17818: insert(0x800030a0)
17819: insert(0x80003074)
17820: flush_page(0x80002) returns false/false
17821: insert(0x80000008)
17822: flush_page(0x8000a) returns false/false
17823: insert(0x800070a0)
17824: insert(0x80005020)
17825: flush_page(0x80005) returns true/true
17826: insert(0x800020e8)
17827: insert(0x80008084)
17828: insert(0x8000c0e4)
17829: insert(0x8000306e)
17830: insert(0x80009028)
17831: flush_page(0x80001) returns false/false
17832: insert(0x8000705e)
17833: flush_page(0x80007) returns true/true
17834: flush_page(0x80002) returns true/true
17835: insert(0x80008076)
17836: insert(0x8000409e)
17837: flush()
17838: flush_page(0x80001) returns false/false
17839: flush_page(0x80004) returns false/false
17840: insert(0x800040f8)
17841: insert(0x80009090)
17842: insert(0x800000ac)
17843: insert(0x80002004)
17844: insert(0x800080ce)
17845: insert(0x8000707e)
17846: insert(0x800040c6)
17847: insert(0x80004080)
17848: insert(0x800070a8)
17849: insert(0x80007012)
17850: flush_page(0x80006) returns false/false
17851: insert(0x80002004)
17852: insert(0x80001094)
17853: flush_page(0x80002) returns true/true
17854: insert(0x80002012)
17855: insert(0x8000c0b6)
17856: insert(0x8000c0c6)
17857: flush_page(0x80005) returns false/false
17858: flush_page(0x8000b) returns false/false
17859: insert(0x8000c0b4)
17860: flush_page(0x80005) returns false/false
17861: flush_page(0x8000c) returns true/true
17862: insert(0x800090aa)
17863: flush()
17864: insert(0x8000b080)
17865: insert(0x8000204c)
17866: insert(0x800060bc)
17867: flush()
17868: insert(0x800090ea)
17869: flush_page(0x80003) returns false/false
17870: flush_page(0x8000b) returns false/false
17871: insert(0x80000026)
17872: flush_page(0x80002) returns false/false
17873: insert(0x8000a00a)
17874: flush_page(0x80009) returns true/true
17875: insert(0x80009096)
17876: flush_page(0x80006) returns false/false
17877: insert(0x800000e8)
17878: insert(0x800030d2)
17879: insert(0x800090be)
17880: flush_page(0x8000b) returns false/false
17881: insert(0x8000507a)
17882: flush_page(0x80001) returns false/false
17883: insert(0x8000a05a)
17884: flush_page(0x80002) returns false/false
17885: insert(0x8000a0e0)
17886: insert(0x8000a082)
17887: flush_page(0x80002) returns false/false
17888: insert(0x8000a058)
17889: flush_page(0x80004) returns false/false
17890: insert(0x80003034)
17891: insert(0x800080c2)
17892: insert(0x80005052)
17893: flush_page(0x80008) returns true/true
17894: flush_page(0x8000c) returns false/false
17895: flush_page(0x80001) returns false/false
17896: flush_page(0x80007) returns false/false
17897: insert(0x8000a02a)
17898: insert(0x800080d4)
17899: insert(0x8000006e)
17900: insert(0x8000907c)
17901: insert(0x8000b098)
17902: flush_page(0x80003) returns true/false
17903: insert(0x80002076)
17904: insert(0x8000600c)
17905: insert(0x8000800a)
17906: flush()
17907: insert(0x80006006)
17908: insert(0x8000c032)
17909: insert(0x80006094)
17910: insert(0x8000305c)
17911: insert(0x80009042)
17912: insert(0x800040ec)
17913: flush()
17914: insert(0x8000a0fe)
17915: insert(0x80005074)
17916: insert(0x8000c080)
17917: flush_page(0x80001) returns false/false
17918: insert(0x8000c022)
17919: insert(0x8000907e)
17920: insert(0x8000a03a)
17921: insert(0x800090b2)
17922: flush_page(0x80005) returns true/true
17923: insert(0x8000908a)
17924: insert(0x800060fa)
17925: insert(0x800070c8)
17926: flush_page(0x80002) returns false/false
17927: insert(0x800020ae)
17928: flush_page(0x80002) returns true/true
17929: insert(0x8000b0c2)
17930: flush_page(0x8000b) returns true/true
17931: flush_page(0x80007) returns true/true
17932: insert(0x8000c08e)
17933: flush_page(0x80002) returns false/false
17934: flush_page(0x80007) returns false/false
17935: insert(0x8000c054)
17936: flush_page(0x80003) returns false/false
17937: insert(0x8000c06c)
17938: insert(0x8000500a)
17939: insert(0x80006094)
17940: insert(0x800060ba)
17941: insert(0x800030b0)
17942: insert(0x8000504e)
17943: flush_page(0x80005) returns true/true
17944: insert(0x800000f6)
17945: flush_page(0x80001) returns false/false
17946: flush_page(0x8000c) returns true/true
17947: insert(0x8000c038)
17948: insert(0x800060e6)
17949: insert(0x8000c072)
17950: flush_page(0x8000c) returns true/true
17951: insert(0x80002060)
17952: insert(0x800020d6)
17953: insert(0x8000b062)
17954: insert(0x80002086)
17955: insert(0x8000c03e)
17956: insert(0x8000503e)
17957: flush_page(0x80000) returns true/false
17958: flush_page(0x80004) returns false/false
17959: insert(0x8000c014)
17960: insert(0x8000105a)
17961: insert(0x800010c0)
17962: flush()
17963: insert(0x8000a054)
17964: insert(0x800090da)
17965: insert(0x8000c05a)
17966: flush_page(0x8000a) returns true/true
17967: insert(0x800030ee)
17968: insert(0x8000006c)
17969: insert(0x80004044)
17970: insert(0x80002096)
17971: insert(0x8000b038)
17972: insert(0x80004090)
17973: insert(0x800050b6)
17974: insert(0x800060a2)
17975: flush()
17976: insert(0x80002022)
17977: flush()
17978: insert(0x80003094)
17979: flush_page(0x80005) returns false/false
17980: flush()
17981: flush_page(0x80008) returns false/false
17982: insert(0x80006022)
17983: flush_page(0x80005) returns false/false
17984: insert(0x8000b0ae)
17985: flush_page(0x80005) returns false/false
17986: insert(0x8000a06e)
17987: insert(0x8000809e)
17988: flush_page(0x8000c) returns false/false
17989: insert(0x8000903e)
17990: insert(0x8000102e)
17991: flush()
17992: insert(0x80005098)
17993: insert(0x8000b0c0)
17994: insert(0x80004022)
17995: flush_page(0x80008) returns false/false
17996: insert(0x8000306e)
17997: flush()
17998: insert(0x80006062)
17999: flush()
18000: flush()
18001: insert(0x8000a064)
18002: insert(0x80007098)
18003: insert(0x8000a0c0)
18004: insert(0x8000701e)
18005: flush_page(0x8000c) returns false/false
18006: flush_page(0x80006) returns false/false
18007: insert(0x8000503a)
18008: insert(0x800030fe)
18009: insert(0x80005024)
18010: insert(0x8000b01e)
18011: flush_page(0x80008) returns false/false
18012: insert(0x8000a060)
18013: insert(0x800080dc)
18014: flush_page(0x80000) returns false/false
18015: flush_page(0x80003) returns true/true
18016: flush_page(0x80004) returns false/false
18017: flush_page(0x80009) returns false/false
18018: insert(0x80007070)
18019: flush_page(0x80005) returns true/true
18020: insert(0x8000a026)
18021: insert(0x8000b044)
18022: insert(0x8000703a)
18023: insert(0x80000004)
18024: insert(0x8000c0f6)
18025: insert(0x8000704c)
18026: insert(0x8000600a)
18027: insert(0x800000b4)
18028: insert(0x80003086)
18029: insert(0x80003046)
18030: flush_page(0x80007) returns true/true
18031: insert(0x80006042)
18032: insert(0x80002078)
18033: flush_page(0x80002) returns true/true
18034: flush_page(0x80000) returns true/true
18035: insert(0x800040f2)
18036: insert(0x8000207e)
18037: insert(0x8000609a)
18038: flush_page(0x80008) returns true/false
18039: flush_page(0x8000b) returns true/true
18040: flush_page(0x8000b) returns false/false
18041: insert(0x80009062)
18042: insert(0x80009036)
18043: flush_page(0x80000) returns false/false
18044: flush_page(0x80007) returns false/false
18045: insert(0x8000c014)
18046: insert(0x8000a09a)
18047: insert(0x800080b2)
18048: insert(0x8000802c)
18049: insert(0x80006082)
18050: flush_page(0x80005) returns false/false
18051: flush_page(0x80008) returns true/true
18052: flush_page(0x8000c) returns true/true
18053: insert(0x80003076)
18054: insert(0x80000098)
18055: insert(0x8000b046)
18056: insert(0x800010ec)
18057: flush_page(0x80004) returns true/false
18058: flush_page(0x80008) returns false/false
18059: flush_page(0x80006) returns true/true
18060: insert(0x8000605c)
18061: insert(0x80008036)
18062: insert(0x8000b0ac)
18063: insert(0x8000703c)
18064: flush_page(0x80006) returns true/true
18065: insert(0x8000b096)
18066: insert(0x800060b8)
18067: insert(0x8000a0ba)
18068: flush_page(0x80008) returns true/false
18069: insert(0x800070dc)
18070: insert(0x8000c024)
18071: insert(0x80007000)
18072: insert(0x8000c078)
18073: insert(0x800040b8)
18074: insert(0x800060ac)
18075: flush()
18076: insert(0x8000a0fe)
18077: flush_page(0x80007) returns false/false
18078: flush_page(0x80007) returns false/false
18079: flush_page(0x80009) returns false/false
18080: flush_page(0x80008) returns false/false
18081: insert(0x8000b004)
18082: flush()
18083: flush_page(0x80006) returns false/false
18084: insert(0x800020d6)
18085: flush_page(0x80008) returns false/false
18086: insert(0x8000806c)
18087: insert(0x80000090)
18088: insert(0x800040da)
18089: insert(0x8000b008)
18090: insert(0x80009048)
18091: insert(0x80006046)
18092: insert(0x8000a0f8)
18093: flush_page(0x80006) returns true/true
18094: insert(0x80000044)
18095: insert(0x80001038)
18096: insert(0x80007018)
18097: flush()
18098: insert(0x80009050)
18099: insert(0x80009042)
18100: insert(0x8000807e)
18101: insert(0x8000805e)
18102: flush_page(0x8000c) returns false/false
18103: flush_page(0x80004) returns false/false
18104: flush()
18105: flush_page(0x80009) returns false/false
18106: insert(0x800030ec)
18107: flush_page(0x80007) returns false/false
18108: insert(0x8000a088)
18109: flush_page(0x8000c) returns false/false
18110: insert(0x8000407c)
18111: insert(0x8000c092)
18112: flush_page(0x80002) returns false/false
18113: flush_page(0x80006) returns false/false
18114: insert(0x8000104a)
18115: insert(0x8000c0b0)
18116: flush_page(0x80008) returns false/false
18117: flush()
18118: insert(0x800060b8)
18119: insert(0x8000c0de)
18120: insert(0x800070a0)
18121: insert(0x8000a02a)
18122: insert(0x800020ec)
18123: insert(0x8000703a)
18124: insert(0x8000500a)
18125: insert(0x8000205a)
18126: insert(0x800010bc)
18127: insert(0x8000409c)
18128: flush_page(0x80008) returns false/false
18129: insert(0x80001008)
18130: flush_page(0x80005) returns true/false
18131: flush()
18132: insert(0x800010ae)
18133: insert(0x800070a4)
18134: insert(0x800090ca)
18135: insert(0x8000c0d8)
18136: insert(0x80007026)
18137: insert(0x800060ca)
18138: flush()
18139: flush_page(0x80005) returns false/false
18140: insert(0x8000108c)
18141: insert(0x80003052)
18142: insert(0x800070e8)
18143: insert(0x800040c8)
18144: insert(0x800020d0)
18145: flush_page(0x80004) returns true/true
18146: flush_page(0x80007) returns true/true
18147: flush_page(0x8000c) returns false/false
18148: insert(0x800000e8)
18149: insert(0x8000908e)
18150: insert(0x800040ce)
18151: insert(0x800090f2)
18152: flush()
18153: insert(0x800050c4)
18154: insert(0x8000108c)
18155: insert(0x80002068)
18156: insert(0x800010bc)
18157: insert(0x8000206a)
18158: insert(0x8000602c)
18159: insert(0x8000b0c0)
18160: insert(0x8000203e)
18161: insert(0x8000c000)
18162: flush_page(0x80005) returns true/true
18163: insert(0x80000068)
18164: flush_page(0x80003) returns false/false
18165: flush_page(0x80001) returns true/true
18166: flush_page(0x80001) returns false/false
18167: insert(0x8000a0fe)
18168: flush_page(0x8000c) returns true/true
18169: insert(0x8000b078)
18170: insert(0x800060f6)
18171: insert(0x8000a02a)
18172: insert(0x80007042)
18173: insert(0x80003042)
18174: insert(0x80004098)
18175: insert(0x80007022)
18176: insert(0x800060a4)
18177: insert(0x80001094)
18178: insert(0x8000b088)
18179: flush_page(0x80009) returns false/false
18180: insert(0x8000b088)
18181: insert(0x8000007c)
18182: insert(0x800070c0)
18183: insert(0x800060b2)
18184: insert(0x8000802a)
18185: insert(0x80000054)
18186: flush_page(0x8000c) returns false/false
18187: insert(0x80006058)
18188: flush_page(0x80004) returns true/false
18189: flush_page(0x80004) returns false/false
18190: insert(0x80002062)
18191: insert(0x8000c0c4)
18192: insert(0x800070e8)
18193: flush_page(0x80009) returns false/false
18194: insert(0x8000a0bc)
18195: insert(0x800050f4)
18196: insert(0x8000b05e)
18197: insert(0x800000c2)
18198: insert(0x800010ae)
18199: insert(0x800020ec)
18200: insert(0x80009062)
18201: insert(0x8000302e)
18202: flush_page(0x80004) returns false/false
18203: flush_page(0x80003) returns true/true
18204: insert(0x8000c0d8)
18205: insert(0x8000b0c8)
18206: insert(0x800070ce)
18207: flush_page(0x80001) returns true/true
18208: insert(0x800030cc)
18209: insert(0x800000f6)
18210: insert(0x800020fe)
18211: flush_page(0x80001) returns false/false
18212: flush()
18213: insert(0x8000b0da)
18214: insert(0x800000dc)
18215: insert(0x8000308c)
18216: insert(0x80007060)
18217: insert(0x80008064)
18218: insert(0x80000086)
18219: insert(0x800030a2)
18220: flush()
18221: insert(0x800030b2)
18222: flush_page(0x80001) returns false/false
18223: flush_page(0x80002) returns false/false
18224: insert(0x8000005e)
18225: insert(0x8000607c)
18226: insert(0x80005036)
18227: insert(0x80005064)
18228: insert(0x80006062)
18229: insert(0x80009032)
18230: insert(0x800070a4)
18231: insert(0x800070bc)
18232: insert(0x80008046)
18233: insert(0x800050d4)
18234: flush_page(0x80005) returns true/true
18235: flush_page(0x80008) returns true/true
18236: insert(0x8000b048)
18237: flush_page(0x80003) returns true/true
18238: insert(0x80001024)
18239: insert(0x80005024)
18240: insert(0x8000806e)
18241: insert(0x80009094)
18242: insert(0x800080de)
18243: insert(0x800050c0)
18244: insert(0x80009044)
18245: insert(0x8000508e)
18246: flush()
18247: insert(0x800080de)
18248: insert(0x80008078)
18249: insert(0x8000c086)
18250: insert(0x8000c05c)
18251: insert(0x800070a8)
18252: insert(0x800070c0)
18253: insert(0x8000104c)
18254: insert(0x8000106e)
18255: insert(0x8000605e)
18256: flush_page(0x80005) returns false/false
18257: insert(0x800000cc)
18258: insert(0x8000a0d6)
18259: insert(0x8000c050)
18260: flush_page(0x80004) returns false/false
18261: insert(0x8000c01a)
18262: insert(0x80008084)
18263: insert(0x800010ea)
18264: flush()
18265: insert(0x8000102c)
18266: insert(0x8000c0ae)
18267: flush_page(0x80008) returns false/false
18268: insert(0x8000702a)
18269: insert(0x800010e6)
18270: insert(0x8000008a)
18271: insert(0x800050a0)
18272: flush_page(0x80009) returns false/false
18273: flush_page(0x8000c) returns true/true
18274: flush()
18275: flush_page(0x8000c) returns false/false
18276: insert(0x8000909c)
18277: insert(0x8000c0d0)
18278: insert(0x80006088)
18279: insert(0x8000105c)
18280: insert(0x8000407c)
18281: insert(0x80003062)
18282: insert(0x8000b086)
18283: insert(0x80002024)
18284: flush_page(0x80006) returns true/true
18285: insert(0x80007042)
18286: flush_page(0x80002) returns true/true
18287: flush()
18288: insert(0x800020f6)
18289: flush_page(0x80005) returns false/false
18290: flush_page(0x8000c) returns false/false
18291: insert(0x8000506c)
18292: insert(0x80000076)
18293: insert(0x80000022)
18294: flush_page(0x80000) returns true/true
18295: insert(0x800050b2)
18296: insert(0x800070ec)
18297: flush_page(0x80003) returns false/false
18298: insert(0x8000603e)
18299: insert(0x800000e6)
18300: insert(0x80004090)
18301: insert(0x8000506e)
18302: flush()
18303: flush_page(0x80009) returns false/false
18304: insert(0x800090e2)
18305: insert(0x8000503a)
18306: insert(0x8000905e)
18307: insert(0x800080fe)
18308: flush_page(0x80003) returns false/false
18309: flush_page(0x80003) returns false/false
18310: insert(0x800010d6)
18311: insert(0x80005068)
18312: insert(0x8000506c)
18313: insert(0x800020b2)
18314: insert(0x80001080)
18315: insert(0x8000a0de)
18316: flush_page(0x80006) returns false/false
18317: flush_page(0x80003) returns false/false
18318: flush_page(0x80007) returns false/false
18319: insert(0x8000a08a)
18320: insert(0x8000104e)
18321: flush_page(0x8000c) returns false/false
18322: insert(0x800040ec)
18323: insert(0x800050ae)
18324: insert(0x800090ea)
18325: flush_page(0x80008) returns true/true
18326: insert(0x80006056)
18327: insert(0x8000807c)
18328: insert(0x800000d2)
18329: insert(0x8000a000)
18330: insert(0x8000a09a)
18331: insert(0x80002066)
18332: insert(0x8000c0cc)
18333: insert(0x800040f6)
18334: insert(0x80008094)
18335: insert(0x8000c01a)
18336: insert(0x8000005c)
18337: insert(0x80003020)
18338: insert(0x800010c8)
18339: flush_page(0x80009) returns true/false
18340: insert(0x8000c0fa)
18341: insert(0x8000001a)
18342: insert(0x8000c0b0)
18343: insert(0x80002082)
18344: insert(0x8000b0d4)
18345: insert(0x8000504a)
18346: insert(0x8000c0f0)
18347: insert(0x80006046)
18348: insert(0x8000c0ea)
18349: flush_page(0x80009) returns false/false
18350: flush()
18351: insert(0x8000c0a8)
18352: insert(0x8000c008)
18353: insert(0x800040d6)
18354: insert(0x8000604a)
18355: insert(0x8000606e)
18356: insert(0x800060f6)
18357: flush_page(0x80008) returns false/false
18358: insert(0x80000002)
18359: flush_page(0x80001) returns false/false
18360: insert(0x80009076)
18361: insert(0x80009028)
18362: insert(0x800050a2)
18363: insert(0x8000307c)
18364: insert(0x80003050)
18365: insert(0x8000306c)
18366: flush_page(0x80000) returns true/false
18367: insert(0x800080a6)
18368: flush()
18369: insert(0x8000c0fe)
18370: insert(0x8000a0a4)
18371: flush_page(0x80006) returns false/false
18372: flush_page(0x80002) returns false/false
18373: flush()
18374: insert(0x8000c044)
18375: flush_page(0x80003) returns false/false
18376: flush_page(0x80001) returns false/false
18377: insert(0x8000c01e)
18378: flush_page(0x80000) returns false/false
18379: flush_page(0x80000) returns false/false
18380: insert(0x8000107c)
18381: insert(0x80006008)
18382: flush_page(0x8000c) returns true/true
18383: insert(0x80006054)
18384: insert(0x8000b028)
18385: insert(0x800020d4)
18386: flush_page(0x8000b) returns true/true
18387: insert(0x8000c08c)
18388: insert(0x800050e2)
18389: insert(0x80009050)
18390: flush()
18391: flush_page(0x80007) returns false/false
18392: flush_page(0x8000a) returns false/false
18393: insert(0x8000705a)
18394: insert(0x8000902a)
18395: insert(0x8000100a)
18396: insert(0x80004082)
18397: flush_page(0x8000c) returns false/false
18398: insert(0x8000b008)
18399: insert(0x800050ea)
18400: insert(0x80005022)
18401: insert(0x80002094)
18402: insert(0x800050d2)
18403: insert(0x800030b0)
18404: flush_page(0x80003) returns true/true
18405: insert(0x8000b036)
18406: flush_page(0x80005) returns true/true
18407: flush()
18408: insert(0x80003072)
18409: insert(0x8000203e)
18410: flush_page(0x80001) returns false/false
18411: insert(0x80003008)
18412: insert(0x80001082)
18413: insert(0x800060ce)
18414: insert(0x800050c8)
18415: insert(0x8000804c)
18416: insert(0x8000909c)
18417: insert(0x8000500a)
18418: insert(0x8000a028)
18419: insert(0x80004092)
18420: flush_page(0x80008) returns true/true
18421: insert(0x800030ae)
18422: flush_page(0x80009) returns true/false
18423: insert(0x80004070)
18424: insert(0x8000c0fc)
18425: insert(0x8000a0a0)
18426: insert(0x800010b2)
18427: insert(0x80001078)
18428: insert(0x80008082)
18429: insert(0x80004076)
18430: insert(0x800010b0)
18431: flush_page(0x8000b) returns false/false
18432: insert(0x80007092)
18433: flush_page(0x8000c) returns true/true
18434: insert(0x8000705e)
18435: insert(0x800030b8)
18436: insert(0x8000105a)
18437: insert(0x800080b2)
18438: flush_page(0x80000) returns false/false
18439: insert(0x800030ea)
18440: flush_page(0x80006) returns true/false
18441: insert(0x8000c0e6)
18442: insert(0x800090a0)
18443: insert(0x8000b05c)
18444: insert(0x800030b2)
18445: insert(0x800080b4)
18446: flush_page(0x8000b) returns true/true
18447: insert(0x8000603a)
18448: insert(0x80004052)
18449: insert(0x8000c0d4)
18450: insert(0x800050ca)
18451: flush()
18452: flush_page(0x80005) returns false/false
18453: insert(0x800060ce)
18454: insert(0x800050a8)
18455: insert(0x80000010)
18456: flush_page(0x80002) returns false/false
18457: insert(0x800030e2)
18458: insert(0x80008018)
18459: insert(0x80005054)
18460: insert(0x80000012)
18461: flush_page(0x80007) returns false/false
18462: insert(0x8000a020)
18463: insert(0x8000b09e)
18464: insert(0x8000a08a)
18465: insert(0x800070ae)
18466: flush_page(0x80006) returns true/false
18467: insert(0x800040b4)
18468: insert(0x8000205e)
18469: insert(0x800050e4)
18470: insert(0x800060ba)
18471: flush_page(0x8000b) returns true/false
18472: insert(0x8000708c)
18473: insert(0x80005074)
18474: insert(0x8000502c)
18475: insert(0x80003094)
18476: insert(0x80005086)
18477: insert(0x8000b0be)
18478: flush_page(0x80003) returns true/true
18479: insert(0x8000309c)
18480: insert(0x8000b044)
18481: insert(0x8000500e)
18482: insert(0x80006036)
18483: insert(0x800040b6)
18484: insert(0x800050da)
18485: insert(0x80003036)
18486: flush_page(0x80005) returns true/true
18487: insert(0x8000b0b4)
18488: flush_page(0x8000b) returns true/true
18489: insert(0x800010fa)
18490: insert(0x8000c052)
18491: flush_page(0x80001) returns true/true
18492: insert(0x80003058)
18493: flush()
18494: insert(0x80007032)
18495: insert(0x80000084)
18496: insert(0x8000b0d4)
18497: insert(0x80000002)
18498: flush()
18499: insert(0x800080de)
18500: insert(0x800040ba)
18501: flush_page(0x80008) returns true/true
18502: insert(0x80006058)
18503: insert(0x8000b0c4)
18504: insert(0x8000800c)
18505: insert(0x8000607a)
18506: insert(0x80002072)
18507: insert(0x8000a014)
18508: flush_page(0x80006) returns true/true
18509: insert(0x80002068)
18510: insert(0x80005046)
18511: insert(0x800030aa)
18512: insert(0x80001094)
18513: flush()
18514: flush_page(0x80001) returns false/false
18515: flush_page(0x80003) returns false/false
18516: insert(0x8000a04e)
18517: flush()
18518: flush_page(0x80002) returns false/false
18519: insert(0x800070ec)
18520: flush_page(0x80002) returns false/false
18521: insert(0x8000a0ae)
18522: insert(0x8000301a)
18523: insert(0x8000303c)
18524: insert(0x800020c0)
18525: insert(0x8000c0da)
18526: insert(0x800030bc)
18527: insert(0x800070d6)
18528: insert(0x800030a8)
18529: insert(0x800070bc)
18530: insert(0x80004042)
18531: flush()
18532: insert(0x8000b076)
18533: flush_page(0x80000) returns false/false
18534: flush_page(0x80004) returns false/false
18535: insert(0x800070a6)
18536: insert(0x8000601a)
18537: flush_page(0x80000) returns false/false
18538: insert(0x8000b0d2)
18539: insert(0x8000a0be)
18540: insert(0x800040c2)
18541: insert(0x800080dc)
18542: flush()
18543: insert(0x8000a032)
18544: insert(0x8000b096)
18545: flush()
18546: insert(0x800080d2)
18547: insert(0x8000a0f4)
18548: flush_page(0x80005) returns false/false
18549: insert(0x80004068)
18550: insert(0x8000b038)
18551: flush_page(0x8000c) returns false/false
18552: flush_page(0x80004) returns true/true
18553: insert(0x800010b8)
18554: flush()
18555: flush_page(0x8000a) returns false/false
18556: insert(0x8000c0c4)
18557: insert(0x800070fc)
18558: insert(0x80006070)
18559: insert(0x800010c8)
18560: insert(0x8000c0c6)
18561: insert(0x80000008)
18562: flush()
18563: flush_page(0x8000a) returns false/false
18564: insert(0x80004072)
18565: insert(0x80003070)
18566: insert(0x8000b010)
18567: flush_page(0x8000b) returns true/true
18568: flush_page(0x80007) returns false/false
18569: insert(0x8000a020)
18570: insert(0x800050c4)
18571: insert(0x8000009a)
18572: insert(0x80007058)
18573: insert(0x80008046)
18574: flush()
18575: flush_page(0x8000a) returns false/false
18576: insert(0x800020f4)
18577: insert(0x800000c0)
18578: insert(0x8000307c)
18579: insert(0x800090f8)
18580: insert(0x8000b072)
18581: insert(0x800050ee)
18582: flush()
18583: flush_page(0x8000b) returns false/false
18584: insert(0x800080c8)
18585: insert(0x800070cc)
18586: insert(0x8000c05c)
18587: insert(0x800040cc)
18588: insert(0x800090ce)
18589: flush_page(0x8000b) returns false/false
18590: insert(0x800010de)
18591: flush_page(0x80006) returns false/false
18592: insert(0x8000c080)
18593: insert(0x80007018)
18594: insert(0x8000b0c6)
18595: insert(0x800050fa)
18596: flush_page(0x8000a) returns false/false
18597: insert(0x8000c08e)
18598: insert(0x800060f4)
18599: insert(0x80003072)
18600: flush_page(0x80004) returns true/false
18601: insert(0x800020e6)
18602: insert(0x8000808c)
18603: flush()
18604: insert(0x8000b098)
18605: insert(0x8000800a)
18606: insert(0x80008006)
18607: insert(0x80004052)
18608: insert(0x8000a0b0)
18609: insert(0x800020c0)
18610: flush_page(0x8000a) returns true/true
18611: insert(0x80001018)
18612: insert(0x80007090)
18613: insert(0x800000c6)
18614: insert(0x80007038)
18615: flush_page(0x80003) returns false/false
18616: flush_page(0x8000a) returns false/false
18617: insert(0x80009096)
18618: insert(0x80006088)
18619: flush_page(0x8000b) returns true/true
18620: insert(0x800000fa)
18621: insert(0x80007014)
18622: flush()
18623: insert(0x80001032)
18624: insert(0x800080d0)
18625: insert(0x800080ac)
18626: insert(0x800020e6)
18627: insert(0x80008040)
18628: flush()
18629: insert(0x80009076)
18630: insert(0x8000909c)
18631: flush_page(0x80004) returns false/false
18632: insert(0x8000b08a)
18633: insert(0x80009072)
18634: insert(0x800020e6)
18635: insert(0x800080aa)
18636: flush()
18637: insert(0x8000a00e)
18638: insert(0x80006006)
18639: insert(0x8000b094)
18640: flush_page(0x80000) returns false/false
18641: insert(0x800080a0)
18642: flush_page(0x8000b) returns true/true
18643: flush_page(0x80000) returns false/false
18644: insert(0x800090a4)
18645: insert(0x800040bc)
18646: insert(0x8000a0dc)
18647: insert(0x800030ae)
18648: insert(0x8000a0f0)
18649: insert(0x8000c0c0)
18650: insert(0x8000100a)
18651: insert(0x8000108c)
18652: flush_page(0x80002) returns false/false
18653: insert(0x80002068)
18654: insert(0x8000602c)
18655: flush_page(0x8000a) returns true/true
18656: flush_page(0x80002) returns true/true
18657: insert(0x80003098)
18658: insert(0x8000a036)
18659: insert(0x8000003c)
18660: flush()
18661: insert(0x80004014)
18662: insert(0x800030e8)
18663: insert(0x8000809c)
18664: insert(0x800050e4)
18665: insert(0x80009074)
18666: insert(0x800080c4)
18667: insert(0x80008076)
18668: insert(0x8000708e)
18669: insert(0x80008000)
18670: insert(0x8000b060)
18671: flush()
18672: insert(0x8000b0b2)
18673: insert(0x800070ea)
18674: insert(0x8000904c)
18675: insert(0x80000030)
18676: insert(0x80001058)
18677: flush()
18678: insert(0x8000805e)
18679: flush_page(0x80001) returns false/false
18680: insert(0x80004092)
18681: insert(0x8000c0fe)
18682: insert(0x80008010)
18683: flush_page(0x80000) returns false/false
18684: flush_page(0x80008) returns true/true
18685: insert(0x8000606e)
18686: insert(0x80007002)
18687: flush_page(0x80007) returns true/true
18688: flush_page(0x80001) returns false/false
18689: insert(0x8000a03e)
18690: insert(0x80009052)
18691: insert(0x800040ba)
18692: insert(0x8000b050)
18693: insert(0x80009096)
18694: insert(0x800000c2)
18695: insert(0x8000b07c)
18696: flush()
18697: insert(0x800000de)
18698: insert(0x800050fe)
18699: insert(0x8000b0ec)
18700: flush_page(0x80006) returns false/false
18701: flush_page(0x80006) returns false/false
18702: flush_page(0x80002) returns false/false
18703: flush_page(0x8000a) returns false/false
18704: insert(0x8000609a)
18705: insert(0x8000803e)
18706: flush()
18707: insert(0x80009004)
18708: insert(0x8000c0ee)
18709: insert(0x800080c2)
18710: flush_page(0x80005) returns false/false
18711: insert(0x800080f4)
18712: insert(0x80006092)
18713: insert(0x80000002)
18714: insert(0x800090c6)
18715: insert(0x80000012)
18716: insert(0x8000c00a)
18717: flush_page(0x80005) returns false/false
18718: insert(0x8000c06a)
18719: flush_page(0x80001) returns false/false
18720: insert(0x800080d4)
18721: insert(0x8000401c)
18722: insert(0x800060d8)
18723: insert(0x80008044)
18724: flush_page(0x80003) returns false/false
18725: insert(0x8000b03e)
18726: insert(0x80004086)
18727: flush()
18728: insert(0x80006018)
18729: flush_page(0x80001) returns false/false
18730: insert(0x80002002)
18731: insert(0x80003072)
18732: flush_page(0x80002) returns true/true
18733: insert(0x800040de)
18734: insert(0x800090c8)
18735: insert(0x800040c0)
18736: flush_page(0x8000b) returns false/false
18737: insert(0x800070d8)
18738: insert(0x8000907c)
18739: flush_page(0x80000) returns false/false
18740: insert(0x8000908a)
18741: flush_page(0x8000a) returns false/false
18742: insert(0x8000503a)
18743: flush_page(0x80007) returns true/true
18744: insert(0x80000034)
18745: flush_page(0x80005) returns true/true
18746: insert(0x8000300e)
18747: insert(0x8000206e)
18748: insert(0x800000bc)
18749: insert(0x80003092)
18750: insert(0x80006086)
18751: flush_page(0x80009) returns true/true
18752: insert(0x80008070)
18753: flush_page(0x80005) returns false/false
18754: insert(0x8000c098)
18755: insert(0x8000804a)
18756: flush_page(0x80008) returns true/true
18757: insert(0x8000101c)
18758: flush()
18759: flush_page(0x80001) returns false/false
18760: flush_page(0x8000c) returns false/false
18761: insert(0x8000c024)
18762: flush_page(0x8000b) returns false/false
18763: insert(0x8000906e)
18764: insert(0x80009088)
18765: flush_page(0x8000a) returns false/false
18766: insert(0x8000504e)
18767: insert(0x8000a052)
18768: insert(0x8000b0d4)
18769: insert(0x80008010)
18770: insert(0x800070a4)
18771: insert(0x8000c046)
18772: insert(0x8000408c)
18773: insert(0x80006046)
18774: insert(0x80002002)
18775: insert(0x8000608e)
18776: insert(0x800080d2)
18777: flush()
18778: insert(0x80005030)
18779: flush_page(0x80005) returns true/true
18780: insert(0x80004036)
18781: flush_page(0x80000) returns false/false
18782: insert(0x80003006)
18783: insert(0x8000606e)
18784: flush_page(0x80006) returns true/true
18785: insert(0x80000008)
18786: insert(0x800050c2)
18787: flush_page(0x80008) returns false/false
18788: flush_page(0x80003) returns true/true
18789: insert(0x8000a0d2)
18790: flush()
18791: flush()
18792: insert(0x8000a0a8)
18793: flush_page(0x80005) returns false/false
18794: flush_page(0x80006) returns false/false
18795: insert(0x800070e8)
18796: flush()
18797: insert(0x80000096)
18798: insert(0x8000b010)
18799: insert(0x80007090)
18800: flush()
18801: flush_page(0x80007) returns false/false
18802: insert(0x800020e2)
18803: insert(0x8000c072)
18804: insert(0x800030e6)
18805: insert(0x8000c008)
18806: insert(0x8000c06e)
18807: insert(0x8000b028)
18808: insert(0x80007074)
18809: insert(0x800020a8)
18810: insert(0x8000908e)
18811: flush()
18812: flush()
18813: insert(0x8000b000)
18814: insert(0x80002020)
18815: flush_page(0x80008) returns false/false
18816: insert(0x8000400c)
18817: insert(0x8000902e)
18818: flush_page(0x80005) returns false/false
18819: insert(0x800070f0)
18820: insert(0x8000b054)
18821: flush_page(0x80005) returns false/false
18822: insert(0x80003076)
18823: insert(0x8000c0b6)
18824: flush()
18825: flush()
18826: flush_page(0x80007) returns false/false
18827: insert(0x8000802c)
18828: insert(0x80007026)
18829: insert(0x800060fc)
18830: flush()
18831: insert(0x800010d0)
18832: flush_page(0x80001) returns true/true
18833: insert(0x8000406e)
18834: insert(0x80008042)
18835: insert(0x8000a08e)
18836: flush()
18837: insert(0x800030ba)
18838: insert(0x8000508e)
18839: insert(0x8000a02e)
18840: insert(0x80001068)
18841: insert(0x8000800e)
18842: flush_page(0x80006) returns false/false
18843: insert(0x800000f6)
18844: insert(0x800030bc)
18845: flush_page(0x80005) returns true/true
18846: insert(0x80009086)
18847: insert(0x800040bc)
18848: insert(0x80000080)
18849: insert(0x800040c4)
18850: flush_page(0x8000c) returns false/false
18851: insert(0x80008030)
18852: insert(0x80006002)
18853: insert(0x800040de)
18854: flush()
18855: insert(0x800050d4)
18856: flush_page(0x8000c) returns false/false
18857: insert(0x80006014)
18858: flush_page(0x80002) returns false/false
18859: flush_page(0x80002) returns false/false
18860: insert(0x8000b0a0)
18861: insert(0x8000407a)
18862: insert(0x800090d2)
18863: flush_page(0x80003) returns false/false
18864: insert(0x8000307c)
18865: flush_page(0x80001) returns false/false
18866: insert(0x80005074)
18867: insert(0x8000404a)
18868: insert(0x8000a01c)
18869: insert(0x8000704e)
18870: insert(0x8000b032)
18871: flush_page(0x8000b) returns true/true
18872: flush()
18873: insert(0x800040c8)
18874: flush_page(0x80001) returns false/false
18875: insert(0x800040b4)
18876: insert(0x8000500c)
18877: insert(0x800010b6)
18878: insert(0x8000505a)
18879: insert(0x8000c0f8)
18880: insert(0x800020ca)
18881: flush_page(0x8000a) returns false/false
18882: insert(0x800070e4)
18883: flush_page(0x8000b) returns false/false
18884: flush_page(0x8000a) returns false/false
18885: flush_page(0x8000c) returns true/true
18886: insert(0x8000408e)
18887: insert(0x80006098)
18888: insert(0x8000b05e)
18889: insert(0x800090f4)
18890: insert(0x8000b0fe)
18891: insert(0x80008082)
18892: insert(0x8000709a)
18893: insert(0x80003098)
18894: insert(0x80008050)
18895: flush_page(0x80004) returns true/true
18896: insert(0x80002048)
18897: insert(0x80006018)
18898: insert(0x80005004)
18899: insert(0x8000301e)
18900: insert(0x8000a098)
18901: insert(0x8000803a)
18902: insert(0x8000b062)
18903: flush_page(0x80000) returns false/false
18904: flush_page(0x80008) returns true/true
18905: insert(0x8000b00e)
18906: insert(0x8000006a)
18907: insert(0x8000b026)
18908: insert(0x8000a054)
18909: flush_page(0x80005) returns true/true
18910: insert(0x8000901e)
18911: insert(0x800060a0)
18912: insert(0x80005068)
18913: flush_page(0x8000a) returns true/true
18914: insert(0x800000aa)
18915: insert(0x800060de)
18916: insert(0x8000a07e)
18917: flush_page(0x80008) returns false/false
18918: insert(0x800080a8)
18919: flush_page(0x80008) returns true/true
18920: insert(0x8000a0a2)
18921: insert(0x8000c0c0)
18922: flush()
18923: flush()
18924: flush_page(0x80009) returns false/false
18925: insert(0x800090be)
18926: insert(0x8000a0ea)
18927: insert(0x8000b010)
18928: insert(0x8000108c)
18929: insert(0x800010de)
18930: insert(0x8000708c)
18931: insert(0x8000406c)
18932: insert(0x8000404e)
18933: insert(0x80002038)
18934: flush_page(0x80005) returns false/false
18935: flush()
18936: insert(0x80001002)
18937: insert(0x80009036)
18938: insert(0x8000b06e)
18939: insert(0x8000401a)
18940: insert(0x8000109c)
18941: insert(0x800020ae)
18942: flush_page(0x8000c) returns false/false
18943: insert(0x800090f6)
18944: insert(0x8000504a)
18945: insert(0x80001094)
18946: insert(0x8000a0d8)
18947: insert(0x8000201e)
18948: insert(0x8000c0c6)
18949: insert(0x800030ce)
18950: flush_page(0x80009) returns true/true
18951: insert(0x8000400e)
18952: insert(0x80004022)
18953: insert(0x80004028)
18954: flush_page(0x80003) returns true/true
18955: insert(0x800060bc)
18956: insert(0x80002064)
18957: insert(0x80002082)
18958: insert(0x8000c0e0)
18959: flush_page(0x80002) returns true/true
18960: flush_page(0x80001) returns true/false
18961: insert(0x800020b4)
18962: insert(0x8000c0ec)
18963: insert(0x8000a0aa)
18964: flush_page(0x80006) returns true/true
18965: flush()
18966: flush_page(0x80003) returns false/false
18967: insert(0x80009046)
18968: flush_page(0x80000) returns false/false
18969: flush_page(0x8000b) returns false/false
18970: insert(0x800090dc)
18971: flush_page(0x80002) returns false/false
18972: insert(0x800020bc)
18973: insert(0x800050c0)
18974: insert(0x8000101a)
18975: insert(0x80004028)
18976: insert(0x8000a0ea)
18977: insert(0x8000305a)
18978: insert(0x8000c042)
18979: flush()
18980: insert(0x8000900c)
18981: insert(0x80002024)
18982: insert(0x800040fc)
18983: insert(0x8000a0f8)
18984: insert(0x800000b6)
18985: insert(0x80004040)
18986: insert(0x8000805e)
18987: insert(0x80002002)
18988: insert(0x8000a09e)
18989: flush_page(0x8000b) returns false/false
18990: insert(0x8000a0f4)
18991: insert(0x800050e2)
18992: insert(0x80001018)
18993: flush_page(0x8000a) returns true/true
18994: insert(0x80001078)
18995: flush_page(0x80005) returns true/true
18996: insert(0x80009088)
18997: insert(0x80007056)
18998: insert(0x8000901a)
18999: insert(0x80005070)
19000: insert(0x800010ba)
19001: flush_page(0x80009) returns true/true
19002: flush_page(0x80004) returns true/true
19003: flush_page(0x80001) returns true/true
19004: insert(0x8000203c)
19005: insert(0x80006060)
19006: insert(0x8000c0d8)
19007: flush_page(0x80009) returns false/false
19008: insert(0x8000605a)
19009: flush_page(0x8000c) returns true/true
19010: insert(0x8000208a)
19011: insert(0x8000a0da)
19012: insert(0x8000507e)
19013: insert(0x80001068)
19014: insert(0x80008090)
19015: insert(0x800010be)
19016: flush()
19017: flush_page(0x80003) returns false/false
19018: flush_page(0x80004) returns false/false
19019: insert(0x8000008c)
19020: insert(0x8000c0dc)
19021: insert(0x8000b0a6)
19022: insert(0x80008064)
19023: flush_page(0x8000c) returns true/true
19024: insert(0x80009008)
19025: flush_page(0x8000a) returns false/false
19026: flush_page(0x80007) returns false/false
19027: insert(0x800020e2)
19028: flush()
19029: insert(0x80006032)
19030: insert(0x800080bc)
19031: insert(0x8000009e)
19032: insert(0x800050ca)
19033: flush_page(0x8000c) returns false/false
19034: insert(0x80006040)
19035: flush_page(0x8000b) returns false/false
19036: insert(0x8000b026)
19037: insert(0x800070d6)
19038: insert(0x80007072)
19039: insert(0x8000b07a)
19040: insert(0x8000b058)
19041: insert(0x8000309e)
19042: insert(0x8000b056)
19043: flush_page(0x8000b) returns true/true
19044: insert(0x80002010)
19045: flush_page(0x80007) returns true/false
19046: insert(0x80009000)
19047: flush_page(0x8000c) returns false/false
19048: insert(0x8000c07c)
19049: insert(0x80008006)
19050: insert(0x8000003e)
19051: insert(0x8000608a)
19052: insert(0x800020d6)
19053: insert(0x80006066)
19054: flush_page(0x80006) returns true/true
19055: flush_page(0x80005) returns true/true
19056: flush_page(0x80008) returns true/true
19057: insert(0x8000907c)
19058: insert(0x800020e8)
19059: insert(0x80005056)
19060: flush_page(0x80007) returns false/false
19061: flush_page(0x80003) returns true/false
19062: insert(0x8000b006)
19063: insert(0x8000509c)
19064: insert(0x8000a0ea)
19065: flush_page(0x80005) returns true/true
19066: insert(0x8000309a)
19067: flush_page(0x80005) returns false/false
19068: insert(0x8000c0d6)
19069: insert(0x8000703e)
19070: insert(0x8000c0a2)
19071: insert(0x8000c054)
19072: insert(0x80006066)
19073: flush_page(0x8000c) returns true/true
19074: flush_page(0x80001) returns false/false
19075: insert(0x80005010)
19076: flush_page(0x80006) returns true/true
19077: insert(0x800090a8)
19078: insert(0x800000b2)
19079: insert(0x8000c02e)
19080: insert(0x8000201a)
19081: insert(0x80009010)
19082: flush_page(0x80005) returns true/false
19083: flush_page(0x80001) returns false/false
19084: insert(0x800030c0)
19085: insert(0x8000100a)
19086: insert(0x8000904a)
19087: flush_page(0x80008) returns false/false
19088: insert(0x800030cc)
19089: flush_page(0x80005) returns false/false
19090: flush_page(0x80007) returns true/false
19091: insert(0x800090f0)
19092: insert(0x80004050)
19093: insert(0x800020c6)
19094: insert(0x8000b0be)
19095: flush_page(0x80007) returns false/false
19096: insert(0x80006040)
19097: insert(0x80004038)
19098: insert(0x8000c096)
19099: flush_page(0x80001) returns true/false
19100: insert(0x800020ce)
19101: insert(0x800000d8)
19102: insert(0x80001038)
19103: insert(0x8000c048)
19104: insert(0x800010e0)
19105: insert(0x8000807a)
19106: insert(0x8000506a)
19107: insert(0x8000a008)
19108: insert(0x8000b042)
19109: flush_page(0x80006) returns true/false
19110: flush_page(0x8000b) returns true/true
19111: insert(0x800080a0)
19112: insert(0x800010ce)
19113: flush()
19114: flush_page(0x80003) returns false/false
19115: insert(0x8000702c)
19116: insert(0x8000a022)
19117: insert(0x800010f8)
19118: insert(0x80009026)
19119: insert(0x800000b4)
19120: insert(0x8000c058)
19121: insert(0x800060ba)
19122: flush()
19123: insert(0x8000208e)
19124: insert(0x800000f2)
19125: insert(0x8000608e)
19126: insert(0x8000c012)
19127: flush_page(0x8000b) returns false/false
19128: flush_page(0x80009) returns false/false
19129: insert(0x800080c2)
19130: insert(0x80007058)
19131: flush_page(0x80009) returns false/false
19132: flush_page(0x80000) returns true/true
19133: insert(0x8000c03a)
19134: insert(0x8000c01a)
19135: insert(0x8000a03c)
19136: insert(0x8000c008)
19137: insert(0x80007050)
19138: flush_page(0x80000) returns false/false
19139: insert(0x8000c0f4)
19140: flush_page(0x80006) returns true/true
19141: insert(0x800060a4)
19142: insert(0x80007068)
19143: insert(0x80007042)
19144: insert(0x800000a6)
19145: insert(0x800070ea)
19146: flush_page(0x8000b) returns false/false
19147: insert(0x800010ba)
19148: insert(0x800080a8)
19149: insert(0x8000a052)
19150: insert(0x8000500a)
19151: insert(0x80006058)
19152: flush()
19153: insert(0x8000106c)
19154: insert(0x8000a038)
19155: insert(0x800060f4)
19156: flush_page(0x8000a) returns true/true
19157: flush_page(0x80002) returns false/false
19158: insert(0x8000c000)
19159: flush_page(0x80009) returns false/false
19160: insert(0x800040fe)
19161: flush_page(0x80001) returns true/true
19162: insert(0x800000dc)
19163: flush_page(0x80006) returns true/true
19164: insert(0x80009064)
19165: insert(0x800000a4)
19166: insert(0x8000b028)
19167: insert(0x80002054)
19168: insert(0x8000801e)
19169: insert(0x800010ee)
19170: insert(0x800020d4)
19171: flush()
19172: flush_page(0x8000a) returns false/false
19173: flush_page(0x8000a) returns false/false
19174: insert(0x8000b086)
19175: insert(0x80009058)
19176: insert(0x80001042)
19177: flush_page(0x8000c) returns false/false
19178: flush_page(0x80002) returns false/false
19179: insert(0x800040d2)
19180: insert(0x800080fa)
19181: flush_page(0x80000) returns false/false
19182: insert(0x800060d4)
19183: flush_page(0x8000a) returns false/false
19184: insert(0x800030b2)
19185: insert(0x800060a2)
19186: insert(0x80007038)
19187: insert(0x800030f2)
19188: insert(0x80009064)
19189: flush_page(0x80004) returns true/true
19190: insert(0x800030d0)
19191: insert(0x800020b8)
19192: insert(0x8000704c)
19193: flush_page(0x80008) returns true/false
19194: flush()
19195: flush_page(0x80003) returns false/false
19196: flush_page(0x80005) returns false/false
19197: insert(0x8000603c)
19198: insert(0x8000b03c)
19199: insert(0x800080d0)
19200: insert(0x8000707a)
19201: flush()
19202: insert(0x800040e8)
19203: insert(0x80008016)
19204: flush()
19205: insert(0x80001082)
19206: flush_page(0x80008) returns false/false
19207: insert(0x8000a0c4)
19208: flush_page(0x8000a) returns true/true
19209: insert(0x8000302e)
19210: insert(0x80006098)
19211: insert(0x80008008)
19212: insert(0x8000208a)
19213: insert(0x8000303a)
19214: flush_page(0x8000b) returns false/false
19215: flush()
19216: insert(0x800070b0)
19217: insert(0x80003082)
19218: insert(0x800050b8)
19219: insert(0x80005086)
19220: insert(0x8000a080)
19221: insert(0x800070a6)
19222: insert(0x8000b08a)
19223: flush()
19224: flush_page(0x80006) returns false/false
19225: insert(0x800020d2)
19226: insert(0x8000008c)
19227: flush()
19228: flush_page(0x80000) returns false/false
19229: insert(0x80009056)
19230: flush_page(0x8000a) returns false/false
19231: insert(0x8000b0f4)
19232: flush()
19233: flush_page(0x80004) returns false/false
19234: insert(0x8000802e)
19235: flush_page(0x8000c) returns false/false
19236: insert(0x8000b076)
19237: insert(0x8000704a)
19238: insert(0x8000905e)
19239: flush_page(0x8000b) returns true/true
19240: flush_page(0x8000c) returns false/false
19241: insert(0x80006072)
19242: flush()
19243: flush_page(0x80003) returns false/false
19244: insert(0x80003074)
19245: flush_page(0x80006) returns false/false
19246: insert(0x80005084)
19247: flush()
19248: insert(0x800000da)
19249: insert(0x8000100e)
19250: insert(0x8000a012)
19251: flush()
19252: insert(0x80009068)
19253: insert(0x8000a0f0)
19254: flush_page(0x80004) returns false/false
19255: flush_page(0x80009) returns true/true
19256: insert(0x8000209e)
19257: insert(0x800090a6)
19258: insert(0x8000303a)
19259: insert(0x800080e4)
19260: insert(0x80006022)
19261: insert(0x800040b0)
19262: insert(0x8000a062)
19263: insert(0x800090e2)
19264: insert(0x80008020)
19265: insert(0x80004090)
19266: insert(0x80003022)
19267: flush_page(0x80007) returns false/false
19268: insert(0x8000a042)
19269: flush_page(0x80009) returns true/true
19270: insert(0x80003022)
19271: insert(0x800020da)
19272: insert(0x800080bc)
19273: insert(0x80007044)
19274: insert(0x800060fe)
19275: flush_page(0x80001) returns false/false
19276: insert(0x8000b03e)
19277: insert(0x80008022)
19278: insert(0x800030ea)
19279: flush_page(0x80008) returns true/true
19280: insert(0x8000902c)
19281: flush()
19282: insert(0x800070ee)
19283: insert(0x8000c03a)
19284: insert(0x800070ce)
19285: insert(0x80004096)
19286: flush()
19287: insert(0x80002068)
19288: flush_page(0x80000) returns false/false
19289: insert(0x800040ca)
19290: insert(0x80005018)
19291: insert(0x800050ee)
19292: flush_page(0x80001) returns false/false
19293: insert(0x800090c4)
19294: insert(0x8000208c)
19295: insert(0x8000908a)
19296: insert(0x80008024)
19297: insert(0x80007030)
19298: flush()
19299: insert(0x80000066)
19300: insert(0x8000b0ea)
19301: insert(0x8000b086)
19302: flush()
19303: insert(0x80000014)
19304: insert(0x8000806e)
19305: insert(0x8000b0b2)
19306: insert(0x800050ca)
19307: insert(0x8000b00a)
19308: flush()
19309: insert(0x800090cc)
19310: flush_page(0x80004) returns false/false
19311: insert(0x8000b09a)
19312: insert(0x8000a0b4)
19313: insert(0x80003078)
19314: insert(0x8000906a)
19315: insert(0x80008088)
19316: insert(0x8000a030)
19317: insert(0x8000a05c)
19318: insert(0x80005006)
19319: insert(0x800020dc)
19320: flush()
19321: insert(0x80005076)
19322: insert(0x8000c0e4)
19323: insert(0x8000a04e)
19324: flush_page(0x80002) returns false/false
19325: insert(0x800010fc)
19326: insert(0x800070ce)
19327: flush_page(0x80003) returns false/false
19328: insert(0x80002006)
19329: insert(0x80003022)
19330: insert(0x8000b05c)
19331: flush_page(0x80005) returns true/true
19332: insert(0x8000300e)
19333: insert(0x8000b0b2)
19334: insert(0x800040f6)
19335: insert(0x8000708c)
19336: flush()
19337: insert(0x80008064)
19338: insert(0x8000b0ea)
19339: insert(0x8000902e)
19340: insert(0x8000b0f8)
19341: insert(0x8000b07e)
19342: insert(0x80009080)
19343: insert(0x8000008c)
19344: insert(0x8000c0b6)
19345: flush()
19346: insert(0x8000205e)
19347: insert(0x80001018)
19348: insert(0x80001030)
19349: insert(0x80005042)
19350: insert(0x8000c046)
19351: insert(0x8000c036)
19352: flush_page(0x80000) returns false/false
19353: insert(0x8000003c)
19354: insert(0x8000306c)
19355: insert(0x8000901a)
19356: insert(0x8000b0be)
19357: flush_page(0x80002) returns true/true
19358: insert(0x8000201e)
19359: insert(0x8000c010)
19360: flush_page(0x80009) returns true/true
19361: flush_page(0x80001) returns true/true
19362: insert(0x8000809a)
19363: insert(0x80002006)
19364: insert(0x80001064)
19365: insert(0x8000c07c)
19366: insert(0x80004028)
19367: insert(0x80006048)
19368: insert(0x8000c05c)
19369: flush_page(0x8000c) returns true/true
19370: insert(0x80005078)
19371: insert(0x80007034)
19372: flush_page(0x80003) returns true/false
19373: insert(0x8000101c)
19374: flush()
19375: insert(0x80003060)
19376: insert(0x800050ac)
19377: flush_page(0x8000b) returns false/false
19378: flush_page(0x8000c) returns false/false
19379: flush()
19380: flush_page(0x80003) returns false/false
19381: flush()
19382: insert(0x80000080)
19383: insert(0x80005024)
19384: flush_page(0x80003) returns false/false
19385: insert(0x80007006)
19386: insert(0x80004042)
19387: flush()
19388: insert(0x8000b008)
19389: flush_page(0x80006) returns false/false
19390: flush_page(0x80007) returns false/false
19391: flush_page(0x80007) returns false/false
19392: flush_page(0x80002) returns false/false
19393: insert(0x80008092)
19394: insert(0x8000c0dc)
19395: flush_page(0x8000b) returns true/true
19396: insert(0x800040fc)
19397: flush_page(0x80006) returns false/false
19398: insert(0x800020f6)
19399: insert(0x80003042)
19400: insert(0x800060aa)
19401: insert(0x8000c020)
19402: insert(0x800030ec)
19403: insert(0x800070e8)
19404: flush()
19405: insert(0x80009068)
19406: flush_page(0x80009) returns true/true
19407: insert(0x8000c0ec)
19408: insert(0x8000606c)
19409: flush()
19410: insert(0x800060b6)
19411: flush_page(0x80001) returns false/false
19412: insert(0x8000502e)
19413: insert(0x80001026)
19414: insert(0x800060ac)
19415: insert(0x800080ce)
19416: insert(0x80002022)
19417: insert(0x80003022)
19418: insert(0x8000b070)
19419: insert(0x800020a6)
19420: flush()
19421: flush()
19422: insert(0x80008012)
19423: flush()
19424: insert(0x8000003c)
19425: flush_page(0x8000b) returns false/false
19426: insert(0x800080d8)
19427: insert(0x8000906a)
19428: insert(0x8000a0a0)
19429: insert(0x80003070)
19430: insert(0x800010a0)
19431: insert(0x800010e0)
19432: flush_page(0x80005) returns false/false
19433: insert(0x80000082)
19434: insert(0x800040ca)
19435: insert(0x80003090)
19436: insert(0x8000b05c)
19437: insert(0x80000048)
19438: flush_page(0x80007) returns false/false
19439: insert(0x8000108a)
19440: insert(0x80004030)
19441: flush()
19442: flush_page(0x8000c) returns false/false
19443: insert(0x8000c0ec)
19444: insert(0x80009012)
19445: insert(0x80003030)
19446: flush_page(0x8000c) returns true/true
19447: insert(0x8000202a)
19448: flush_page(0x80003) returns true/true
19449: insert(0x8000903a)
19450: insert(0x8000302a)
19451: insert(0x8000b0d4)
19452: insert(0x80001010)
19453: insert(0x8000309a)
19454: insert(0x800020d6)
19455: flush_page(0x80005) returns false/false
19456: flush_page(0x80006) returns false/false
19457: insert(0x80001060)
19458: insert(0x800040f0)
19459: insert(0x80007056)
19460: flush_page(0x8000a) returns false/false
19461: flush_page(0x80005) returns false/false
19462: flush_page(0x80001) returns true/true
19463: insert(0x80000046)
19464: insert(0x800090c2)
19465: insert(0x800040da)
19466: insert(0x8000a066)
19467: insert(0x80007082)
19468: flush_page(0x80004) returns true/true
19469: insert(0x8000900e)
19470: insert(0x800000ec)
19471: insert(0x8000700a)
19472: flush_page(0x80009) returns true/true
19473: insert(0x8000207a)
19474: insert(0x8000604e)
19475: insert(0x800050d8)
19476: insert(0x80004004)
19477: flush_page(0x80005) returns true/true
19478: insert(0x8000a0c4)
19479: insert(0x8000206a)
19480: insert(0x800040d2)
19481: insert(0x80006066)
19482: insert(0x80001086)
19483: insert(0x80005090)
19484: insert(0x800020a8)
19485: insert(0x8000106c)
19486: flush_page(0x80000) returns true/true
19487: insert(0x80001084)
19488: flush()
19489: insert(0x8000101c)
19490: flush_page(0x80000) returns false/false
19491: insert(0x800060e0)
19492: insert(0x800030aa)
19493: insert(0x800060ec)
19494: insert(0x8000a066)
19495: flush_page(0x80004) returns false/false
19496: insert(0x8000708e)
19497: insert(0x800080f6)
19498: insert(0x80009086)
19499: insert(0x8000c0d0)
19500: insert(0x80003024)
19501: insert(0x800090ba)
19502: flush()
19503: insert(0x80003088)
19504: insert(0x8000803c)
19505: flush_page(0x80003) returns true/true
19506: insert(0x800070ba)
19507: insert(0x800070e4)
19508: insert(0x80009040)
19509: insert(0x80006014)
19510: flush_page(0x80005) returns false/false
19511: insert(0x80001054)
19512: insert(0x8000b0fe)
19513: insert(0x8000c028)
19514: insert(0x8000302c)
19515: insert(0x80009008)
19516: flush_page(0x80000) returns false/false
19517: flush()
19518: insert(0x800030de)
19519: insert(0x8000b070)
19520: insert(0x800050d8)
19521: insert(0x80009054)
19522: insert(0x80001078)
19523: insert(0x8000002c)
19524: flush_page(0x80001) returns true/true
19525: flush_page(0x8000b) returns true/true
19526: flush_page(0x80001) returns false/false
19527: insert(0x8000203e)
19528: flush()
19529: insert(0x8000904c)
19530: flush_page(0x80008) returns false/false
19531: flush_page(0x80009) returns true/true
19532: flush_page(0x80002) returns false/false
19533: insert(0x8000b03e)
19534: flush_page(0x8000a) returns false/false
19535: flush_page(0x8000c) returns false/false
19536: insert(0x800060b6)
19537: insert(0x80009008)
19538: insert(0x8000b0a6)
19539: flush_page(0x8000c) returns false/false
19540: insert(0x8000401c)
19541: flush_page(0x8000b) returns true/true
19542: insert(0x800020b4)
19543: insert(0x800030ba)
19544: flush_page(0x80008) returns false/false
19545: flush()
19546: insert(0x8000c00a)
19547: insert(0x8000005a)
19548: insert(0x8000b05a)
19549: flush()
19550: flush_page(0x80008) returns false/false
19551: insert(0x800060b2)
19552: flush_page(0x80008) returns false/false
19553: insert(0x8000b0f8)
19554: insert(0x800060c6)
19555: insert(0x800040cc)
19556: insert(0x8000005a)
19557: flush_page(0x80005) returns false/false
19558: flush()
19559: flush()
19560: insert(0x800040d2)
19561: flush_page(0x80005) returns false/false
19562: insert(0x8000c008)
19563: flush()
19564: flush()
19565: flush_page(0x80002) returns false/false
19566: insert(0x8000302a)
19567: insert(0x800060f8)
19568: insert(0x8000b0ca)
19569: flush()
19570: insert(0x80000078)
19571: insert(0x80007076)
19572: insert(0x8000905c)
19573: flush_page(0x80005) returns false/false
19574: flush_page(0x80000) returns true/true
19575: insert(0x8000c0c8)
19576: flush()
19577: insert(0x8000a09c)
19578: flush_page(0x80002) returns false/false
19579: flush_page(0x80005) returns false/false
19580: insert(0x8000a054)
19581: flush_page(0x80009) returns false/false
19582: flush_page(0x80009) returns false/false
19583: insert(0x80009062)
19584: insert(0x800020a0)
19585: flush_page(0x80004) returns false/false
19586: insert(0x80001056)
19587: flush_page(0x80003) returns false/false
19588: insert(0x8000309e)
19589: insert(0x80004062)
19590: flush_page(0x80007) returns false/false
19591: flush_page(0x80000) returns false/false
19592: flush()
19593: flush_page(0x80004) returns false/false
19594: flush_page(0x8000c) returns false/false
19595: flush_page(0x80005) returns false/false
19596: insert(0x8000001e)
19597: insert(0x800070e4)
19598: insert(0x8000a0e4)
19599: insert(0x800020cc)
19600: flush()
19601: insert(0x80001000)
19602: flush_page(0x8000b) returns false/false
19603: flush_page(0x80002) returns false/false
19604: insert(0x8000808a)
19605: insert(0x800010e0)
19606: insert(0x8000a0f8)
19607: flush_page(0x80004) returns false/false
19608: insert(0x80009050)
19609: insert(0x8000008c)
19610: insert(0x800080d4)
19611: insert(0x80009090)
19612: insert(0x800000c2)
19613: insert(0x800050ea)
19614: flush_page(0x80002) returns false/false
19615: insert(0x80009046)
19616: insert(0x80008046)
19617: insert(0x8000c0dc)
19618: insert(0x8000b0e0)
19619: insert(0x8000802c)
19620: insert(0x800030d4)
19621: flush_page(0x80001) returns true/true
19622: flush_page(0x80001) returns false/false
19623: flush()
19624: insert(0x80002036)
19625: flush_page(0x80005) returns false/false
19626: flush_page(0x8000c) returns false/false
19627: flush_page(0x80006) returns false/false
19628: insert(0x8000809c)
19629: insert(0x80008006)
19630: insert(0x80006030)
19631: flush_page(0x80007) returns false/false
19632: insert(0x8000b064)
19633: insert(0x8000a082)
19634: insert(0x80001042)
19635: insert(0x800090fc)
19636: insert(0x8000b046)
19637: insert(0x8000b0b4)
19638: insert(0x800010a0)
19639: flush()
19640: insert(0x800060ce)
19641: insert(0x8000a096)
19642: insert(0x8000905a)
19643: insert(0x80006028)
19644: insert(0x80009086)
19645: flush_page(0x80002) returns false/false
19646: flush_page(0x8000a) returns true/true
19647: flush_page(0x8000b) returns false/false
19648: insert(0x8000601a)
19649: insert(0x80009024)
19650: insert(0x800010fe)
19651: flush_page(0x80009) returns true/true
19652: flush_page(0x80008) returns false/false
19653: insert(0x8000308a)
19654: flush_page(0x80006) returns true/true
19655: insert(0x8000209c)
19656: flush_page(0x8000c) returns false/false
19657: insert(0x800060e0)
19658: flush_page(0x80000) returns false/false
19659: insert(0x80003024)
19660: insert(0x800020f4)
19661: flush()
19662: insert(0x800060d4)
19663: insert(0x8000602e)
19664: insert(0x80006082)
19665: insert(0x800000d8)
19666: insert(0x80005078)
19667: flush_page(0x80006) returns true/true
19668: insert(0x80009098)
19669: insert(0x800070b8)
19670: insert(0x800010de)
19671: insert(0x800020da)
19672: flush()
19673: insert(0x8000108c)
19674: insert(0x800050b6)
19675: flush_page(0x8000b) returns false/false
19676: insert(0x8000508a)
19677: flush_page(0x80006) returns false/false
19678: insert(0x8000b028)
19679: insert(0x8000b086)
19680: insert(0x8000c0e2)
19681: insert(0x800050ec)
19682: flush_page(0x80002) returns false/false
19683: flush_page(0x8000b) returns true/true
19684: insert(0x8000b012)
19685: insert(0x8000801e)
19686: insert(0x80005092)
19687: flush_page(0x80005) returns true/true
19688: insert(0x80003002)
19689: insert(0x8000a02a)
19690: insert(0x8000b0e4)
19691: insert(0x800030b8)
19692: flush()
19693: insert(0x8000200c)
19694: insert(0x80009014)
19695: insert(0x8000a09c)
19696: insert(0x8000a092)
19697: insert(0x80002016)
19698: flush_page(0x80000) returns false/false
19699: insert(0x8000b006)
19700: insert(0x8000b04a)
19701: flush_page(0x8000a) returns true/true
19702: flush_page(0x80005) returns false/false
19703: insert(0x800040e6)
19704: insert(0x800070ec)
19705: insert(0x8000a0ca)
19706: flush_page(0x80008) returns false/false
19707: insert(0x8000605e)
19708: flush_page(0x80009) returns true/true
19709: insert(0x800090cc)
19710: insert(0x80006012)
19711: flush()
19712: insert(0x800050b8)
19713: insert(0x80006062)
19714: insert(0x8000c0e8)
19715: insert(0x80002010)
19716: flush()
19717: insert(0x8000407e)
19718: insert(0x80002000)
19719: insert(0x800030b4)
19720: flush_page(0x80004) returns true/true
19721: flush()
19722: flush_page(0x8000b) returns false/false
19723: flush_page(0x8000c) returns false/false
19724: flush()
19725: flush_page(0x8000c) returns false/false
19726: insert(0x800080a0)
19727: insert(0x800070ca)
19728: insert(0x800080fe)
19729: insert(0x800020e8)
19730: insert(0x8000604a)
19731: insert(0x80005056)
19732: flush_page(0x80001) returns false/false
19733: insert(0x800090ec)
19734: flush_page(0x8000c) returns false/false
19735: insert(0x8000c014)
19736: insert(0x8000806e)
19737: insert(0x80001030)
19738: insert(0x800000fa)
19739: insert(0x800010a0)
19740: insert(0x8000a056)
19741: insert(0x8000c098)
19742: insert(0x80009026)
19743: insert(0x8000c04c)
19744: flush_page(0x8000c) returns true/true
19745: insert(0x8000104c)
19746: insert(0x8000901c)
19747: insert(0x80007042)
19748: insert(0x80009054)
19749: insert(0x800080c0)
19750: insert(0x80008052)
19751: insert(0x8000800c)
19752: flush_page(0x80009) returns true/true
19753: insert(0x800050ca)
19754: insert(0x80004082)
19755: insert(0x8000b020)
19756: insert(0x80008012)
19757: insert(0x800060b8)
19758: flush()
19759: insert(0x8000907e)
19760: insert(0x80003066)
19761: insert(0x8000b00e)
19762: flush_page(0x8000c) returns false/false
19763: flush()
19764: insert(0x800030a4)
19765: insert(0x80003040)
19766: insert(0x8000c050)
19767: flush_page(0x8000c) returns true/true
19768: insert(0x8000c07a)
19769: flush_page(0x80008) returns false/false
19770: flush()
19771: insert(0x8000c0ae)
19772: insert(0x800050be)
19773: insert(0x800050e6)
19774: insert(0x80000086)
19775: insert(0x8000704a)
19776: flush()
19777: insert(0x8000508e)
19778: insert(0x8000201c)
19779: insert(0x80003014)
19780: flush_page(0x8000c) returns false/false
19781: insert(0x80008050)
19782: insert(0x8000c078)
19783: insert(0x8000602e)
19784: insert(0x800080d6)
19785: insert(0x80003036)
19786: insert(0x800090e2)
19787: insert(0x80007062)
19788: insert(0x8000406c)
19789: insert(0x800040ea)
19790: insert(0x80002052)
19791: insert(0x800010da)
19792: insert(0x800030a6)
19793: flush_page(0x8000b) returns false/false
19794: flush()
19795: insert(0x80004006)
19796: insert(0x8000808c)
19797: flush_page(0x80007) returns false/false
19798: insert(0x8000b0dc)
19799: flush_page(0x8000c) returns false/false
19800: insert(0x800020da)
19801: flush_page(0x80002) returns true/true
19802: insert(0x8000a0e6)
19803: flush_page(0x80004) returns true/true
19804: insert(0x8000504e)
19805: insert(0x80002086)
19806: insert(0x80002068)
19807: flush_page(0x8000b) returns true/true
19808: flush_page(0x80009) returns false/false
19809: insert(0x800070aa)
19810: flush_page(0x80006) returns false/false
19811: insert(0x8000006e)
19812: insert(0x800080ae)
19813: insert(0x800060aa)
19814: flush_page(0x80004) returns false/false
19815: insert(0x80005090)
19816: insert(0x80007082)
19817: insert(0x8000a01c)
19818: insert(0x8000106c)
19819: insert(0x8000a0c2)
19820: insert(0x800010ea)
19821: insert(0x800040c4)
19822: insert(0x8000b0a2)
19823: insert(0x8000a034)
19824: insert(0x800090f8)
19825: insert(0x8000600a)
19826: insert(0x8000b09c)
19827: insert(0x80003008)
19828: insert(0x800000fc)
19829: insert(0x80009022)
19830: insert(0x800030d4)
19831: insert(0x800040bc)
19832: insert(0x8000b080)
19833: flush_page(0x80009) returns true/true
19834: insert(0x8000003a)
19835: insert(0x800070b0)
19836: flush_page(0x80006) returns true/false
19837: insert(0x80004082)
19838: flush_page(0x80001) returns true/false
19839: flush()
19840: insert(0x80009064)
19841: insert(0x80008048)
19842: insert(0x800050a8)
19843: insert(0x800060ee)
19844: insert(0x800030a2)
19845: flush()
19846: flush_page(0x8000b) returns false/false
19847: insert(0x8000b014)
19848: insert(0x8000a0fc)
19849: insert(0x80000098)
19850: insert(0x8000c086)
19851: insert(0x800020a0)
19852: insert(0x8000b002)
19853: insert(0x80005046)
19854: insert(0x8000807a)
19855: insert(0x80005006)
19856: flush_page(0x8000a) returns true/false
19857: insert(0x8000308e)
19858: flush()
19859: flush()
19860: insert(0x8000c066)
19861: insert(0x800080ce)
19862: insert(0x8000602c)
19863: flush_page(0x8000b) returns false/false
19864: flush_page(0x8000a) returns false/false
19865: insert(0x8000601a)
19866: insert(0x8000403e)
19867: insert(0x800010ca)
19868: flush_page(0x80009) returns false/false
19869: insert(0x8000b062)
19870: insert(0x800050a6)
19871: insert(0x8000c09c)
19872: flush_page(0x80003) returns false/false
19873: insert(0x800010b6)
19874: flush_page(0x80007) returns false/false
19875: flush_page(0x80004) returns true/true
19876: insert(0x80007082)
19877: insert(0x800030b2)
19878: insert(0x800090f2)
19879: insert(0x80003082)
19880: flush_page(0x80008) returns true/true
19881: insert(0x8000509a)
19882: insert(0x8000c086)
19883: insert(0x800000c4)
19884: flush_page(0x80009) returns true/true
19885: flush_page(0x8000b) returns true/false
19886: insert(0x8000200a)
19887: insert(0x8000b0ca)
19888: insert(0x800080ea)
19889: insert(0x800000ce)
19890: insert(0x800060dc)
19891: flush_page(0x80000) returns true/true
19892: insert(0x800030ee)
19893: insert(0x8000109c)
19894: flush_page(0x80005) returns true/false
19895: insert(0x80006028)
19896: insert(0x800070dc)
19897: flush()
19898: insert(0x8000405c)
19899: insert(0x80004046)
19900: insert(0x8000508c)
19901: insert(0x80005068)
19902: flush_page(0x80001) returns false/false
19903: flush_page(0x80005) returns true/true
19904: insert(0x80005014)
19905: flush_page(0x80001) returns false/false
19906: flush_page(0x80004) returns true/true
19907: insert(0x800040fe)
19908: flush_page(0x80008) returns false/false
19909: flush_page(0x80008) returns false/false
19910: insert(0x800090ea)
19911: insert(0x8000a0d4)
19912: insert(0x8000107a)
19913: insert(0x800000f4)
19914: flush_page(0x80000) returns true/true
19915: flush_page(0x80001) returns true/true
19916: flush_page(0x80000) returns false/false
19917: flush()
19918: insert(0x800090aa)
19919: insert(0x8000a0e6)
19920: insert(0x80009068)
19921: insert(0x800050ce)
19922: insert(0x800010f8)
19923: insert(0x8000c076)
19924: insert(0x800080c8)
19925: insert(0x8000309a)
19926: insert(0x8000c08a)
19927: insert(0x80003090)
19928: insert(0x8000c092)
19929: flush_page(0x8000a) returns true/true
19930: insert(0x8000c0bc)
19931: insert(0x80003082)
19932: insert(0x800080d0)
19933: insert(0x800000e0)
19934: flush_page(0x80009) returns true/true
19935: insert(0x8000b028)
19936: insert(0x800080b4)
19937: insert(0x800060a0)
19938: insert(0x8000b07a)
19939: insert(0x8000006a)
19940: flush_page(0x80004) returns false/false
19941: insert(0x8000c07e)
19942: insert(0x8000307c)
19943: insert(0x800040ae)
19944: insert(0x800080ce)
19945: insert(0x80005052)
19946: insert(0x80000050)
19947: insert(0x800010f0)
19948: flush_page(0x80004) returns true/true
19949: insert(0x8000004c)
19950: flush()
19951: flush()
19952: insert(0x800060e0)
19953: insert(0x800080c2)
19954: insert(0x80005020)
19955: flush_page(0x80000) returns false/false
19956: insert(0x80004080)
19957: flush()
19958: insert(0x8000c092)
19959: flush_page(0x80009) returns false/false
19960: insert(0x800010be)
19961: insert(0x800000be)
19962: flush_page(0x80008) returns false/false
19963: insert(0x8000001e)
19964: insert(0x80006024)
19965: flush_page(0x80005) returns false/false
19966: insert(0x8000900a)
19967: insert(0x80007068)
19968: insert(0x8000102e)
19969: insert(0x800000aa)
19970: flush_page(0x80008) returns false/false
19971: flush_page(0x80003) returns false/false
19972: insert(0x8000a050)
19973: flush()
19974: insert(0x800060a2)
19975: insert(0x800010b8)
19976: insert(0x800080bc)
19977: insert(0x8000404e)
19978: insert(0x800080a6)
19979: insert(0x80003064)
19980: insert(0x8000c082)
19981: insert(0x800050b6)
19982: flush()
19983: insert(0x80003086)
19984: flush_page(0x8000a) returns false/false
19985: insert(0x8000009a)
19986: insert(0x800010c8)
19987: insert(0x8000803c)
19988: insert(0x8000a05c)
19989: flush_page(0x80006) returns false/false
19990: insert(0x800040e0)
19991: flush_page(0x80006) returns false/false
19992: flush()
19993: flush()
19994: flush()
19995: insert(0x800070a2)
19996: insert(0x8000109e)
19997: insert(0x800090f0)
19998: flush()
19999: flush_page(0x80006) returns false/false
20000: flush()
20001: flush_page(0x80006) returns false/false
20002: insert(0x80006026)
20003: insert(0x800090c4)
20004: insert(0x800010a0)
20005: insert(0x8000a000)
20006: insert(0x800050e2)
20007: insert(0x8000c004)
20008: flush_page(0x8000c) returns true/true
20009: insert(0x80008066)
20010: insert(0x8000a062)
20011: flush_page(0x80007) returns false/false
20012: flush_page(0x80005) returns true/true
20013: flush_page(0x80007) returns false/false
20014: insert(0x800040ae)
20015: flush_page(0x80006) returns true/true
20016: flush_page(0x80006) returns false/false
20017: insert(0x80008076)
20018: insert(0x80005058)
20019: insert(0x8000b044)
20020: insert(0x800040a6)
20021: insert(0x8000b074)
20022: flush()
20023: insert(0x8000004a)
20024: insert(0x80003030)
20025: insert(0x80009060)
20026: flush()
20027: insert(0x8000b028)
20028: flush_page(0x80008) returns false/false
20029: insert(0x8000b094)
20030: flush()
20031: insert(0x80000076)
20032: insert(0x800040e2)
20033: insert(0x800080e4)
20034: flush_page(0x80000) returns true/true
20035: insert(0x8000106a)
20036: insert(0x8000807c)
20037: flush_page(0x80002) returns false/false
20038: insert(0x800070d8)
20039: insert(0x8000a070)
20040: flush_page(0x80009) returns false/false
20041: insert(0x80000006)
20042: insert(0x800010f4)
20043: insert(0x800040f6)
20044: insert(0x80006018)
20045: insert(0x8000b090)
20046: insert(0x80000076)
20047: insert(0x800060e2)
20048: insert(0x80002074)
20049: flush_page(0x80005) returns false/false
20050: flush()
20051: flush_page(0x8000a) returns false/false
20052: insert(0x80003004)
20053: flush_page(0x80000) returns false/false
20054: insert(0x800040ea)
20055: insert(0x800050aa)
20056: flush_page(0x80007) returns false/false
20057: insert(0x800030c6)
20058: insert(0x800000fa)
20059: flush_page(0x8000a) returns false/false
20060: insert(0x80009020)
20061: insert(0x80006042)
20062: insert(0x800070c0)
20063: flush_page(0x80009) returns true/true
20064: insert(0x80007086)
20065: flush()
20066: insert(0x800080b0)
20067: flush()
20068: insert(0x800070b6)
20069: flush()
20070: insert(0x80003096)
20071: insert(0x8000c010)
20072: flush_page(0x80006) returns false/false
20073: insert(0x8000208c)
20074: insert(0x8000b0ee)
20075: insert(0x8000304a)
20076: flush_page(0x80003) returns true/true
20077: insert(0x800040d0)
20078: insert(0x800040b8)
20079: insert(0x80001064)
20080: flush_page(0x80006) returns false/false
20081: flush_page(0x80009) returns false/false
20082: insert(0x800030e2)
20083: flush()
20084: insert(0x800010c6)
20085: flush_page(0x8000a) returns false/false
20086: flush_page(0x80008) returns false/false
20087: insert(0x80005094)
20088: insert(0x80007094)
20089: insert(0x8000704a)
20090: flush_page(0x80002) returns false/false
20091: flush()
20092: insert(0x80002082)
20093: flush_page(0x80006) returns false/false
20094: flush_page(0x8000a) returns false/false
20095: insert(0x8000c0fa)
20096: flush_page(0x80003) returns false/false
20097: flush_page(0x80006) returns false/false
20098: insert(0x8000a006)
20099: insert(0x8000703a)
20100: insert(0x800040b6)
20101: flush_page(0x80000) returns false/false
20102: flush_page(0x80007) returns true/true
20103: insert(0x80009088)
20104: insert(0x80008014)
20105: flush_page(0x80005) returns false/false
20106: insert(0x800000b8)
20107: insert(0x800030dc)
20108: insert(0x800060f4)
20109: insert(0x8000b034)
20110: insert(0x800060c2)
20111: flush_page(0x80005) returns false/false
20112: insert(0x8000a01e)
20113: flush_page(0x80000) returns true/false
20114: flush_page(0x80003) returns true/true
20115: insert(0x8000607e)
20116: insert(0x80007048)
20117: flush()
20118: insert(0x800060b8)
20119: flush()
20120: insert(0x80007070)
20121: flush_page(0x8000c) returns false/false
20122: flush_page(0x80009) returns false/false
20123: insert(0x80002046)
20124: flush_page(0x80006) returns false/false
20125: insert(0x8000a0be)
20126: flush_page(0x80003) returns false/false
20127: flush_page(0x80004) returns false/false
20128: insert(0x800080ca)
20129: flush_page(0x80006) returns false/false
20130: insert(0x80005044)
20131: insert(0x8000b080)
20132: insert(0x800010d8)
20133: insert(0x80003064)
20134: flush()
20135: flush()
20136: flush_page(0x8000c) returns false/false
20137: insert(0x80000090)
20138: insert(0x8000a042)
20139: flush_page(0x80004) returns false/false
20140: insert(0x8000700c)
20141: insert(0x80003012)
20142: insert(0x800030b2)
20143: insert(0x8000407c)
20144: insert(0x8000602a)
20145: flush_page(0x80007) returns true/true
20146: insert(0x80007000)
20147: flush_page(0x8000b) returns false/false
20148: insert(0x80002032)
20149: insert(0x8000003e)
20150: insert(0x80002014)
20151: insert(0x8000a0d2)
20152: insert(0x8000b022)
20153: insert(0x8000001e)
20154: flush_page(0x80008) returns false/false
20155: flush()
20156: insert(0x8000c028)
20157: insert(0x80004052)
20158: flush_page(0x8000b) returns false/false
20159: insert(0x800030ac)
20160: insert(0x8000509e)
20161: insert(0x80004058)
20162: flush_page(0x8000c) returns true/true
20163: insert(0x80003024)
20164: insert(0x800000b2)
20165: flush_page(0x8000b) returns false/false
20166: insert(0x80002068)
20167: insert(0x8000a0f0)
20168: insert(0x80002054)
20169: flush_page(0x80000) returns true/true
20170: flush()
20171: insert(0x800020a2)
20172: flush_page(0x8000a) returns false/false
20173: flush_page(0x80007) returns false/false
20174: insert(0x80009074)
20175: flush_page(0x80001) returns false/false
20176: insert(0x800050da)
20177: insert(0x8000c056)
20178: flush_page(0x80003) returns false/false
20179: insert(0x8000c050)
20180: insert(0x800040e2)
20181: insert(0x8000609e)
20182: flush_page(0x8000a) returns false/false
20183: insert(0x800060fe)
20184: insert(0x8000b0b8)
20185: flush_page(0x8000a) returns false/false
20186: insert(0x80008010)
20187: flush_page(0x8000a) returns false/false
20188: insert(0x80002032)
20189: insert(0x80005008)
20190: flush()
20191: insert(0x8000a0b8)
20192: insert(0x800030d4)
20193: insert(0x80006040)
20194: insert(0x800060de)
20195: flush()
20196: insert(0x80004072)
20197: insert(0x80007028)
20198: insert(0x800040fc)
20199: insert(0x800090a0)
20200: flush_page(0x80006) returns false/false
20201: insert(0x800060d2)
20202: flush_page(0x8000a) returns false/false
20203: insert(0x8000c060)
20204: insert(0x800090ba)
20205: flush_page(0x80007) returns true/true
20206: insert(0x800090ac)
20207: insert(0x800050a2)
20208: flush_page(0x80005) returns true/true
20209: insert(0x80003038)
20210: insert(0x80000064)
20211: insert(0x800010c6)
20212: insert(0x800040aa)
20213: insert(0x8000007a)
20214: flush_page(0x80008) returns false/false
20215: insert(0x8000202e)
20216: insert(0x80003064)
20217: insert(0x80004036)
20218: insert(0x80002066)
20219: insert(0x800050be)
20220: flush()
20221: flush_page(0x80000) returns false/false
20222: insert(0x80003054)
20223: insert(0x8000a08c)
20224: insert(0x8000104c)
20225: insert(0x8000603e)
20226: insert(0x800050f0)
20227: insert(0x8000c042)
20228: insert(0x80009030)
20229: insert(0x800020ce)
20230: flush_page(0x80007) returns false/false
20231: insert(0x80006076)
20232: flush_page(0x8000a) returns true/true
20233: insert(0x8000606a)
20234: insert(0x800050a8)
20235: insert(0x800090ba)
20236: flush_page(0x80003) returns true/true
20237: flush_page(0x80005) returns true/true
20238: insert(0x800030b0)
20239: insert(0x8000a0aa)
20240: flush_page(0x8000b) returns false/false
20241: flush_page(0x80005) returns false/false
20242: insert(0x80000066)
20243: flush_page(0x80003) returns true/true
20244: insert(0x8000403a)
20245: insert(0x8000001a)
20246: insert(0x8000206e)
20247: insert(0x80003000)
20248: insert(0x80008004)
20249: insert(0x8000c0a8)
20250: insert(0x80003088)
20251: flush_page(0x80009) returns true/true
20252: insert(0x800020fa)
20253: flush_page(0x8000c) returns true/true
20254: insert(0x800000de)
20255: insert(0x8000c0c6)
20256: insert(0x8000a08c)
20257: insert(0x8000c0ba)
20258: insert(0x8000c0c0)
20259: insert(0x8000b0a6)
20260: insert(0x8000603c)
20261: insert(0x80009062)
20262: insert(0x8000a052)
20263: insert(0x800060e2)
20264: insert(0x80009004)
20265: flush()
20266: insert(0x8000b0fe)
20267: insert(0x8000a070)
20268: flush_page(0x80004) returns false/false
20269: insert(0x8000b028)
20270: flush_page(0x80004) returns false/false
20271: insert(0x8000a08e)
20272: flush_page(0x80000) returns false/false
20273: insert(0x8000a0cc)
20274: insert(0x800070a8)
20275: insert(0x800090de)
20276: flush_page(0x8000b) returns true/true
20277: insert(0x80005032)
20278: insert(0x8000002a)
20279: insert(0x8000a014)
20280: flush_page(0x80001) returns false/false
20281: insert(0x8000b01e)
20282: flush_page(0x80004) returns false/false
20283: flush_page(0x80006) returns false/false
20284: insert(0x8000c0d6)
20285: flush()
20286: insert(0x800050be)
20287: flush_page(0x8000a) returns false/false
20288: insert(0x800050da)
20289: flush_page(0x80008) returns false/false
20290: insert(0x80006020)
20291: insert(0x80008082)
20292: insert(0x8000307c)
20293: insert(0x8000307a)
20294: insert(0x800050ec)
20295: insert(0x80002048)
20296: insert(0x800030dc)
20297: flush_page(0x80002) returns true/true
20298: insert(0x8000407a)
20299: insert(0x80002000)
20300: insert(0x80000094)
20301: insert(0x8000701c)
20302: flush()
20303: flush_page(0x80002) returns false/false
20304: insert(0x80004018)
20305: insert(0x8000106c)
20306: insert(0x80001066)
20307: insert(0x8000c080)
20308: flush_page(0x80006) returns false/false
20309: insert(0x800030a8)
20310: flush_page(0x80006) returns false/false
20311: insert(0x8000b062)
20312: insert(0x8000b094)
20313: flush_page(0x80003) returns true/true
20314: insert(0x80008016)
20315: insert(0x80000062)
20316: insert(0x800090e6)
20317: flush_page(0x80004) returns true/true
20318: insert(0x800040ec)
20319: insert(0x800000d8)
20320: flush()
20321: flush_page(0x80006) returns false/false
20322: insert(0x800050fc)
20323: insert(0x80009080)
20324: insert(0x800020ba)
20325: insert(0x80006002)
20326: insert(0x8000c042)
20327: insert(0x8000c058)
20328: insert(0x80008098)
20329: insert(0x80001072)
20330: insert(0x8000b006)
20331: flush()
20332: insert(0x800010f8)
20333: insert(0x80004062)
20334: flush()
20335: flush()
20336: flush_page(0x80006) returns false/false
20337: insert(0x80003086)
20338: flush_page(0x80001) returns false/false
20339: flush()
20340: flush_page(0x80007) returns false/false
20341: insert(0x8000705a)
20342: flush_page(0x80005) returns false/false
20343: insert(0x800080ae)
20344: flush()
20345: insert(0x8000b018)
20346: insert(0x8000908e)
20347: insert(0x8000707e)
20348: flush_page(0x80009) returns true/true
20349: flush()
20350: insert(0x800010a8)
20351: flush_page(0x80000) returns false/false
20352: insert(0x800070bc)
20353: insert(0x800000d0)
20354: insert(0x800080a2)
20355: insert(0x8000002e)
20356: insert(0x800070f8)
20357: insert(0x800050fa)
20358: insert(0x8000804c)
20359: insert(0x80002078)
20360: flush_page(0x8000b) returns false/false
20361: insert(0x800090ca)
20362: flush_page(0x80009) returns true/true
20363: insert(0x8000003a)
20364: insert(0x800060c6)
20365: insert(0x800060b4)
20366: insert(0x800030bc)
20367: flush_page(0x80004) returns false/false
20368: insert(0x800050d4)
20369: insert(0x800090ca)
20370: flush_page(0x80001) returns true/false
20371: insert(0x8000308a)
20372: insert(0x8000c032)
20373: flush_page(0x80008) returns true/false
20374: insert(0x800060ee)
20375: insert(0x800050de)
20376: flush_page(0x80000) returns true/false
20377: insert(0x8000a03a)
20378: insert(0x8000b050)
20379: insert(0x8000a002)
20380: flush_page(0x80004) returns false/false
20381: insert(0x800000d2)
20382: flush()
20383: insert(0x8000c0ec)
20384: insert(0x8000202c)
20385: flush_page(0x8000c) returns true/true
20386: insert(0x800000e8)
20387: insert(0x80001032)
20388: insert(0x800030c4)
20389: flush_page(0x8000c) returns false/false
20390: insert(0x80006000)
20391: insert(0x8000702c)
20392: insert(0x800070b8)
20393: insert(0x800050f8)
20394: insert(0x8000c016)
20395: insert(0x8000a05c)
20396: insert(0x80003062)
20397: flush_page(0x80006) returns true/true
20398: insert(0x8000307c)
20399: insert(0x800030f6)
20400: flush_page(0x80000) returns true/true
20401: flush()
20402: insert(0x800090d6)
20403: insert(0x80005002)
20404: flush_page(0x80007) returns false/false
20405: insert(0x80000056)
20406: flush()
20407: insert(0x8000806a)
20408: insert(0x80006080)
20409: flush_page(0x80002) returns false/false
20410: flush_page(0x80005) returns false/false
20411: insert(0x80000092)
20412: flush_page(0x80002) returns false/false
20413: insert(0x80004010)
20414: flush_page(0x80001) returns false/false
20415: insert(0x800060a8)
20416: insert(0x8000008a)
20417: insert(0x80006046)
20418: insert(0x8000c068)
20419: flush_page(0x80006) returns true/true
20420: insert(0x8000408e)
20421: insert(0x80005060)
20422: insert(0x800070d4)
20423: insert(0x80005076)
20424: insert(0x80007004)
20425: insert(0x800010be)
20426: insert(0x80005094)
20427: insert(0x80009092)
20428: insert(0x80001074)
20429: flush_page(0x80004) returns true/true
20430: insert(0x800020d8)
20431: insert(0x80007062)
20432: insert(0x80007012)
20433: insert(0x8000b020)
20434: insert(0x800000a6)
20435: insert(0x8000b0f0)
20436: flush_page(0x80001) returns true/true
20437: insert(0x80008012)
20438: flush_page(0x80000) returns true/true
20439: flush_page(0x80009) returns true/false
20440: flush()
20441: insert(0x800050b2)
20442: insert(0x800080c6)
20443: flush_page(0x80007) returns false/false
20444: flush_page(0x80001) returns false/false
20445: insert(0x80009014)
20446: flush_page(0x8000c) returns false/false
20447: flush()
20448: flush()
20449: flush_page(0x80009) returns false/false
20450: flush_page(0x80005) returns false/false
20451: insert(0x800060f8)
20452: flush_page(0x80001) returns false/false
20453: insert(0x80000032)
20454: flush_page(0x80001) returns false/false
20455: insert(0x80002034)
20456: flush()
20457: flush()
20458: flush()
20459: insert(0x8000b0ae)
20460: flush_page(0x80008) returns false/false
20461: insert(0x800000ae)
20462: insert(0x8000c0a6)
20463: flush_page(0x80004) returns false/false
20464: insert(0x8000b0ec)
20465: flush_page(0x8000c) returns true/true
20466: insert(0x8000b008)
20467: insert(0x80004042)
20468: flush_page(0x80005) returns false/false
20469: insert(0x80008076)
20470: flush_page(0x80007) returns false/false
20471: insert(0x80000074)
20472: insert(0x8000a05e)
20473: flush_page(0x80007) returns false/false
20474: flush_page(0x80009) returns false/false
20475: flush_page(0x8000a) returns true/true
20476: insert(0x8000601e)
20477: insert(0x8000b00c)
20478: insert(0x8000700e)
20479: insert(0x8000a036)
20480: flush_page(0x80001) returns false/false
20481: flush()
20482: insert(0x8000c068)
20483: insert(0x800000a0)
20484: insert(0x8000b03a)
20485: insert(0x800090c8)
20486: insert(0x800070d0)
20487: insert(0x80008090)
20488: insert(0x8000c048)
20489: insert(0x800030d4)
20490: insert(0x8000b020)
20491: insert(0x8000a01e)
20492: flush()
20493: insert(0x800070dc)
20494: insert(0x8000600e)
20495: insert(0x8000101e)
20496: flush_page(0x80008) returns false/false
20497: insert(0x8000a082)
20498: insert(0x8000003c)
20499: flush_page(0x80004) returns false/false
20500: insert(0x8000a014)
20501: flush()
20502: insert(0x80002044)
20503: insert(0x8000401c)
20504: insert(0x8000501c)
20505: insert(0x8000103e)
20506: insert(0x8000c082)
20507: flush_page(0x80007) returns false/false
20508: flush_page(0x80002) returns true/true
20509: flush_page(0x8000c) returns true/true
20510: insert(0x8000c092)
20511: insert(0x800090da)
20512: insert(0x800010ee)
20513: flush_page(0x80004) returns true/true
20514: flush_page(0x80000) returns false/false
20515: insert(0x800030aa)
20516: insert(0x8000b052)
20517: insert(0x8000001e)
20518: insert(0x80001060)
20519: flush_page(0x80002) returns false/false
20520: insert(0x8000801a)
20521: insert(0x80003062)
20522: insert(0x8000a0b0)
20523: flush_page(0x80000) returns true/true
20524: insert(0x80002092)
20525: insert(0x800060d2)
20526: insert(0x80003076)
20527: insert(0x8000601a)
20528: flush_page(0x80009) returns true/true
20529: insert(0x8000006c)
20530: insert(0x800070b2)
20531: insert(0x8000c0f8)
20532: flush()
20533: insert(0x8000a078)
20534: flush_page(0x80007) returns false/false
20535: flush_page(0x80005) returns false/false
20536: insert(0x80009044)
20537: insert(0x8000401c)
20538: flush_page(0x80000) returns false/false
20539: flush_page(0x80006) returns false/false
20540: insert(0x80003076)
20541: insert(0x800080ca)
20542: flush_page(0x80005) returns false/false
20543: flush_page(0x80001) returns false/false
20544: insert(0x8000400e)
20545: insert(0x800080f8)
20546: insert(0x80003026)
20547: insert(0x8000a030)
20548: flush_page(0x8000c) returns false/false
20549: flush_page(0x80006) returns false/false
20550: flush_page(0x80009) returns true/true
20551: flush()
20552: insert(0x800070f8)
20553: flush_page(0x80007) returns true/true
20554: insert(0x8000401a)
20555: insert(0x8000b05a)
20556: insert(0x8000908e)
20557: insert(0x800000fa)
20558: insert(0x8000c086)
20559: insert(0x8000b038)
20560: insert(0x80008012)
20561: flush_page(0x80000) returns true/true
20562: insert(0x8000404a)
20563: insert(0x8000c0d4)
20564: insert(0x8000701e)
20565: flush_page(0x8000a) returns false/false
20566: insert(0x8000b00c)
20567: insert(0x800040d6)
20568: insert(0x80007070)
20569: insert(0x8000b088)
20570: insert(0x8000c08a)
20571: flush_page(0x80004) returns true/true
20572: flush_page(0x80007) returns true/true
20573: flush_page(0x80003) returns false/false
20574: insert(0x800050f4)
20575: flush()
20576: insert(0x80007032)
20577: insert(0x800040e2)
20578: insert(0x80007032)
20579: flush_page(0x80001) returns false/false
20580: insert(0x8000208a)
20581: insert(0x8000202c)
20582: flush_page(0x8000c) returns false/false
20583: insert(0x8000c03c)
20584: insert(0x8000402e)
20585: insert(0x80004068)
20586: insert(0x800000ae)
20587: flush_page(0x80007) returns true/true
20588: insert(0x8000a066)
20589: insert(0x80009074)
20590: insert(0x80009008)
20591: insert(0x8000308a)
20592: insert(0x8000207c)
20593: insert(0x8000b0c8)
20594: flush_page(0x80007) returns false/false
20595: insert(0x8000b04c)
20596: insert(0x8000902a)
20597: insert(0x80003000)
20598: insert(0x8000b0e4)
20599: flush_page(0x8000c) returns true/true
20600: insert(0x80000048)
20601: insert(0x8000208e)
20602: insert(0x80009076)
20603: insert(0x80002034)
20604: flush_page(0x80009) returns true/true
20605: insert(0x80003068)
20606: insert(0x8000306a)
20607: insert(0x80004024)
20608: insert(0x80009034)
20609: insert(0x8000501a)
20610: insert(0x8000c032)
20611: insert(0x800000c0)
20612: insert(0x80000002)
20613: insert(0x8000a05e)
20614: insert(0x800080d8)
20615: flush()
20616: insert(0x800020a4)
20617: flush()
20618: insert(0x800050ca)
20619: insert(0x800060b0)
20620: flush_page(0x80009) returns false/false
20621: insert(0x80001058)
20622: insert(0x800010ee)
20623: insert(0x800000a0)
20624: flush_page(0x8000c) returns false/false
20625: flush_page(0x8000c) returns false/false
20626: insert(0x800050a4)
20627: flush_page(0x80007) returns false/false
20628: insert(0x800000aa)
20629: insert(0x800070e6)
20630: insert(0x800030a6)
20631: flush_page(0x8000c) returns false/false
20632: flush_page(0x80004) returns false/false
20633: insert(0x80001030)
20634: insert(0x8000905a)
20635: flush_page(0x80009) returns true/true
20636: insert(0x800010a0)
20637: flush()
20638: flush()
20639: flush_page(0x8000b) returns false/false
20640: flush_page(0x80001) returns false/false
20641: flush_page(0x8000a) returns false/false
20642: flush_page(0x80006) returns false/false
20643: insert(0x8000b01a)
20644: insert(0x800020b2)
20645: insert(0x800030cc)
20646: flush_page(0x80005) returns false/false
20647: insert(0x80005082)
20648: insert(0x8000506a)
20649: flush_page(0x80001) returns false/false
20650: insert(0x8000209a)
20651: insert(0x8000404c)
20652: insert(0x80000076)
20653: flush_page(0x80000) returns true/true
20654: flush_page(0x80001) returns false/false
20655: insert(0x80002072)
20656: insert(0x800040fe)
20657: insert(0x80008042)
20658: insert(0x8000200c)
20659: insert(0x8000b01e)
20660: insert(0x8000105c)
20661: flush_page(0x80000) returns false/false
20662: insert(0x8000a096)
20663: flush_page(0x80000) returns false/false
20664: insert(0x80003054)
20665: insert(0x8000606e)
20666: flush_page(0x80004) returns true/true
20667: insert(0x8000405e)
20668: insert(0x800020b8)
20669: flush_page(0x80004) returns true/false
20670: insert(0x800020dc)
20671: insert(0x80001024)
20672: insert(0x8000002a)
20673: flush_page(0x80004) returns false/false
20674: flush_page(0x80002) returns true/true
20675: insert(0x8000b0d4)
20676: insert(0x800000de)
20677: flush_page(0x80007) returns false/false
20678: insert(0x80007078)
20679: flush_page(0x80007) returns true/true
20680: insert(0x8000b04e)
20681: flush_page(0x80000) returns true/true
20682: insert(0x8000b0ca)
20683: insert(0x8000b0ea)
20684: insert(0x8000101a)
20685: flush_page(0x80000) returns false/false
20686: flush()
20687: flush_page(0x8000b) returns false/false
20688: insert(0x800010cc)
20689: insert(0x8000205a)
20690: insert(0x8000c04a)
20691: flush_page(0x80001) returns true/true
20692: insert(0x800030e6)
20693: insert(0x800060ca)
20694: insert(0x8000c088)
20695: flush_page(0x80003) returns true/true
20696: insert(0x80008050)
20697: flush_page(0x80003) returns false/false
20698: insert(0x8000c06c)
20699: flush_page(0x8000b) returns false/false
20700: insert(0x80001020)
20701: insert(0x8000a074)
20702: flush_page(0x80007) returns false/false
20703: flush_page(0x80007) returns false/false
20704: insert(0x8000700a)
20705: flush_page(0x80005) returns false/false
20706: insert(0x80000082)
20707: insert(0x8000c0fe)
20708: insert(0x8000b0a4)
20709: insert(0x8000b034)
20710: insert(0x8000a0ae)
20711: flush_page(0x8000a) returns true/true
20712: flush_page(0x80002) returns true/false
20713: flush_page(0x80004) returns false/false
20714: flush_page(0x80009) returns false/false
20715: insert(0x80001004)
20716: insert(0x80009016)
20717: insert(0x8000a0c8)
20718: flush_page(0x80002) returns false/false
20719: insert(0x8000b058)
20720: insert(0x8000a042)
20721: insert(0x800050fa)
20722: flush()
20723: insert(0x8000008a)
20724: insert(0x8000c02e)
20725: flush_page(0x8000c) returns true/true
20726: flush_page(0x80000) returns true/true
20727: flush_page(0x80007) returns false/false
20728: insert(0x800080aa)
20729: insert(0x800080b8)
20730: insert(0x8000a07e)
20731: insert(0x800020e4)
20732: flush()
20733: flush_page(0x8000c) returns false/false
20734: insert(0x800070ce)
20735: insert(0x800050c4)
20736: insert(0x8000b0c8)
20737: insert(0x800060e0)
20738: flush_page(0x80000) returns false/false
20739: insert(0x8000a044)
20740: insert(0x8000c04a)
20741: insert(0x800030b0)
20742: insert(0x8000a0ba)
20743: flush_page(0x80003) returns true/true
20744: insert(0x8000c0f4)
20745: insert(0x8000b0f8)
20746: insert(0x80005096)
20747: insert(0x800060c4)
20748: insert(0x8000005a)
20749: insert(0x8000b02e)
20750: insert(0x800000d2)
20751: insert(0x8000604a)
20752: insert(0x8000909a)
20753: insert(0x800070d6)
20754: flush_page(0x80005) returns true/true
20755: insert(0x8000003a)
20756: insert(0x8000a0ae)
20757: flush_page(0x80003) returns false/false
20758: insert(0x80006076)
20759: insert(0x80004060)
20760: insert(0x8000a0fc)
20761: insert(0x800000d0)
20762: flush()
20763: flush_page(0x80005) returns false/false
20764: flush_page(0x80006) returns false/false
20765: insert(0x8000903e)
20766: insert(0x8000108e)
20767: insert(0x800080ea)
20768: insert(0x8000a0f0)
20769: insert(0x8000b0f4)
20770: insert(0x80004038)
20771: flush_page(0x80001) returns true/true
20772: insert(0x80001092)
20773: insert(0x800080ee)
20774: flush_page(0x80003) returns false/false
20775: insert(0x8000a0aa)
20776: insert(0x80000044)
20777: insert(0x80009034)
20778: insert(0x8000a04c)
20779: insert(0x800090b4)
20780: insert(0x8000303a)
20781: insert(0x80000070)
20782: insert(0x800000c4)
20783: insert(0x80002074)
20784: insert(0x800060be)
20785: insert(0x80006036)
20786: insert(0x80002060)
20787: insert(0x8000105c)
20788: flush_page(0x80005) returns false/false
20789: insert(0x800030c6)
20790: insert(0x8000301e)
20791: insert(0x800010f6)
20792: insert(0x80004060)
20793: insert(0x800020a2)
20794: insert(0x8000605c)
20795: flush_page(0x80001) returns true/true
20796: insert(0x800040ae)
20797: flush()
20798: insert(0x800000d6)
20799: insert(0x8000905c)
20800: flush_page(0x8000b) returns false/false
20801: flush_page(0x80006) returns false/false
20802: insert(0x800030cc)
20803: flush_page(0x80009) returns true/true
20804: insert(0x8000c00c)
20805: flush_page(0x80007) returns false/false
20806: flush_page(0x80001) returns false/false
20807: insert(0x80009050)
20808: flush_page(0x80005) returns false/false
20809: insert(0x800050d6)
20810: insert(0x80004000)
20811: insert(0x8000b05a)
20812: insert(0x8000003a)
20813: insert(0x80003018)
20814: insert(0x800070b4)
20815: insert(0x8000401a)
20816: insert(0x8000605a)
20817: flush_page(0x8000b) returns true/true
20818: insert(0x8000404e)
20819: flush_page(0x8000b) returns false/false
20820: flush_page(0x80007) returns true/true
20821: insert(0x8000c06a)
20822: insert(0x8000000c)
20823: insert(0x80007054)
20824: insert(0x8000600e)
20825: insert(0x8000304e)
20826: flush()
20827: insert(0x80001058)
20828: insert(0x80009036)
20829: insert(0x800030d4)
20830: insert(0x80000060)
20831: insert(0x8000b01a)
20832: insert(0x800010b6)
20833: insert(0x8000105c)
20834: insert(0x8000b034)
20835: insert(0x800030b0)
20836: flush_page(0x80000) returns true/true
20837: flush()
20838: insert(0x8000008c)
20839: insert(0x80008014)
20840: insert(0x8000006a)
20841: insert(0x80001086)
20842: flush_page(0x80000) returns true/true
20843: insert(0x8000c0e0)
20844: flush_page(0x80002) returns false/false
20845: insert(0x80003084)
20846: insert(0x8000c026)
20847: insert(0x80008032)
20848: insert(0x800030f4)
20849: insert(0x800010de)
20850: insert(0x8000b070)
20851: flush_page(0x8000c) returns true/true
20852: insert(0x8000a0ac)
20853: flush_page(0x8000b) returns true/true
20854: insert(0x800060cc)
20855: flush_page(0x80008) returns true/true
20856: insert(0x800060e6)
20857: insert(0x8000b00c)
20858: insert(0x800020dc)
20859: insert(0x80008030)
20860: insert(0x8000804e)
20861: insert(0x800070b4)
20862: insert(0x80001070)
20863: flush_page(0x80005) returns false/false
20864: insert(0x800090a2)
20865: flush_page(0x80000) returns false/false
20866: flush_page(0x80000) returns false/false
20867: insert(0x80008064)
20868: insert(0x800030f2)
20869: flush_page(0x8000a) returns true/true
20870: insert(0x800080fc)
20871: insert(0x800000de)
20872: flush_page(0x80009) returns true/false
20873: flush_page(0x80001) returns true/false
20874: insert(0x800030b8)
20875: insert(0x800070b4)
20876: insert(0x800090ca)
20877: insert(0x8000702a)
20878: insert(0x80006056)
20879: flush_page(0x80009) returns true/true
20880: insert(0x800040fe)
20881: insert(0x80009064)
20882: flush_page(0x80007) returns true/true
20883: insert(0x80001024)
20884: flush_page(0x80005) returns false/false
20885: flush()
20886: flush_page(0x80004) returns false/false
20887: insert(0x80005054)
20888: flush_page(0x80003) returns false/false
20889: insert(0x8000902c)
20890: insert(0x80007022)
20891: insert(0x800050ba)
20892: insert(0x800000e2)
20893: insert(0x800040f6)
20894: flush_page(0x80001) returns false/false
20895: insert(0x80000086)
20896: insert(0x8000b0c2)
20897: insert(0x800050ce)
20898: flush()
20899: insert(0x8000b0b8)
20900: insert(0x8000608e)
20901: insert(0x800070f2)
20902: insert(0x80008040)
20903: insert(0x800030f2)
20904: insert(0x800060ba)
20905: insert(0x8000007c)
20906: insert(0x800040e6)
20907: insert(0x80007034)
20908: flush_page(0x80000) returns true/true
20909: insert(0x8000b0e2)
20910: flush_page(0x80001) returns false/false
20911: flush_page(0x80009) returns false/false
20912: insert(0x800080ea)
20913: insert(0x800020fc)
20914: insert(0x8000a0d0)
20915: insert(0x8000401e)
20916: insert(0x8000306c)
20917: flush()
20918: insert(0x800090ea)
20919: insert(0x800020d4)
20920: flush_page(0x80005) returns false/false
20921: insert(0x80005014)
20922: insert(0x8000c014)
20923: flush()
20924: insert(0x80003040)
20925: insert(0x8000401a)
20926: insert(0x80003078)
20927: flush()
20928: flush_page(0x8000c) returns false/false
20929: insert(0x80007046)
20930: insert(0x80006036)
20931: flush_page(0x80005) returns false/false
20932: insert(0x80002060)
20933: flush()
20934: insert(0x80009024)
20935: insert(0x80005050)
20936: insert(0x8000907c)
20937: insert(0x800090d2)
20938: insert(0x800080c8)
20939: flush_page(0x80007) returns false/false
20940: flush_page(0x80007) returns false/false
20941: insert(0x80000024)
20942: flush_page(0x80007) returns false/false
20943: insert(0x800030a6)
20944: insert(0x8000a040)
20945: insert(0x800010b0)
20946: flush_page(0x80005) returns true/true
20947: insert(0x8000c068)
20948: flush_page(0x80003) returns true/true
20949: flush()
20950: insert(0x800090b6)
20951: flush_page(0x80004) returns false/false
20952: flush_page(0x80004) returns false/false
20953: insert(0x8000c050)
20954: flush_page(0x80000) returns false/false
20955: insert(0x80002036)
20956: flush_page(0x8000c) returns true/true
20957: insert(0x80007020)
20958: insert(0x8000b028)
20959: insert(0x800020be)
20960: insert(0x800020e6)
20961: insert(0x800080c8)
20962: insert(0x8000408a)
20963: insert(0x8000402e)
20964: flush()
20965: insert(0x80004048)
20966: flush_page(0x80007) returns false/false
20967: flush()
20968: insert(0x8000b0be)
20969: insert(0x80004068)
20970: insert(0x80002016)
20971: insert(0x80009006)
20972: insert(0x8000b0f6)
20973: insert(0x8000004c)
20974: insert(0x8000802e)
20975: flush_page(0x80002) returns true/true
20976: flush_page(0x8000b) returns true/true
20977: insert(0x80002042)
20978: insert(0x8000502c)
20979: insert(0x800050c8)
20980: insert(0x800090f0)
20981: flush()
20982: insert(0x8000a014)
20983: insert(0x800030d4)
20984: flush_page(0x80003) returns true/true
20985: insert(0x80004088)
20986: insert(0x80009058)
20987: insert(0x80001048)
20988: flush_page(0x80008) returns false/false
20989: flush_page(0x80006) returns false/false
20990: insert(0x800070b0)
20991: insert(0x8000301c)
20992: flush()
20993: insert(0x8000c07c)
20994: insert(0x8000b002)
20995: insert(0x8000b0e2)
20996: flush_page(0x80004) returns false/false
20997: insert(0x8000b02e)
20998: insert(0x80000044)
20999: flush_page(0x80000) returns true/true
21000: insert(0x8000c098)
21001: insert(0x800090be)
21002: flush()
21003: insert(0x80002066)
21004: insert(0x8000a014)
21005: flush()
21006: insert(0x8000703e)
21007: insert(0x80006016)
21008: flush_page(0x80004) returns false/false
21009: insert(0x800000a6)
21010: insert(0x80002084)
21011: flush_page(0x80009) returns false/false
21012: insert(0x8000c04c)
21013: insert(0x80004088)
21014: insert(0x8000909a)
21015: insert(0x8000407c)
21016: flush_page(0x80000) returns true/true
21017: insert(0x80005094)
21018: insert(0x800030ce)
21019: flush_page(0x80004) returns true/true
21020: insert(0x800080b8)
21021: insert(0x8000600a)
21022: flush()
21023: insert(0x800020e6)
21024: insert(0x8000b0d6)
21025: flush_page(0x80007) returns false/false
21026: insert(0x8000401a)
21027: insert(0x800090aa)
21028: insert(0x80008026)
21029: insert(0x8000000a)
21030: insert(0x800040ca)
21031: insert(0x8000b07c)
21032: flush_page(0x80000) returns true/true
21033: insert(0x800020b8)
21034: insert(0x8000802c)
21035: insert(0x800030d2)
21036: insert(0x80006082)
21037: flush_page(0x80003) returns true/true
21038: insert(0x800040ee)
21039: insert(0x80006098)
21040: insert(0x800040d4)
21041: insert(0x80000088)
21042: insert(0x80007022)
21043: insert(0x80008058)
21044: insert(0x80002016)
21045: insert(0x8000701c)
21046: insert(0x80000072)
21047: insert(0x8000500a)
21048: insert(0x8000a030)
21049: insert(0x8000006c)
21050: insert(0x8000b0ae)
21051: insert(0x8000c0fc)
21052: insert(0x8000c048)
21053: insert(0x800090e8)
21054: flush_page(0x80003) returns false/false
21055: insert(0x800090ce)
21056: flush_page(0x80002) returns true/false
21057: insert(0x8000b0c4)
21058: flush_page(0x80004) returns true/false
21059: flush()
21060: insert(0x80001014)
21061: insert(0x800030b4)
21062: insert(0x8000706c)
21063: flush_page(0x80004) returns false/false
21064: insert(0x80000084)
21065: flush()
21066: flush_page(0x8000b) returns false/false
21067: insert(0x800030d6)
21068: insert(0x80007048)
21069: flush_page(0x8000a) returns false/false
21070: flush_page(0x80007) returns true/true
21071: flush_page(0x80007) returns false/false
21072: insert(0x8000506a)
21073: flush_page(0x80006) returns false/false
21074: insert(0x8000902e)
21075: insert(0x800090ee)
21076: insert(0x80003090)
21077: insert(0x800050e2)
21078: insert(0x800000c8)
21079: flush_page(0x8000b) returns false/false
21080: insert(0x80004056)
21081: insert(0x8000c042)
21082: flush_page(0x8000b) returns false/false
21083: insert(0x8000001e)
21084: insert(0x8000a070)
21085: flush_page(0x80004) returns true/false
21086: flush_page(0x8000b) returns false/false
21087: insert(0x8000902e)
21088: insert(0x800060b0)
21089: flush_page(0x80001) returns false/false
21090: insert(0x80007068)
21091: insert(0x800060de)
21092: flush_page(0x80002) returns false/false
21093: insert(0x800060ba)
21094: insert(0x80000066)
21095: insert(0x800000b4)
21096: insert(0x800010a0)
21097: flush()
21098: insert(0x80007004)
21099: flush_page(0x80001) returns false/false
21100: flush_page(0x8000c) returns false/false
21101: insert(0x8000608c)
21102: insert(0x800040a8)
21103: insert(0x80004034)
21104: insert(0x8000b0f8)
21105: insert(0x80002046)
21106: flush_page(0x8000a) returns false/false
21107: insert(0x8000c0b6)
21108: insert(0x8000402c)
21109: insert(0x80002084)
21110: flush_page(0x80007) returns true/false
21111: flush_page(0x80008) returns false/false
21112: insert(0x80002082)
21113: flush_page(0x8000b) returns true/true
21114: insert(0x80001060)
21115: flush_page(0x80004) returns true/true
21116: insert(0x8000200a)
21117: insert(0x8000505c)
21118: insert(0x80005014)
21119: insert(0x800060ec)
21120: flush_page(0x8000c) returns true/false
21121: insert(0x80001012)
21122: insert(0x8000507a)
21123: insert(0x8000b00a)
21124: flush_page(0x80001) returns true/true
21125: flush()
21126: insert(0x80002064)
21127: insert(0x800060a0)
21128: flush_page(0x8000b) returns false/false
21129: insert(0x80002022)
21130: insert(0x80006020)
21131: flush_page(0x80004) returns false/false
21132: insert(0x8000a01e)
21133: insert(0x800060b6)
21134: insert(0x80001076)
21135: insert(0x800010d6)
21136: insert(0x80002026)
21137: insert(0x800070c8)
21138: insert(0x800070c4)
21139: flush_page(0x80004) returns false/false
21140: insert(0x800010da)
21141: insert(0x8000c0d4)
21142: insert(0x80008074)
21143: flush()
21144: insert(0x8000c0b2)
21145: flush_page(0x80000) returns false/false
21146: insert(0x80003098)
21147: flush_page(0x80009) returns false/false
21148: flush_page(0x8000a) returns false/false
21149: flush_page(0x8000a) returns false/false
21150: insert(0x80004094)
21151: insert(0x8000905c)
21152: flush()
21153: insert(0x800020f2)
21154: flush_page(0x80007) returns false/false
21155: insert(0x80008014)
21156: insert(0x800020c4)
21157: insert(0x80002030)
21158: insert(0x800040fe)
21159: insert(0x80004074)
21160: insert(0x8000c09e)
21161: insert(0x8000008e)
21162: insert(0x80006090)
21163: insert(0x8000901a)
21164: flush_page(0x80006) returns true/true
21165: insert(0x8000a0b0)
21166: flush_page(0x80007) returns false/false
21167: insert(0x800040d4)
21168: flush()
21169: insert(0x8000801c)
21170: insert(0x800050c8)
21171: flush_page(0x80003) returns false/false
21172: flush()
21173: insert(0x80002076)
21174: flush_page(0x80003) returns false/false
21175: insert(0x80002022)
21176: flush()
21177: flush()
21178: flush()
21179: insert(0x8000a08c)
21180: insert(0x8000a07e)
21181: insert(0x8000c0ae)
21182: insert(0x800090ac)
21183: insert(0x8000302c)
21184: insert(0x80001050)
21185: insert(0x800060a6)
21186: flush()
21187: insert(0x80002008)
21188: insert(0x8000804e)
21189: insert(0x8000b022)
21190: insert(0x8000a024)
21191: insert(0x8000402e)
21192: insert(0x80006052)
21193: insert(0x800080e2)
21194: insert(0x80009074)
21195: insert(0x800080b8)
21196: insert(0x80008000)
21197: insert(0x80001092)
21198: flush()
21199: flush_page(0x80003) returns false/false
21200: insert(0x8000602a)
21201: insert(0x80001052)
21202: flush_page(0x80005) returns false/false
21203: flush_page(0x80007) returns false/false
21204: insert(0x800000cc)
21205: insert(0x800020bc)
21206: insert(0x8000a0aa)
21207: insert(0x80004074)
21208: insert(0x800090fe)
21209: insert(0x80003064)
21210: insert(0x80007044)
21211: insert(0x800020b2)
21212: insert(0x8000001c)
21213: flush_page(0x80009) returns true/false
21214: insert(0x8000a048)
21215: insert(0x80003040)
21216: insert(0x80004098)
21217: insert(0x800040b4)
21218: flush_page(0x8000a) returns true/true
21219: insert(0x8000a0b0)
21220: flush_page(0x80002) returns true/true
21221: insert(0x80003004)
21222: insert(0x8000a096)
21223: insert(0x80008014)
21224: flush()
21225: insert(0x800080d0)
21226: flush()
21227: flush()
21228: insert(0x80007024)
21229: insert(0x8000b078)
21230: insert(0x8000701e)
21231: insert(0x80009082)
21232: insert(0x800060bc)
21233: insert(0x8000804c)
21234: insert(0x8000c0c2)
21235: insert(0x800020aa)
21236: flush_page(0x80005) returns false/false
21237: insert(0x8000b058)
21238: insert(0x8000808c)
21239: insert(0x8000c0a8)
21240: insert(0x8000a0b4)
21241: insert(0x8000a066)
21242: flush_page(0x80003) returns false/false
21243: insert(0x8000204a)
21244: insert(0x8000b058)
21245: flush_page(0x80007) returns true/true
21246: insert(0x8000404c)
21247: insert(0x8000809c)
21248: insert(0x800040c2)
21249: insert(0x8000507c)
21250: flush_page(0x80009) returns true/false
21251: flush_page(0x80007) returns false/false
21252: flush()
21253: flush_page(0x8000a) returns false/false
21254: insert(0x80000058)
21255: insert(0x8000000c)
21256: insert(0x8000209a)
21257: insert(0x80000090)
21258: insert(0x80006018)
21259: insert(0x80002038)
21260: insert(0x800050b6)
21261: insert(0x8000a0c8)
21262: insert(0x80002014)
21263: insert(0x800000f0)
21264: flush_page(0x80005) returns true/true
21265: insert(0x80003040)
21266: insert(0x800080ac)
21267: insert(0x80005002)
21268: insert(0x800060b6)
21269: flush_page(0x80004) returns false/false
21270: insert(0x800030c6)
21271: insert(0x8000009c)
21272: insert(0x800030ca)
21273: flush_page(0x80003) returns true/true
21274: insert(0x80003000)
21275: flush()
21276: insert(0x80007018)
21277: insert(0x800010e4)
21278: insert(0x80006084)
21279: flush()
21280: insert(0x80003060)
21281: insert(0x800080ae)
21282: insert(0x8000409c)
21283: flush_page(0x80006) returns false/false
21284: insert(0x800090ba)
21285: insert(0x80002028)
21286: insert(0x80005022)
21287: insert(0x8000a00a)
21288: insert(0x8000502e)
21289: flush_page(0x80004) returns true/true
21290: insert(0x80009028)
21291: insert(0x80005022)
21292: insert(0x8000b0ca)
21293: flush()
21294: insert(0x80009006)
21295: insert(0x800090fc)
21296: insert(0x80006034)
21297: insert(0x80004040)
21298: insert(0x8000b0de)
21299: insert(0x8000c0b4)
21300: flush_page(0x80002) returns false/false
21301: insert(0x8000c0fe)
21302: insert(0x8000005c)
21303: insert(0x8000b0b0)
21304: insert(0x80007054)
21305: insert(0x8000c0c2)
21306: insert(0x8000a03a)
21307: insert(0x800070b8)
21308: insert(0x8000a08a)
21309: insert(0x8000105a)
21310: insert(0x8000509c)
21311: insert(0x8000a016)
21312: insert(0x80009042)
21313: insert(0x8000b0dc)
21314: flush()
21315: insert(0x8000b074)
21316: flush_page(0x80005) returns false/false
21317: flush_page(0x80003) returns false/false
21318: insert(0x800060dc)
21319: insert(0x80009070)
21320: insert(0x80004082)
21321: insert(0x80000026)
21322: flush_page(0x80008) returns false/false
21323: insert(0x80000024)
21324: insert(0x800000e6)
21325: insert(0x80007042)
21326: flush_page(0x80003) returns false/false
21327: insert(0x80006076)
21328: insert(0x8000503c)
21329: flush_page(0x80001) returns false/false
21330: insert(0x80009026)
21331: insert(0x800050ea)
21332: insert(0x80003016)
21333: insert(0x80007052)
21334: insert(0x8000a0f4)
21335: insert(0x8000901e)
21336: flush_page(0x80003) returns true/false
21337: insert(0x8000a03a)
21338: insert(0x8000208e)
21339: insert(0x80003018)
21340: insert(0x80004004)
21341: flush_page(0x80007) returns true/true
21342: insert(0x8000c014)
21343: insert(0x800040d0)
21344: flush_page(0x8000b) returns true/false
21345: insert(0x8000a0f6)
21346: insert(0x800050b0)
21347: flush_page(0x80006) returns true/false
21348: insert(0x80007038)
21349: insert(0x8000704e)
21350: insert(0x80006008)
21351: insert(0x80007070)
21352: insert(0x800050a8)
21353: insert(0x8000a02a)
21354: flush()
21355: insert(0x8000c0b4)
21356: insert(0x800030da)
21357: flush_page(0x8000a) returns false/false
21358: insert(0x80004042)
21359: insert(0x8000002a)
21360: insert(0x8000b054)
21361: flush_page(0x8000a) returns false/false
21362: insert(0x800060ce)
21363: insert(0x8000b070)
21364: insert(0x800040da)
21365: insert(0x80009022)
21366: insert(0x8000c04e)
21367: flush_page(0x80005) returns false/false
21368: flush()
21369: insert(0x80007030)
21370: flush_page(0x80006) returns false/false
21371: flush_page(0x80001) returns false/false
21372: flush_page(0x80000) returns false/false
21373: insert(0x8000c0a2)
21374: insert(0x80009030)
21375: insert(0x800030cc)
21376: insert(0x800010aa)
21377: insert(0x800030ce)
21378: flush()
21379: insert(0x8000c028)
21380: insert(0x80000078)
21381: flush()
21382: insert(0x80001040)
21383: insert(0x80000072)
21384: insert(0x80003026)
21385: insert(0x8000606c)
21386: insert(0x800020ca)
21387: insert(0x800020ca)
21388: flush_page(0x80005) returns false/false
21389: insert(0x80007008)
21390: flush_page(0x8000b) returns false/false
21391: flush_page(0x8000b) returns false/false
21392: insert(0x80009054)
21393: flush_page(0x80009) returns true/true
21394: flush_page(0x80001) returns true/true
21395: flush()
21396: flush_page(0x80002) returns false/false
21397: insert(0x8000109e)
21398: flush_page(0x80002) returns false/false
21399: insert(0x800030c0)
21400: insert(0x80005014)
21401: insert(0x8000b082)
21402: flush_page(0x80000) returns false/false
21403: flush_page(0x80007) returns false/false
21404: insert(0x800060e0)
21405: insert(0x80004070)
21406: insert(0x800070ea)
21407: insert(0x800040f6)
21408: flush_page(0x80007) returns true/true
21409: insert(0x800070a4)
21410: flush_page(0x8000b) returns true/true
21411: insert(0x800050ae)
21412: flush_page(0x80001) returns true/true
21413: insert(0x8000307c)
21414: insert(0x800010a0)
21415: flush_page(0x80004) returns true/true
21416: insert(0x80001090)
21417: insert(0x8000b0fa)
21418: flush_page(0x80004) returns false/false
21419: flush_page(0x80007) returns true/true
21420: insert(0x800070f4)
21421: insert(0x80003008)
21422: insert(0x800030d0)
21423: insert(0x800080ae)
21424: insert(0x80008054)
21425: insert(0x800050c2)
21426: flush_page(0x80009) returns false/false
21427: flush_page(0x80000) returns false/false
21428: flush_page(0x80004) returns false/false
21429: insert(0x800010f4)
21430: insert(0x80000078)
21431: flush_page(0x80009) returns false/false
21432: insert(0x800050cc)
21433: flush_page(0x80009) returns false/false
21434: flush_page(0x80004) returns false/false
21435: insert(0x8000808e)
21436: insert(0x800040fa)
21437: insert(0x800090a6)
21438: insert(0x800050f4)
21439: insert(0x800050b6)
21440: insert(0x800070fc)
21441: insert(0x800050a2)
21442: insert(0x80000032)
21443: insert(0x80000074)
21444: insert(0x80003068)
21445: insert(0x80006022)
21446: insert(0x80003046)
21447: insert(0x8000708c)
21448: flush_page(0x8000b) returns true/false
21449: insert(0x8000b082)
21450: insert(0x80000038)
21451: insert(0x800080da)
21452: insert(0x8000b0a2)
21453: insert(0x800090be)
21454: flush_page(0x80006) returns true/false
21455: insert(0x8000a0fe)
21456: flush_page(0x80007) returns true/true
21457: insert(0x800090ee)
21458: insert(0x800080bc)
21459: flush()
21460: insert(0x80003020)
21461: flush_page(0x80003) returns true/true
21462: insert(0x8000c05c)
21463: insert(0x800030c2)
21464: insert(0x80002022)
21465: insert(0x80009094)
21466: insert(0x8000b014)
21467: flush_page(0x80000) returns false/false
21468: flush_page(0x8000c) returns true/true
21469: flush_page(0x80002) returns true/true
21470: flush_page(0x80008) returns false/false
21471: flush_page(0x80003) returns true/true
21472: insert(0x800080c8)
21473: flush_page(0x80004) returns false/false
21474: insert(0x80000032)
21475: insert(0x80002024)
21476: insert(0x80005068)
21477: insert(0x8000a084)
21478: insert(0x800070b8)
21479: insert(0x8000b006)
21480: insert(0x80001024)
21481: insert(0x8000a050)
21482: insert(0x800010d0)
21483: insert(0x8000502c)
21484: insert(0x8000b0de)
21485: flush_page(0x80009) returns true/true
21486: flush_page(0x80006) returns false/false
21487: flush()
21488: insert(0x80009078)
21489: insert(0x80007056)
21490: flush_page(0x80007) returns true/true
21491: insert(0x8000805a)
21492: insert(0x8000003c)
21493: insert(0x8000008a)
21494: insert(0x8000800c)
21495: flush_page(0x8000b) returns false/false
21496: insert(0x800040ee)
21497: insert(0x800060f2)
21498: flush()
21499: flush()
21500: insert(0x800030d4)
21501: insert(0x800080d2)
21502: insert(0x800030bc)
21503: insert(0x80004024)
21504: flush_page(0x80005) returns false/false
21505: flush_page(0x80003) returns true/true
21506: insert(0x800060aa)
21507: flush_page(0x80000) returns false/false
21508: insert(0x800060cc)
21509: flush()
21510: flush_page(0x80002) returns false/false
21511: insert(0x80000014)
21512: insert(0x8000c0e2)
21513: insert(0x8000a05a)
21514: flush_page(0x80007) returns false/false
21515: flush_page(0x80004) returns false/false
21516: insert(0x80007054)
21517: insert(0x8000a02a)
21518: insert(0x80006096)
21519: insert(0x800070bc)
21520: insert(0x800040c4)
21521: flush_page(0x80008) returns false/false
21522: flush_page(0x8000c) returns true/true
21523: insert(0x8000903a)
21524: insert(0x8000002e)
21525: insert(0x8000b006)
21526: insert(0x8000a090)
21527: insert(0x8000006e)
21528: insert(0x8000b0d6)
21529: flush_page(0x80003) returns false/false
21530: flush_page(0x8000c) returns false/false
21531: flush_page(0x8000c) returns false/false
21532: insert(0x80000066)
21533: flush_page(0x80003) returns false/false
21534: flush_page(0x80002) returns false/false
21535: insert(0x800080e8)
21536: insert(0x800080d2)
21537: insert(0x800000c2)
21538: flush_page(0x80005) returns false/false
21539: insert(0x800000de)
21540: insert(0x8000707e)
21541: insert(0x8000b080)
21542: insert(0x8000c00e)
21543: insert(0x8000a008)
21544: insert(0x800080d8)
21545: flush()
21546: insert(0x80000094)
21547: insert(0x8000006a)
21548: flush()
21549: insert(0x80003012)
21550: insert(0x800080a0)
21551: insert(0x80008098)
21552: insert(0x80005088)
21553: insert(0x800010ba)
21554: insert(0x80000004)
21555: flush_page(0x80000) returns true/true
21556: insert(0x8000906a)
21557: flush_page(0x80000) returns false/false
21558: insert(0x800000c4)
21559: insert(0x800060a6)
21560: insert(0x800090e8)
21561: flush()
21562: insert(0x8000b000)
21563: flush_page(0x80000) returns false/false
21564: flush()
21565: insert(0x80001012)
21566: insert(0x800010c2)
21567: insert(0x80007034)
21568: flush()
21569: insert(0x80006076)
21570: insert(0x800030b0)
21571: insert(0x800040b4)
21572: insert(0x80008016)
21573: flush_page(0x80004) returns true/true
21574: insert(0x8000b044)
21575: flush()
21576: insert(0x80000082)
21577: flush_page(0x80006) returns false/false
21578: flush_page(0x80007) returns false/false
21579: flush_page(0x80000) returns true/true
21580: insert(0x800090c8)
21581: insert(0x800030a4)
21582: insert(0x800050f4)
21583: insert(0x80006082)
21584: flush_page(0x8000c) returns false/false
21585: insert(0x8000501a)
21586: insert(0x800080f0)
21587: insert(0x800030d6)
21588: flush_page(0x80004) returns false/false
21589: insert(0x80005050)
21590: insert(0x800010c8)
21591: insert(0x80002086)
21592: insert(0x8000702c)
21593: insert(0x80009086)
21594: insert(0x8000107c)
21595: insert(0x800070a0)
21596: insert(0x80007088)
21597: insert(0x8000a07c)
21598: insert(0x8000a0ee)
21599: insert(0x80008012)
21600: insert(0x80000018)
21601: insert(0x80006000)
21602: insert(0x80007070)
21603: flush_page(0x8000a) returns true/true
21604: insert(0x8000b032)
21605: flush_page(0x8000a) returns false/false
21606: insert(0x800020d2)
21607: insert(0x8000601e)
21608: insert(0x800060d8)
21609: insert(0x80005062)
21610: insert(0x800020ac)
21611: insert(0x800040aa)
21612: insert(0x800000ba)
21613: insert(0x800070fc)
21614: insert(0x80000026)
21615: flush()
21616: insert(0x80001052)
21617: insert(0x8000608a)
21618: insert(0x800030d2)
21619: insert(0x8000b03e)
21620: insert(0x80008070)
21621: insert(0x800090fe)
21622: insert(0x80000074)
21623: insert(0x800010c2)
21624: insert(0x80007036)
21625: insert(0x80002018)
21626: insert(0x800050c0)
21627: insert(0x800050b0)
21628: insert(0x800090ec)
21629: insert(0x8000604c)
21630: insert(0x8000201c)
21631: insert(0x80007056)
21632: insert(0x8000c02c)
21633: insert(0x800000e8)
21634: insert(0x80008078)
21635: insert(0x800030b0)
21636: insert(0x800080c6)
21637: insert(0x8000406c)
21638: insert(0x8000403a)
21639: insert(0x8000b03a)
21640: flush_page(0x80001) returns true/false
21641: insert(0x8000b050)
21642: insert(0x800070fc)
21643: flush()
21644: insert(0x8000c07c)
21645: insert(0x800060ac)
21646: insert(0x8000306a)
21647: flush_page(0x80000) returns false/false
21648: insert(0x800030a2)
21649: flush()
21650: insert(0x8000308e)
21651: insert(0x80008088)
21652: insert(0x8000c0fc)
21653: insert(0x8000500a)
21654: insert(0x8000a0ce)
21655: insert(0x800060d2)
21656: flush_page(0x80009) returns false/false
21657: insert(0x8000503e)
21658: flush_page(0x80007) returns false/false
21659: insert(0x8000405e)
21660: flush_page(0x80007) returns false/false
21661: insert(0x8000200e)
21662: flush_page(0x80002) returns true/true
21663: insert(0x8000008a)
21664: flush_page(0x80005) returns true/true
21665: insert(0x80008040)
21666: insert(0x80002026)
21667: insert(0x80000088)
21668: flush()
21669: insert(0x80007050)
21670: insert(0x8000b026)
21671: insert(0x800000fe)
21672: insert(0x80008084)
21673: insert(0x80009076)
21674: flush_page(0x8000b) returns true/true
21675: insert(0x8000707e)
21676: insert(0x8000404c)
21677: insert(0x80008002)
21678: flush_page(0x80001) returns false/false
21679: flush_page(0x80000) returns true/true
21680: insert(0x8000a02a)
21681: insert(0x8000b08a)
21682: insert(0x80000090)
21683: insert(0x8000004c)
21684: insert(0x800060fc)
21685: insert(0x8000502a)
21686: flush_page(0x8000b) returns true/false
21687: insert(0x8000b05e)
21688: flush_page(0x80000) returns true/true
21689: insert(0x800010a4)
21690: insert(0x80008018)
21691: insert(0x80000014)
21692: insert(0x800070be)
21693: flush_page(0x80004) returns true/true
21694: insert(0x80002044)
21695: flush_page(0x80007) returns true/true
21696: insert(0x800060a8)
21697: insert(0x80005020)
21698: insert(0x800080c0)
21699: insert(0x8000805c)
21700: flush_page(0x80002) returns true/true
21701: flush_page(0x8000b) returns true/true
21702: insert(0x800080d8)
21703: insert(0x8000b06a)
21704: insert(0x80008094)
21705: flush_page(0x80003) returns false/false
21706: insert(0x800050fa)
21707: insert(0x8000b0c4)
21708: insert(0x800080ce)
21709: insert(0x80005054)
21710: flush()
21711: flush_page(0x80002) returns false/false
21712: flush()
21713: insert(0x800070b2)
21714: insert(0x800080fe)
21715: insert(0x80002046)
21716: insert(0x800040b8)
21717: insert(0x8000a0f8)
21718: flush_page(0x80001) returns false/false
21719: insert(0x80005098)
21720: insert(0x8000a03a)
21721: insert(0x80007072)
21722: insert(0x80003014)
21723: insert(0x800070bc)
21724: insert(0x800020ea)
21725: insert(0x800080e6)
21726: flush_page(0x80003) returns true/true
21727: flush_page(0x80003) returns false/false
21728: insert(0x8000c096)
21729: insert(0x80005036)
21730: insert(0x8000c09c)
21731: flush_page(0x80003) returns false/false
21732: insert(0x8000b014)
21733: insert(0x8000805c)
21734: flush()
21735: insert(0x80003004)
21736: flush_page(0x8000b) returns false/false
21737: insert(0x800050c6)
21738: flush()
21739: flush_page(0x80003) returns false/false
21740: insert(0x800040e4)
21741: flush_page(0x80002) returns false/false
21742: insert(0x8000a010)
21743: insert(0x800090ee)
21744: insert(0x8000706c)
21745: insert(0x80003020)
21746: insert(0x800020ec)
21747: insert(0x80004082)
21748: insert(0x80008030)
21749: insert(0x800040b6)
21750: flush_page(0x80006) returns false/false
21751: flush_page(0x8000b) returns false/false
21752: insert(0x80007074)
21753: flush_page(0x80006) returns false/false
21754: insert(0x80007014)
21755: insert(0x8000b066)
21756: insert(0x8000505e)
21757: insert(0x80001040)
21758: insert(0x8000109c)
21759: flush_page(0x80000) returns false/false
21760: insert(0x800020d0)
21761: flush_page(0x80004) returns true/true
21762: insert(0x80006056)
21763: insert(0x8000201a)
21764: insert(0x8000009a)
21765: insert(0x80005034)
21766: insert(0x8000105a)
21767: insert(0x80006034)
21768: insert(0x800000d6)
21769: insert(0x80002086)
21770: insert(0x8000906c)
21771: flush_page(0x80008) returns true/false
21772: insert(0x8000807c)
21773: flush_page(0x8000c) returns false/false
21774: insert(0x80005084)
21775: insert(0x800000e6)
21776: insert(0x80002014)
21777: insert(0x8000b090)
21778: insert(0x80001092)
21779: flush_page(0x8000a) returns true/false
21780: flush_page(0x8000c) returns false/false
21781: insert(0x8000000e)
21782: flush()
21783: insert(0x8000701e)
21784: insert(0x800030e2)
21785: flush_page(0x80008) returns false/false
21786: insert(0x800010e2)
21787: flush_page(0x8000a) returns false/false
21788: insert(0x8000801c)
21789: insert(0x80000094)
21790: insert(0x8000800c)
21791: insert(0x80007052)
21792: insert(0x800090f0)
21793: flush_page(0x80004) returns false/false
21794: insert(0x8000100e)
21795: flush_page(0x80001) returns true/true
21796: insert(0x8000101c)
21797: flush()
21798: insert(0x800040cc)
21799: insert(0x800030ac)
21800: insert(0x8000b072)
21801: insert(0x8000a0b2)
21802: insert(0x8000904c)
21803: insert(0x800030f4)
21804: insert(0x80004060)
21805: flush_page(0x8000a) returns true/true
21806: insert(0x8000a0ca)
21807: insert(0x8000b0ea)
21808: insert(0x800020fa)
21809: flush()
21810: flush()
21811: insert(0x8000503c)
21812: insert(0x80000012)
21813: flush_page(0x80005) returns true/true
21814: flush_page(0x8000c) returns false/false
21815: flush_page(0x80006) returns false/false
21816: insert(0x8000308c)
21817: insert(0x8000608e)
21818: insert(0x8000a07e)
21819: insert(0x80008088)
21820: insert(0x800030b2)
21821: insert(0x8000a034)
21822: insert(0x800060e0)
21823: insert(0x800000aa)
21824: insert(0x8000000c)
21825: insert(0x800070b4)
21826: insert(0x80000090)
21827: insert(0x80003028)
21828: insert(0x80004088)
21829: flush_page(0x80002) returns false/false
21830: insert(0x80005032)
21831: insert(0x800010d0)
21832: flush_page(0x80001) returns true/true
21833: flush()
21834: insert(0x800070d2)
21835: insert(0x8000a01c)
21836: insert(0x8000a01c)
21837: insert(0x8000b0f8)
21838: insert(0x800000de)
21839: insert(0x8000a05c)
21840: insert(0x80008096)
21841: insert(0x8000206c)
21842: insert(0x800020c8)
21843: flush_page(0x80002) returns true/true
21844: flush_page(0x80005) returns false/false
21845: insert(0x8000c0e6)
21846: flush_page(0x80003) returns false/false
21847: flush()
21848: insert(0x80007016)
21849: insert(0x800020fa)
21850: insert(0x8000b0d2)
21851: insert(0x8000909a)
21852: insert(0x80008014)
21853: insert(0x80002064)
21854: insert(0x80003054)
21855: flush()
21856: insert(0x800070ca)
21857: insert(0x800020a6)
21858: insert(0x8000c08c)
21859: insert(0x800090da)
21860: insert(0x8000b074)
21861: insert(0x8000b0c4)
21862: insert(0x800020a2)
21863: flush_page(0x80006) returns false/false
21864: flush_page(0x80004) returns false/false
21865: flush_page(0x80002) returns true/true
21866: insert(0x8000a01a)
21867: insert(0x8000a006)
21868: insert(0x800080b8)
21869: insert(0x800050da)
21870: insert(0x80009002)
21871: flush()
21872: insert(0x800020bc)
21873: insert(0x800030e2)
21874: insert(0x80000048)
21875: flush_page(0x80000) returns true/true
21876: insert(0x8000401e)
21877: flush_page(0x80003) returns true/true
21878: flush_page(0x80006) returns false/false
21879: flush_page(0x80000) returns false/false
21880: insert(0x8000204c)
21881: flush_page(0x80008) returns false/false
21882: flush_page(0x80001) returns false/false
21883: insert(0x80004026)
21884: insert(0x80001062)
21885: insert(0x8000809e)
21886: insert(0x800070b4)
21887: insert(0x8000002c)
21888: insert(0x8000106c)
21889: flush_page(0x8000b) returns false/false
21890: insert(0x8000a0cc)
21891: insert(0x80000016)
21892: flush_page(0x8000b) returns false/false
21893: insert(0x80003058)
21894: flush()
21895: insert(0x8000605c)
21896: insert(0x80007086)
21897: insert(0x8000b07c)
21898: flush_page(0x80006) returns true/true
21899: insert(0x80001032)
21900: flush_page(0x80003) returns false/false
21901: insert(0x800070ae)
21902: insert(0x8000c0c0)
21903: insert(0x80002012)
21904: insert(0x800080ac)
21905: insert(0x80002078)
21906: insert(0x800040c6)
21907: insert(0x8000105a)
21908: insert(0x8000a082)
21909: flush_page(0x80005) returns false/false
21910: flush_page(0x80007) returns true/true
21911: insert(0x8000408c)
21912: flush_page(0x80009) returns false/false
21913: insert(0x800060ca)
21914: insert(0x8000c0f2)
21915: insert(0x8000608c)
21916: insert(0x800050ca)
21917: insert(0x800030dc)
21918: flush_page(0x80000) returns false/false
21919: insert(0x800010c4)
21920: insert(0x800080f2)
21921: insert(0x80009098)
21922: insert(0x80002068)
21923: flush_page(0x80002) returns true/true
21924: insert(0x8000504a)
21925: insert(0x800050a4)
21926: insert(0x8000800c)
21927: insert(0x80005070)
21928: insert(0x800040f0)
21929: insert(0x80005040)
21930: insert(0x80001036)
21931: flush_page(0x80008) returns true/true
21932: insert(0x80006084)
21933: flush_page(0x8000b) returns true/false
21934: insert(0x800060cc)
21935: flush()
21936: flush()
21937: flush()
21938: insert(0x80006034)
21939: insert(0x8000c03c)
21940: insert(0x800050be)
21941: flush()
21942: insert(0x80008008)
21943: insert(0x8000b0c6)
21944: flush_page(0x8000b) returns true/true
21945: insert(0x800070ba)
21946: insert(0x8000b06a)
21947: flush()
21948: insert(0x80006050)
21949: insert(0x8000b0d4)
21950: insert(0x8000801c)
21951: flush_page(0x8000c) returns false/false
21952: insert(0x8000a024)
21953: insert(0x80002088)
21954: insert(0x800050f6)
21955: insert(0x80000052)
21956: insert(0x8000b08c)
21957: insert(0x800040b0)
21958: flush_page(0x80009) returns false/false
21959: flush_page(0x8000a) returns true/true
21960: insert(0x8000000c)
21961: flush_page(0x80007) returns false/false
21962: flush_page(0x80004) returns true/true
21963: insert(0x8000300a)
21964: insert(0x800000f6)
21965: insert(0x80002080)
21966: insert(0x8000300a)
21967: flush_page(0x80002) returns true/true
21968: insert(0x80001076)
21969: flush()
21970: insert(0x800030dc)
21971: insert(0x800090ba)
21972: insert(0x8000403c)
21973: insert(0x8000b0aa)
21974: flush()
21975: insert(0x80007082)
21976: insert(0x800090f0)
21977: insert(0x8000c00e)
21978: insert(0x80005052)
21979: flush()
21980: insert(0x8000c0ac)
21981: insert(0x80003042)
21982: insert(0x8000a066)
21983: insert(0x800080ae)
21984: insert(0x800080a4)
21985: insert(0x80005036)
21986: insert(0x800050c2)
21987: insert(0x8000b0f2)
21988: flush_page(0x8000c) returns true/true
21989: flush_page(0x8000b) returns true/true
21990: insert(0x8000b070)
21991: insert(0x800060a4)
21992: insert(0x8000501a)
21993: insert(0x8000608c)
21994: insert(0x8000c06c)
21995: insert(0x8000705c)
21996: insert(0x8000a07a)
21997: flush_page(0x80003) returns true/false
21998: insert(0x80000076)
21999: insert(0x8000202a)
22000: insert(0x800020a2)
22001: insert(0x8000a0e4)
22002: flush_page(0x8000a) returns true/true
22003: insert(0x8000804e)
22004: insert(0x800040c6)
22005: insert(0x800060c2)
22006: insert(0x800070ba)
22007: insert(0x8000b098)
22008: insert(0x800080c8)
22009: insert(0x8000b01e)
22010: insert(0x8000a0a2)
22011: flush_page(0x80003) returns false/false
22012: flush_page(0x8000c) returns true/false
22013: flush()
22014: flush_page(0x80005) returns false/false
22015: insert(0x80005058)
22016: flush_page(0x80002) returns false/false
22017: insert(0x80008092)
22018: insert(0x80008002)
22019: flush_page(0x8000b) returns false/false
22020: flush_page(0x8000b) returns false/false
22021: insert(0x80006098)
22022: insert(0x8000c0a4)
22023: insert(0x80004010)
22024: flush_page(0x80008) returns true/true
22025: insert(0x8000a0fe)
22026: insert(0x8000a04a)
22027: insert(0x80001086)
22028: insert(0x8000103e)
22029: flush_page(0x8000a) returns true/true
22030: insert(0x80008020)
22031: flush_page(0x80000) returns false/false
22032: insert(0x8000005e)
22033: insert(0x80005060)
22034: flush_page(0x80003) returns false/false
22035: insert(0x800020fc)
22036: insert(0x800070dc)
22037: insert(0x800020b0)
22038: insert(0x800050d2)
22039: insert(0x8000205a)
22040: insert(0x80000040)
22041: insert(0x800050e6)
22042: flush()
22043: insert(0x8000405e)
22044: insert(0x80002030)
22045: insert(0x8000b014)
22046: insert(0x800010a0)
22047: flush_page(0x80007) returns false/false
22048: insert(0x800050fa)
22049: insert(0x8000c048)
22050: insert(0x80001006)
22051: flush_page(0x80000) returns false/false
22052: flush_page(0x8000a) returns false/false
22053: insert(0x8000b046)
22054: insert(0x8000b01a)
22055: flush_page(0x80009) returns false/false
22056: insert(0x800030b0)
22057: insert(0x8000b0c0)
22058: insert(0x8000c0a6)
22059: insert(0x80006084)
22060: insert(0x800060f0)
22061: insert(0x80008052)
22062: flush_page(0x80004) returns true/true
22063: insert(0x800040e8)
22064: flush_page(0x80009) returns false/false
22065: flush_page(0x8000a) returns false/false
22066: insert(0x800020b8)
22067: flush_page(0x80008) returns true/true
22068: flush_page(0x80009) returns false/false
22069: insert(0x80006056)
22070: flush_page(0x8000c) returns true/false
22071: insert(0x800080f8)
22072: insert(0x80009060)
22073: insert(0x8000400c)
22074: insert(0x800050b6)
22075: insert(0x800030bc)
22076: flush_page(0x8000b) returns true/false
22077: flush_page(0x8000c) returns false/false
22078: insert(0x800080ae)
22079: insert(0x8000c078)
22080: insert(0x8000a028)
22081: insert(0x80003040)
22082: insert(0x80002070)
22083: flush()
22084: insert(0x8000b06e)
22085: flush_page(0x80006) returns false/false
22086: insert(0x800000b6)
22087: insert(0x80003054)
22088: insert(0x80006026)
22089: flush_page(0x8000b) returns true/true
22090: insert(0x800090da)
22091: insert(0x800080f2)
22092: insert(0x8000b092)
22093: insert(0x800070a6)
22094: flush_page(0x80009) returns true/true
22095: insert(0x80002008)
22096: insert(0x80008092)
22097: insert(0x80008098)
22098: insert(0x8000306c)
22099: insert(0x80005066)
22100: insert(0x80001010)
22101: insert(0x800040a6)
22102: flush_page(0x8000b) returns true/true
22103: insert(0x800060de)
22104: insert(0x80000066)
22105: insert(0x800080e6)
22106: flush()
22107: insert(0x80009062)
22108: insert(0x80001042)
22109: flush_page(0x80003) returns false/false
22110: insert(0x80001052)
22111: insert(0x80007036)
22112: insert(0x8000607c)
22113: insert(0x8000601c)
22114: insert(0x8000b066)
22115: flush_page(0x80001) returns true/true
22116: insert(0x800000ce)
22117: flush_page(0x80001) returns false/false
22118: insert(0x800060d4)
22119: insert(0x80008022)
22120: flush()
22121: insert(0x80000024)
22122: insert(0x80000066)
22123: insert(0x8000c0ae)
22124: insert(0x80001056)
22125: insert(0x800060a4)
22126: insert(0x8000400c)
22127: insert(0x8000403c)
22128: flush()
22129: insert(0x80008084)
22130: insert(0x8000703e)
22131: insert(0x80006042)
22132: flush_page(0x80000) returns false/false
22133: insert(0x8000106a)
22134: insert(0x8000a0a6)
22135: flush()
22136: flush_page(0x80008) returns false/false
22137: insert(0x80004080)
22138: insert(0x80004094)
22139: flush_page(0x80003) returns false/false
22140: flush_page(0x8000b) returns false/false
22141: insert(0x8000605e)
22142: insert(0x8000c050)
22143: flush()
22144: insert(0x80003022)
22145: insert(0x800000ce)
22146: insert(0x800050ca)
22147: insert(0x8000204a)
22148: insert(0x80007008)
22149: insert(0x8000007c)
22150: insert(0x8000c0ca)
22151: insert(0x800000bc)
22152: flush_page(0x8000a) returns false/false
22153: insert(0x8000a01a)
22154: insert(0x80009096)
22155: insert(0x8000907e)
22156: insert(0x80007066)
22157: flush_page(0x80008) returns false/false
22158: insert(0x8000a0d4)
22159: insert(0x80009044)
22160: insert(0x8000c08a)
22161: flush()
22162: insert(0x8000b0dc)
22163: flush_page(0x8000b) returns true/true
22164: flush_page(0x80006) returns false/false
22165: flush_page(0x8000a) returns false/false
22166: flush_page(0x80005) returns false/false
22167: insert(0x800040d6)
22168: insert(0x800020ac)
22169: flush()
22170: insert(0x80008080)
22171: flush_page(0x80006) returns false/false
22172: insert(0x800000d4)
22173: flush_page(0x8000b) returns false/false
22174: insert(0x8000600a)
22175: insert(0x800040da)
22176: insert(0x80009096)
22177: flush_page(0x80008) returns true/true
22178: insert(0x80004066)
22179: insert(0x8000c08e)
22180: insert(0x8000302c)
22181: insert(0x800050f0)
22182: insert(0x8000a052)
22183: flush_page(0x80005) returns true/true
22184: insert(0x800010cc)
22185: insert(0x80002012)
22186: insert(0x8000804a)
22187: insert(0x8000b0b0)
22188: insert(0x800000c2)
22189: insert(0x800060d8)
22190: flush_page(0x80003) returns true/true
22191: insert(0x8000b008)
22192: insert(0x8000202a)
22193: insert(0x8000307c)
22194: insert(0x8000b0be)
22195: insert(0x800090c4)
22196: flush()
22197: flush_page(0x80003) returns false/false
22198: flush_page(0x8000c) returns false/false
22199: insert(0x80002088)
22200: flush_page(0x80003) returns false/false
22201: flush_page(0x80000) returns false/false
22202: flush_page(0x80002) returns true/true
22203: flush_page(0x8000c) returns false/false
22204: flush_page(0x80001) returns false/false
22205: insert(0x80002054)
22206: flush_page(0x80008) returns false/false
22207: flush_page(0x80002) returns true/true
22208: insert(0x800090c4)
22209: flush()
22210: insert(0x80000024)
22211: insert(0x80009068)
22212: insert(0x80001090)
22213: flush_page(0x8000b) returns false/false
22214: flush_page(0x80001) returns true/true
22215: insert(0x80007046)
22216: insert(0x80009048)
22217: insert(0x80001028)
22218: flush_page(0x80006) returns false/false
22219: insert(0x800040c4)
22220: flush_page(0x80007) returns true/true
22221: insert(0x800070ec)
22222: insert(0x8000c044)
22223: insert(0x8000c074)
22224: flush_page(0x8000c) returns true/true
22225: insert(0x800030e6)
22226: insert(0x80009054)
22227: flush_page(0x80003) returns true/true
22228: flush()
22229: insert(0x800030fe)
22230: insert(0x800010f2)
22231: insert(0x8000508e)
22232: insert(0x80007076)
22233: insert(0x8000c0fe)
22234: flush()
22235: insert(0x80005084)
22236: insert(0x8000004e)
22237: flush()
22238: insert(0x8000a0fa)
22239: insert(0x80008030)
22240: flush_page(0x80006) returns false/false
22241: insert(0x8000b0d4)
22242: insert(0x8000404a)
22243: flush()
22244: insert(0x8000301a)
22245: flush()
22246: insert(0x800030be)
22247: flush_page(0x80001) returns false/false
22248: insert(0x8000a034)
22249: insert(0x8000c07a)
22250: insert(0x8000808a)
22251: insert(0x8000100a)
22252: insert(0x80003060)
22253: insert(0x8000a0ea)
22254: insert(0x80003090)
22255: flush_page(0x80007) returns false/false
22256: insert(0x800090a4)
22257: flush_page(0x80001) returns true/true
22258: insert(0x8000203a)
22259: insert(0x80003068)
22260: insert(0x800080f6)
22261: insert(0x8000100a)
22262: insert(0x800030f4)
22263: insert(0x8000206e)
22264: flush_page(0x80007) returns false/false
22265: flush_page(0x80009) returns true/true
22266: insert(0x8000708c)
22267: insert(0x800040b4)
22268: insert(0x800010b8)
22269: insert(0x8000108e)
22270: insert(0x8000008a)
22271: insert(0x80005046)
22272: insert(0x80009086)
22273: flush_page(0x8000a) returns true/false
22274: insert(0x800040a0)
22275: insert(0x8000a022)
22276: insert(0x80005098)
22277: insert(0x8000c058)
22278: insert(0x80009030)
22279: flush_page(0x8000a) returns true/true
22280: flush_page(0x8000b) returns false/false
22281: insert(0x8000302a)
22282: insert(0x800070d0)
22283: insert(0x8000904a)
22284: insert(0x8000302e)
22285: flush_page(0x8000c) returns true/true
22286: flush()
22287: insert(0x80003076)
22288: flush_page(0x80003) returns true/true
22289: insert(0x80005034)
22290: insert(0x80002076)
22291: insert(0x8000107a)
22292: flush_page(0x80008) returns false/false
22293: flush_page(0x80005) returns true/true
22294: insert(0x800090f8)
22295: insert(0x8000104e)
22296: insert(0x8000a0bc)
22297: insert(0x80000008)
22298: flush_page(0x8000c) returns false/false
22299: insert(0x8000607c)
22300: insert(0x8000701e)
22301: insert(0x800020f4)
22302: insert(0x80004074)
22303: insert(0x800050a8)
22304: insert(0x8000c0b6)
22305: insert(0x8000a066)
22306: flush_page(0x80001) returns true/true
22307: insert(0x800000b0)
22308: flush_page(0x80008) returns false/false
22309: flush_page(0x80006) returns true/true
22310: insert(0x80005036)
22311: insert(0x8000b03a)
22312: flush_page(0x8000b) returns true/true
22313: flush()
22314: insert(0x8000c078)
22315: insert(0x80006064)
22316: flush_page(0x80004) returns false/false
22317: insert(0x8000102c)
22318: flush_page(0x80002) returns false/false
22319: insert(0x8000c00a)
22320: insert(0x8000c062)
22321: flush_page(0x8000c) returns true/true
22322: insert(0x8000209e)
22323: insert(0x8000b04e)
22324: insert(0x8000a0c6)
22325: flush_page(0x8000a) returns true/true
22326: insert(0x8000b064)
22327: flush()
22328: flush_page(0x80003) returns false/false
22329: insert(0x8000701a)
22330: insert(0x8000b024)
22331: flush_page(0x80003) returns false/false
22332: flush()
22333: insert(0x800020cc)
22334: flush_page(0x80000) returns false/false
22335: insert(0x8000501e)
22336: insert(0x80005002)
22337: insert(0x8000a03c)
22338: flush_page(0x80002) returns true/true
22339: flush_page(0x80004) returns false/false
22340: insert(0x80007040)
22341: insert(0x8000c022)
22342: insert(0x8000c05a)
22343: flush_page(0x80003) returns false/false
22344: insert(0x80002056)
22345: insert(0x8000905c)
22346: insert(0x80009096)
22347: insert(0x800010f8)
22348: insert(0x8000905e)
22349: insert(0x8000809c)
22350: flush_page(0x80006) returns false/false
22351: flush_page(0x80000) returns false/false
22352: insert(0x8000c03c)
22353: insert(0x80003010)
22354: flush_page(0x8000b) returns false/false
22355: insert(0x80004042)
22356: flush_page(0x8000b) returns false/false
22357: insert(0x800030a2)
22358: insert(0x800080c4)
22359: flush()
22360: flush_page(0x80002) returns false/false
22361: flush_page(0x80002) returns false/false
22362: insert(0x8000406a)
22363: flush_page(0x80001) returns false/false
22364: insert(0x8000702c)
22365: insert(0x800090b6)
22366: insert(0x8000406e)
22367: flush_page(0x80000) returns false/false
22368: insert(0x80001096)
22369: insert(0x8000801c)
22370: flush()
22371: insert(0x80009004)
22372: insert(0x8000b08a)
22373: insert(0x8000b070)
22374: insert(0x80002046)
22375: insert(0x800030a4)
22376: insert(0x80008040)
22377: insert(0x80002060)
22378: flush_page(0x80005) returns false/false
22379: insert(0x8000500a)
22380: insert(0x80001094)
22381: insert(0x8000a0d2)
22382: insert(0x800010f4)
22383: flush_page(0x80009) returns true/true
22384: insert(0x8000b084)
22385: insert(0x8000c070)
22386: flush_page(0x80001) returns true/true
22387: insert(0x800020cc)
22388: flush()
22389: flush_page(0x80004) returns false/false
22390: flush_page(0x8000b) returns false/false
22391: insert(0x8000c05e)
22392: insert(0x8000a0a4)
22393: insert(0x80009044)
22394: insert(0x8000c088)
22395: flush_page(0x80006) returns false/false
22396: flush()
22397: insert(0x800020cc)
22398: insert(0x800070ca)
22399: insert(0x800020be)
22400: insert(0x8000807c)
22401: insert(0x800090a4)
22402: insert(0x800020a4)
22403: insert(0x800060c4)
22404: insert(0x800090b4)
22405: insert(0x80001044)
22406: insert(0x8000a038)
22407: flush_page(0x80006) returns true/true
22408: insert(0x8000903e)
22409: insert(0x800020d0)
22410: insert(0x8000400e)
22411: insert(0x800090a4)
22412: flush_page(0x80000) returns false/false
22413: flush_page(0x8000c) returns false/false
22414: flush_page(0x8000b) returns false/false
22415: insert(0x8000408a)
22416: insert(0x800060da)
22417: insert(0x800020d2)
22418: flush_page(0x80005) returns false/false
22419: insert(0x800000a6)
22420: flush_page(0x80001) returns true/false
22421: insert(0x8000007c)
22422: insert(0x80007002)
22423: insert(0x80000020)
22424: insert(0x8000c08e)
22425: flush_page(0x80003) returns false/false
22426: insert(0x800080ec)
22427: insert(0x8000c09a)
22428: insert(0x80003062)
22429: insert(0x8000b0e0)
22430: insert(0x80008000)
22431: flush_page(0x80003) returns true/true
22432: insert(0x800060b8)
22433: flush_page(0x80008) returns true/true
22434: insert(0x8000c0a2)
22435: insert(0x8000b040)
22436: insert(0x80003008)
22437: insert(0x8000802c)
22438: insert(0x80007072)
22439: insert(0x8000407a)
22440: insert(0x8000408e)
22441: flush_page(0x8000c) returns true/true
22442: flush()
22443: insert(0x8000907a)
22444: insert(0x800080a0)
22445: insert(0x8000206c)
22446: insert(0x8000a0b8)
22447: insert(0x8000b0d4)
22448: insert(0x8000a0a8)
22449: flush_page(0x80002) returns true/true
22450: insert(0x8000205a)
22451: insert(0x800090ee)
22452: insert(0x800020d2)
22453: flush_page(0x80004) returns false/false
22454: insert(0x800010c4)
22455: insert(0x8000b020)
22456: insert(0x80003028)
22457: flush_page(0x80003) returns true/true
22458: insert(0x8000b048)
22459: flush_page(0x80001) returns true/false
22460: insert(0x80002086)
22461: insert(0x800060c8)
22462: flush_page(0x8000b) returns true/true
22463: insert(0x8000002e)
22464: flush()
22465: insert(0x8000402e)
22466: insert(0x80004020)
22467: insert(0x80000034)
22468: flush_page(0x8000c) returns false/false
22469: flush_page(0x80009) returns false/false
22470: insert(0x8000a0b4)
22471: insert(0x800050cc)
22472: insert(0x8000a090)
22473: insert(0x800050f0)
22474: insert(0x800090c0)
22475: insert(0x8000508c)
22476: insert(0x8000007a)
22477: flush_page(0x80004) returns true/true
22478: flush_page(0x8000c) returns false/false
22479: insert(0x8000700a)
22480: insert(0x80003028)
22481: insert(0x80006036)
22482: insert(0x8000a0de)
22483: insert(0x80006046)
22484: insert(0x80004014)
22485: insert(0x80005046)
22486: insert(0x8000802c)
22487: flush_page(0x80003) returns true/true
22488: insert(0x8000207a)
22489: flush_page(0x80002) returns true/true
22490: insert(0x80005042)
22491: flush_page(0x80003) returns false/false
22492: insert(0x80000026)
22493: insert(0x8000309a)
22494: insert(0x800080e2)
22495: flush_page(0x80009) returns true/false
22496: insert(0x8000508c)
22497: flush_page(0x80003) returns true/true
22498: insert(0x80008056)
22499: insert(0x800000b2)
22500: insert(0x8000900c)
22501: flush_page(0x80001) returns false/false
22502: insert(0x8000b0ac)
22503: insert(0x8000409c)
22504: insert(0x80004054)
22505: insert(0x800000ec)
22506: insert(0x800090a6)
22507: insert(0x8000b0d0)
22508: insert(0x800010d4)
22509: insert(0x80001062)
22510: insert(0x80006052)
22511: insert(0x8000206c)
22512: insert(0x8000407c)
22513: flush_page(0x80008) returns true/false
22514: insert(0x8000509c)
22515: flush_page(0x80009) returns true/false
22516: insert(0x80003034)
22517: insert(0x8000a070)
22518: insert(0x8000304c)
22519: flush_page(0x80006) returns true/true
22520: flush_page(0x80009) returns false/false
22521: flush()
22522: insert(0x80004032)
22523: insert(0x80003092)
22524: insert(0x8000a05c)
22525: insert(0x800010f6)
22526: insert(0x8000a04c)
22527: flush()
22528: flush_page(0x80003) returns false/false
22529: insert(0x80000032)
22530: insert(0x800090a2)
22531: flush_page(0x80004) returns false/false
22532: insert(0x80002002)
22533: insert(0x8000901e)
22534: insert(0x8000006c)
22535: insert(0x80003016)
22536: flush_page(0x80001) returns false/false
22537: flush_page(0x80003) returns true/true
22538: insert(0x8000a00c)
22539: flush_page(0x8000b) returns false/false
22540: insert(0x8000305a)
22541: flush()
22542: flush_page(0x80003) returns false/false
22543: insert(0x8000102e)
22544: insert(0x8000c0c4)
22545: flush_page(0x80001) returns true/true
22546: flush_page(0x80009) returns false/false
22547: insert(0x8000b032)
22548: flush_page(0x80008) returns false/false
22549: insert(0x80000002)
22550: insert(0x80000010)
22551: insert(0x800030aa)
22552: flush()
22553: flush_page(0x8000c) returns false/false
22554: flush_page(0x8000c) returns false/false
22555: flush_page(0x80006) returns false/false
22556: flush_page(0x80002) returns false/false
22557: insert(0x80000046)
22558: insert(0x800060f4)
22559: flush_page(0x80001) returns false/false
22560: insert(0x80006062)
22561: insert(0x8000100a)
22562: insert(0x800030c0)
22563: flush_page(0x80003) returns true/true
22564: flush_page(0x80007) returns false/false
22565: insert(0x8000c01c)
22566: insert(0x800000dc)
22567: flush_page(0x8000a) returns false/false
22568: insert(0x80003072)
22569: insert(0x80004012)
22570: insert(0x8000701c)
22571: insert(0x80004058)
22572: insert(0x80005078)
22573: insert(0x8000907e)
22574: insert(0x800030ea)
22575: insert(0x8000504c)
22576: insert(0x8000702e)
22577: insert(0x80001026)
22578: insert(0x8000509a)
22579: insert(0x8000c0f8)
22580: insert(0x8000707c)
22581: insert(0x800020ea)
22582: insert(0x800000ba)
22583: insert(0x800090e6)
22584: insert(0x80000090)
22585: insert(0x8000607c)
22586: insert(0x800080cc)
22587: flush_page(0x8000b) returns false/false
22588: insert(0x8000c0c0)
22589: insert(0x80001008)
22590: flush_page(0x80009) returns true/true
22591: insert(0x800060a0)
22592: insert(0x800030ac)
22593: insert(0x80004052)
22594: insert(0x800030fe)
22595: insert(0x8000807e)
22596: insert(0x8000a0fe)
22597: insert(0x800060c4)
22598: insert(0x8000502e)
22599: flush_page(0x80000) returns true/true
22600: flush()
22601: insert(0x80008074)
22602: insert(0x8000c0aa)
22603: insert(0x80008006)
22604: insert(0x80008030)
22605: insert(0x80001044)
22606: flush_page(0x80006) returns false/false
22607: insert(0x8000c084)
22608: insert(0x8000b010)
22609: insert(0x800020c2)
22610: insert(0x80004080)
22611: insert(0x80005078)
22612: flush_page(0x80001) returns true/false
22613: flush_page(0x8000b) returns true/true
22614: insert(0x8000304c)
22615: insert(0x80002014)
22616: flush_page(0x80000) returns false/false
22617: insert(0x8000a0f0)
22618: insert(0x8000c0ce)
22619: insert(0x8000705c)
22620: flush_page(0x80004) returns true/false
22621: insert(0x80006008)
22622: flush_page(0x8000c) returns true/true
22623: flush_page(0x80009) returns false/false
22624: flush_page(0x8000c) returns false/false
22625: flush_page(0x80006) returns true/true
22626: insert(0x80001068)
22627: insert(0x800070e8)
22628: insert(0x80002076)
22629: flush_page(0x80009) returns false/false
22630: insert(0x80007058)
22631: insert(0x8000606c)
22632: insert(0x80009076)
22633: insert(0x8000107e)
22634: insert(0x800020ec)
22635: flush_page(0x8000c) returns false/false
22636: insert(0x800090f0)
22637: flush_page(0x80005) returns true/false
22638: insert(0x800050ea)
22639: insert(0x8000302a)
22640: flush_page(0x80004) returns false/false
22641: flush_page(0x80003) returns true/true
22642: insert(0x8000c054)
22643: insert(0x8000b016)
22644: flush_page(0x80008) returns true/false
22645: insert(0x8000c0ce)
22646: flush_page(0x80007) returns true/false
22647: flush()
22648: insert(0x800030e4)
22649: insert(0x8000c0c0)
22650: insert(0x800080d8)
22651: insert(0x80009078)
22652: flush()
22653: insert(0x8000a0ae)
22654: insert(0x8000b07a)
22655: insert(0x8000303e)
22656: insert(0x8000702e)
22657: insert(0x800060f2)
22658: insert(0x8000700e)
22659: flush_page(0x80006) returns true/true
22660: insert(0x8000c010)
22661: flush_page(0x80007) returns true/true
22662: insert(0x8000707e)
22663: insert(0x80001052)
22664: insert(0x8000402c)
22665: flush_page(0x80008) returns false/false
22666: flush_page(0x8000a) returns true/true
22667: insert(0x8000209c)
22668: insert(0x80003062)
22669: insert(0x800060e4)
22670: insert(0x800050c2)
22671: insert(0x8000c00e)
22672: flush_page(0x80005) returns true/true
22673: insert(0x8000a0d6)
22674: insert(0x80007090)
22675: insert(0x8000a098)
22676: insert(0x8000b0a4)
22677: insert(0x8000b052)
22678: insert(0x800010d6)
22679: insert(0x80002056)
22680: flush_page(0x8000b) returns true/true
22681: insert(0x80004042)
22682: insert(0x8000c024)
22683: flush()
22684: flush_page(0x80006) returns false/false
22685: flush_page(0x80007) returns false/false
22686: insert(0x800050c4)
22687: insert(0x800020d4)
22688: flush_page(0x80007) returns false/false
22689: insert(0x800000ee)
22690: insert(0x8000b022)
22691: flush_page(0x80006) returns false/false
22692: flush_page(0x80003) returns false/false
22693: flush()
22694: insert(0x8000a06c)
22695: flush_page(0x80006) returns false/false
22696: insert(0x8000902c)
22697: insert(0x80009030)
22698: insert(0x80000086)
22699: flush_page(0x80008) returns false/false
22700: insert(0x80007044)
22701: insert(0x8000c012)
22702: flush_page(0x8000c) returns true/true
22703: insert(0x8000a06a)
22704: flush()
22705: insert(0x800040e2)
22706: flush_page(0x80001) returns false/false
22707: insert(0x8000c048)
22708: flush_page(0x8000b) returns false/false
22709: insert(0x800030c2)
22710: insert(0x800000c2)
22711: insert(0x8000608c)
22712: flush_page(0x8000c) returns true/true
22713: insert(0x800030c4)
22714: insert(0x800050d2)
22715: insert(0x80000010)
22716: insert(0x800080ba)
22717: flush_page(0x8000b) returns false/false
22718: insert(0x8000b002)
22719: flush_page(0x80004) returns true/true
22720: insert(0x8000003a)
22721: insert(0x800070b6)
22722: insert(0x8000303e)
22723: insert(0x800000c6)
22724: insert(0x8000c02c)
22725: insert(0x8000a064)
22726: insert(0x8000100e)
22727: insert(0x800020ea)
22728: insert(0x800010a6)
22729: insert(0x800070ba)
22730: insert(0x8000c088)
22731: flush_page(0x80006) returns true/false
22732: insert(0x8000a038)
22733: insert(0x800080ba)
22734: flush_page(0x80000) returns true/false
22735: insert(0x800090ba)
22736: insert(0x80009026)
22737: flush_page(0x80009) returns true/true
22738: insert(0x8000b078)
22739: insert(0x80001014)
22740: flush_page(0x80009) returns false/false
22741: insert(0x8000c04e)
22742: insert(0x8000c070)
22743: flush_page(0x80007) returns true/true
22744: insert(0x8000902a)
22745: flush()
22746: insert(0x80006096)
22747: flush_page(0x80002) returns false/false
22748: insert(0x8000400c)
22749: insert(0x800040fe)
22750: flush()
22751: flush()
22752: insert(0x8000102c)
22753: insert(0x8000403e)
22754: insert(0x8000708c)
22755: insert(0x800040f6)
22756: insert(0x8000a086)
22757: flush()
22758: flush()
22759: insert(0x800000a0)
22760: flush_page(0x80003) returns false/false
22761: insert(0x8000c0bc)
22762: insert(0x800070f8)
22763: insert(0x8000b0d4)
22764: insert(0x8000b09a)
22765: insert(0x8000406a)
22766: insert(0x8000202a)
22767: insert(0x800020a6)
22768: flush()
22769: insert(0x8000300c)
22770: insert(0x8000100a)
22771: insert(0x800060b8)
22772: insert(0x80002074)
22773: insert(0x8000c054)
22774: insert(0x80006088)
22775: flush_page(0x80007) returns false/false
22776: insert(0x800050f4)
22777: insert(0x8000b016)
22778: insert(0x80001072)
22779: flush_page(0x80007) returns false/false
22780: insert(0x8000b0b0)
22781: insert(0x8000c064)
22782: flush_page(0x80007) returns false/false
22783: insert(0x8000602c)
22784: insert(0x80008078)
22785: flush()
22786: flush_page(0x80004) returns false/false
22787: insert(0x8000205e)
22788: insert(0x80006058)
22789: insert(0x80003014)
22790: flush_page(0x80007) returns false/false
22791: flush_page(0x80003) returns true/true
22792: insert(0x800020de)
22793: flush_page(0x80000) returns false/false
22794: insert(0x80000082)
22795: flush_page(0x80007) returns false/false
22796: insert(0x8000a054)
22797: insert(0x800080c0)
22798: flush()
22799: flush()
22800: insert(0x80007016)
22801: insert(0x8000709e)
22802: insert(0x80001034)
22803: insert(0x800040de)
22804: insert(0x800060c2)
22805: insert(0x8000a014)
22806: insert(0x80008032)
22807: insert(0x80000098)
22808: insert(0x800030cc)
22809: insert(0x80002092)
22810: insert(0x80005068)
22811: insert(0x80009034)
22812: flush()
22813: insert(0x800090a2)
22814: insert(0x80008008)
22815: insert(0x800000ca)
22816: insert(0x8000a0c6)
22817: flush_page(0x80007) returns false/false
22818: insert(0x8000208c)
22819: insert(0x80007052)
22820: insert(0x8000401e)
22821: flush_page(0x80004) returns true/true
22822: flush_page(0x80002) returns true/true
22823: flush_page(0x80004) returns false/false
22824: insert(0x800070e4)
22825: insert(0x800020ca)
22826: insert(0x8000a068)
22827: insert(0x800010aa)
22828: insert(0x8000c0b2)
22829: flush_page(0x80009) returns true/true
22830: insert(0x8000c00c)
22831: insert(0x8000c026)
22832: insert(0x8000a0c2)
22833: insert(0x80006078)
22834: flush_page(0x80002) returns true/false
22835: insert(0x8000b046)
22836: insert(0x800010b6)
22837: flush_page(0x8000b) returns true/true
22838: flush_page(0x8000c) returns true/true
22839: insert(0x80006002)
22840: flush_page(0x8000a) returns true/true
22841: flush_page(0x80000) returns true/true
22842: insert(0x8000b02a)
22843: insert(0x8000a0b2)
22844: insert(0x800020f6)
22845: flush_page(0x80001) returns true/true
22846: insert(0x8000b00a)
22847: insert(0x8000607c)
22848: insert(0x800060b8)
22849: flush()
22850: insert(0x80004052)
22851: insert(0x80003002)
22852: insert(0x80007024)
22853: insert(0x80006010)
22854: insert(0x8000b0c0)
22855: insert(0x800020f6)
22856: insert(0x80004014)
22857: insert(0x800040e4)
22858: insert(0x8000803e)
22859: insert(0x80000072)
22860: insert(0x8000a036)
22861: flush_page(0x80002) returns true/false
22862: flush_page(0x8000b) returns true/false
22863: insert(0x800070e6)
22864: insert(0x80006006)
22865: insert(0x8000c01a)
22866: insert(0x800030e8)
22867: insert(0x800080e4)
22868: flush_page(0x80003) returns true/true
22869: flush_page(0x80005) returns false/false
22870: insert(0x80004008)
22871: insert(0x800050b6)
22872: flush_page(0x80002) returns false/false
22873: insert(0x80008034)
22874: insert(0x800020d6)
22875: insert(0x800040ca)
22876: insert(0x80002012)
22877: insert(0x8000203c)
22878: insert(0x800000ae)
22879: insert(0x80009002)
22880: flush()
22881: insert(0x8000400e)
22882: insert(0x800000d8)
22883: insert(0x800020b2)
22884: insert(0x800050de)
22885: flush_page(0x8000a) returns false/false
22886: insert(0x800070e4)
22887: flush()
22888: flush_page(0x80001) returns false/false
22889: insert(0x80007096)
22890: flush_page(0x8000a) returns false/false
22891: insert(0x800040fe)
22892: insert(0x8000406e)
22893: flush_page(0x80000) returns false/false
22894: insert(0x800010a2)
22895: insert(0x8000a062)
22896: insert(0x800080fc)
22897: insert(0x8000a0a0)
22898: flush_page(0x80001) returns true/true
22899: insert(0x8000100a)
22900: insert(0x80008078)
22901: insert(0x8000c03e)
22902: insert(0x80007008)
22903: insert(0x80004052)
22904: insert(0x8000a05a)
22905: flush_page(0x80002) returns false/false
22906: insert(0x8000a0a2)
22907: insert(0x80000058)
22908: flush_page(0x80006) returns false/false
22909: insert(0x8000a04a)
22910: insert(0x8000b03e)
22911: flush_page(0x80003) returns false/false
22912: insert(0x8000106c)
22913: insert(0x800060fa)
22914: insert(0x8000903c)
22915: insert(0x800020cc)
22916: insert(0x80000036)
22917: insert(0x800060d6)
22918: insert(0x800010c6)
22919: flush_page(0x8000b) returns true/true
22920: insert(0x8000b082)
22921: insert(0x800050b6)
22922: insert(0x800040bc)
22923: insert(0x8000c0de)
22924: flush_page(0x80004) returns true/true
22925: insert(0x800030da)
22926: insert(0x8000b01e)
22927: flush_page(0x80001) returns true/true
22928: insert(0x8000b0b6)
22929: insert(0x80001050)
22930: insert(0x8000a062)
22931: insert(0x8000a08c)
22932: insert(0x800020ee)
22933: insert(0x800010bc)
22934: insert(0x8000a02c)
22935: insert(0x800030e6)
22936: insert(0x800030ec)
22937: insert(0x80001080)
22938: insert(0x8000009a)
22939: flush_page(0x80001) returns true/true
22940: insert(0x8000c070)
22941: flush_page(0x80007) returns true/false
22942: insert(0x80007082)
22943: insert(0x8000a09e)
22944: flush_page(0x8000c) returns true/true
22945: insert(0x8000a09a)
22946: insert(0x8000606a)
22947: insert(0x8000c010)
22948: flush()
22949: flush_page(0x80000) returns false/false
22950: insert(0x800030be)
22951: insert(0x80003042)
22952: insert(0x8000c020)
22953: insert(0x80001072)
22954: flush_page(0x80003) returns true/true
22955: insert(0x8000b08e)
22956: insert(0x8000904e)
22957: insert(0x8000206c)
22958: flush_page(0x80008) returns false/false
22959: insert(0x8000c086)
22960: flush_page(0x8000c) returns true/true
22961: insert(0x8000a01c)
22962: insert(0x800030f4)
22963: insert(0x800040dc)
22964: flush_page(0x80005) returns false/false
22965: flush_page(0x80006) returns false/false
22966: insert(0x800010dc)
22967: insert(0x80004046)
22968: flush_page(0x80004) returns true/true
22969: insert(0x80001068)
22970: insert(0x80000044)
22971: insert(0x80009014)
22972: flush_page(0x80007) returns false/false
22973: insert(0x800060a0)
22974: flush()
22975: insert(0x8000c0e8)
22976: insert(0x80002036)
22977: insert(0x800000c0)
22978: insert(0x80005050)
22979: flush_page(0x80004) returns false/false
22980: insert(0x800030bc)
22981: flush_page(0x80002) returns true/true
22982: insert(0x800020da)
22983: insert(0x80004022)
22984: flush_page(0x80004) returns true/true
22985: insert(0x80001052)
22986: insert(0x80009054)
22987: insert(0x8000401a)
22988: insert(0x800050b4)
22989: flush()
22990: insert(0x800030de)
22991: flush_page(0x80008) returns false/false
22992: insert(0x800030b2)
22993: insert(0x80002022)
22994: insert(0x8000809c)
22995: insert(0x80000036)
22996: flush_page(0x80000) returns true/true
22997: flush_page(0x80000) returns false/false
22998: insert(0x800010b0)
22999: insert(0x8000b07c)
23000: insert(0x80005036)
23001: flush_page(0x80009) returns false/false
23002: insert(0x80003066)
23003: insert(0x8000a0c4)
23004: insert(0x8000505c)
23005: flush_page(0x80003) returns true/true
23006: flush_page(0x80000) returns false/false
23007: insert(0x8000b03e)
23008: flush_page(0x80000) returns false/false
23009: insert(0x80006076)
23010: flush()
23011: insert(0x8000307e)
23012: insert(0x80007010)
23013: insert(0x8000a09e)
23014: flush()
23015: insert(0x80009098)
23016: insert(0x8000908a)
23017: insert(0x80009044)
23018: insert(0x8000103a)
23019: insert(0x800000c0)
23020: insert(0x800010f0)
23021: insert(0x800010c0)
23022: insert(0x8000a00e)
23023: insert(0x800020e6)
23024: flush_page(0x80009) returns true/true
23025: insert(0x80006032)
23026: insert(0x8000c04e)
23027: insert(0x800010c2)
23028: flush_page(0x80009) returns false/false
23029: flush_page(0x80008) returns false/false
23030: flush()
23031: insert(0x8000701e)
23032: flush_page(0x80002) returns false/false
23033: flush_page(0x8000c) returns false/false
23034: flush_page(0x80009) returns false/false
23035: insert(0x8000202c)
23036: insert(0x800020dc)
23037: flush()
23038: insert(0x8000a06a)
23039: insert(0x80006068)
23040: insert(0x80008058)
23041: flush_page(0x80009) returns false/false
23042: insert(0x8000b02a)
23043: insert(0x80008000)
23044: insert(0x8000a0f6)
23045: insert(0x800020de)
23046: insert(0x8000902a)
23047: insert(0x8000a04e)
23048: insert(0x800050b0)
23049: insert(0x80001096)
23050: insert(0x8000c03a)
23051: flush_page(0x80007) returns false/false
23052: insert(0x8000602a)
23053: insert(0x8000b048)
23054: insert(0x80002004)
23055: insert(0x8000408c)
23056: insert(0x800030cc)
23057: insert(0x80006052)
23058: flush_page(0x80006) returns true/true
23059: insert(0x800090b8)
23060: flush_page(0x80000) returns false/false
23061: insert(0x80008080)
23062: insert(0x800090f4)
23063: flush_page(0x80009) returns true/true
23064: insert(0x8000807c)
23065: insert(0x800040e0)
23066: insert(0x8000806c)
23067: insert(0x800090cc)
23068: flush_page(0x80007) returns false/false
23069: insert(0x8000a018)
23070: flush_page(0x80009) returns true/true
23071: insert(0x8000c014)
23072: flush_page(0x8000c) returns true/true
23073: insert(0x800010b4)
23074: insert(0x800070d0)
23075: insert(0x800010a4)
23076: insert(0x8000209e)
23077: insert(0x800070c2)
23078: insert(0x8000003e)
23079: insert(0x800000d6)
23080: flush_page(0x80009) returns false/false
23081: insert(0x80008004)
23082: flush()
23083: flush_page(0x8000b) returns false/false
23084: insert(0x8000c090)
23085: insert(0x80009078)
23086: insert(0x8000909c)
23087: insert(0x80005092)
23088: flush_page(0x8000c) returns true/true
23089: insert(0x80002044)
23090: insert(0x80003008)
23091: insert(0x80004082)
23092: insert(0x8000b088)
23093: insert(0x80001028)
23094: insert(0x800040b6)
23095: insert(0x8000405c)
23096: insert(0x8000106a)
23097: insert(0x800020c4)
23098: flush_page(0x80004) returns true/true
23099: insert(0x8000302c)
23100: insert(0x800090d0)
23101: insert(0x80000016)
23102: flush_page(0x80006) returns false/false
23103: insert(0x800030b6)
23104: insert(0x8000c038)
23105: insert(0x800020e0)
23106: flush_page(0x80003) returns true/true
23107: insert(0x800050dc)
23108: insert(0x8000c0b0)
23109: insert(0x800040d2)
23110: flush_page(0x80000) returns true/false
23111: insert(0x80005016)
23112: flush_page(0x80001) returns true/true
23113: insert(0x800030b6)
23114: insert(0x800060fa)
23115: flush()
23116: flush()
23117: insert(0x800090e4)
23118: insert(0x80000020)
23119: flush_page(0x80008) returns false/false
23120: insert(0x80005098)
23121: insert(0x80008006)
23122: insert(0x80009008)
23123: insert(0x800090e2)
23124: insert(0x8000b0a8)
23125: flush_page(0x80009) returns true/true
23126: insert(0x8000502c)
23127: insert(0x80002094)
23128: insert(0x800030dc)
23129: insert(0x80009038)
23130: insert(0x800050d0)
23131: insert(0x80008086)
23132: flush_page(0x80004) returns false/false
23133: insert(0x80000084)
23134: insert(0x8000c064)
23135: insert(0x80001066)
23136: insert(0x80001094)
23137: flush_page(0x8000c) returns true/true
23138: insert(0x80004094)
23139: flush_page(0x8000b) returns true/false
23140: flush_page(0x8000a) returns false/false
23141: insert(0x80006050)
23142: insert(0x8000604a)
23143: insert(0x800020a2)
23144: insert(0x80009046)
23145: flush_page(0x80007) returns false/false
23146: insert(0x800000fc)
23147: insert(0x800080e2)
23148: insert(0x8000a08c)
23149: flush_page(0x80009) returns true/true
23150: insert(0x8000604e)
23151: insert(0x800010c0)
23152: insert(0x800030e6)
23153: flush_page(0x80005) returns true/true
23154: flush_page(0x80008) returns true/false
23155: flush_page(0x80003) returns true/true
23156: insert(0x8000403e)
23157: flush_page(0x80004) returns true/true
23158: insert(0x800050c4)
23159: insert(0x8000a042)
23160: flush()
23161: flush_page(0x80005) returns false/false
23162: insert(0x80009088)
23163: insert(0x80000066)
23164: flush_page(0x80004) returns false/false
23165: insert(0x80003062)
23166: flush_page(0x8000a) returns false/false
23167: flush_page(0x80004) returns false/false
23168: insert(0x800050ea)
23169: flush_page(0x80001) returns false/false
23170: insert(0x800080e0)
23171: insert(0x800050c2)
23172: flush_page(0x80008) returns true/true
23173: insert(0x800030f4)
23174: flush_page(0x80007) returns false/false
23175: insert(0x80000024)
23176: insert(0x80006068)
23177: insert(0x8000b0ba)
23178: insert(0x80000000)
23179: insert(0x8000605e)
23180: flush()
23181: insert(0x800090ea)
23182: flush_page(0x80005) returns false/false
23183: insert(0x800070f2)
23184: insert(0x800000f6)
23185: flush_page(0x80006) returns false/false
23186: insert(0x80001082)
23187: insert(0x800020fc)
23188: insert(0x80001076)
23189: insert(0x80009068)
23190: flush_page(0x8000b) returns false/false
23191: flush_page(0x80005) returns false/false
23192: flush_page(0x80004) returns false/false
23193: flush_page(0x8000c) returns false/false
23194: flush()
23195: insert(0x80004056)
23196: insert(0x8000b0e2)
23197: insert(0x8000c0d0)
23198: insert(0x8000a0e4)
23199: insert(0x80007004)
23200: insert(0x8000a0c6)
23201: flush_page(0x80001) returns false/false
23202: insert(0x8000507c)
23203: insert(0x800030b6)
23204: insert(0x8000803a)
23205: flush_page(0x8000b) returns true/true
23206: flush()
23207: flush_page(0x80003) returns false/false
23208: flush()
23209: flush()
23210: insert(0x80006056)
23211: insert(0x8000a068)
23212: flush_page(0x80000) returns false/false
23213: insert(0x8000c094)
23214: flush_page(0x8000a) returns true/true
23215: insert(0x8000505e)
23216: insert(0x800020a6)
23217: insert(0x800080ae)
23218: insert(0x800080c8)
23219: insert(0x8000c034)
23220: insert(0x8000b056)
23221: insert(0x800050a8)
23222: insert(0x8000a038)
23223: insert(0x8000c050)
23224: insert(0x8000a0ec)
23225: flush_page(0x80001) returns false/false
23226: insert(0x8000b0dc)
23227: insert(0x80009078)
23228: flush_page(0x8000c) returns true/true
23229: insert(0x8000104c)
23230: flush()
23231: insert(0x80005078)
23232: insert(0x8000c0a2)
23233: insert(0x80006032)
23234: flush_page(0x80003) returns false/false
23235: insert(0x8000700c)
23236: insert(0x800020a0)
23237: insert(0x80001078)
23238: insert(0x8000b068)
23239: insert(0x8000707e)
23240: insert(0x800010e0)
23241: flush_page(0x80008) returns false/false
23242: insert(0x8000900c)
23243: insert(0x80006090)
23244: flush_page(0x80001) returns true/true
23245: flush_page(0x80004) returns false/false
23246: flush_page(0x80005) returns true/true
23247: flush()
23248: insert(0x8000c08a)
23249: insert(0x8000809c)
23250: insert(0x80004048)
23251: insert(0x8000c046)
23252: insert(0x8000b00e)
23253: insert(0x8000206a)
23254: insert(0x80007064)
23255: insert(0x80000090)
23256: insert(0x800000ca)
23257: insert(0x800080d8)
23258: insert(0x80007042)
23259: flush_page(0x80009) returns false/false
23260: flush_page(0x80006) returns false/false
23261: flush()
23262: flush_page(0x80006) returns false/false
23263: flush_page(0x80007) returns false/false
23264: insert(0x800020f0)
23265: insert(0x80006024)
23266: flush_page(0x80000) returns false/false
23267: insert(0x80008070)
23268: insert(0x800050bc)
23269: insert(0x8000900a)
23270: insert(0x800050dc)
23271: insert(0x8000409c)
23272: flush_page(0x80006) returns true/true
23273: flush_page(0x80004) returns true/true
23274: flush_page(0x80005) returns true/true
23275: insert(0x800020b6)
23276: flush_page(0x80008) returns true/true
23277: insert(0x8000709c)
23278: flush_page(0x8000b) returns false/false
23279: insert(0x80003086)
23280: insert(0x8000c000)
23281: insert(0x80005008)
23282: insert(0x800000b6)
23283: flush_page(0x80003) returns true/true
23284: insert(0x8000704c)
23285: insert(0x80009094)
23286: insert(0x80007042)
23287: insert(0x8000c0ca)
23288: insert(0x8000009c)
23289: flush_page(0x80001) returns false/false
23290: insert(0x8000a0c6)
23291: flush_page(0x80007) returns true/true
23292: insert(0x80002088)
23293: insert(0x800050e4)
23294: insert(0x8000a076)
23295: flush_page(0x80002) returns true/true
23296: insert(0x8000603e)
23297: insert(0x80007076)
23298: flush_page(0x80000) returns true/true
23299: insert(0x80006068)
23300: insert(0x800070ba)
23301: insert(0x800010a6)
23302: insert(0x80008008)
23303: insert(0x80006008)
23304: insert(0x80005016)
23305: insert(0x800070be)
23306: insert(0x800030bc)
23307: insert(0x8000a0b6)
23308: insert(0x80003072)
23309: insert(0x80003064)
23310: insert(0x8000c062)
23311: insert(0x80000084)
23312: flush_page(0x80003) returns true/true
23313: insert(0x80000040)
23314: flush()
23315: flush()
23316: insert(0x80006090)
23317: flush()
23318: insert(0x8000006a)
23319: insert(0x80008060)
23320: insert(0x80008086)
23321: insert(0x800050a0)
23322: flush_page(0x80002) returns false/false
23323: insert(0x8000800c)
23324: insert(0x80008034)
23325: insert(0x8000c040)
23326: insert(0x80001016)
23327: insert(0x80008046)
23328: insert(0x80000034)
23329: flush_page(0x80001) returns true/true
23330: insert(0x800080d2)
23331: insert(0x8000507c)
23332: insert(0x8000a086)
23333: insert(0x800030de)
23334: insert(0x800000f4)
23335: insert(0x800090b8)
23336: insert(0x8000907a)
23337: insert(0x800050ba)
23338: insert(0x800060d8)
23339: insert(0x800050fe)
23340: insert(0x80004076)
23341: flush_page(0x8000c) returns true/false
23342: insert(0x800030a6)
23343: flush_page(0x80008) returns true/false
23344: insert(0x80008070)
23345: insert(0x80000064)
23346: flush_page(0x80006) returns true/false
23347: insert(0x80005078)
23348: flush_page(0x80001) returns false/false
23349: insert(0x8000b054)
23350: flush_page(0x80005) returns true/true
23351: insert(0x80002032)
23352: flush_page(0x80001) returns false/false
23353: insert(0x800080b0)
23354: flush()
23355: flush_page(0x8000b) returns false/false
23356: flush_page(0x8000b) returns false/false
23357: insert(0x8000c0b2)
23358: insert(0x8000308c)
23359: flush_page(0x80009) returns false/false
23360: insert(0x800070c0)
23361: insert(0x8000c024)
23362: flush_page(0x8000a) returns false/false
23363: insert(0x8000605c)
23364: insert(0x8000401a)
23365: insert(0x80002050)
23366: flush_page(0x8000c) returns true/true
23367: flush_page(0x80003) returns true/true
23368: flush_page(0x80000) returns false/false
23369: insert(0x80004074)
23370: insert(0x80005006)
23371: insert(0x80005044)
23372: insert(0x80002026)
23373: insert(0x80008030)
23374: insert(0x80004094)
23375: insert(0x8000301e)
23376: insert(0x8000a0c4)
23377: insert(0x800060f8)
23378: insert(0x8000801e)
23379: insert(0x8000304c)
23380: flush_page(0x80001) returns false/false
23381: insert(0x8000609a)
23382: insert(0x8000a06e)
23383: insert(0x8000c002)
23384: insert(0x800020ae)
23385: insert(0x800080d0)
23386: insert(0x80000090)
23387: flush_page(0x80002) returns true/true
23388: insert(0x80004088)
23389: insert(0x80005094)
23390: insert(0x80006060)
23391: insert(0x800010e0)
23392: insert(0x80007018)
23393: insert(0x80005028)
23394: insert(0x8000c080)
23395: insert(0x800020fe)
23396: flush_page(0x80002) returns true/true
23397: flush_page(0x80009) returns false/false
23398: flush()
23399: flush()
23400: insert(0x8000900c)
23401: insert(0x8000909e)
23402: insert(0x80006094)
23403: flush_page(0x80003) returns false/false
23404: flush()
23405: insert(0x800090bc)
23406: insert(0x8000309c)
23407: insert(0x800040d8)
23408: insert(0x8000307e)
23409: insert(0x8000805e)
23410: insert(0x8000700e)
23411: flush()
23412: flush_page(0x80009) returns false/false
23413: insert(0x80000034)
23414: flush_page(0x8000a) returns false/false
23415: flush_page(0x80005) returns false/false
23416: flush_page(0x80000) returns true/true
23417: insert(0x8000b0de)
23418: insert(0x800070a8)
23419: insert(0x8000b096)
23420: flush_page(0x80005) returns false/false
23421: insert(0x8000a03a)
23422: flush_page(0x80001) returns false/false
23423: insert(0x8000a0a0)
23424: insert(0x800020d6)
23425: insert(0x800010da)
23426: insert(0x8000b030)
23427: insert(0x800080c8)
23428: flush()
23429: flush_page(0x80000) returns false/false
23430: flush_page(0x8000a) returns false/false
23431: insert(0x800000b2)
23432: flush()
23433: insert(0x80008080)
23434: insert(0x8000b0c2)
23435: insert(0x8000a094)
23436: insert(0x8000b0d2)
23437: flush_page(0x8000c) returns false/false
23438: flush()
23439: insert(0x8000c024)
23440: insert(0x80003012)
23441: flush_page(0x8000c) returns true/true
23442: insert(0x800080c8)
23443: insert(0x800040e2)
23444: flush_page(0x8000c) returns false/false
23445: flush_page(0x80005) returns false/false
23446: insert(0x80000040)
23447: flush_page(0x8000a) returns false/false
23448: flush_page(0x80002) returns false/false
23449: insert(0x8000c00e)
23450: insert(0x80008076)
23451: flush_page(0x8000b) returns false/false
23452: insert(0x800010ba)
23453: flush()
23454: insert(0x80000012)
23455: insert(0x800020ba)
23456: flush_page(0x80006) returns false/false
23457: flush_page(0x80002) returns true/true
23458: insert(0x8000b0dc)
23459: flush()
23460: insert(0x8000b03e)
23461: insert(0x8000105a)
23462: insert(0x800050dc)
23463: insert(0x80009072)
23464: insert(0x80000058)
23465: insert(0x800010fe)
23466: insert(0x8000a07e)
23467: flush_page(0x80005) returns true/true
23468: insert(0x80005090)
23469: insert(0x80000024)
23470: insert(0x8000009c)
23471: insert(0x800050ac)
23472: insert(0x80005032)
23473: insert(0x8000a0b6)
23474: insert(0x8000905c)
23475: flush_page(0x80006) returns false/false
23476: insert(0x8000a00a)
23477: insert(0x800020f2)
23478: insert(0x8000307a)
23479: insert(0x80002022)
23480: insert(0x8000903c)
23481: insert(0x800020ee)
23482: flush()
23483: insert(0x8000404c)
23484: flush_page(0x8000c) returns false/false
23485: flush_page(0x80001) returns false/false
23486: insert(0x800070b0)
23487: insert(0x8000b058)
23488: insert(0x8000004c)
23489: insert(0x80008072)
23490: flush_page(0x80006) returns false/false
23491: insert(0x80009068)
23492: insert(0x80003092)
23493: insert(0x80000018)
23494: insert(0x80000086)
23495: insert(0x80004080)
23496: insert(0x80009010)
23497: insert(0x80003092)
23498: insert(0x8000a016)
23499: insert(0x8000a06e)
23500: insert(0x80009026)
23501: insert(0x8000b06a)
23502: insert(0x80000040)
23503: insert(0x800020ca)
23504: insert(0x800090e8)
23505: insert(0x80009080)
23506: insert(0x800080f6)
23507: flush_page(0x80009) returns true/true
23508: insert(0x8000c092)
23509: flush_page(0x80009) returns false/false
23510: flush()
23511: flush_page(0x8000c) returns false/false
23512: insert(0x80006098)
23513: insert(0x80001070)
23514: insert(0x8000603a)
23515: insert(0x80004066)
23516: flush_page(0x80002) returns false/false
23517: insert(0x800030fc)
23518: insert(0x8000b012)
23519: insert(0x800060f6)
23520: flush()
23521: insert(0x8000203e)
23522: insert(0x80009000)
23523: insert(0x8000a06e)
23524: flush_page(0x80004) returns false/false
23525: insert(0x800040f8)
23526: insert(0x8000006e)
23527: flush()
23528: insert(0x8000406c)
23529: insert(0x8000a062)
23530: insert(0x800020e6)
23531: insert(0x80000062)
23532: insert(0x800080d0)
23533: insert(0x800060c0)
23534: flush_page(0x80000) returns true/true
23535: flush_page(0x80000) returns false/false
23536: insert(0x800010a0)
23537: insert(0x8000c0d2)
23538: flush_page(0x8000b) returns false/false
23539: insert(0x8000a0f4)
23540: insert(0x8000304e)
23541: flush_page(0x80007) returns false/false
23542: insert(0x800060cc)
23543: flush_page(0x80007) returns false/false
23544: flush_page(0x80005) returns false/false
23545: insert(0x800050e4)
23546: insert(0x8000b018)
23547: insert(0x800090a6)
23548: insert(0x8000b0de)
23549: flush_page(0x8000a) returns true/true
23550: insert(0x8000a024)
23551: insert(0x80009054)
23552: insert(0x8000209e)
23553: insert(0x80007090)
23554: insert(0x80006036)
23555: insert(0x80005048)
23556: insert(0x8000c002)
23557: flush()
23558: flush_page(0x80007) returns false/false
23559: insert(0x800080e0)
23560: insert(0x800000f4)
23561: insert(0x8000602e)
23562: flush()
23563: insert(0x8000007c)
23564: flush_page(0x80007) returns false/false
23565: insert(0x8000405a)
23566: insert(0x8000b078)
23567: flush_page(0x80009) returns false/false
23568: flush_page(0x80004) returns true/true
23569: insert(0x80009038)
23570: flush_page(0x80004) returns false/false
23571: insert(0x80002064)
23572: insert(0x80000024)
23573: insert(0x800070ac)
23574: insert(0x8000502c)
23575: insert(0x80007016)
23576: flush_page(0x80007) returns true/true
23577: insert(0x80008004)
23578: insert(0x800070e0)
23579: insert(0x80004030)
23580: flush()
23581: insert(0x8000c02a)
23582: insert(0x80004062)
23583: flush_page(0x80007) returns false/false
23584: insert(0x80000046)
23585: insert(0x800000fc)
23586: insert(0x80005052)
23587: flush_page(0x80002) returns false/false
23588: insert(0x80002002)
23589: insert(0x800070f8)
23590: insert(0x8000502e)
23591: flush_page(0x80007) returns true/true
23592: insert(0x8000308c)
23593: insert(0x8000c068)
23594: insert(0x8000a02c)
23595: flush_page(0x80006) returns false/false
23596: insert(0x80007042)
23597: flush()
23598: insert(0x800000bc)
23599: insert(0x8000407e)
23600: insert(0x8000a05e)
23601: insert(0x8000c03a)
23602: insert(0x8000705c)
23603: flush()
23604: insert(0x800000c4)
23605: insert(0x8000200c)
23606: insert(0x8000a046)
23607: insert(0x8000b042)
23608: flush_page(0x80000) returns true/true
23609: insert(0x800090f6)
23610: insert(0x8000b00c)
23611: insert(0x80000076)
23612: flush()
23613: insert(0x800040b4)
23614: insert(0x800050c2)
23615: insert(0x8000a0c4)
23616: insert(0x80000064)
23617: insert(0x8000601a)
23618: insert(0x800030f4)
23619: insert(0x80003056)
23620: insert(0x80002064)
23621: insert(0x80007052)
23622: insert(0x8000a0ea)
23623: insert(0x8000409c)
23624: flush_page(0x80007) returns true/true
23625: flush_page(0x80003) returns true/true
23626: insert(0x8000b00a)
23627: insert(0x800010d6)
23628: insert(0x800060f0)
23629: insert(0x800000e2)
23630: insert(0x80000076)
23631: insert(0x80005086)
23632: insert(0x8000b002)
23633: flush_page(0x80000) returns true/true
23634: insert(0x800070e4)
23635: insert(0x8000a07e)
23636: insert(0x8000c0fa)
23637: insert(0x8000402c)
23638: flush_page(0x80004) returns true/true
23639: insert(0x800010c8)
23640: insert(0x8000c000)
23641: flush_page(0x8000a) returns true/true
23642: insert(0x80002062)
23643: flush_page(0x80006) returns true/true
23644: insert(0x80000008)
23645: flush_page(0x8000c) returns true/true
23646: flush_page(0x8000a) returns false/false
23647: insert(0x8000c084)
23648: insert(0x8000c070)
23649: insert(0x800060fc)
23650: insert(0x80006004)
23651: insert(0x800060c8)
23652: insert(0x80009082)
23653: insert(0x8000a0d2)
23654: flush_page(0x80006) returns true/true
23655: flush_page(0x8000a) returns true/true
23656: flush_page(0x80009) returns true/true
23657: insert(0x8000b044)
23658: insert(0x80002054)
23659: insert(0x8000b084)
23660: insert(0x8000c030)
23661: insert(0x800030b0)
23662: insert(0x8000c0c0)
23663: insert(0x800070c8)
23664: insert(0x8000b00c)
23665: insert(0x8000c020)
23666: flush_page(0x80005) returns true/false
23667: flush_page(0x8000b) returns true/true
23668: insert(0x800060fe)
23669: flush_page(0x8000c) returns true/true
23670: insert(0x8000100a)
23671: insert(0x800080da)
23672: insert(0x800000f8)
23673: insert(0x80004012)
23674: insert(0x800080a4)
23675: insert(0x80002052)
23676: insert(0x800060dc)
23677: insert(0x80003096)
23678: insert(0x800060f0)
23679: insert(0x80004024)
23680: flush()
23681: insert(0x8000b0bc)
23682: flush_page(0x80005) returns false/false
23683: flush_page(0x80009) returns false/false
23684: insert(0x8000500a)
23685: flush_page(0x8000c) returns false/false
23686: flush_page(0x8000b) returns true/true
23687: insert(0x8000a05c)
23688: insert(0x80007002)
23689: insert(0x8000c034)
23690: insert(0x80004048)
23691: insert(0x80001078)
23692: insert(0x800020a4)
23693: insert(0x8000800c)
23694: insert(0x8000805c)
23695: flush_page(0x80005) returns true/true
23696: insert(0x80009024)
23697: insert(0x80009094)
23698: insert(0x80000092)
23699: insert(0x8000b0bc)
23700: insert(0x800000cc)
23701: insert(0x800030c8)
23702: flush_page(0x80001) returns true/true
23703: insert(0x8000a074)
23704: insert(0x8000305e)
23705: flush_page(0x80004) returns true/false
23706: insert(0x8000303c)
23707: insert(0x80008010)
23708: insert(0x80002032)
23709: flush_page(0x8000a) returns true/true
23710: insert(0x800060b8)
23711: flush_page(0x80009) returns true/true
23712: flush_page(0x80002) returns true/true
23713: insert(0x800030fa)
23714: flush_page(0x80003) returns true/true
23715: flush_page(0x80005) returns false/false
23716: flush()
23717: insert(0x8000a050)
23718: insert(0x80006024)
23719: insert(0x80001044)
23720: insert(0x8000700e)
23721: insert(0x8000903c)
23722: flush_page(0x8000b) returns false/false
23723: flush()
23724: insert(0x8000608a)
23725: flush_page(0x8000b) returns false/false
23726: flush_page(0x80000) returns false/false
23727: flush_page(0x80000) returns false/false
23728: insert(0x800090ce)
23729: flush_page(0x8000c) returns false/false
23730: insert(0x8000205c)
23731: flush_page(0x80006) returns true/true
23732: insert(0x8000907a)
23733: insert(0x800080f6)
23734: flush()
23735: insert(0x800000be)
23736: flush_page(0x80004) returns false/false
23737: flush_page(0x80005) returns false/false
23738: insert(0x80007000)
23739: flush_page(0x80000) returns true/true
23740: flush_page(0x80002) returns false/false
23741: insert(0x8000101a)
23742: insert(0x8000507a)
23743: insert(0x800030c6)
23744: flush_page(0x8000b) returns false/false
23745: insert(0x8000b066)
23746: flush_page(0x80005) returns true/true
23747: insert(0x800040d6)
23748: flush_page(0x80002) returns false/false
23749: flush_page(0x80008) returns false/false
23750: insert(0x80003080)
23751: insert(0x8000002c)
23752: insert(0x8000802c)
23753: insert(0x80000050)
23754: insert(0x8000005e)
23755: insert(0x800000ca)
23756: insert(0x80002080)
23757: insert(0x8000907e)
23758: insert(0x80009054)
23759: insert(0x800000c4)
23760: insert(0x80001086)
23761: insert(0x800080fc)
23762: insert(0x8000a0a2)
23763: flush_page(0x80003) returns true/false
23764: insert(0x80002082)
23765: insert(0x8000c0d2)
23766: insert(0x8000307e)
23767: insert(0x80003070)
23768: insert(0x8000a0ca)
23769: insert(0x80009046)
23770: flush_page(0x80001) returns true/false
23771: flush()
23772: insert(0x800030b2)
23773: insert(0x800020c4)
23774: flush_page(0x80000) returns false/false
23775: flush_page(0x80002) returns true/true
23776: insert(0x8000c076)
23777: flush_page(0x80004) returns false/false
23778: insert(0x8000403a)
23779: insert(0x8000109c)
23780: insert(0x80009022)
23781: flush()
23782: flush_page(0x8000a) returns false/false
23783: flush_page(0x80006) returns false/false
23784: insert(0x80004088)
23785: flush_page(0x80002) returns false/false
23786: insert(0x80001040)
23787: insert(0x800010ea)
23788: insert(0x8000305e)
23789: insert(0x80007062)
23790: flush_page(0x80001) returns true/true
23791: flush_page(0x8000b) returns false/false
23792: insert(0x800020ce)
23793: insert(0x8000404a)
23794: insert(0x8000109e)
23795: flush()
23796: insert(0x80009024)
23797: insert(0x800040ce)
23798: insert(0x80005050)
23799: insert(0x80008036)
23800: flush_page(0x80000) returns false/false
23801: insert(0x80005094)
23802: insert(0x80006082)
23803: flush_page(0x80002) returns false/false
23804: flush_page(0x80002) returns false/false
23805: flush()
23806: flush_page(0x80002) returns false/false
23807: insert(0x80009048)
23808: insert(0x8000b06a)
23809: insert(0x800030ca)
23810: flush_page(0x8000b) returns true/true
23811: flush_page(0x80004) returns false/false
23812: insert(0x800050a8)
23813: insert(0x80001054)
23814: insert(0x8000c0e6)
23815: insert(0x800090f8)
23816: insert(0x800010b6)
23817: insert(0x80000050)
23818: insert(0x800030bc)
23819: insert(0x8000001c)
23820: insert(0x8000000c)
23821: insert(0x800070fc)
23822: flush_page(0x80002) returns false/false
23823: insert(0x80002096)
23824: insert(0x80002046)
23825: flush()
23826: insert(0x800020b4)
23827: flush_page(0x8000b) returns false/false
23828: insert(0x800030ae)
23829: insert(0x800090ca)
23830: insert(0x8000404e)
23831: insert(0x8000b012)
23832: flush_page(0x80009) returns true/true
23833: flush_page(0x8000c) returns false/false
23834: flush()
23835: flush()
23836: flush_page(0x80002) returns false/false
23837: flush_page(0x80008) returns false/false
23838: flush()
23839: insert(0x8000c09e)
23840: insert(0x80005018)
23841: flush_page(0x80006) returns false/false
23842: flush()
23843: insert(0x8000204c)
23844: insert(0x8000c0bc)
23845: flush_page(0x80007) returns false/false
23846: insert(0x8000a026)
23847: insert(0x800020fc)
23848: insert(0x80001040)
23849: insert(0x80001004)
23850: insert(0x80007088)
23851: insert(0x8000009c)
23852: flush_page(0x80005) returns false/false
23853: insert(0x8000a02c)
23854: insert(0x8000c0f2)
23855: insert(0x8000c072)
23856: insert(0x800020c0)
23857: insert(0x800060a4)
23858: insert(0x8000009a)
23859: insert(0x80008040)
23860: insert(0x800090da)
23861: insert(0x800000ce)
23862: flush()
23863: insert(0x800030c8)
23864: flush_page(0x8000a) returns false/false
23865: insert(0x800040dc)
23866: insert(0x80008044)
23867: insert(0x8000a064)
23868: insert(0x8000909e)
23869: insert(0x80000042)
23870: insert(0x800090be)
23871: insert(0x8000701a)
23872: insert(0x800010b4)
23873: flush_page(0x8000c) returns false/false
23874: insert(0x8000a0f8)
23875: flush()
23876: flush_page(0x80009) returns false/false
23877: insert(0x80005022)
23878: insert(0x800010f8)
23879: flush_page(0x80004) returns false/false
23880: flush_page(0x80002) returns false/false
23881: insert(0x80003060)
23882: insert(0x8000302e)
23883: insert(0x80004024)
23884: insert(0x800020b4)
23885: flush_page(0x80004) returns true/true
23886: insert(0x80006024)
23887: insert(0x80004002)
23888: flush_page(0x80004) returns true/true
23889: flush()
23890: flush_page(0x80006) returns false/false
23891: insert(0x8000b054)
23892: flush()
23893: insert(0x8000b0da)
23894: flush_page(0x80003) returns false/false
23895: insert(0x80000034)
23896: insert(0x8000b040)
23897: insert(0x80004082)
23898: insert(0x80006018)
23899: flush_page(0x80002) returns false/false
23900: flush_page(0x80006) returns true/true
23901: insert(0x80006062)
23902: insert(0x8000b0d2)
23903: flush_page(0x8000c) returns false/false
23904: insert(0x8000c0fa)
23905: insert(0x8000001c)
23906: insert(0x8000c0fe)
23907: insert(0x8000a002)
23908: insert(0x800000da)
23909: insert(0x8000304a)
23910: insert(0x8000a0be)
23911: flush_page(0x80008) returns false/false
23912: flush_page(0x80006) returns true/true
23913: flush_page(0x80005) returns false/false
23914: insert(0x800030b6)
23915: insert(0x80006090)
23916: insert(0x80007036)
23917: flush_page(0x80002) returns false/false
23918: insert(0x8000706c)
23919: flush_page(0x80006) returns true/true
23920: insert(0x8000b05c)
23921: flush_page(0x80002) returns false/false
23922: insert(0x800010a2)
23923: insert(0x8000c068)
23924: insert(0x800030e2)
23925: insert(0x8000c0a6)
23926: insert(0x8000b01e)
23927: insert(0x800010bc)
23928: insert(0x800030bc)
23929: flush_page(0x80004) returns true/false
23930: insert(0x80003098)
23931: flush_page(0x80004) returns false/false
23932: flush_page(0x8000b) returns true/true
23933: insert(0x800090bc)
23934: flush_page(0x80001) returns true/true
23935: flush_page(0x8000a) returns true/true
23936: insert(0x8000c04a)
23937: insert(0x8000b072)
23938: insert(0x8000001e)
23939: flush_page(0x8000a) returns false/false
23940: flush()
23941: insert(0x800030f8)
23942: flush_page(0x80004) returns false/false
23943: insert(0x8000108a)
23944: insert(0x80003080)
23945: insert(0x80006080)
23946: insert(0x8000605c)
23947: insert(0x80004082)
23948: insert(0x80006040)
23949: insert(0x8000c0b6)
23950: insert(0x800090da)
23951: insert(0x8000c0d6)
23952: insert(0x8000a0c4)
23953: flush_page(0x80000) returns false/false
23954: insert(0x8000c0ba)
23955: flush_page(0x80000) returns false/false
23956: flush_page(0x8000b) returns false/false
23957: insert(0x8000b05e)
23958: insert(0x800040e8)
23959: insert(0x800010ac)
23960: insert(0x80003036)
23961: insert(0x800060d2)
23962: insert(0x800030fe)
23963: insert(0x800080fc)
23964: insert(0x8000a002)
23965: insert(0x800040ba)
23966: insert(0x800020fc)
23967: insert(0x80001058)
23968: flush()
23969: flush()
23970: insert(0x80008016)
23971: insert(0x8000303e)
23972: insert(0x8000407e)
23973: flush()
23974: insert(0x800090ba)
23975: flush_page(0x80000) returns false/false
23976: flush_page(0x80008) returns false/false
23977: flush()
23978: insert(0x8000604a)
23979: insert(0x8000c008)
23980: insert(0x8000606c)
23981: flush_page(0x80006) returns true/true
23982: insert(0x800020ae)
23983: insert(0x80002014)
23984: flush_page(0x80009) returns false/false
23985: flush_page(0x80004) returns false/false
23986: flush()
23987: insert(0x800020c6)
23988: insert(0x8000607a)
23989: insert(0x80007076)
23990: flush_page(0x80005) returns false/false
23991: insert(0x8000109c)
23992: insert(0x8000b070)
23993: insert(0x800090aa)
23994: insert(0x8000b08c)
23995: insert(0x8000c0fc)
23996: flush()
23997: flush_page(0x8000b) returns false/false
23998: insert(0x8000c096)
23999: insert(0x80004086)
24000: flush_page(0x80000) returns false/false
24001: flush_page(0x80007) returns false/false
24002: insert(0x8000102a)
24003: insert(0x800080ec)
24004: flush_page(0x8000c) returns true/true
24005: flush_page(0x80008) returns true/true
24006: insert(0x8000c024)
24007: insert(0x8000600c)
24008: flush_page(0x80006) returns true/true
24009: insert(0x80003002)
24010: flush_page(0x80001) returns true/true
24011: insert(0x80001040)
24012: flush_page(0x8000c) returns true/true
24013: insert(0x80003088)
24014: insert(0x80003058)
24015: insert(0x800080c6)
24016: insert(0x8000409e)
24017: insert(0x800070c0)
24018: flush_page(0x80004) returns true/true
24019: insert(0x800000a2)
24020: insert(0x8000b082)
24021: insert(0x8000505c)
24022: insert(0x80004050)
24023: insert(0x800090d4)
24024: insert(0x80007014)
24025: flush_page(0x80007) returns true/true
24026: flush_page(0x80004) returns true/true
24027: flush_page(0x80008) returns true/true
24028: insert(0x80002018)
24029: insert(0x80009048)
24030: insert(0x80000060)
24031: insert(0x800070b4)
24032: insert(0x8000206a)
24033: insert(0x8000000e)
24034: flush_page(0x80001) returns true/true
24035: insert(0x8000409a)
24036: insert(0x8000c076)
24037: flush_page(0x80006) returns false/false
24038: insert(0x8000b0ce)
24039: flush_page(0x80005) returns true/false
24040: insert(0x800080b4)
24041: flush_page(0x8000b) returns true/true
24042: insert(0x80001066)
24043: flush_page(0x80004) returns true/true
24044: flush_page(0x80005) returns false/false
24045: flush_page(0x80002) returns true/true
24046: insert(0x8000b05c)
24047: insert(0x800040a0)
24048: insert(0x80007092)
24049: insert(0x800000b0)
24050: flush_page(0x80001) returns true/false
24051: insert(0x800000ee)
24052: flush_page(0x80002) returns false/false
24053: flush()
24054: flush()
24055: insert(0x800060b0)
24056: insert(0x8000704a)
24057: flush_page(0x80003) returns false/false
24058: insert(0x8000c068)
24059: flush_page(0x80007) returns true/true
24060: insert(0x8000c0a8)
24061: flush_page(0x80000) returns false/false
24062: insert(0x8000504c)
24063: flush_page(0x80004) returns false/false
24064: insert(0x8000b014)
24065: insert(0x800010ae)
24066: insert(0x80009064)
24067: insert(0x800020c4)
24068: insert(0x8000b00a)
24069: insert(0x80008008)
24070: insert(0x80000040)
24071: insert(0x800020f6)
24072: flush_page(0x80004) returns false/false
24073: flush()
24074: insert(0x800040c8)
24075: insert(0x8000804c)
24076: insert(0x80007002)
24077: insert(0x80002092)
24078: insert(0x8000b054)
24079: flush_page(0x80000) returns false/false
24080: insert(0x8000a012)
24081: insert(0x80008002)
24082: flush_page(0x80003) returns false/false
24083: insert(0x8000b010)
24084: flush_page(0x8000b) returns true/true
24085: flush_page(0x80000) returns false/false
24086: insert(0x80007064)
24087: insert(0x80004004)
24088: insert(0x8000204a)
24089: flush_page(0x8000a) returns true/true
24090: flush_page(0x80000) returns false/false
24091: insert(0x800090a8)
24092: insert(0x800070dc)
24093: flush()
24094: insert(0x8000c016)
24095: insert(0x8000202a)
24096: insert(0x800020ec)
24097: insert(0x8000b092)
24098: flush_page(0x80009) returns false/false
24099: insert(0x80000048)
24100: insert(0x800010e2)
24101: insert(0x80005080)
24102: insert(0x8000a09a)
24103: flush_page(0x80008) returns false/false
24104: flush_page(0x80001) returns true/true
24105: flush_page(0x80001) returns false/false
24106: insert(0x80008042)
24107: insert(0x80003068)
24108: insert(0x8000408e)
24109: flush_page(0x80007) returns false/false
24110: flush_page(0x80002) returns true/true
24111: insert(0x800050dc)
24112: flush()
24113: insert(0x800090fe)
24114: flush()
24115: flush_page(0x8000b) returns false/false
24116: insert(0x800040d8)
24117: flush_page(0x80000) returns false/false
24118: insert(0x80009096)
24119: insert(0x80002080)
24120: insert(0x800030f4)
24121: insert(0x80005022)
24122: insert(0x80005032)
24123: flush_page(0x80007) returns false/false
24124: insert(0x800060e8)
24125: insert(0x80006000)
24126: insert(0x80000038)
24127: insert(0x800090d2)
24128: insert(0x800080c4)
24129: insert(0x8000c02e)
24130: insert(0x80007098)
24131: insert(0x80002088)
24132: flush()
24133: insert(0x80005084)
24134: insert(0x8000b006)
24135: insert(0x8000a01a)
24136: insert(0x80004050)
24137: insert(0x8000c022)
24138: insert(0x80009018)
24139: insert(0x8000b004)
24140: insert(0x80001020)
24141: insert(0x800070a4)
24142: insert(0x80006084)
24143: insert(0x8000609e)
24144: flush_page(0x80009) returns true/true
24145: insert(0x800090ac)
24146: insert(0x800050ec)
24147: flush_page(0x80006) returns true/true
24148: insert(0x80001082)
24149: flush_page(0x80008) returns false/false
24150: flush_page(0x80002) returns false/false
24151: insert(0x80007016)
24152: insert(0x8000205e)
24153: insert(0x800060c2)
24154: flush_page(0x80009) returns true/true
24155: insert(0x80006052)
24156: flush_page(0x8000b) returns true/true
24157: flush_page(0x80001) returns true/true
24158: flush_page(0x8000b) returns false/false
24159: insert(0x80003006)
24160: insert(0x8000809c)
24161: insert(0x800010c0)
24162: insert(0x800010d6)
24163: insert(0x80001090)
24164: insert(0x800000ae)
24165: insert(0x80000030)
24166: insert(0x80003030)
24167: insert(0x8000a07e)
24168: insert(0x8000b06e)
24169: insert(0x80004050)
24170: insert(0x800040b0)
24171: insert(0x8000b022)
24172: insert(0x800040e0)
24173: flush()
24174: flush_page(0x80006) returns false/false
24175: insert(0x8000000a)
24176: insert(0x800040b8)
24177: insert(0x8000205a)
24178: insert(0x80005030)
24179: flush_page(0x80008) returns false/false
24180: insert(0x8000603a)
24181: insert(0x800050ca)
24182: insert(0x80003004)
24183: insert(0x80003056)
24184: insert(0x8000906e)
24185: insert(0x80001042)
24186: insert(0x80006024)
24187: insert(0x800060b6)
24188: insert(0x8000304c)
24189: flush_page(0x80003) returns true/true
24190: insert(0x800070d2)
24191: insert(0x8000004e)
24192: flush_page(0x80008) returns false/false
24193: flush_page(0x80003) returns false/false
24194: insert(0x8000a0a4)
24195: insert(0x8000203a)
24196: insert(0x800030c6)
24197: insert(0x80004090)
24198: insert(0x800030b6)
24199: insert(0x8000b022)
24200: insert(0x8000002a)
24201: insert(0x8000908c)
24202: insert(0x8000a044)
24203: insert(0x800000a8)
24204: flush_page(0x80005) returns true/true
24205: insert(0x800010ac)
24206: insert(0x8000c022)
24207: insert(0x80008028)
24208: insert(0x80000010)
24209: flush_page(0x80006) returns true/false
24210: insert(0x8000609c)
24211: flush_page(0x8000a) returns true/false
24212: flush_page(0x80009) returns true/false
24213: flush_page(0x80007) returns true/false
24214: insert(0x8000805a)
24215: insert(0x800040e2)
24216: flush_page(0x80002) returns true/false
24217: flush_page(0x80009) returns false/false
24218: insert(0x8000a0aa)
24219: insert(0x8000401c)
24220: flush_page(0x8000c) returns true/true
24221: insert(0x8000b010)
24222: insert(0x8000008a)
24223: insert(0x80000024)
24224: insert(0x800060b4)
24225: insert(0x8000607e)
24226: flush_page(0x80004) returns true/true
24227: insert(0x80004054)
24228: insert(0x80008014)
24229: insert(0x80004072)
24230: insert(0x8000409c)
24231: insert(0x800070ac)
24232: flush_page(0x8000c) returns false/false
24233: insert(0x800030ca)
24234: insert(0x8000009c)
24235: flush_page(0x80000) returns true/true
24236: insert(0x80009056)
24237: insert(0x800050e8)
24238: insert(0x800050ac)
24239: insert(0x8000801e)
24240: flush_page(0x80003) returns true/true
24241: insert(0x8000c03e)
24242: insert(0x800080ce)
24243: insert(0x800070a0)
24244: insert(0x8000305e)
24245: insert(0x800030ae)
24246: insert(0x800000aa)
24247: flush_page(0x80001) returns true/false
24248: flush_page(0x80000) returns true/true
24249: insert(0x800030f0)
24250: insert(0x8000b03a)
24251: flush_page(0x80007) returns true/true
24252: insert(0x80003080)
24253: insert(0x8000c0a0)
24254: insert(0x800060fe)
24255: insert(0x800060d6)
24256: insert(0x80009090)
24257: insert(0x80005082)
24258: insert(0x800020e8)
24259: flush_page(0x80004) returns true/false
24260: insert(0x800020a6)
24261: insert(0x80006028)
24262: flush_page(0x80003) returns true/true
24263: insert(0x8000b020)
24264: insert(0x800080c0)
24265: insert(0x8000c0f4)
24266: insert(0x800000ba)
24267: flush()
24268: flush_page(0x8000b) returns false/false
24269: insert(0x80000036)
24270: insert(0x8000006c)
24271: insert(0x8000201c)
24272: insert(0x800050ec)
24273: flush_page(0x80005) returns true/true
24274: insert(0x8000a060)
24275: insert(0x8000707e)
24276: insert(0x800010b6)
24277: insert(0x80007008)
24278: insert(0x8000706a)
24279: flush()
24280: insert(0x8000c0a2)
24281: insert(0x8000407a)
24282: flush_page(0x80007) returns false/false
24283: insert(0x8000307e)
24284: flush_page(0x80009) returns false/false
24285: flush_page(0x80003) returns true/true
24286: insert(0x800060a6)
24287: insert(0x8000506e)
24288: insert(0x8000b0d4)
24289: insert(0x80001030)
24290: flush()
24291: insert(0x80001090)
24292: insert(0x8000201e)
24293: insert(0x80000042)
24294: insert(0x80001056)
24295: flush_page(0x80003) returns false/false
24296: flush_page(0x80009) returns false/false
24297: insert(0x800070fc)
24298: insert(0x80002092)
24299: insert(0x800030a8)
24300: insert(0x800020f0)
24301: insert(0x8000b09c)
24302: insert(0x80009018)
24303: insert(0x8000003a)
24304: insert(0x8000707a)
24305: insert(0x8000a0c2)
24306: insert(0x8000001c)
24307: insert(0x80002090)
24308: insert(0x800020a2)
24309: insert(0x80006002)
24310: insert(0x800080e0)
24311: insert(0x8000c000)
24312: flush_page(0x8000b) returns true/false
24313: insert(0x800060a4)
24314: insert(0x800040a6)
24315: insert(0x80006048)
24316: insert(0x800030ee)
24317: insert(0x80006066)
24318: insert(0x8000607a)
24319: flush_page(0x80009) returns true/true
24320: flush_page(0x80004) returns true/false
24321: insert(0x80003040)
24322: insert(0x800030d8)
24323: insert(0x80008046)
24324: insert(0x80003004)
24325: insert(0x8000705c)
24326: insert(0x8000b04a)
24327: insert(0x8000c000)
24328: insert(0x800090f4)
24329: insert(0x8000a0d4)
24330: insert(0x8000b0be)
24331: insert(0x8000b044)
24332: insert(0x8000a0a8)
24333: insert(0x800030ea)
24334: insert(0x8000301c)
24335: flush_page(0x8000c) returns true/false
24336: insert(0x80003006)
24337: insert(0x800070ee)
24338: flush_page(0x80006) returns true/true
24339: insert(0x800080cc)
24340: flush_page(0x80002) returns true/false
24341: insert(0x80006048)
24342: insert(0x80004088)
24343: flush_page(0x80009) returns true/false
24344: insert(0x800080cc)
24345: flush_page(0x8000c) returns false/false
24346: insert(0x80007062)
24347: flush_page(0x80005) returns false/false
24348: insert(0x80004082)
24349: insert(0x800090ce)
24350: insert(0x800000d2)
24351: insert(0x80001060)
24352: insert(0x80006086)
24353: flush_page(0x80005) returns false/false
24354: insert(0x800030fa)
24355: insert(0x8000a0d6)
24356: insert(0x80009022)
24357: insert(0x800090e0)
24358: insert(0x800040c8)
24359: insert(0x800050ce)
24360: insert(0x8000a0ec)
24361: flush_page(0x8000b) returns true/false
24362: insert(0x80008032)
24363: flush_page(0x8000c) returns false/false
24364: insert(0x8000c050)
24365: insert(0x8000a0fe)
24366: insert(0x8000b084)
24367: insert(0x8000b034)
24368: insert(0x8000a006)
24369: flush_page(0x80006) returns true/false
24370: flush_page(0x8000b) returns true/true
24371: insert(0x8000b0f6)
24372: insert(0x80004056)
24373: flush_page(0x8000b) returns true/true
24374: insert(0x80005094)
24375: insert(0x800080aa)
24376: insert(0x80006050)
24377: flush_page(0x80005) returns true/true
24378: flush()
24379: flush_page(0x80002) returns false/false
24380: flush_page(0x80006) returns false/false
24381: insert(0x80002014)
24382: flush_page(0x80002) returns true/true
24383: insert(0x8000606e)
24384: insert(0x8000a026)
24385: flush_page(0x80003) returns false/false
24386: insert(0x8000506a)
24387: flush_page(0x80009) returns false/false
24388: insert(0x800000d0)
24389: insert(0x800000c6)
24390: insert(0x8000c0a4)
24391: insert(0x80009012)
24392: flush()
24393: insert(0x800080f8)
24394: insert(0x800060f0)
24395: insert(0x8000a0ce)
24396: flush_page(0x8000b) returns false/false
24397: insert(0x8000b00a)
24398: flush_page(0x80008) returns true/true
24399: insert(0x800060de)
24400: insert(0x8000a078)
24401: flush_page(0x80009) returns false/false
24402: insert(0x80000028)
24403: insert(0x800080d2)
24404: insert(0x800030a4)
24405: insert(0x80001048)
24406: insert(0x80008058)
24407: flush()
24408: flush_page(0x80006) returns false/false
24409: insert(0x800060dc)
24410: flush_page(0x80004) returns false/false
24411: insert(0x8000c098)
24412: insert(0x8000a03e)
24413: insert(0x80008046)
24414: flush_page(0x8000b) returns false/false
24415: flush_page(0x80003) returns false/false
24416: insert(0x800070b8)
24417: flush_page(0x80007) returns true/true
24418: flush_page(0x80006) returns true/true
24419: insert(0x800050d4)
24420: insert(0x8000904a)
24421: insert(0x8000a05c)
24422: insert(0x800020d2)
24423: insert(0x80006080)
24424: flush()
24425: insert(0x8000706c)
24426: flush_page(0x80003) returns false/false
24427: insert(0x8000c0a0)
24428: insert(0x8000702e)
24429: flush_page(0x80006) returns false/false
24430: insert(0x800030a2)
24431: flush_page(0x80002) returns false/false
24432: insert(0x800020ec)
24433: flush_page(0x80009) returns false/false
24434: insert(0x80005026)
24435: insert(0x8000503a)
24436: flush_page(0x8000b) returns false/false
24437: insert(0x8000908e)
24438: flush_page(0x80006) returns false/false
24439: flush_page(0x80005) returns true/true
24440: flush_page(0x8000a) returns false/false
24441: insert(0x8000c086)
24442: insert(0x8000c06c)
24443: insert(0x8000a0ba)
24444: insert(0x800060ea)
24445: insert(0x800070f4)
24446: flush_page(0x80007) returns true/true
24447: insert(0x800010b4)
24448: insert(0x80007062)
24449: insert(0x800090f6)
24450: flush_page(0x80007) returns true/true
24451: insert(0x8000b000)
24452: flush_page(0x80009) returns true/true
24453: insert(0x80005008)
24454: insert(0x800050da)
24455: insert(0x8000c086)
24456: insert(0x800060a6)
24457: insert(0x80009006)
24458: insert(0x8000b0ca)
24459: insert(0x80003060)
24460: insert(0x80003092)
24461: insert(0x800080fa)
24462: insert(0x8000503a)
24463: insert(0x800010d6)
24464: insert(0x800070a2)
24465: insert(0x8000a002)
24466: flush_page(0x80000) returns false/false
24467: flush_page(0x80008) returns true/true
24468: insert(0x8000b0ca)
24469: insert(0x800010c4)
24470: insert(0x800090d4)
24471: insert(0x80004080)
24472: insert(0x8000000a)
24473: flush_page(0x80006) returns true/false
24474: flush_page(0x80007) returns true/true
24475: insert(0x8000606e)
24476: flush_page(0x80001) returns true/true
24477: flush()
24478: insert(0x8000008c)
24479: insert(0x80009002)
24480: insert(0x80006040)
24481: insert(0x8000203c)
24482: insert(0x80006036)
24483: flush_page(0x80007) returns false/false
24484: insert(0x80003008)
24485: flush_page(0x80003) returns true/true
24486: insert(0x8000a046)
24487: insert(0x8000c0aa)
24488: flush_page(0x8000b) returns false/false
24489: flush_page(0x8000b) returns false/false
24490: insert(0x80009082)
24491: insert(0x800080e0)
24492: insert(0x800060e8)
24493: insert(0x80005038)
24494: flush_page(0x80001) returns false/false
24495: insert(0x80006082)
24496: insert(0x8000409a)
24497: flush_page(0x8000b) returns false/false
24498: flush_page(0x8000a) returns true/false
24499: flush_page(0x80008) returns true/true
24500: insert(0x8000b0fa)
24501: insert(0x8000a062)
24502: insert(0x8000b004)
24503: insert(0x8000409e)
24504: flush()
24505: flush_page(0x80006) returns false/false
24506: insert(0x800000d0)
24507: flush_page(0x80008) returns false/false
24508: insert(0x80000088)
24509: insert(0x800080d2)
24510: flush()
24511: flush_page(0x80008) returns false/false
24512: insert(0x8000607c)
24513: insert(0x8000c0f6)
24514: insert(0x80001012)
24515: insert(0x800030da)
24516: insert(0x80003034)
24517: insert(0x8000a05a)
24518: insert(0x80004024)
24519: insert(0x800040ee)
24520: insert(0x80000044)
24521: insert(0x8000b0f2)
24522: flush_page(0x8000a) returns true/true
24523: insert(0x80001048)
24524: insert(0x800050ce)
24525: flush_page(0x80006) returns true/false
24526: insert(0x80004032)
24527: insert(0x8000808a)
24528: insert(0x800050aa)
24529: flush()
24530: insert(0x800020ec)
24531: insert(0x800080d2)
24532: insert(0x8000b0c2)
24533: flush_page(0x80003) returns false/false
24534: insert(0x800010c6)
24535: insert(0x800000cc)
24536: flush_page(0x80009) returns false/false
24537: insert(0x8000607a)
24538: flush()
24539: flush()
24540: insert(0x80002028)
24541: flush_page(0x80008) returns false/false
24542: insert(0x80004090)
24543: insert(0x800090fc)
24544: insert(0x8000005a)
24545: insert(0x80003096)
24546: flush_page(0x8000c) returns false/false
24547: insert(0x8000c01e)
24548: flush()
24549: flush_page(0x80001) returns false/false
24550: insert(0x80008068)
24551: flush()
24552: insert(0x80005014)
24553: flush_page(0x80001) returns false/false
24554: insert(0x8000607a)
24555: flush_page(0x80009) returns false/false
24556: flush_page(0x8000c) returns false/false
24557: insert(0x8000002a)
24558: flush_page(0x8000b) returns false/false
24559: insert(0x8000b072)
24560: insert(0x8000208c)
24561: insert(0x8000c0bc)
24562: flush_page(0x80004) returns false/false
24563: insert(0x80009006)
24564: insert(0x800090b2)
24565: insert(0x800010da)
24566: insert(0x800020f6)
24567: insert(0x800040c4)
24568: flush_page(0x80008) returns false/false
24569: insert(0x8000a0c6)
24570: insert(0x8000309e)
24571: insert(0x8000601c)
24572: insert(0x80005080)
24573: insert(0x80000074)
24574: insert(0x800090ae)
24575: insert(0x8000c026)
24576: insert(0x80000052)
24577: insert(0x80006004)
24578: insert(0x8000504e)
24579: insert(0x8000500c)
24580: insert(0x800050f4)
24581: insert(0x8000b0f6)
24582: insert(0x80008070)
24583: insert(0x8000b0ba)
24584: flush_page(0x8000c) returns true/false
24585: insert(0x8000b08a)
24586: flush_page(0x8000c) returns false/false
24587: flush_page(0x80000) returns true/true
24588: insert(0x80006010)
24589: insert(0x80000050)
24590: flush_page(0x80004) returns true/false
24591: insert(0x8000b0a8)
24592: insert(0x8000c0fc)
24593: flush_page(0x80000) returns true/true
24594: insert(0x8000504c)
24595: flush()
24596: flush_page(0x80002) returns false/false
24597: insert(0x80001008)
24598: insert(0x8000204c)
24599: insert(0x8000b0fa)
24600: flush_page(0x8000b) returns true/true
24601: insert(0x80007078)
24602: insert(0x80006026)
24603: insert(0x8000702c)
24604: insert(0x800030c0)
24605: insert(0x8000b094)
24606: flush_page(0x8000c) returns false/false
24607: insert(0x8000b034)
24608: insert(0x80003026)
24609: flush_page(0x8000b) returns true/true
24610: insert(0x80001020)
24611: insert(0x8000c0ba)
24612: flush()
24613: insert(0x8000201c)
24614: insert(0x8000806e)
24615: insert(0x80009042)
24616: flush_page(0x80004) returns false/false
24617: insert(0x800060c6)
24618: insert(0x800060b0)
24619: insert(0x8000a05c)
24620: insert(0x8000107a)
24621: insert(0x800000fe)
24622: insert(0x80006082)
24623: flush()
24624: insert(0x800020c2)
24625: flush_page(0x8000a) returns false/false
24626: flush_page(0x80004) returns false/false
24627: insert(0x800030f8)
24628: insert(0x8000b068)
24629: insert(0x800030d2)
24630: insert(0x8000a0d2)
24631: insert(0x8000b000)
24632: insert(0x8000408e)
24633: insert(0x80004058)
24634: flush_page(0x80005) returns false/false
24635: insert(0x8000208a)
24636: insert(0x8000c07c)
24637: flush_page(0x80008) returns false/false
24638: flush_page(0x80005) returns false/false
24639: flush_page(0x8000c) returns true/true
24640: flush_page(0x80004) returns true/true
24641: insert(0x80002052)
24642: insert(0x8000707e)
24643: flush_page(0x80007) returns true/true
24644: insert(0x8000806e)
24645: insert(0x8000a0aa)
24646: insert(0x800050de)
24647: insert(0x8000a0b8)
24648: insert(0x8000404c)
24649: flush_page(0x80006) returns false/false
24650: flush_page(0x80006) returns false/false
24651: insert(0x80002058)
24652: insert(0x80003032)
24653: insert(0x8000b086)
24654: flush_page(0x8000b) returns true/true
24655: insert(0x800050ce)
24656: insert(0x8000c0cc)
24657: insert(0x800020f0)
24658: insert(0x80004000)
24659: insert(0x800060b2)
24660: insert(0x8000b064)
24661: flush_page(0x8000b) returns true/true
24662: insert(0x80001056)
24663: insert(0x8000b0e8)
24664: insert(0x8000a06a)
24665: insert(0x80000026)
24666: flush_page(0x8000a) returns true/true
24667: insert(0x800030e6)
24668: insert(0x8000008a)
24669: insert(0x80009054)
24670: insert(0x8000303e)
24671: insert(0x8000c078)
24672: insert(0x8000c030)
24673: insert(0x800060ea)
24674: flush_page(0x80001) returns true/false
24675: flush()
24676: insert(0x8000707c)
24677: insert(0x80007026)
24678: insert(0x8000b0fe)
24679: insert(0x80006074)
24680: insert(0x80007030)
24681: insert(0x8000303a)
24682: insert(0x800060cc)
24683: insert(0x800090f4)
24684: insert(0x800070a0)
24685: insert(0x800040ec)
24686: insert(0x8000a00e)
24687: insert(0x8000a050)
24688: insert(0x8000a040)
24689: insert(0x80008000)
24690: insert(0x8000308e)
24691: insert(0x80009092)
24692: flush_page(0x80005) returns false/false
24693: insert(0x80009012)
24694: flush_page(0x80005) returns false/false
24695: insert(0x8000a0a4)
24696: insert(0x8000b01c)
24697: insert(0x80009092)
24698: insert(0x8000700a)
24699: flush()
24700: insert(0x8000a0da)
24701: insert(0x8000700e)
24702: flush_page(0x80008) returns false/false
24703: flush_page(0x80002) returns false/false
24704: insert(0x8000c0f8)
24705: insert(0x8000a0d0)
24706: flush_page(0x80001) returns false/false
24707: flush()
24708: insert(0x800070dc)
24709: insert(0x8000404e)
24710: flush_page(0x8000b) returns false/false
24711: flush_page(0x80006) returns false/false
24712: insert(0x8000301a)
24713: insert(0x80008014)
24714: insert(0x80001032)
24715: insert(0x800080a2)
24716: insert(0x8000306a)
24717: flush_page(0x80002) returns false/false
24718: insert(0x800000a2)
24719: insert(0x8000500c)
24720: insert(0x80007092)
24721: flush_page(0x80005) returns true/true
24722: flush()
24723: insert(0x800060b8)
24724: flush_page(0x80004) returns false/false
24725: flush_page(0x80009) returns false/false
24726: insert(0x80004028)
24727: insert(0x80007072)
24728: insert(0x800070a4)
24729: insert(0x80002042)
24730: flush_page(0x80002) returns true/true
24731: insert(0x80005072)
24732: insert(0x8000c03c)
24733: flush_page(0x80009) returns false/false
24734: flush_page(0x80005) returns true/true
24735: flush()
24736: insert(0x800060e6)
24737: insert(0x800030ec)
24738: insert(0x80002054)
24739: insert(0x800020ae)
24740: insert(0x800090ca)
24741: insert(0x8000a0da)
24742: insert(0x800060b8)
24743: flush_page(0x80006) returns true/true
24744: insert(0x8000a0cc)
24745: insert(0x80000020)
24746: insert(0x8000c090)
24747: insert(0x8000409c)
24748: insert(0x80001044)
24749: flush_page(0x8000a) returns true/true
24750: flush_page(0x80008) returns false/false
24751: insert(0x8000b07c)
24752: insert(0x80003096)
24753: insert(0x800000e2)
24754: flush_page(0x80009) returns true/true
24755: insert(0x800080d4)
24756: insert(0x800090a6)
24757: flush_page(0x80001) returns true/false
24758: insert(0x80008000)
24759: flush_page(0x80002) returns true/true
24760: flush_page(0x80001) returns false/false
24761: flush_page(0x80001) returns false/false
24762: insert(0x8000608a)
24763: flush_page(0x80002) returns false/false
24764: flush()
24765: insert(0x8000c0fe)
24766: flush_page(0x80000) returns false/false
24767: flush()
24768: insert(0x80003044)
24769: flush_page(0x8000b) returns false/false
24770: flush_page(0x8000a) returns false/false
24771: insert(0x80007058)
24772: insert(0x80001002)
24773: insert(0x80003044)
24774: insert(0x8000409a)
24775: insert(0x8000707e)
24776: insert(0x800050ce)
24777: insert(0x80001042)
24778: insert(0x80000060)
24779: insert(0x8000108a)
24780: insert(0x800010cc)
24781: insert(0x800030aa)
24782: insert(0x800090cc)
24783: insert(0x80000060)
24784: insert(0x80008092)
24785: insert(0x80004000)
24786: insert(0x8000c062)
24787: flush_page(0x80006) returns false/false
24788: insert(0x800010cc)
24789: flush_page(0x80002) returns false/false
24790: flush_page(0x80000) returns true/false
24791: insert(0x800010f8)
24792: insert(0x800060c2)
24793: flush_page(0x80007) returns true/true
24794: insert(0x800060ca)
24795: insert(0x80009090)
24796: flush_page(0x8000a) returns false/false
24797: insert(0x80000042)
24798: insert(0x80005062)
24799: insert(0x800010b0)
24800: insert(0x8000401c)
24801: insert(0x8000a0b6)
24802: flush_page(0x80001) returns true/true
24803: insert(0x8000b066)
24804: insert(0x80003012)
24805: flush_page(0x80007) returns false/false
24806: insert(0x800000a6)
24807: flush_page(0x80000) returns true/true
24808: insert(0x8000a0f6)
24809: flush_page(0x8000a) returns true/true
24810: insert(0x80008056)
24811: insert(0x8000c028)
24812: insert(0x8000c058)
24813: insert(0x8000702a)
24814: insert(0x8000309e)
24815: insert(0x800050a0)
24816: insert(0x8000b056)
24817: insert(0x80005060)
24818: flush_page(0x80004) returns true/true
24819: insert(0x8000a0fa)
24820: insert(0x80008068)
24821: insert(0x80007030)
24822: insert(0x8000b01c)
24823: insert(0x8000c016)
24824: insert(0x800050ae)
24825: insert(0x80003054)
24826: insert(0x8000402c)
24827: flush_page(0x80003) returns true/true
24828: insert(0x8000b008)
24829: insert(0x800050aa)
24830: insert(0x80009084)
24831: flush_page(0x80000) returns false/false
24832: insert(0x8000b04a)
24833: insert(0x80003004)
24834: insert(0x8000b0bc)
24835: insert(0x8000704c)
24836: flush_page(0x80009) returns true/true
24837: insert(0x80007000)
24838: insert(0x800010a2)
24839: insert(0x80009048)
24840: insert(0x80004004)
24841: insert(0x8000109a)
24842: insert(0x80002002)
24843: insert(0x8000c0e8)
24844: insert(0x800070cc)
24845: flush()
24846: flush_page(0x80000) returns false/false
24847: insert(0x80002038)
24848: insert(0x80001050)
24849: insert(0x800020da)
24850: insert(0x800000f8)
24851: flush_page(0x80007) returns false/false
24852: insert(0x8000306a)
24853: insert(0x80002034)
24854: insert(0x800090c6)
24855: insert(0x8000c0d8)
24856: insert(0x80000042)
24857: insert(0x80004086)
24858: flush_page(0x80008) returns false/false
24859: flush_page(0x80007) returns false/false
24860: insert(0x8000200c)
24861: flush_page(0x8000a) returns false/false
24862: insert(0x8000101a)
24863: flush_page(0x8000a) returns false/false
24864: insert(0x8000c092)
24865: flush_page(0x8000a) returns false/false
24866: insert(0x8000c016)
24867: insert(0x8000b038)
24868: insert(0x80001020)
24869: flush_page(0x80007) returns false/false
24870: insert(0x800060c8)
24871: flush_page(0x80004) returns true/false
24872: flush_page(0x80000) returns true/false
24873: insert(0x800050ea)
24874: insert(0x80008094)
24875: insert(0x80003094)
24876: insert(0x8000006e)
24877: insert(0x800080b4)
24878: insert(0x8000a0e4)
24879: insert(0x8000b014)
24880: flush_page(0x8000a) returns true/true
24881: insert(0x800030e0)
24882: flush_page(0x80007) returns false/false
24883: flush_page(0x80001) returns true/false
24884: flush_page(0x80004) returns false/false
24885: insert(0x800050be)
24886: insert(0x8000b0b6)
24887: flush_page(0x80003) returns true/false
24888: insert(0x8000404c)
24889: insert(0x8000c04c)
24890: insert(0x800060b6)
24891: flush()
24892: insert(0x800040d4)
24893: insert(0x80003044)
24894: insert(0x80002062)
24895: insert(0x800070ce)
24896: insert(0x8000a0ac)
24897: insert(0x800060f6)
24898: insert(0x8000306c)
24899: insert(0x80004044)
24900: insert(0x8000205a)
24901: flush()
24902: flush_page(0x80007) returns false/false
24903: flush()
24904: insert(0x8000b0ca)
24905: insert(0x8000608e)
24906: flush_page(0x8000c) returns false/false
24907: insert(0x800040f8)
24908: insert(0x800060bc)
24909: insert(0x80000004)
24910: insert(0x80004012)
24911: flush()
24912: flush_page(0x80005) returns false/false
24913: insert(0x800070fe)
24914: insert(0x8000c0b4)
24915: insert(0x8000c0a2)
24916: insert(0x80004022)
24917: insert(0x80006062)
24918: insert(0x80009036)
24919: flush_page(0x80006) returns true/true
24920: insert(0x800020b4)
24921: flush_page(0x8000a) returns false/false
24922: insert(0x80005082)
24923: insert(0x8000c018)
24924: insert(0x80002008)
24925: insert(0x8000c0e2)
24926: insert(0x8000402a)
24927: insert(0x80001064)
24928: insert(0x80006068)
24929: insert(0x8000305c)
24930: flush()
24931: insert(0x8000c090)
24932: flush_page(0x8000c) returns true/true
24933: insert(0x8000906a)
24934: insert(0x80001094)
24935: insert(0x800020aa)
24936: insert(0x8000a0bc)
24937: insert(0x800020d2)
24938: insert(0x8000605e)
24939: insert(0x80000082)
24940: insert(0x8000803a)
24941: insert(0x800010c2)
24942: flush_page(0x80003) returns false/false
24943: insert(0x80005062)
24944: flush()
24945: insert(0x8000c068)
24946: insert(0x8000b0f6)
24947: insert(0x800090ec)
24948: flush_page(0x80006) returns false/false
24949: insert(0x800040f4)
24950: insert(0x80006064)
24951: insert(0x8000a090)
24952: flush_page(0x80000) returns false/false
24953: flush_page(0x80005) returns false/false
24954: insert(0x80000022)
24955: insert(0x80005092)
24956: flush_page(0x80009) returns true/true
24957: flush_page(0x80005) returns true/true
24958: insert(0x800060ca)
24959: insert(0x800030ca)
24960: insert(0x800020ae)
24961: insert(0x80002096)
24962: flush_page(0x8000a) returns true/false
24963: insert(0x8000a06c)
24964: insert(0x8000c060)
24965: insert(0x800080c6)
24966: insert(0x80008018)
24967: flush_page(0x8000c) returns true/true
24968: insert(0x8000802c)
24969: flush_page(0x80008) returns true/true
24970: insert(0x80005046)
24971: insert(0x800000e6)
24972: flush()
24973: insert(0x8000404c)
24974: flush_page(0x80002) returns false/false
24975: insert(0x8000c070)
24976: flush_page(0x8000b) returns false/false
24977: insert(0x80004074)
24978: insert(0x800020b4)
24979: flush_page(0x80007) returns false/false
24980: insert(0x8000604e)
24981: insert(0x80000038)
24982: insert(0x800090ae)
24983: flush_page(0x80009) returns true/true
24984: flush_page(0x80006) returns true/true
24985: insert(0x8000304c)
24986: flush_page(0x80006) returns false/false
24987: insert(0x80001028)
24988: flush_page(0x80000) returns true/true
24989: insert(0x800070c2)
24990: insert(0x80007012)
24991: flush()
24992: insert(0x800030a6)
24993: insert(0x80003062)
24994: insert(0x80002056)
24995: insert(0x80009078)
24996: insert(0x80000044)
24997: insert(0x800000c2)
24998: insert(0x8000106c)
24999: flush_page(0x80008) returns false/false
25000: insert(0x8000100a)
25001: flush_page(0x80001) returns true/true
25002: insert(0x800000de)
25003: flush_page(0x80002) returns true/true
25004: insert(0x80008008)
25005: flush_page(0x80002) returns false/false
25006: flush_page(0x80003) returns true/true
25007: insert(0x800030c2)
25008: insert(0x800090b6)
25009: insert(0x80007024)
25010: insert(0x8000a020)
25011: flush_page(0x80001) returns false/false
25012: insert(0x80009034)
25013: flush()
25014: flush()
25015: insert(0x80005010)
25016: insert(0x800080f2)
25017: insert(0x80006004)
25018: insert(0x80006026)
25019: insert(0x800030ac)
25020: insert(0x8000702c)
25021: insert(0x8000508a)
25022: insert(0x8000a03c)
25023: flush_page(0x80009) returns false/false
25024: flush_page(0x8000c) returns false/false
25025: insert(0x8000a02a)
25026: insert(0x8000c070)
25027: flush_page(0x8000b) returns false/false
25028: insert(0x800020ca)
25029: insert(0x80007070)
25030: flush_page(0x80002) returns true/false
25031: insert(0x8000b052)
25032: insert(0x800020a6)
25033: flush()
25034: insert(0x8000b0e2)
25035: insert(0x80005040)
25036: insert(0x8000100c)
25037: insert(0x8000b046)
25038: flush_page(0x80005) returns true/true
25039: insert(0x80006060)
25040: flush_page(0x80000) returns false/false
25041: insert(0x8000b0ac)
25042: flush_page(0x80001) returns true/true
25043: insert(0x800080c8)
25044: insert(0x80006078)
25045: insert(0x8000c084)
25046: insert(0x80001090)
25047: insert(0x800010d6)
25048: flush_page(0x8000b) returns true/true
25049: insert(0x8000a020)
25050: insert(0x8000b0ae)
25051: flush()
25052: insert(0x8000b008)
25053: insert(0x8000903e)
25054: insert(0x800030ec)
25055: insert(0x8000105a)
25056: insert(0x800040c0)
25057: insert(0x80001086)
25058: flush_page(0x80004) returns true/true
25059: flush_page(0x8000b) returns true/true
25060: insert(0x800050fa)
25061: insert(0x80001086)
25062: flush()
25063: flush_page(0x80002) returns false/false
25064: insert(0x80004042)
25065: flush_page(0x8000b) returns false/false
25066: flush_page(0x80001) returns false/false
25067: flush_page(0x8000b) returns false/false
25068: insert(0x8000204a)
25069: insert(0x80008056)
25070: insert(0x800020c8)
25071: insert(0x8000609e)
25072: insert(0x800060e2)
25073: insert(0x800020ea)
25074: insert(0x80001034)
25075: insert(0x8000a098)
25076: insert(0x8000403c)
25077: flush_page(0x80004) returns true/true
25078: insert(0x8000509a)
25079: insert(0x8000b094)
25080: insert(0x8000301c)
25081: flush()
25082: insert(0x800080b4)
25083: insert(0x8000600a)
25084: flush_page(0x8000b) returns false/false
25085: insert(0x8000a08c)
25086: insert(0x80002016)
25087: insert(0x8000a01c)
25088: flush_page(0x80007) returns false/false
25089: insert(0x8000b0c2)
25090: flush_page(0x80006) returns true/true
25091: flush_page(0x8000c) returns false/false
25092: insert(0x800070a4)
25093: insert(0x8000c020)
25094: insert(0x8000504c)
25095: insert(0x80001052)
25096: insert(0x800000ac)
25097: insert(0x800030f0)
25098: insert(0x800050de)
25099: insert(0x80002080)
25100: insert(0x8000b0ea)
25101: insert(0x8000c0f4)
25102: insert(0x8000c074)
25103: insert(0x800000fc)
25104: insert(0x8000c0da)
25105: insert(0x8000a0f8)
25106: insert(0x8000b050)
25107: insert(0x800040d0)
25108: insert(0x800010d2)
25109: insert(0x8000303c)
25110: flush_page(0x80005) returns true/true
25111: flush_page(0x80007) returns true/false
25112: insert(0x80009054)
25113: insert(0x800010e6)
25114: insert(0x8000c0f4)
25115: insert(0x800030b8)
25116: insert(0x8000005e)
25117: insert(0x8000802e)
25118: flush()
25119: insert(0x8000c0f4)
25120: insert(0x8000000a)
25121: insert(0x80009066)
25122: flush_page(0x80005) returns false/false
25123: flush_page(0x80000) returns true/true
25124: insert(0x8000a0b6)
25125: insert(0x8000008c)
25126: insert(0x80000098)
25127: flush()
25128: insert(0x8000a0c6)
25129: flush()
25130: insert(0x80002036)
25131: insert(0x80008028)
25132: insert(0x8000800c)
25133: flush_page(0x8000c) returns false/false
25134: insert(0x8000803e)
25135: insert(0x80006010)
25136: insert(0x8000003a)
25137: insert(0x800010aa)
25138: insert(0x8000306a)
25139: flush_page(0x80003) returns true/true
25140: insert(0x8000101a)
25141: insert(0x800020b4)
25142: insert(0x80001028)
25143: insert(0x800070ac)
25144: insert(0x800050a6)
25145: insert(0x800050aa)
25146: insert(0x80003076)
25147: insert(0x80006046)
25148: insert(0x80002018)
25149: flush()
25150: insert(0x80006018)
25151: flush_page(0x80002) returns false/false
25152: insert(0x80008076)
25153: insert(0x800050b2)
25154: insert(0x80003042)
25155: flush()
25156: insert(0x8000a08e)
25157: insert(0x80004004)
25158: insert(0x8000a0de)
25159: flush_page(0x80002) returns false/false
25160: insert(0x8000a02a)
25161: insert(0x8000a0e0)
25162: insert(0x8000601a)
25163: insert(0x80001088)
25164: insert(0x8000c0b0)
25165: insert(0x800050ee)
25166: insert(0x80007002)
25167: insert(0x80004064)
25168: flush_page(0x80006) returns true/true
25169: insert(0x8000c012)
25170: insert(0x800060fe)
25171: insert(0x800050fc)
25172: flush_page(0x8000a) returns true/true
25173: flush()
25174: insert(0x8000002a)
25175: insert(0x800090a6)
25176: insert(0x80001098)
25177: insert(0x8000700a)
25178: flush_page(0x80008) returns false/false
25179: flush_page(0x80005) returns false/false
25180: insert(0x8000404e)
25181: insert(0x80001026)
25182: insert(0x80006022)
25183: flush_page(0x80000) returns true/true
25184: insert(0x8000a040)
25185: insert(0x80008028)
25186: insert(0x80001016)
25187: insert(0x8000604c)
25188: insert(0x8000704e)
25189: insert(0x8000207a)
25190: insert(0x800030f0)
25191: insert(0x800010fa)
25192: insert(0x800000ae)
25193: insert(0x800080d2)
25194: insert(0x80001068)
25195: insert(0x8000c034)
25196: insert(0x8000a078)
25197: insert(0x80001054)
25198: insert(0x80007002)
25199: flush_page(0x8000a) returns true/true
25200: insert(0x800060fa)
25201: insert(0x80004002)
25202: insert(0x80004066)
25203: flush_page(0x8000b) returns false/false
25204: insert(0x800070ba)
25205: insert(0x80008054)
25206: insert(0x800090ce)
25207: insert(0x8000a0a8)
25208: insert(0x800020f8)
25209: flush()
25210: insert(0x80009052)
25211: insert(0x800080c4)
25212: insert(0x800000cc)
25213: insert(0x80007090)
25214: flush_page(0x80002) returns false/false
25215: insert(0x8000303a)
25216: insert(0x8000b038)
25217: insert(0x80008010)
25218: insert(0x800050fc)
25219: insert(0x80003078)
25220: insert(0x80003032)
25221: flush_page(0x80007) returns true/true
25222: flush_page(0x8000c) returns false/false
25223: insert(0x8000b0fc)
25224: insert(0x80001004)
25225: flush_page(0x80004) returns false/false
25226: insert(0x8000004e)
25227: insert(0x80007022)
25228: insert(0x8000908a)
25229: insert(0x800020e8)
25230: insert(0x800090e6)
25231: insert(0x8000602e)
25232: insert(0x80008080)
25233: insert(0x80009096)
25234: insert(0x80002014)
25235: insert(0x800060a8)
25236: insert(0x80002062)
25237: insert(0x8000c0c2)
25238: insert(0x8000203c)
25239: insert(0x8000308c)
25240: flush_page(0x80004) returns false/false
25241: flush_page(0x80004) returns false/false
25242: insert(0x800070ba)
25243: insert(0x8000c00e)
25244: flush()
25245: insert(0x800010fa)
25246: insert(0x80009066)
25247: flush_page(0x80006) returns false/false
25248: insert(0x8000a006)
25249: flush()
25250: insert(0x8000b040)
25251: insert(0x8000b02e)
25252: insert(0x800060e2)
25253: insert(0x80008044)
25254: insert(0x80004064)
25255: insert(0x800060cc)
25256: flush_page(0x80001) returns false/false
25257: flush_page(0x8000b) returns true/true
25258: insert(0x8000c008)
25259: insert(0x80005056)
25260: flush_page(0x80003) returns false/false
25261: insert(0x800020e0)
25262: insert(0x800090a6)
25263: flush()
25264: insert(0x8000a0e2)
25265: flush_page(0x8000a) returns true/true
25266: insert(0x8000a0b8)
25267: insert(0x800030d2)
25268: insert(0x800010fa)
25269: flush()
25270: flush_page(0x80007) returns false/false
25271: insert(0x8000901c)
25272: insert(0x80003050)
25273: insert(0x80000028)
25274: flush()
25275: insert(0x80006030)
25276: flush_page(0x80006) returns true/true
25277: insert(0x80007056)
25278: insert(0x8000b094)
25279: flush_page(0x80005) returns false/false
25280: flush()
25281: flush_page(0x8000c) returns false/false
25282: insert(0x8000a0cc)
25283: insert(0x8000a040)
25284: insert(0x800050ca)
25285: insert(0x8000c0e6)
25286: insert(0x80001074)
25287: insert(0x80009072)
25288: insert(0x8000808e)
25289: insert(0x8000508a)
25290: insert(0x8000608c)
25291: insert(0x80008080)
25292: insert(0x80005080)
25293: flush_page(0x80003) returns false/false
25294: flush_page(0x80004) returns false/false
25295: insert(0x800010da)
25296: insert(0x8000904e)
25297: insert(0x80003084)
25298: flush_page(0x8000b) returns false/false
25299: insert(0x80000022)
25300: insert(0x800020ea)
25301: insert(0x800020e0)
25302: insert(0x8000806c)
25303: flush()
25304: insert(0x8000a0a2)
25305: flush_page(0x80002) returns false/false
25306: flush()
25307: insert(0x80003034)
25308: insert(0x80009014)
25309: insert(0x80008038)
25310: insert(0x80005072)
25311: insert(0x8000204c)
25312: flush_page(0x8000a) returns false/false
25313: insert(0x8000407e)
25314: flush_page(0x80009) returns true/true
25315: insert(0x8000403a)
25316: insert(0x80001066)
25317: insert(0x800080a8)
25318: flush_page(0x80001) returns true/true
25319: insert(0x80002032)
25320: flush_page(0x80006) returns false/false
25321: insert(0x8000a0e2)
25322: insert(0x80003046)
25323: insert(0x800000a6)
25324: insert(0x80007096)
25325: insert(0x800010ee)
25326: flush_page(0x80005) returns true/true
25327: insert(0x800070c4)
25328: insert(0x800040ba)
25329: insert(0x80008016)
25330: flush_page(0x80001) returns true/false
25331: flush_page(0x80004) returns true/true
25332: flush()
25333: insert(0x8000205a)
25334: insert(0x8000a034)
25335: insert(0x8000a05c)
25336: insert(0x80006044)
25337: insert(0x8000a0b6)
25338: flush()
25339: insert(0x80007002)
25340: insert(0x8000c014)
25341: flush_page(0x80002) returns false/false
25342: flush()
25343: insert(0x8000a0be)
25344: insert(0x8000b02a)
25345: insert(0x80008048)
25346: flush()
25347: insert(0x80009082)
25348: flush()
25349: insert(0x8000a080)
25350: insert(0x8000305a)
25351: flush_page(0x80007) returns false/false
25352: insert(0x8000701c)
25353: insert(0x800080f4)
25354: insert(0x800070c2)
25355: flush_page(0x80003) returns true/true
25356: insert(0x8000a0fa)
25357: flush_page(0x80002) returns false/false
25358: insert(0x8000a0c2)
25359: insert(0x8000505c)
25360: insert(0x800020f8)
25361: insert(0x8000b0c2)
25362: flush_page(0x80001) returns false/false
25363: insert(0x8000a032)
25364: insert(0x80008050)
25365: insert(0x80004010)
25366: insert(0x8000a0b8)
25367: flush_page(0x8000c) returns false/false
25368: insert(0x80002036)
25369: flush_page(0x80005) returns true/false
25370: insert(0x800040dc)
25371: insert(0x8000900c)
25372: flush_page(0x8000a) returns true/true
25373: insert(0x800030aa)
25374: insert(0x80008010)
25375: insert(0x8000b042)
25376: insert(0x80009050)
25377: flush_page(0x80004) returns true/true
25378: flush_page(0x8000b) returns true/true
25379: flush_page(0x80001) returns false/false
25380: flush_page(0x80000) returns false/false
25381: insert(0x800050b0)
25382: insert(0x8000c016)
25383: insert(0x8000a0c4)
25384: flush_page(0x80001) returns false/false
25385: insert(0x80005028)
25386: insert(0x8000106c)
25387: insert(0x8000c060)
25388: insert(0x800090b6)
25389: insert(0x8000502a)
25390: flush()
25391: insert(0x8000b0de)
25392: flush_page(0x8000b) returns true/true
25393: insert(0x800090be)
25394: insert(0x8000c024)
25395: insert(0x8000a094)
25396: insert(0x8000a062)
25397: insert(0x80004036)
25398: insert(0x8000a08a)
25399: flush_page(0x8000b) returns false/false
25400: insert(0x80004040)
25401: insert(0x800040b2)
25402: insert(0x8000806a)
25403: flush_page(0x80001) returns false/false
25404: insert(0x80007090)
25405: insert(0x800040f8)
25406: flush_page(0x80001) returns false/false
25407: insert(0x80003046)
25408: insert(0x800040dc)
25409: insert(0x8000a0aa)
25410: insert(0x8000009a)
25411: insert(0x8000c0d8)
25412: insert(0x80003088)
25413: insert(0x8000c088)
25414: insert(0x8000a040)
25415: insert(0x800050f2)
25416: insert(0x80001070)
25417: flush_page(0x80001) returns true/true
25418: flush_page(0x80005) returns true/true
25419: insert(0x8000a060)
25420: insert(0x80000040)
25421: insert(0x80003030)
25422: flush_page(0x8000c) returns true/true
25423: flush_page(0x80002) returns false/false
25424: insert(0x80005002)
25425: flush_page(0x80006) returns false/false
25426: insert(0x80004018)
25427: insert(0x8000909c)
25428: insert(0x800000b2)
25429: flush_page(0x80007) returns true/true
25430: flush()
25431: insert(0x80009050)
25432: flush_page(0x8000b) returns false/false
25433: flush_page(0x8000b) returns false/false
25434: insert(0x80007060)
25435: insert(0x80004028)
25436: insert(0x80001078)
25437: flush_page(0x80004) returns true/true
25438: insert(0x8000b0ac)
25439: insert(0x800060fc)
25440: flush()
25441: insert(0x80005006)
25442: flush()
25443: insert(0x8000c04e)
25444: insert(0x80000008)
25445: insert(0x80006034)
25446: insert(0x8000b0f0)
25447: insert(0x8000b0ba)
25448: insert(0x800050dc)
25449: insert(0x8000a050)
25450: insert(0x80001060)
25451: insert(0x80007070)
25452: insert(0x8000905e)
25453: flush_page(0x8000b) returns true/true
25454: insert(0x8000a06e)
25455: insert(0x800050e6)
25456: flush_page(0x8000b) returns false/false
25457: insert(0x800040d2)
25458: insert(0x8000806e)
25459: insert(0x800010dc)
25460: insert(0x8000506a)
25461: insert(0x800000d4)
25462: insert(0x80002028)
25463: insert(0x80006048)
25464: insert(0x8000c004)
25465: flush_page(0x80001) returns true/false
25466: flush_page(0x80006) returns true/true
25467: insert(0x8000108e)
25468: insert(0x80004020)
25469: insert(0x80000002)
25470: flush_page(0x80008) returns true/true
25471: insert(0x80002046)
25472: insert(0x8000a0c6)
25473: flush_page(0x8000a) returns true/true
25474: insert(0x800040e4)
25475: flush_page(0x80003) returns false/false
25476: insert(0x8000006c)
25477: insert(0x8000b06e)
25478: flush_page(0x8000c) returns true/true
25479: insert(0x8000b08a)
25480: flush_page(0x80008) returns false/false
25481: insert(0x800050e6)
25482: flush()
25483: insert(0x800090ce)
25484: insert(0x800050f4)
25485: flush_page(0x8000a) returns false/false
25486: insert(0x80005044)
25487: flush_page(0x80004) returns false/false
25488: insert(0x80004032)
25489: insert(0x8000403c)
25490: insert(0x80009076)
25491: flush()
25492: flush_page(0x80002) returns false/false
25493: insert(0x8000903e)
25494: flush_page(0x80009) returns true/true
25495: insert(0x8000800e)
25496: insert(0x8000b05c)
25497: flush_page(0x80007) returns false/false
25498: flush_page(0x80002) returns false/false
25499: insert(0x8000c022)
25500: flush_page(0x80009) returns false/false
25501: insert(0x80003080)
25502: insert(0x8000c0d6)
25503: flush_page(0x8000a) returns false/false
25504: flush_page(0x80000) returns false/false
25505: flush_page(0x80000) returns false/false
25506: insert(0x80007094)
25507: insert(0x8000a056)
25508: insert(0x8000a092)
25509: flush_page(0x80006) returns false/false
25510: flush_page(0x80006) returns false/false
25511: insert(0x8000c06a)
25512: flush_page(0x80004) returns false/false
25513: flush_page(0x80004) returns false/false
25514: insert(0x80008022)
25515: insert(0x800010e4)
25516: insert(0x800070d4)
25517: insert(0x800060b2)
25518: flush_page(0x80004) returns false/false
25519: insert(0x8000209c)
25520: insert(0x80001086)
25521: insert(0x800000a2)
25522: flush_page(0x80006) returns true/true
25523: insert(0x8000c00a)
25524: insert(0x8000c0ca)
25525: flush_page(0x80009) returns false/false
25526: insert(0x800030c6)
25527: insert(0x800080dc)
25528: insert(0x8000b02c)
25529: flush_page(0x80004) returns false/false
25530: insert(0x8000208e)
25531: insert(0x8000a09e)
25532: flush()
25533: insert(0x8000c0ca)
25534: insert(0x80001096)
25535: insert(0x800040de)
25536: flush()
25537: insert(0x80003042)
25538: flush_page(0x80000) returns false/false
25539: flush_page(0x80004) returns false/false
25540: insert(0x8000c0be)
25541: flush()
25542: insert(0x800010f6)
25543: insert(0x80003060)
25544: insert(0x800060d2)
25545: flush_page(0x80009) returns false/false
25546: insert(0x800090c8)
25547: flush_page(0x80009) returns true/true
25548: insert(0x80003098)
25549: flush_page(0x80006) returns true/true
25550: insert(0x80004064)
25551: flush()
25552: insert(0x80003016)
25553: insert(0x80007038)
25554: flush_page(0x80002) returns false/false
25555: flush_page(0x80005) returns false/false
25556: insert(0x8000b0c8)
25557: insert(0x800070ee)
25558: insert(0x8000605e)
25559: insert(0x8000905c)
25560: flush()
25561: insert(0x800050f4)
25562: flush_page(0x8000c) returns false/false
25563: insert(0x8000101c)
25564: insert(0x80004080)
25565: insert(0x80005028)
25566: flush_page(0x80002) returns false/false
25567: insert(0x8000a056)
25568: insert(0x8000c0b2)
25569: insert(0x80000090)
25570: insert(0x80004082)
25571: insert(0x80008088)
25572: insert(0x8000a0e2)
25573: insert(0x8000600e)
25574: flush_page(0x80008) returns true/false
25575: insert(0x800020d0)
25576: insert(0x800010f4)
25577: insert(0x800000f4)
25578: insert(0x8000604a)
25579: insert(0x80001074)
25580: insert(0x80006076)
25581: insert(0x800010aa)
25582: insert(0x8000a02c)
25583: flush_page(0x80004) returns true/true
25584: insert(0x800090e8)
25585: insert(0x80009026)
25586: insert(0x8000a0c4)
25587: flush_page(0x80003) returns false/false
25588: flush_page(0x80008) returns false/false
25589: insert(0x8000406c)
25590: insert(0x8000a030)
25591: insert(0x8000100c)
25592: flush_page(0x80007) returns false/false
25593: flush_page(0x80001) returns true/true
25594: insert(0x800080aa)
25595: flush_page(0x80007) returns false/false
25596: flush_page(0x8000c) returns true/false
25597: flush_page(0x80002) returns true/true
25598: flush_page(0x80001) returns false/false
25599: insert(0x8000107c)
25600: insert(0x8000b078)
25601: insert(0x8000501a)
25602: insert(0x8000c0d2)
25603: insert(0x80003060)
25604: flush_page(0x8000c) returns true/true
25605: insert(0x800070c6)
25606: flush_page(0x80009) returns true/true
25607: insert(0x800080ea)
25608: insert(0x8000603c)
25609: insert(0x80008092)
25610: insert(0x800040b4)
25611: insert(0x80003056)
25612: flush_page(0x80009) returns false/false
25613: flush_page(0x80006) returns true/true
25614: insert(0x800060d4)
25615: insert(0x80001044)
25616: insert(0x8000c084)
25617: flush()
25618: flush_page(0x80008) returns false/false
25619: insert(0x80001094)
25620: insert(0x80008026)
25621: flush()
25622: insert(0x800020d8)
25623: insert(0x8000109e)
25624: flush_page(0x80007) returns false/false
25625: flush_page(0x80007) returns false/false
25626: flush_page(0x80003) returns false/false
25627: insert(0x80006042)
25628: flush_page(0x80009) returns false/false
25629: insert(0x8000908a)
25630: insert(0x800050c4)
25631: flush_page(0x80003) returns false/false
25632: insert(0x800070aa)
25633: flush_page(0x8000c) returns false/false
25634: flush_page(0x80001) returns true/true
25635: flush_page(0x80004) returns false/false
25636: insert(0x80006072)
25637: flush_page(0x8000a) returns false/false
25638: flush_page(0x80009) returns true/true
25639: flush_page(0x80004) returns false/false
25640: flush_page(0x80000) returns false/false
25641: insert(0x800030b4)
25642: insert(0x8000308e)
25643: insert(0x80004004)
25644: insert(0x8000404a)
25645: insert(0x80003024)
25646: insert(0x800000a0)
25647: insert(0x80008078)
25648: insert(0x800020fe)
25649: flush_page(0x80007) returns true/false
25650: flush_page(0x80008) returns true/true
25651: insert(0x8000a04a)
25652: insert(0x80008090)
25653: insert(0x80001044)
25654: insert(0x800060c6)
25655: insert(0x8000106a)
25656: insert(0x8000a034)
25657: insert(0x80000028)
25658: insert(0x80008090)
25659: insert(0x800070c4)
25660: flush_page(0x80000) returns true/true
25661: insert(0x8000404e)
25662: insert(0x8000a01e)
25663: insert(0x8000705c)
25664: insert(0x8000b0f0)
25665: flush_page(0x8000a) returns true/true
25666: insert(0x80008084)
25667: insert(0x80004056)
25668: insert(0x80002046)
25669: flush_page(0x8000a) returns false/false
25670: flush_page(0x80002) returns true/true
25671: flush_page(0x80000) returns false/false
25672: flush_page(0x8000b) returns true/true
25673: flush_page(0x80009) returns false/false
25674: insert(0x8000c08a)
25675: flush_page(0x80001) returns true/false
25676: flush_page(0x80005) returns true/false
25677: insert(0x80007038)
25678: insert(0x8000c08a)
25679: insert(0x8000a0a8)
25680: insert(0x80007016)
25681: insert(0x8000b086)
25682: insert(0x800010c0)
25683: insert(0x800020de)
25684: insert(0x800020ca)
25685: insert(0x800080de)
25686: insert(0x800070ac)
25687: insert(0x800080bc)
25688: insert(0x8000605c)
25689: insert(0x80006000)
25690: insert(0x800010fe)
25691: insert(0x80006046)
25692: insert(0x8000801c)
25693: insert(0x80005022)
25694: flush_page(0x80009) returns false/false
25695: insert(0x80004048)
25696: flush_page(0x8000c) returns true/false
25697: insert(0x8000c02e)
25698: insert(0x800050be)
25699: insert(0x80002074)
25700: insert(0x8000b08a)
25701: insert(0x800060ec)
25702: insert(0x800000f0)
25703: insert(0x800050bc)
25704: insert(0x8000009c)
25705: insert(0x800080ea)
25706: flush()
25707: insert(0x8000301c)
25708: insert(0x8000306c)
25709: insert(0x8000601c)
25710: insert(0x8000403c)
25711: flush_page(0x80008) returns false/false
25712: flush()
25713: insert(0x8000c052)
25714: insert(0x80005016)
25715: flush()
25716: insert(0x80002048)
25717: insert(0x80005094)
25718: flush_page(0x80005) returns true/true
25719: flush_page(0x80000) returns false/false
25720: insert(0x800090f8)
25721: insert(0x8000c0c8)
25722: insert(0x800020f8)
25723: insert(0x80003060)
25724: flush_page(0x80007) returns false/false
25725: insert(0x8000a01a)
25726: flush_page(0x80009) returns true/true
25727: flush()
25728: flush()
25729: insert(0x8000a0b4)
25730: insert(0x8000b0c8)
25731: insert(0x8000b082)
25732: flush_page(0x80008) returns false/false
25733: insert(0x8000a0f0)
25734: insert(0x80004090)
25735: insert(0x80007062)
25736: insert(0x8000201c)
25737: insert(0x800070f0)
25738: insert(0x800010d4)
25739: insert(0x800030e2)
25740: insert(0x8000a0da)
25741: flush_page(0x80003) returns true/true
25742: insert(0x800080fa)
25743: insert(0x8000c0d4)
25744: flush()
25745: flush_page(0x8000b) returns false/false
25746: insert(0x8000703a)
25747: insert(0x80007058)
25748: insert(0x8000a03e)
25749: insert(0x8000005e)
25750: insert(0x80006042)
25751: insert(0x8000509a)
25752: insert(0x8000406e)
25753: insert(0x80008050)
25754: flush_page(0x80009) returns false/false
25755: insert(0x8000c0e6)
25756: flush()
25757: insert(0x800000a2)
25758: insert(0x8000b008)
25759: insert(0x800050bc)
25760: flush()
25761: flush()
25762: insert(0x80006058)
25763: insert(0x800060f2)
25764: flush_page(0x80000) returns false/false
25765: insert(0x80009074)
25766: insert(0x8000908e)
25767: flush_page(0x80001) returns false/false
25768: insert(0x8000c014)
25769: insert(0x8000a068)
25770: flush_page(0x80002) returns false/false
25771: insert(0x8000006e)
25772: insert(0x8000909a)
25773: flush_page(0x8000c) returns true/true
25774: flush_page(0x80006) returns true/true
25775: insert(0x8000c022)
25776: insert(0x8000908e)
25777: insert(0x8000109a)
25778: flush_page(0x80009) returns true/true
25779: insert(0x800020f4)
25780: flush_page(0x8000a) returns true/true
25781: flush()
25782: insert(0x800010ca)
25783: flush_page(0x8000a) returns false/false
25784: insert(0x800050e2)
25785: flush_page(0x80002) returns false/false
25786: insert(0x80005054)
25787: insert(0x80006082)
25788: insert(0x80007014)
25789: insert(0x800050ca)
25790: flush()
25791: insert(0x8000b0f2)
25792: insert(0x8000500a)
25793: insert(0x80009032)
25794: insert(0x8000a004)
25795: insert(0x80005010)
25796: flush_page(0x80006) returns false/false
25797: flush_page(0x80008) returns false/false
25798: insert(0x8000b0c0)
25799: insert(0x80007024)
25800: insert(0x8000c036)
25801: flush()
25802: flush_page(0x80000) returns false/false
25803: insert(0x8000707c)
25804: insert(0x80009044)
25805: flush()
25806: insert(0x8000a09e)
25807: insert(0x800080d2)
25808: flush()
25809: insert(0x800030f8)
25810: insert(0x800040a2)
25811: insert(0x8000601a)
25812: flush_page(0x8000b) returns false/false
25813: flush_page(0x8000b) returns false/false
25814: flush_page(0x8000a) returns false/false
25815: insert(0x8000009e)
25816: insert(0x800040b8)
25817: insert(0x8000704e)
25818: insert(0x8000804c)
25819: insert(0x80008066)
25820: insert(0x80008022)
25821: insert(0x80009080)
25822: flush_page(0x80001) returns false/false
25823: insert(0x800080c8)
25824: insert(0x800000c6)
25825: insert(0x80005038)
25826: insert(0x80007076)
25827: insert(0x80004020)
25828: flush_page(0x80003) returns true/false
25829: insert(0x8000604e)
25830: flush_page(0x8000c) returns false/false
25831: insert(0x800030cc)
25832: insert(0x80008006)
25833: flush_page(0x80000) returns true/true
25834: insert(0x80006020)
25835: insert(0x80002058)
25836: insert(0x800030b0)
25837: insert(0x800090c8)
25838: flush_page(0x80000) returns false/false
25839: insert(0x80002072)
25840: flush_page(0x80001) returns false/false
25841: flush_page(0x80000) returns false/false
25842: insert(0x8000c0ca)
25843: insert(0x80009098)
25844: insert(0x80008068)
25845: flush_page(0x8000c) returns true/true
25846: insert(0x80003054)
25847: insert(0x8000a0be)
25848: insert(0x8000403a)
25849: insert(0x800000dc)
25850: insert(0x80005058)
25851: insert(0x800070e2)
25852: flush_page(0x80007) returns true/true
25853: flush_page(0x80003) returns true/true
25854: insert(0x800050ac)
25855: insert(0x800040b6)
25856: flush_page(0x80007) returns false/false
25857: insert(0x8000b03e)
25858: insert(0x800040a0)
25859: insert(0x80004084)
25860: insert(0x800070a6)
25861: insert(0x8000201e)
25862: insert(0x8000a0e2)
25863: flush()
25864: insert(0x80008070)
25865: flush_page(0x8000c) returns false/false
25866: insert(0x8000203e)
25867: insert(0x80006082)
25868: flush()
25869: insert(0x80009082)
25870: flush_page(0x80006) returns false/false
25871: insert(0x80007018)
25872: insert(0x800040d6)
25873: insert(0x80008018)
25874: flush()
25875: insert(0x800070ae)
25876: insert(0x8000701a)
25877: insert(0x8000b05e)
25878: insert(0x80000006)
25879: insert(0x80001030)
25880: insert(0x8000701e)
25881: flush()
25882: insert(0x8000b01c)
25883: flush_page(0x80000) returns false/false
25884: insert(0x8000c0ba)
25885: insert(0x80007066)
25886: insert(0x80009000)
25887: flush_page(0x8000b) returns true/true
25888: flush_page(0x80003) returns false/false
25889: insert(0x800070c6)
25890: flush()
25891: insert(0x800030de)
25892: flush_page(0x80005) returns false/false
25893: insert(0x800090e8)
25894: insert(0x8000809c)
25895: flush_page(0x80006) returns false/false
25896: flush_page(0x80009) returns true/true
25897: flush_page(0x80005) returns false/false
25898: insert(0x8000c076)
25899: insert(0x8000c05a)
25900: flush()
25901: insert(0x80005042)
25902: flush_page(0x8000b) returns false/false
25903: insert(0x80008056)
25904: insert(0x800090f8)
25905: flush_page(0x80000) returns false/false
25906: insert(0x800030ea)
25907: flush_page(0x80009) returns true/true
25908: insert(0x8000603a)
25909: insert(0x8000205c)
25910: insert(0x8000b03c)
25911: insert(0x80002038)
25912: flush_page(0x8000c) returns false/false
25913: insert(0x8000604e)
25914: flush_page(0x8000b) returns true/true
25915: insert(0x80007082)
25916: insert(0x8000a0c0)
25917: insert(0x80006050)
25918: insert(0x8000c060)
25919: insert(0x800050dc)
25920: insert(0x80007048)
25921: insert(0x8000c064)
25922: insert(0x80003092)
25923: insert(0x8000c03a)
25924: flush_page(0x80002) returns true/true
25925: flush_page(0x80000) returns false/false
25926: insert(0x80006008)
25927: insert(0x8000b018)
25928: insert(0x80005048)
25929: insert(0x800030f0)
25930: insert(0x80005038)
25931: insert(0x800010ba)
25932: flush()
25933: insert(0x800050f2)
25934: insert(0x8000b066)
25935: flush_page(0x80007) returns false/false
25936: insert(0x8000000c)
25937: flush()
25938: flush_page(0x80004) returns false/false
25939: insert(0x8000609a)
25940: insert(0x80009076)
25941: insert(0x800040aa)
25942: flush()
25943: insert(0x80008038)
25944: flush_page(0x80005) returns false/false
25945: insert(0x80007080)
25946: flush_page(0x80005) returns false/false
25947: insert(0x800080c4)
25948: flush_page(0x80006) returns false/false
25949: insert(0x800050c2)
25950: flush_page(0x80009) returns false/false
25951: insert(0x8000a0d6)
25952: insert(0x800050ec)
25953: flush_page(0x80007) returns true/true
25954: insert(0x80004080)
25955: insert(0x80005026)
25956: insert(0x80003020)
25957: insert(0x8000807c)
25958: insert(0x800060d2)
25959: flush_page(0x8000c) returns false/false
25960: flush_page(0x8000a) returns true/false
25961: flush_page(0x80000) returns false/false
25962: insert(0x8000607a)
25963: insert(0x800030a0)
25964: insert(0x800030a0)
25965: flush_page(0x80004) returns true/true
25966: insert(0x8000301e)
25967: insert(0x80007064)
25968: insert(0x80002016)
25969: insert(0x80007082)
25970: insert(0x8000b0ec)
25971: flush_page(0x80004) returns false/false
25972: flush_page(0x80002) returns true/true
25973: insert(0x80009032)
25974: insert(0x80003040)
25975: flush()
25976: flush()
25977: flush()
25978: insert(0x8000c02c)
25979: insert(0x8000302a)
25980: flush_page(0x80003) returns true/true
25981: insert(0x8000601c)
25982: flush_page(0x80002) returns false/false
25983: insert(0x8000b034)
25984: insert(0x8000a040)
25985: flush_page(0x80007) returns false/false
25986: insert(0x800040dc)
25987: flush_page(0x80008) returns false/false
25988: insert(0x80002010)
25989: insert(0x80002046)
25990: insert(0x8000c0f6)
25991: flush_page(0x80007) returns false/false
25992: flush_page(0x80008) returns false/false
25993: insert(0x800020e2)
25994: flush_page(0x80007) returns false/false
25995: insert(0x8000b0d2)
25996: insert(0x8000700c)
25997: insert(0x800070a0)
25998: insert(0x80006008)
25999: insert(0x8000c092)
26000: insert(0x8000908e)
26001: insert(0x800010ce)
26002: insert(0x80002038)
26003: insert(0x800070de)
26004: insert(0x80001092)
26005: insert(0x80001052)
26006: insert(0x800040e8)
26007: insert(0x8000809c)
26008: flush()
26009: insert(0x80005072)
26010: insert(0x800020a0)
26011: insert(0x80003056)
26012: flush_page(0x80007) returns false/false
26013: flush()
26014: insert(0x80006028)
26015: insert(0x8000909a)
26016: insert(0x8000a072)
26017: flush_page(0x80000) returns false/false
26018: insert(0x80008010)
26019: insert(0x80003084)
26020: insert(0x8000205c)
26021: insert(0x80006094)
26022: insert(0x8000703c)
26023: insert(0x80001086)
26024: insert(0x80003014)
26025: insert(0x800020dc)
26026: insert(0x80004004)
26027: insert(0x8000a080)
26028: insert(0x8000604c)
26029: flush()
26030: insert(0x800000f4)
26031: insert(0x800090da)
26032: insert(0x8000a064)
26033: insert(0x800020b4)
26034: flush_page(0x80008) returns false/false
26035: insert(0x8000709e)
26036: insert(0x80000062)
26037: flush_page(0x8000a) returns true/true
26038: flush_page(0x80005) returns false/false
26039: flush_page(0x80003) returns false/false
26040: flush_page(0x80006) returns false/false
26041: flush_page(0x80002) returns true/true
26042: insert(0x80002000)
26043: flush_page(0x80001) returns false/false
26044: insert(0x80009034)
26045: insert(0x800050b8)
26046: insert(0x80005008)
26047: insert(0x80002060)
26048: insert(0x80005082)
26049: insert(0x8000c06e)
26050: insert(0x80002006)
26051: insert(0x8000500e)
26052: flush_page(0x80002) returns true/true
26053: insert(0x800000ce)
26054: flush_page(0x80004) returns false/false
26055: insert(0x80005040)
26056: insert(0x80002000)
26057: insert(0x800040ea)
26058: insert(0x8000500e)
26059: insert(0x800090e6)
26060: flush_page(0x80003) returns false/false
26061: insert(0x80000036)
26062: insert(0x800090d4)
26063: flush_page(0x80002) returns true/false
26064: flush_page(0x80003) returns false/false
26065: insert(0x8000606e)
26066: flush_page(0x80005) returns true/true
26067: insert(0x8000106e)
26068: flush_page(0x80002) returns false/false
26069: insert(0x800050ec)
26070: flush()
26071: flush_page(0x80007) returns false/false
26072: flush_page(0x80002) returns false/false
26073: insert(0x80003088)
26074: insert(0x800000b0)
26075: insert(0x8000b032)
26076: insert(0x8000a054)
26077: insert(0x80002034)
26078: insert(0x80002060)
26079: insert(0x80006078)
26080: flush_page(0x8000a) returns true/true
26081: insert(0x8000b066)
26082: insert(0x80002060)
26083: insert(0x800070a4)
26084: flush_page(0x8000c) returns false/false
26085: insert(0x80004084)
26086: insert(0x8000c0da)
26087: insert(0x800010bc)
26088: insert(0x8000c0dc)
26089: flush_page(0x80007) returns true/true
26090: insert(0x80003080)
26091: flush()
26092: insert(0x80002082)
26093: insert(0x80004004)
26094: insert(0x800010be)
26095: flush_page(0x80007) returns false/false
26096: flush_page(0x80000) returns false/false
26097: insert(0x80008066)
26098: insert(0x8000b032)
26099: flush_page(0x80007) returns false/false
26100: flush_page(0x8000a) returns false/false
26101: flush_page(0x80005) returns false/false
26102: insert(0x800090e4)
26103: insert(0x8000b012)
26104: insert(0x80008086)
26105: insert(0x800080fe)
26106: insert(0x8000007c)
26107: insert(0x800080a8)
26108: flush_page(0x8000b) returns true/true
26109: insert(0x80008094)
26110: insert(0x8000502a)
26111: insert(0x80004050)
26112: insert(0x80005088)
26113: insert(0x8000103c)
26114: insert(0x800090a6)
26115: flush_page(0x80008) returns true/true
26116: insert(0x800040ee)
26117: insert(0x8000702c)
26118: flush_page(0x80009) returns true/true
26119: insert(0x8000c0aa)
26120: flush_page(0x8000b) returns false/false
26121: insert(0x800090c2)
26122: flush_page(0x80000) returns true/false
26123: insert(0x800040f6)
26124: insert(0x8000300c)
26125: insert(0x80000078)
26126: insert(0x800010d0)
26127: insert(0x800050c6)
26128: insert(0x8000b0cc)
26129: insert(0x8000c0be)
26130: insert(0x8000c002)
26131: insert(0x800090bc)
26132: insert(0x8000706e)
26133: insert(0x80000036)
26134: insert(0x800020d6)
26135: flush_page(0x80005) returns true/true
26136: insert(0x80005042)
26137: flush_page(0x80005) returns true/true
26138: insert(0x80009052)
26139: flush_page(0x80004) returns true/false
26140: insert(0x800070e0)
26141: flush_page(0x8000b) returns true/false
26142: insert(0x8000802e)
26143: insert(0x800090ba)
26144: flush_page(0x80008) returns true/true
26145: flush_page(0x80001) returns true/true
26146: insert(0x8000307e)
26147: insert(0x800090c6)
26148: insert(0x80009042)
26149: insert(0x800060ec)
26150: flush_page(0x80006) returns true/true
26151: insert(0x8000001c)
26152: flush_page(0x80002) returns true/false
26153: insert(0x8000608e)
26154: flush()
26155: insert(0x80004028)
26156: insert(0x80003036)
26157: insert(0x80002062)
26158: insert(0x80006030)
26159: insert(0x80001074)
26160: flush()
26161: insert(0x800030d2)
26162: insert(0x8000504e)
26163: flush_page(0x80009) returns false/false
26164: flush()
26165: insert(0x8000c080)
26166: insert(0x800050d6)
26167: insert(0x80009024)
26168: insert(0x8000702a)
26169: insert(0x800030e4)
26170: insert(0x800060f4)
26171: insert(0x8000c07e)
26172: insert(0x80008088)
26173: insert(0x8000b0a2)
26174: insert(0x800010ec)
26175: insert(0x8000c0c8)
26176: insert(0x8000c0f4)
26177: flush()
26178: flush_page(0x80006) returns false/false
26179: flush_page(0x80003) returns false/false
26180: insert(0x8000b07a)
26181: insert(0x80009058)
26182: insert(0x8000900a)
26183: insert(0x800030fc)
26184: flush_page(0x80007) returns false/false
26185: flush_page(0x8000a) returns false/false
26186: insert(0x800040ea)
26187: insert(0x8000006c)
26188: insert(0x800080fc)
26189: flush_page(0x80004) returns true/true
26190: insert(0x80001000)
26191: insert(0x800030e0)
26192: insert(0x8000305e)
26193: flush_page(0x80005) returns false/false
26194: flush_page(0x80003) returns true/true
26195: insert(0x8000302e)
26196: flush_page(0x80000) returns true/true
26197: insert(0x800000a4)
26198: insert(0x80007086)
26199: flush_page(0x80008) returns true/true
26200: flush_page(0x80007) returns true/true
26201: flush_page(0x80007) returns false/false
26202: flush_page(0x80007) returns false/false
26203: insert(0x8000a004)
26204: insert(0x800070b4)
26205: insert(0x800020e8)
26206: insert(0x8000909e)
26207: insert(0x8000c0ba)
26208: insert(0x80006024)
26209: flush_page(0x80009) returns true/true
26210: flush_page(0x80000) returns true/true
26211: insert(0x80002044)
26212: insert(0x80002098)
26213: insert(0x8000703c)
26214: insert(0x800000ee)
26215: insert(0x80007062)
26216: flush_page(0x8000c) returns true/true
26217: insert(0x80007052)
26218: insert(0x8000a00c)
26219: insert(0x800050e4)
26220: flush_page(0x80003) returns true/false
26221: flush_page(0x8000c) returns false/false
26222: insert(0x80005046)
26223: flush_page(0x80001) returns true/false
26224: insert(0x8000b056)
26225: insert(0x800080de)
26226: insert(0x800020fa)
26227: flush_page(0x80004) returns false/false
26228: flush_page(0x8000c) returns false/false
26229: insert(0x800080d0)
26230: insert(0x8000a08a)
26231: insert(0x8000907c)
26232: insert(0x8000200e)
26233: flush_page(0x8000a) returns true/true
26234: flush_page(0x80000) returns true/false
26235: insert(0x80007058)
26236: insert(0x800000ee)
26237: insert(0x8000a0cc)
26238: insert(0x8000301c)
26239: insert(0x800030da)
26240: insert(0x8000c00e)
26241: insert(0x800030f0)
26242: insert(0x800060d2)
26243: insert(0x80005048)
26244: insert(0x80003032)
26245: flush()
26246: insert(0x8000c032)
26247: insert(0x800090fa)
26248: flush_page(0x80005) returns false/false
26249: insert(0x800010e6)
26250: flush_page(0x80005) returns false/false
26251: flush()
26252: insert(0x8000c0de)
26253: insert(0x800030a6)
26254: insert(0x800050ee)
26255: flush_page(0x80008) returns false/false
26256: flush_page(0x80003) returns true/true
26257: insert(0x80000054)
26258: insert(0x800060ce)
26259: flush_page(0x80001) returns false/false
26260: insert(0x8000205a)
26261: flush_page(0x80004) returns false/false
26262: insert(0x800090ea)
26263: flush()
26264: insert(0x800040ea)
26265: insert(0x800060f6)
26266: insert(0x80000050)
26267: flush_page(0x80003) returns false/false
26268: flush_page(0x80003) returns false/false
26269: insert(0x80003098)
26270: flush()
26271: insert(0x80001064)
26272: insert(0x80007064)
26273: insert(0x8000c0a0)
26274: flush_page(0x80008) returns false/false
26275: insert(0x8000b010)
26276: insert(0x800030ce)
26277: insert(0x8000b02c)
26278: insert(0x80001022)
26279: flush_page(0x80001) returns true/true
26280: flush_page(0x80003) returns true/true
26281: insert(0x8000b0fa)
26282: insert(0x8000107e)
26283: insert(0x8000a01e)
26284: insert(0x8000600a)
26285: insert(0x80001084)
26286: insert(0x800030b8)
26287: flush_page(0x80005) returns false/false
26288: insert(0x800080f2)
26289: insert(0x80004090)
26290: flush()
26291: flush()
26292: insert(0x8000a052)
26293: flush_page(0x80000) returns false/false
26294: insert(0x80009096)
26295: insert(0x800070b4)
26296: insert(0x800080d8)
26297: insert(0x80001022)
26298: insert(0x800030cc)
26299: insert(0x8000306e)
26300: flush_page(0x80000) returns false/false
26301: insert(0x8000c078)
26302: flush()
26303: insert(0x80009068)
26304: flush()
26305: flush_page(0x80006) returns false/false
26306: insert(0x8000903c)
26307: insert(0x80003060)
26308: insert(0x8000b034)
26309: insert(0x800070b8)
26310: flush()
26311: insert(0x800080bc)
26312: flush_page(0x80007) returns false/false
26313: insert(0x8000604a)
26314: flush_page(0x80005) returns false/false
26315: insert(0x80002038)
26316: insert(0x800050a0)
26317: insert(0x8000302c)
26318: insert(0x80001028)
26319: insert(0x80004094)
26320: insert(0x80006058)
26321: flush_page(0x8000c) returns false/false
26322: flush()
26323: flush()
26324: insert(0x800050d6)
26325: insert(0x800090f8)
26326: flush_page(0x80003) returns false/false
26327: insert(0x800080e4)
26328: insert(0x8000c078)
26329: flush_page(0x80003) returns false/false
26330: insert(0x800000da)
26331: flush_page(0x80001) returns false/false
26332: insert(0x8000c0ee)
26333: insert(0x800060b8)
26334: insert(0x800000c0)
26335: flush()
26336: insert(0x80001050)
26337: insert(0x80007094)
26338: flush_page(0x8000c) returns false/false
26339: insert(0x80002036)
26340: insert(0x8000a0be)
26341: flush_page(0x80007) returns true/true
26342: flush()
26343: flush_page(0x80007) returns false/false
26344: insert(0x8000a00e)
26345: insert(0x8000b098)
26346: insert(0x800030a2)
26347: flush_page(0x80000) returns false/false
26348: insert(0x800090ac)
26349: insert(0x8000309a)
26350: flush_page(0x80008) returns false/false
26351: insert(0x8000406e)
26352: insert(0x80001068)
26353: insert(0x80003090)
26354: flush_page(0x80004) returns true/true
26355: flush_page(0x80006) returns false/false
26356: flush_page(0x80002) returns false/false
26357: insert(0x800040a4)
26358: flush_page(0x80004) returns true/true
26359: insert(0x80003024)
26360: insert(0x80005086)
26361: insert(0x8000b0d6)
26362: insert(0x8000a0f6)
26363: insert(0x800020bc)
26364: insert(0x80004022)
26365: insert(0x8000300c)
26366: insert(0x80005064)
26367: insert(0x800030a8)
26368: flush_page(0x80006) returns false/false
26369: flush_page(0x80002) returns true/true
26370: insert(0x800070d8)
26371: flush_page(0x80004) returns true/true
26372: flush_page(0x80001) returns true/false
26373: insert(0x8000701a)
26374: flush()
26375: flush_page(0x80002) returns false/false
26376: flush_page(0x8000a) returns false/false
26377: insert(0x800080a8)
26378: flush_page(0x8000c) returns false/false
26379: flush()
26380: flush_page(0x8000a) returns false/false
26381: flush_page(0x80005) returns false/false
26382: insert(0x800030bc)
26383: insert(0x800080b6)
26384: insert(0x800090be)
26385: insert(0x8000c04a)
26386: flush()
26387: insert(0x8000807a)
26388: insert(0x800070ea)
26389: insert(0x8000c09c)
26390: flush_page(0x80009) returns false/false
26391: flush_page(0x80008) returns true/true
26392: flush()
26393: insert(0x8000a06c)
26394: insert(0x8000805a)
26395: flush_page(0x80000) returns false/false
26396: insert(0x80008068)
26397: insert(0x800090d8)
26398: insert(0x80008036)
26399: insert(0x80002032)
26400: insert(0x8000b03e)
26401: insert(0x80002084)
26402: insert(0x800000ee)
26403: flush_page(0x8000c) returns false/false
26404: flush_page(0x80004) returns false/false
26405: insert(0x8000b056)
26406: insert(0x80006048)
26407: insert(0x800010e2)
26408: insert(0x8000c0b2)
26409: insert(0x8000b04e)
26410: insert(0x8000906e)
26411: insert(0x800030b8)
26412: insert(0x8000b0d0)
26413: insert(0x800070e0)
26414: insert(0x80005068)
26415: flush_page(0x80009) returns true/true
26416: flush_page(0x8000b) returns true/true
26417: insert(0x800090b2)
26418: insert(0x80001016)
26419: insert(0x80001016)
26420: flush_page(0x80001) returns true/true
26421: insert(0x80002030)
26422: insert(0x800060f8)
26423: flush_page(0x80001) returns false/false
26424: insert(0x8000a0ea)
26425: insert(0x8000602e)
26426: insert(0x8000a0b2)
26427: insert(0x80000086)
26428: flush_page(0x80002) returns true/false
26429: insert(0x8000106a)
26430: insert(0x80008000)
26431: insert(0x8000609e)
26432: insert(0x80002088)
26433: flush()
26434: insert(0x800030f2)
26435: flush_page(0x80002) returns false/false
26436: insert(0x8000106c)
26437: insert(0x800070a4)
26438: insert(0x8000900a)
26439: insert(0x8000a0f2)
26440: flush_page(0x80006) returns false/false
26441: insert(0x8000b062)
26442: insert(0x800000c8)
26443: flush()
26444: flush_page(0x80003) returns false/false
26445: insert(0x800070aa)
26446: insert(0x800080b8)
26447: flush_page(0x80000) returns false/false
26448: insert(0x8000400a)
26449: insert(0x80000066)
26450: insert(0x800080da)
26451: insert(0x8000c074)
26452: insert(0x80007098)
26453: insert(0x8000a0d8)
26454: insert(0x8000408c)
26455: insert(0x80002014)
26456: flush_page(0x80003) returns false/false
26457: insert(0x80007022)
26458: insert(0x800020d8)
26459: insert(0x8000b0e4)
26460: insert(0x8000c05c)
26461: flush_page(0x80001) returns false/false
26462: insert(0x800000d6)
26463: flush_page(0x80006) returns false/false
26464: insert(0x800080ec)
26465: flush()
26466: insert(0x800070d6)
26467: flush_page(0x80001) returns false/false
26468: insert(0x8000703c)
26469: flush_page(0x80000) returns false/false
26470: insert(0x80000026)
26471: insert(0x8000a02e)
26472: insert(0x80009030)
26473: insert(0x800070d4)
26474: flush_page(0x80003) returns false/false
26475: insert(0x8000604c)
26476: insert(0x80003006)
26477: insert(0x8000b0a6)
26478: insert(0x80001066)
26479: insert(0x8000c0a4)
26480: flush_page(0x80000) returns true/true
26481: insert(0x8000c068)
26482: insert(0x800080cc)
26483: insert(0x800040d0)
26484: flush()
26485: flush_page(0x8000a) returns false/false
26486: flush_page(0x80005) returns false/false
26487: insert(0x800030e0)
26488: insert(0x80006030)
26489: insert(0x8000501c)
26490: insert(0x80001078)
26491: insert(0x8000c0dc)
26492: insert(0x80009080)
26493: insert(0x8000206e)
26494: insert(0x80002016)
26495: insert(0x8000709e)
26496: flush_page(0x8000c) returns true/true
26497: insert(0x80006006)
26498: flush_page(0x8000b) returns false/false
26499: insert(0x8000b020)
26500: insert(0x8000802e)
26501: flush_page(0x80005) returns true/true
26502: insert(0x80006070)
26503: insert(0x80007004)
26504: insert(0x8000900e)
26505: insert(0x8000b0a8)
26506: insert(0x8000a07c)
26507: insert(0x800040aa)
26508: insert(0x8000901c)
26509: flush_page(0x80002) returns true/true
26510: flush_page(0x80005) returns false/false
26511: insert(0x8000c0aa)
26512: insert(0x8000706a)
26513: insert(0x80000098)
26514: flush()
26515: insert(0x8000a0a8)
26516: insert(0x8000209a)
26517: insert(0x800070fa)
26518: flush_page(0x80003) returns false/false
26519: flush_page(0x80004) returns false/false
26520: insert(0x800000f0)
26521: insert(0x800030d0)
26522: insert(0x800020d8)
26523: flush_page(0x80009) returns false/false
26524: insert(0x8000804e)
26525: insert(0x80005092)
26526: insert(0x80008056)
26527: flush_page(0x80000) returns true/true
26528: insert(0x80004002)
26529: insert(0x80003050)
26530: insert(0x800060e2)
26531: insert(0x80008018)
26532: flush()
26533: insert(0x8000c036)
26534: flush_page(0x80004) returns false/false
26535: insert(0x800060fc)
26536: insert(0x80007018)
26537: flush()
26538: insert(0x80009046)
26539: insert(0x8000b0d0)
26540: flush_page(0x80004) returns false/false
26541: insert(0x8000c09a)
26542: flush_page(0x80001) returns false/false
26543: insert(0x80001042)
26544: insert(0x8000a0a2)
26545: flush()
26546: insert(0x8000904a)
26547: insert(0x800070da)
26548: insert(0x800040a2)
26549: insert(0x8000504e)
26550: insert(0x8000802a)
26551: insert(0x80006024)
26552: insert(0x80007056)
26553: insert(0x800010c8)
26554: insert(0x8000b07c)
26555: insert(0x80002014)
26556: insert(0x80009024)
26557: insert(0x8000a070)
26558: insert(0x8000105c)
26559: flush()
26560: flush_page(0x8000c) returns false/false
26561: flush_page(0x80008) returns false/false
26562: flush_page(0x80002) returns false/false
26563: insert(0x80005098)
26564: insert(0x8000b058)
26565: insert(0x80001096)
26566: insert(0x80006062)
26567: flush_page(0x8000c) returns false/false
26568: insert(0x8000c062)
26569: flush_page(0x80000) returns false/false
26570: insert(0x800090f2)
26571: insert(0x8000a006)
26572: insert(0x8000c0ae)
26573: insert(0x80003052)
26574: flush()
26575: insert(0x80004026)
26576: insert(0x800080d4)
26577: flush_page(0x80009) returns false/false
26578: flush_page(0x80006) returns false/false
26579: flush_page(0x80005) returns false/false
26580: flush()
26581: insert(0x800090fa)
26582: insert(0x800000b4)
26583: insert(0x80004080)
26584: insert(0x8000601c)
26585: insert(0x8000c06a)
26586: flush_page(0x8000b) returns false/false
26587: insert(0x8000b048)
26588: insert(0x80005048)
26589: insert(0x80008000)
26590: insert(0x80005012)
26591: flush_page(0x80005) returns true/true
26592: insert(0x8000308c)
26593: insert(0x800060b8)
26594: insert(0x8000302a)
26595: flush_page(0x80006) returns true/true
26596: insert(0x800060fc)
26597: insert(0x8000c0a8)
26598: flush_page(0x8000a) returns false/false
26599: flush_page(0x80003) returns true/true
26600: flush_page(0x80007) returns false/false
26601: insert(0x80008020)
26602: insert(0x8000803e)
26603: insert(0x80009082)
26604: flush_page(0x80005) returns false/false
26605: insert(0x80001048)
26606: flush_page(0x80006) returns true/true
26607: insert(0x8000001a)
26608: insert(0x8000b05c)
26609: insert(0x80004096)
26610: insert(0x800000da)
26611: insert(0x8000709c)
26612: flush_page(0x80008) returns true/false
26613: insert(0x8000a0f4)
26614: flush_page(0x80004) returns true/true
26615: flush_page(0x80007) returns true/true
26616: insert(0x800080b8)
26617: flush_page(0x80006) returns false/false
26618: flush()
26619: insert(0x8000804c)
26620: insert(0x800030ca)
26621: flush_page(0x80005) returns false/false
26622: insert(0x8000c072)
26623: insert(0x800060a0)
26624: insert(0x8000a0b2)
26625: insert(0x80004058)
26626: insert(0x800040ac)
26627: insert(0x80005010)
26628: flush_page(0x80004) returns true/true
26629: insert(0x80001090)
26630: flush_page(0x8000c) returns true/true
26631: insert(0x800000ba)
26632: insert(0x80005016)
26633: insert(0x8000b0d0)
26634: insert(0x80001028)
26635: insert(0x8000c018)
26636: flush()
26637: insert(0x8000601a)
26638: flush_page(0x8000a) returns false/false
26639: insert(0x800020d0)
26640: insert(0x80007088)
26641: insert(0x80004088)
26642: insert(0x8000706c)
26643: flush()
26644: insert(0x800020d0)
26645: insert(0x800080fe)
26646: insert(0x80000038)
26647: insert(0x8000104c)
26648: flush_page(0x80003) returns false/false
26649: insert(0x800070d4)
26650: insert(0x800030e0)
26651: insert(0x80001036)
26652: insert(0x8000104c)
26653: flush_page(0x8000a) returns false/false
26654: insert(0x8000b086)
26655: insert(0x8000a0d0)
26656: insert(0x8000307a)
26657: insert(0x80009032)
26658: insert(0x8000100c)
26659: flush_page(0x80004) returns false/false
26660: insert(0x8000208a)
26661: insert(0x8000005e)
26662: flush_page(0x80007) returns true/false
26663: insert(0x8000203e)
26664: insert(0x80002078)
26665: insert(0x800010be)
26666: insert(0x800010ae)
26667: flush()
26668: flush()
26669: flush_page(0x80003) returns false/false
26670: insert(0x80007080)
26671: flush()
26672: insert(0x800010be)
26673: insert(0x800030b0)
26674: insert(0x800010b2)
26675: insert(0x80004036)
26676: insert(0x8000a066)
26677: insert(0x8000506a)
26678: insert(0x80003088)
26679: flush_page(0x80007) returns false/false
26680: flush()
26681: flush()
26682: insert(0x800020a2)
26683: flush_page(0x80009) returns false/false
26684: insert(0x800090e4)
26685: insert(0x8000a04a)
26686: insert(0x8000a052)
26687: insert(0x80006060)
26688: insert(0x80006014)
26689: insert(0x80006034)
26690: flush_page(0x80003) returns false/false
26691: insert(0x8000c00a)
26692: flush()
26693: flush_page(0x8000c) returns false/false
26694: insert(0x80005012)
26695: insert(0x8000b0be)
26696: insert(0x8000c030)
26697: flush_page(0x8000a) returns false/false
26698: insert(0x80007078)
26699: insert(0x8000608e)
26700: flush()
26701: insert(0x8000a000)
26702: flush_page(0x80008) returns false/false
26703: insert(0x80007058)
26704: flush_page(0x8000c) returns false/false
26705: insert(0x8000c02a)
26706: flush_page(0x80004) returns false/false
26707: insert(0x800030c6)
26708: insert(0x8000b058)
26709: insert(0x8000c0da)
26710: insert(0x8000206a)
26711: insert(0x8000a08e)
26712: insert(0x80004082)
26713: flush_page(0x8000a) returns true/true
26714: flush_page(0x80001) returns false/false
26715: insert(0x800020c2)
26716: insert(0x8000c0e0)
26717: flush_page(0x8000b) returns true/true
26718: insert(0x800020d2)
26719: insert(0x8000003c)
26720: insert(0x80000024)
26721: insert(0x8000204e)
26722: flush_page(0x80003) returns true/false
26723: insert(0x800060d2)
26724: insert(0x8000a0d8)
26725: flush()
26726: insert(0x800030d6)
26727: insert(0x80005094)
26728: flush_page(0x80002) returns false/false
26729: insert(0x800070da)
26730: insert(0x8000b090)
26731: insert(0x800090c4)
26732: insert(0x800040b8)
26733: insert(0x8000604c)
26734: insert(0x8000b0b0)
26735: insert(0x8000103c)
26736: insert(0x800080a0)
26737: flush_page(0x8000a) returns false/false
26738: insert(0x8000b070)
26739: insert(0x800030fe)
26740: flush_page(0x80004) returns true/true
26741: flush_page(0x80008) returns true/true
26742: flush_page(0x80007) returns true/true
26743: insert(0x8000501e)
26744: insert(0x80002032)
26745: insert(0x8000c040)
26746: insert(0x8000c050)
26747: insert(0x80004024)
26748: insert(0x8000a0a8)
26749: insert(0x8000a0c6)
26750: flush_page(0x80009) returns true/false
26751: flush_page(0x80001) returns true/true
26752: insert(0x800050d0)
26753: insert(0x800080f4)
26754: insert(0x800050b4)
26755: insert(0x80000062)
26756: flush_page(0x8000a) returns true/true
26757: insert(0x8000b0ce)
26758: insert(0x8000c060)
26759: insert(0x800050ec)
26760: insert(0x8000a0b0)
26761: insert(0x80006052)
26762: insert(0x80007018)
26763: flush_page(0x80003) returns true/false
26764: insert(0x8000101c)
26765: insert(0x8000406a)
26766: flush_page(0x8000a) returns true/true
26767: insert(0x800010da)
26768: insert(0x8000001a)
26769: flush_page(0x8000a) returns false/false
26770: insert(0x800050b0)
26771: insert(0x80000062)
26772: flush()
26773: insert(0x8000808c)
26774: insert(0x800040de)
26775: flush_page(0x80008) returns true/true
26776: insert(0x80009066)
26777: insert(0x8000b072)
26778: flush()
26779: insert(0x80006032)
26780: insert(0x80004086)
26781: flush_page(0x8000c) returns false/false
26782: insert(0x80005036)
26783: flush_page(0x80002) returns false/false
26784: flush_page(0x80001) returns false/false
26785: insert(0x800080a2)
26786: insert(0x80000086)
26787: insert(0x800000a0)
26788: flush_page(0x80006) returns true/true
26789: flush_page(0x80000) returns true/true
26790: insert(0x8000600e)
26791: flush_page(0x80000) returns false/false
26792: insert(0x8000108a)
26793: insert(0x80003098)
26794: insert(0x800020f6)
26795: flush_page(0x80004) returns true/true
26796: insert(0x8000a0b2)
26797: flush_page(0x8000a) returns true/true
26798: flush_page(0x80001) returns true/true
26799: insert(0x800050e6)
26800: insert(0x8000305e)
26801: insert(0x80009082)
26802: insert(0x8000109e)
26803: insert(0x80007004)
26804: insert(0x800020a2)
26805: insert(0x80009098)
26806: insert(0x80009090)
26807: insert(0x8000903a)
26808: flush()
26809: flush()
26810: insert(0x8000704c)
26811: flush_page(0x8000b) returns false/false
26812: insert(0x8000b084)
26813: insert(0x8000c084)
26814: insert(0x8000905c)
26815: insert(0x800000ce)
26816: insert(0x80003086)
26817: insert(0x80000060)
26818: insert(0x8000a010)
26819: insert(0x800020c8)
26820: insert(0x8000009e)
26821: insert(0x8000006e)
26822: insert(0x8000105c)
26823: insert(0x80000066)
26824: insert(0x80006008)
26825: flush_page(0x80007) returns true/true
26826: insert(0x80002094)
26827: insert(0x8000406a)
26828: flush_page(0x80003) returns true/true
26829: insert(0x8000a054)
26830: insert(0x80003030)
26831: insert(0x80003066)
26832: flush()
26833: insert(0x8000106c)
26834: insert(0x8000404a)
26835: insert(0x8000b094)
26836: insert(0x800060ee)
26837: flush_page(0x8000b) returns true/true
26838: insert(0x800010fa)
26839: flush_page(0x80002) returns false/false
26840: insert(0x8000a056)
26841: insert(0x800010b6)
26842: insert(0x8000c046)
26843: flush()
26844: insert(0x8000803c)
26845: insert(0x80009084)
26846: flush_page(0x80006) returns false/false
26847: insert(0x80008090)
26848: insert(0x8000801a)
26849: insert(0x80008048)
26850: flush_page(0x80003) returns false/false
26851: insert(0x80004090)
26852: insert(0x8000a08c)
26853: insert(0x80004048)
26854: insert(0x80007058)
26855: insert(0x80001094)
26856: insert(0x8000005e)
26857: insert(0x8000c0aa)
26858: insert(0x8000908a)
26859: insert(0x8000a040)
26860: insert(0x8000308e)
26861: insert(0x80001046)
26862: insert(0x800060c4)
26863: flush_page(0x80007) returns true/true
26864: insert(0x8000705c)
26865: insert(0x8000a036)
26866: insert(0x80005032)
26867: insert(0x8000b092)
26868: insert(0x8000304c)
26869: flush_page(0x80001) returns true/true
26870: insert(0x8000b05c)
26871: insert(0x80002076)
26872: flush_page(0x8000b) returns true/true
26873: insert(0x8000c0b6)
26874: flush()
26875: insert(0x8000a008)
26876: insert(0x800080aa)
26877: insert(0x8000c0ce)
26878: flush_page(0x80002) returns false/false
26879: flush_page(0x80007) returns false/false
26880: insert(0x80008080)
26881: insert(0x80000004)
26882: flush_page(0x80002) returns false/false
26883: insert(0x8000c04a)
26884: flush_page(0x8000c) returns true/true
26885: insert(0x800060b6)
26886: insert(0x8000a00e)
26887: insert(0x8000702c)
26888: flush_page(0x80002) returns false/false
26889: insert(0x800010a4)
26890: insert(0x80000056)
26891: insert(0x800090b4)
26892: insert(0x80000002)
26893: insert(0x800060dc)
26894: insert(0x800030b8)
26895: insert(0x8000907e)
26896: flush_page(0x8000a) returns true/true
26897: flush_page(0x8000a) returns false/false
26898: insert(0x80004074)
26899: insert(0x80008070)
26900: flush_page(0x8000a) returns false/false
26901: insert(0x8000704e)
26902: insert(0x80006074)
26903: flush_page(0x80004) returns true/true
26904: insert(0x8000509e)
26905: flush_page(0x80004) returns false/false
26906: flush_page(0x80009) returns true/true
26907: insert(0x800050f8)
26908: insert(0x80002004)
26909: flush_page(0x80005) returns true/true
26910: insert(0x80008002)
26911: insert(0x80006006)
26912: insert(0x80001094)
26913: flush_page(0x80007) returns true/false
26914: insert(0x80008018)
26915: insert(0x8000a008)
26916: insert(0x800070da)
26917: flush_page(0x8000a) returns true/true
26918: insert(0x8000a006)
26919: flush_page(0x8000b) returns false/false
26920: insert(0x80009070)
26921: insert(0x8000a0d6)
26922: insert(0x8000c012)
26923: insert(0x800090b4)
26924: insert(0x800050ae)
26925: insert(0x8000c0e2)
26926: insert(0x8000208a)
26927: insert(0x80005080)
26928: insert(0x80004082)
26929: insert(0x800070a8)
26930: insert(0x80000008)
26931: flush()
26932: flush()
26933: flush_page(0x80007) returns false/false
26934: insert(0x800080ea)
26935: insert(0x80006074)
26936: insert(0x8000a08a)
26937: insert(0x80005068)
26938: insert(0x80005044)
26939: insert(0x8000507c)
26940: insert(0x8000108a)
26941: insert(0x8000c06a)
26942: flush_page(0x80000) returns false/false
26943: flush()
26944: flush_page(0x8000a) returns false/false
26945: insert(0x800090b2)
26946: insert(0x80007058)
26947: flush_page(0x80004) returns false/false
26948: insert(0x800070ea)
26949: insert(0x8000a034)
26950: insert(0x800050b0)
26951: flush_page(0x80005) returns true/true
26952: insert(0x80002066)
26953: insert(0x8000c014)
26954: insert(0x80005024)
26955: insert(0x8000302c)
26956: flush()
26957: insert(0x800020b8)
26958: insert(0x8000b08a)
26959: insert(0x8000b092)
26960: insert(0x8000a0d0)
26961: insert(0x8000c076)
26962: insert(0x800030f2)
26963: insert(0x80009002)
26964: insert(0x8000803c)
26965: insert(0x800070ba)
26966: insert(0x8000a0d4)
26967: flush_page(0x80007) returns true/true
26968: insert(0x800070a0)
26969: insert(0x8000603e)
26970: insert(0x8000806c)
26971: flush_page(0x80007) returns true/false
26972: flush_page(0x80004) returns false/false
26973: insert(0x80002008)
26974: insert(0x8000001a)
26975: insert(0x8000b080)
26976: flush_page(0x8000b) returns true/true
26977: insert(0x8000a086)
26978: insert(0x8000b0ac)
26979: insert(0x8000c08a)
26980: flush()
26981: insert(0x8000308a)
26982: insert(0x800090dc)
26983: insert(0x800020e6)
26984: insert(0x800050ce)
26985: insert(0x8000507c)
26986: flush_page(0x80004) returns false/false
26987: insert(0x800010ae)
26988: insert(0x80004094)
26989: flush_page(0x80006) returns false/false
26990: insert(0x800010d6)
26991: insert(0x80003072)
26992: insert(0x800010c2)
26993: flush()
26994: insert(0x8000306e)
26995: insert(0x80006088)
26996: flush_page(0x8000b) returns false/false
26997: insert(0x80004066)
26998: insert(0x8000901e)
26999: flush_page(0x80001) returns false/false
27000: insert(0x8000c054)
27001: insert(0x800030a0)
27002: insert(0x8000909c)
27003: flush_page(0x80007) returns false/false
27004: insert(0x8000404c)
27005: flush_page(0x80000) returns false/false
27006: insert(0x8000a056)
27007: insert(0x80000088)
27008: insert(0x800020a6)
27009: flush_page(0x80000) returns true/true
27010: insert(0x80004088)
27011: insert(0x80001080)
27012: insert(0x800060b0)
27013: insert(0x80005082)
27014: insert(0x8000c02e)
27015: flush()
27016: flush_page(0x80000) returns false/false
27017: insert(0x8000108a)
27018: insert(0x8000a09a)
27019: flush_page(0x80003) returns false/false
27020: insert(0x800010aa)
27021: insert(0x8000c0be)
27022: insert(0x8000a04c)
27023: insert(0x80005080)
27024: insert(0x8000409a)
27025: insert(0x8000300e)
27026: flush_page(0x80005) returns true/true
27027: flush_page(0x80001) returns true/true
27028: insert(0x8000a018)
27029: flush_page(0x80003) returns true/true
27030: insert(0x800010fc)
27031: insert(0x80004056)
27032: flush_page(0x80006) returns false/false
27033: insert(0x800080ce)
27034: flush_page(0x80009) returns false/false
27035: insert(0x80004050)
27036: insert(0x800030bc)
27037: insert(0x8000502a)
27038: insert(0x800010aa)
27039: insert(0x800070b0)
27040: insert(0x800050ca)
27041: insert(0x8000b06c)
27042: insert(0x8000802c)
27043: insert(0x8000002c)
27044: flush_page(0x80007) returns true/true
27045: insert(0x80000000)
27046: insert(0x8000408e)
27047: flush_page(0x8000c) returns true/false
27048: insert(0x800030b8)
27049: flush_page(0x80005) returns true/true
27050: insert(0x800040a4)
27051: insert(0x8000800e)
27052: insert(0x8000505c)
27053: insert(0x800080e8)
27054: insert(0x8000107e)
27055: flush_page(0x80006) returns false/false
27056: insert(0x8000a094)
27057: insert(0x80002054)
27058: insert(0x80008094)
27059: insert(0x8000901a)
27060: insert(0x8000202c)
27061: flush()
27062: insert(0x8000806a)
27063: insert(0x80006072)
27064: insert(0x80006032)
27065: insert(0x8000c028)
27066: insert(0x800040fe)
27067: insert(0x8000b088)
27068: flush()
27069: flush_page(0x80008) returns false/false
27070: flush()
27071: flush_page(0x80008) returns false/false
27072: flush_page(0x80002) returns false/false
27073: insert(0x800000c4)
27074: flush_page(0x80006) returns false/false
27075: flush_page(0x8000c) returns false/false
27076: insert(0x800000c6)
27077: insert(0x800050c6)
27078: insert(0x800040a4)
27079: flush_page(0x80009) returns false/false
27080: flush_page(0x80007) returns false/false
27081: flush()
27082: insert(0x800070b2)
27083: insert(0x800080f8)
27084: insert(0x8000b042)
27085: flush_page(0x80001) returns false/false
27086: insert(0x800070a8)
27087: flush()
27088: flush()
27089: insert(0x8000408e)
27090: insert(0x8000a0cc)
27091: insert(0x8000905e)
27092: insert(0x800060d2)
27093: flush_page(0x80004) returns true/true
27094: insert(0x80005096)
27095: flush_page(0x80008) returns false/false
27096: flush_page(0x8000a) returns true/true
27097: insert(0x8000b02e)
27098: insert(0x80007026)
27099: flush_page(0x80006) returns true/true
27100: insert(0x8000a022)
27101: insert(0x80005032)
27102: insert(0x80004024)
27103: flush()
27104: flush_page(0x80009) returns false/false
27105: flush_page(0x80009) returns false/false
27106: insert(0x8000a0fe)
27107: insert(0x8000c020)
27108: insert(0x800010f8)
27109: flush_page(0x80001) returns true/true
27110: flush_page(0x80008) returns false/false
27111: flush_page(0x80003) returns false/false
27112: insert(0x8000b02a)
27113: flush_page(0x80002) returns false/false
27114: flush_page(0x80000) returns false/false
27115: insert(0x80005054)
27116: flush_page(0x8000b) returns true/true
27117: insert(0x80000054)
27118: insert(0x800010a0)
27119: insert(0x80001088)
27120: insert(0x80001072)
27121: flush()
27122: insert(0x8000901a)
27123: flush_page(0x8000c) returns false/false
27124: flush_page(0x80000) returns false/false
27125: flush_page(0x80004) returns false/false
27126: flush_page(0x80007) returns false/false
27127: insert(0x80005072)
27128: insert(0x8000a02e)
27129: insert(0x80005080)
27130: insert(0x800060a8)
27131: insert(0x8000101e)
27132: insert(0x800080ee)
27133: insert(0x8000c09e)
27134: insert(0x800000f4)
27135: insert(0x80007076)
27136: insert(0x8000208c)
27137: insert(0x800060a2)
27138: insert(0x80006080)
27139: flush()
27140: insert(0x8000500e)
27141: insert(0x80006034)
27142: flush_page(0x80000) returns false/false
27143: insert(0x80008044)
27144: insert(0x8000b0ca)
27145: flush_page(0x80003) returns false/false
27146: insert(0x80008040)
27147: insert(0x80004074)
27148: insert(0x8000708e)
27149: insert(0x80006026)
27150: insert(0x800000cc)
27151: insert(0x800030a8)
27152: flush_page(0x80005) returns true/true
27153: insert(0x800030da)
27154: insert(0x80001004)
27155: insert(0x8000a09e)
27156: flush_page(0x80006) returns true/false
27157: insert(0x8000c0fa)
27158: flush_page(0x80003) returns true/true
27159: insert(0x8000808c)
27160: insert(0x800080bc)
27161: insert(0x8000a0e8)
27162: insert(0x800050a6)
27163: insert(0x8000c092)
27164: insert(0x80001088)
27165: insert(0x80004088)
27166: insert(0x8000b018)
27167: insert(0x8000a0c2)
27168: insert(0x8000c0d2)
27169: insert(0x8000b01c)
27170: insert(0x800090d6)
27171: insert(0x80002030)
27172: insert(0x800060ae)
27173: insert(0x800020a8)
27174: insert(0x80003018)
27175: insert(0x80004010)
27176: flush()
27177: flush_page(0x8000c) returns false/false
27178: insert(0x800030f0)
27179: insert(0x8000402e)
27180: insert(0x8000a034)
27181: insert(0x800080a0)
27182: insert(0x80003018)
27183: insert(0x8000c054)
27184: flush_page(0x80000) returns false/false
27185: insert(0x800040fe)
27186: insert(0x80003088)
27187: insert(0x800020c2)
27188: insert(0x8000500c)
27189: flush_page(0x80000) returns false/false
27190: insert(0x80002006)
27191: insert(0x80009034)
27192: insert(0x80000026)
27193: insert(0x8000805a)
27194: insert(0x80007096)
27195: insert(0x8000c088)
27196: flush_page(0x80008) returns true/true
27197: insert(0x8000606a)
27198: insert(0x8000c01c)
27199: insert(0x80003030)
27200: insert(0x800080e8)
27201: insert(0x80009078)
27202: insert(0x8000604c)
27203: insert(0x8000100a)
27204: flush()
27205: insert(0x8000a08a)
27206: flush_page(0x8000a) returns true/true
27207: insert(0x8000806e)
27208: insert(0x800050b2)
27209: insert(0x8000206e)
27210: flush_page(0x80004) returns false/false
27211: flush()
27212: insert(0x8000b02e)
27213: insert(0x8000103e)
27214: flush()
27215: insert(0x80008056)
27216: insert(0x8000a062)
27217: insert(0x8000003a)
27218: insert(0x8000904c)
27219: insert(0x8000b080)
27220: flush_page(0x80005) returns false/false
27221: insert(0x8000b006)
27222: insert(0x80004002)
27223: insert(0x8000601c)
27224: insert(0x800030cc)
27225: insert(0x800090fa)
27226: insert(0x800070f4)
27227: insert(0x8000407a)
27228: flush_page(0x80002) returns false/false
27229: insert(0x80002052)
27230: flush_page(0x80000) returns true/false
27231: flush()
27232: insert(0x800010f4)
27233: insert(0x800010cc)
27234: flush_page(0x8000b) returns false/false
27235: flush_page(0x8000b) returns false/false
27236: insert(0x8000a0b4)
27237: flush_page(0x80006) returns false/false
27238: insert(0x80003096)
27239: insert(0x800070fc)
27240: insert(0x8000801a)
27241: insert(0x80008056)
27242: insert(0x80000086)
27243: insert(0x800090f6)
27244: insert(0x8000101a)
27245: insert(0x80001076)
27246: insert(0x80005006)
27247: insert(0x8000805a)
27248: insert(0x8000a072)
27249: insert(0x80006076)
27250: flush_page(0x80000) returns true/false
27251: insert(0x8000c0da)
27252: insert(0x800030e4)
27253: insert(0x80007044)
27254: flush_page(0x80001) returns true/false
27255: insert(0x8000001c)
27256: insert(0x80005058)
27257: insert(0x8000a01e)
27258: insert(0x800080fe)
27259: flush()
27260: insert(0x800070da)
27261: insert(0x80006028)
27262: insert(0x800020d0)
27263: flush_page(0x80000) returns false/false
27264: flush_page(0x80000) returns false/false
27265: insert(0x800010f0)
27266: insert(0x8000500c)
27267: insert(0x8000006c)
27268: flush_page(0x80001) returns true/true
27269: insert(0x8000c094)
27270: insert(0x80006088)
27271: insert(0x80005064)
27272: flush_page(0x8000c) returns true/true
27273: insert(0x8000807e)
27274: insert(0x8000704c)
27275: flush_page(0x80004) returns false/false
27276: flush_page(0x8000a) returns false/false
27277: flush()
27278: flush()
27279: flush_page(0x8000c) returns false/false
27280: insert(0x80002002)
27281: flush_page(0x80007) returns false/false
27282: insert(0x800050b8)
27283: flush_page(0x8000b) returns false/false
27284: insert(0x800010de)
27285: insert(0x8000b020)
27286: flush_page(0x80000) returns false/false
27287: flush_page(0x80009) returns false/false
27288: insert(0x8000b056)
27289: insert(0x8000b056)
27290: insert(0x80007058)
27291: insert(0x80006098)
27292: insert(0x8000902c)
27293: insert(0x800090f0)
27294: insert(0x8000205c)
27295: insert(0x80008012)
27296: insert(0x80005078)
27297: flush_page(0x8000c) returns false/false
27298: insert(0x800000d4)
27299: insert(0x800010be)
27300: insert(0x800020fe)
27301: insert(0x80007030)
27302: insert(0x8000203e)
27303: flush_page(0x80001) returns true/true
27304: flush()
27305: flush_page(0x8000c) returns false/false
27306: flush_page(0x8000b) returns false/false
27307: flush_page(0x80009) returns false/false
27308: insert(0x80009096)
27309: insert(0x800090d8)
27310: insert(0x8000a04e)
27311: flush_page(0x80002) returns false/false
27312: flush()
27313: flush_page(0x8000a) returns false/false
27314: insert(0x800090d8)
27315: insert(0x8000c0a4)
27316: flush_page(0x8000c) returns true/true
27317: flush_page(0x8000a) returns false/false
27318: insert(0x800080e2)
27319: flush_page(0x8000b) returns false/false
27320: flush_page(0x8000c) returns false/false
27321: flush_page(0x80000) returns false/false
27322: flush()
27323: insert(0x800090f6)
27324: flush_page(0x8000c) returns false/false
27325: insert(0x8000000c)
27326: flush_page(0x80007) returns false/false
27327: flush_page(0x8000a) returns false/false
27328: insert(0x8000205c)
27329: flush()
27330: insert(0x8000a01e)
27331: flush()
27332: flush_page(0x80007) returns false/false
27333: insert(0x800080aa)
27334: flush_page(0x80009) returns false/false
27335: insert(0x80004048)
27336: flush()
27337: flush_page(0x8000a) returns false/false
27338: insert(0x80002038)
27339: flush_page(0x80007) returns false/false
27340: insert(0x80000028)
27341: flush()
27342: flush_page(0x80000) returns false/false
27343: insert(0x80004092)
27344: flush_page(0x8000a) returns false/false
27345: insert(0x8000104e)
27346: insert(0x8000208c)
27347: flush_page(0x8000c) returns false/false
27348: insert(0x800040a2)
27349: insert(0x8000805c)
27350: flush_page(0x80005) returns false/false
27351: flush_page(0x80001) returns true/true
27352: insert(0x8000a0c8)
27353: insert(0x80002060)
27354: insert(0x8000b00a)
27355: insert(0x8000b000)
27356: flush_page(0x80003) returns false/false
27357: insert(0x80001082)
27358: insert(0x800030fa)
27359: insert(0x800030ea)
27360: insert(0x80005038)
27361: flush_page(0x80004) returns true/true
27362: insert(0x80004054)
27363: insert(0x8000204c)
27364: flush_page(0x80001) returns true/true
27365: insert(0x8000901e)
27366: insert(0x80006002)
27367: flush_page(0x8000a) returns true/true
27368: insert(0x800030aa)
27369: flush_page(0x80000) returns false/false
27370: flush_page(0x80002) returns true/true
27371: insert(0x800080e6)
27372: insert(0x8000c05e)
27373: flush_page(0x80000) returns false/false
27374: insert(0x80003012)
27375: insert(0x8000207e)
27376: flush_page(0x80006) returns true/true
27377: insert(0x800040b6)
27378: insert(0x800020e0)
27379: insert(0x8000c032)
27380: flush_page(0x80006) returns false/false
27381: flush_page(0x80008) returns true/false
27382: insert(0x8000c0a0)
27383: insert(0x800040a0)
27384: insert(0x800030ee)
27385: insert(0x8000508a)
27386: flush_page(0x80000) returns false/false
27387: flush()
27388: insert(0x8000703e)
27389: insert(0x80000040)
27390: insert(0x8000a01a)
27391: insert(0x80006096)
27392: flush()
27393: flush_page(0x8000b) returns false/false
27394: insert(0x8000b0e8)
27395: flush_page(0x80001) returns false/false
27396: flush()
27397: insert(0x80003032)
27398: insert(0x8000208e)
27399: insert(0x80005024)
27400: flush_page(0x8000a) returns false/false
27401: insert(0x80007076)
27402: insert(0x8000a06e)
27403: insert(0x80000092)
27404: insert(0x80001094)
27405: insert(0x8000c0c2)
27406: flush_page(0x8000a) returns true/true
27407: insert(0x800050ba)
27408: flush()
27409: insert(0x80001008)
27410: insert(0x800010b8)
27411: insert(0x8000c068)
27412: insert(0x8000b034)
27413: flush_page(0x80007) returns false/false
27414: insert(0x800020ec)
27415: insert(0x800040f6)
27416: insert(0x8000001e)
27417: flush_page(0x8000c) returns true/true
27418: insert(0x800020c4)
27419: flush_page(0x80003) returns false/false
27420: insert(0x8000c050)
27421: insert(0x80000062)
27422: insert(0x8000b0b0)
27423: insert(0x80009078)
27424: insert(0x8000a0f4)
27425: insert(0x80005002)
27426: insert(0x8000b08c)
27427: flush_page(0x80004) returns true/false
27428: insert(0x8000c0b2)
27429: insert(0x8000a0dc)
27430: insert(0x800080c6)
27431: insert(0x8000806e)
27432: insert(0x80004054)
27433: insert(0x8000a072)
27434: insert(0x80005020)
27435: insert(0x80007088)
27436: flush()
27437: insert(0x8000402a)
27438: insert(0x8000003c)
27439: flush_page(0x80009) returns false/false
27440: flush_page(0x80003) returns false/false
27441: insert(0x8000908a)
27442: insert(0x8000c01c)
27443: insert(0x80006046)
27444: insert(0x800090c8)
27445: flush_page(0x80001) returns false/false
27446: flush_page(0x80005) returns false/false
27447: flush_page(0x80002) returns false/false
27448: flush_page(0x8000c) returns true/true
27449: insert(0x80004008)
27450: insert(0x80001018)
27451: flush_page(0x80008) returns false/false
27452: insert(0x800060ae)
27453: insert(0x8000b06e)
27454: flush_page(0x80009) returns true/true
27455: flush()
27456: flush_page(0x80008) returns false/false
27457: insert(0x800070aa)
27458: insert(0x8000c05c)
27459: insert(0x80000028)
27460: flush_page(0x80009) returns false/false
27461: insert(0x8000801e)
27462: flush_page(0x80004) returns false/false
27463: insert(0x8000205e)
27464: insert(0x80003016)
27465: insert(0x80007058)
27466: insert(0x80000088)
27467: insert(0x800060b8)
27468: insert(0x80009072)
27469: insert(0x8000307e)
27470: flush()
27471: flush()
27472: insert(0x8000a036)
27473: insert(0x8000c0e4)
27474: insert(0x8000b054)
27475: flush_page(0x80001) returns false/false
27476: flush_page(0x80002) returns false/false
27477: insert(0x8000c0ce)
27478: flush_page(0x8000c) returns true/true
27479: flush()
27480: insert(0x80007072)
27481: flush_page(0x80006) returns false/false
27482: insert(0x8000803a)
27483: insert(0x80008092)
27484: insert(0x80003014)
27485: flush()
27486: insert(0x80000038)
27487: insert(0x80002060)
27488: insert(0x800010d0)
27489: insert(0x800000d4)
27490: insert(0x80006022)
27491: insert(0x80009048)
27492: insert(0x8000b00a)
27493: insert(0x8000b0d0)
27494: insert(0x800060e0)
27495: insert(0x80000028)
27496: insert(0x80008056)
27497: flush_page(0x80003) returns false/false
27498: insert(0x800050c8)
27499: insert(0x8000b000)
27500: insert(0x8000204e)
27501: insert(0x80009070)
27502: insert(0x8000c0f6)
27503: flush_page(0x80009) returns true/true
27504: flush_page(0x8000b) returns true/true
27505: insert(0x8000909a)
27506: insert(0x8000402c)
27507: flush_page(0x80008) returns true/false
27508: insert(0x800090ce)
27509: flush_page(0x80004) returns true/true
27510: insert(0x8000703c)
27511: insert(0x8000c016)
27512: insert(0x8000b078)
27513: insert(0x8000201c)
27514: insert(0x80006092)
27515: insert(0x8000a06a)
27516: insert(0x80002034)
27517: insert(0x8000003c)
27518: insert(0x8000802a)
27519: insert(0x80002000)
27520: flush_page(0x80005) returns true/false
27521: flush_page(0x8000c) returns true/true
27522: insert(0x80006076)
27523: flush_page(0x8000a) returns true/true
27524: insert(0x80001078)
27525: insert(0x8000b068)
27526: insert(0x8000b09c)
27527: insert(0x8000603e)
27528: flush_page(0x80002) returns true/true
27529: insert(0x800090d8)
27530: insert(0x8000b0f8)
27531: insert(0x8000b0ba)
27532: insert(0x80005038)
27533: insert(0x8000800a)
27534: insert(0x800050e6)
27535: flush_page(0x8000c) returns false/false
27536: flush()
27537: insert(0x8000209e)
27538: insert(0x80004020)
27539: insert(0x80009034)
27540: insert(0x80003030)
27541: insert(0x8000a002)
27542: flush_page(0x8000c) returns false/false
27543: insert(0x80006052)
27544: insert(0x80002070)
27545: flush_page(0x8000b) returns false/false
27546: insert(0x80009098)
27547: insert(0x80005008)
27548: insert(0x8000c08c)
27549: insert(0x800070a2)
27550: insert(0x80003074)
27551: flush()
27552: insert(0x800020de)
27553: flush_page(0x80004) returns false/false
27554: insert(0x80000006)
27555: flush_page(0x80004) returns false/false
27556: insert(0x8000a084)
27557: insert(0x800040b4)
27558: flush()
27559: insert(0x800030a6)
27560: insert(0x800090a8)
27561: insert(0x800000e4)
27562: flush_page(0x80009) returns true/true
27563: flush_page(0x80003) returns true/true
27564: insert(0x800070fe)
27565: insert(0x8000a0f4)
27566: flush()
27567: insert(0x8000a0be)
27568: insert(0x80008090)
27569: flush_page(0x80002) returns false/false
27570: flush()
27571: insert(0x8000a0b2)
27572: insert(0x800060a8)
27573: insert(0x8000b0da)
27574: insert(0x8000809a)
27575: insert(0x800070be)
27576: flush_page(0x80004) returns false/false
27577: insert(0x8000b036)
27578: flush_page(0x80007) returns true/true
27579: flush()
27580: insert(0x80005030)
27581: insert(0x800020ca)
27582: insert(0x800000e4)
27583: insert(0x8000a08c)
27584: flush_page(0x8000b) returns false/false
27585: insert(0x80002052)
27586: insert(0x800090bc)
27587: flush_page(0x80005) returns true/true
27588: insert(0x80007028)
27589: insert(0x800000a0)
27590: insert(0x8000b0d4)
27591: flush_page(0x80008) returns false/false
27592: insert(0x8000c09e)
27593: insert(0x800050c8)
27594: flush_page(0x8000c) returns true/true
27595: flush()
27596: insert(0x80008036)
27597: flush_page(0x80002) returns false/false
27598: flush_page(0x80003) returns false/false
27599: flush()
27600: insert(0x8000b08e)
27601: insert(0x8000205c)
27602: insert(0x8000600a)
27603: insert(0x800000f0)
27604: insert(0x80008002)
27605: insert(0x8000b052)
27606: insert(0x8000a030)
27607: insert(0x8000c080)
27608: insert(0x800050dc)
27609: insert(0x80003062)
27610: flush_page(0x80000) returns true/true
27611: flush_page(0x80001) returns false/false
27612: flush_page(0x80003) returns true/true
27613: insert(0x80001068)
27614: insert(0x800000e6)
27615: insert(0x80007022)
27616: insert(0x8000708e)
27617: flush()
27618: insert(0x800020f8)
27619: insert(0x8000a0b4)
27620: insert(0x80003018)
27621: insert(0x80000002)
27622: flush()
27623: flush_page(0x80002) returns false/false
27624: insert(0x800050f8)
27625: insert(0x80002046)
27626: insert(0x8000903c)
27627: insert(0x800090a0)
27628: insert(0x8000700e)
27629: flush_page(0x80007) returns true/true
27630: insert(0x8000100c)
27631: flush_page(0x80002) returns true/true
27632: flush_page(0x80004) returns false/false
27633: flush_page(0x80004) returns false/false
27634: flush_page(0x8000c) returns false/false
27635: insert(0x800070b0)
27636: insert(0x80005028)
27637: insert(0x80005078)
27638: insert(0x80006076)
27639: insert(0x8000609e)
27640: insert(0x8000c0dc)
27641: flush()
27642: flush_page(0x80007) returns false/false
27643: insert(0x8000b096)
27644: insert(0x8000b0c0)
27645: insert(0x80005038)
27646: flush()
27647: insert(0x800020da)
27648: insert(0x800090ac)
27649: insert(0x80007048)
27650: insert(0x800040c0)
27651: insert(0x800070e2)
27652: insert(0x8000900a)
27653: flush_page(0x80002) returns true/true
27654: insert(0x80004078)
27655: insert(0x80009070)
27656: flush_page(0x80001) returns false/false
27657: insert(0x800020ca)
27658: flush_page(0x8000c) returns false/false
27659: flush_page(0x80006) returns false/false
27660: insert(0x8000a022)
27661: insert(0x800060fe)
27662: insert(0x800080e8)
27663: flush_page(0x80005) returns false/false
27664: insert(0x800020b2)
27665: insert(0x80004022)
27666: insert(0x800060ac)
27667: flush_page(0x80005) returns false/false
27668: insert(0x80009074)
27669: insert(0x800060aa)
27670: insert(0x800080d4)
27671: flush_page(0x80006) returns true/true
27672: insert(0x80008012)
27673: flush_page(0x8000a) returns true/false
27674: flush()
27675: insert(0x800050d2)
27676: flush_page(0x8000b) returns false/false
27677: insert(0x8000b042)
27678: flush_page(0x80004) returns false/false
27679: insert(0x80005018)
27680: flush_page(0x8000a) returns false/false
27681: insert(0x80007028)
27682: insert(0x800090fa)
27683: insert(0x80008066)
27684: insert(0x80001014)
27685: insert(0x8000608c)
27686: insert(0x800060ce)
27687: insert(0x8000003a)
27688: insert(0x8000002a)
27689: insert(0x80005066)
27690: insert(0x8000b0f8)
27691: insert(0x80007084)
27692: insert(0x8000c04e)
27693: insert(0x8000105e)
27694: flush_page(0x80000) returns true/false
27695: insert(0x800070c6)
27696: insert(0x800060a8)
27697: insert(0x800040ae)
27698: insert(0x8000702e)
27699: insert(0x80000080)
27700: insert(0x8000b00e)
27701: flush_page(0x80001) returns true/false
27702: flush_page(0x80003) returns false/false
27703: insert(0x8000c05c)
27704: insert(0x80007016)
27705: insert(0x80003036)
27706: flush_page(0x80004) returns true/false
27707: flush_page(0x80001) returns false/false
27708: flush_page(0x80001) returns false/false
27709: insert(0x8000a01e)
27710: insert(0x8000b016)
27711: insert(0x8000503e)
27712: insert(0x8000b002)
27713: insert(0x8000c0ee)
27714: insert(0x8000509c)
27715: insert(0x8000a0f0)
27716: insert(0x800040fc)
27717: insert(0x800090b8)
27718: insert(0x80003020)
27719: flush_page(0x80000) returns true/false
27720: insert(0x8000701e)
27721: insert(0x800050da)
27722: insert(0x80005010)
27723: insert(0x800040d4)
27724: flush_page(0x80001) returns false/false
27725: insert(0x800090e6)
27726: insert(0x80009072)
27727: flush_page(0x80008) returns true/false
27728: flush_page(0x80006) returns true/false
27729: insert(0x8000a060)
27730: flush_page(0x80008) returns false/false
27731: insert(0x80001034)
27732: flush_page(0x8000b) returns true/false
27733: flush_page(0x8000a) returns true/true
27734: flush_page(0x80008) returns false/false
27735: insert(0x800040a6)
27736: insert(0x8000c080)
27737: flush_page(0x80001) returns true/true
27738: insert(0x8000a08e)
27739: insert(0x80003024)
27740: insert(0x80005002)
27741: insert(0x8000803a)
27742: insert(0x800090a2)
27743: flush_page(0x80001) returns false/false
27744: flush_page(0x80007) returns true/false
27745: insert(0x8000a0d4)
27746: insert(0x800080e0)
27747: insert(0x80005096)
27748: insert(0x8000508c)
27749: insert(0x800070ea)
27750: flush_page(0x80009) returns true/false
27751: insert(0x80004042)
27752: insert(0x800040da)
27753: insert(0x80009096)
27754: flush_page(0x80006) returns false/false
27755: flush_page(0x8000b) returns false/false
27756: flush_page(0x8000b) returns false/false
27757: flush()
27758: flush_page(0x80009) returns false/false
27759: insert(0x8000b032)
27760: insert(0x8000301c)
27761: insert(0x80000062)
27762: insert(0x80002082)
27763: insert(0x80006002)
27764: insert(0x8000108e)
27765: insert(0x8000b07e)
27766: flush_page(0x8000b) returns true/true
27767: flush_page(0x80004) returns false/false
27768: insert(0x8000b074)
27769: insert(0x8000507e)
27770: insert(0x800090fc)
27771: insert(0x8000601a)
27772: flush_page(0x80009) returns true/true
27773: flush_page(0x80004) returns false/false
27774: insert(0x800050ba)
27775: insert(0x80006054)
27776: insert(0x8000c0e4)
27777: insert(0x8000a014)
27778: flush_page(0x80008) returns false/false
27779: insert(0x800060fe)
27780: insert(0x800030ec)
27781: insert(0x8000c0ea)
27782: flush_page(0x8000a) returns true/true
27783: insert(0x80007088)
27784: insert(0x8000207e)
27785: insert(0x800020c0)
27786: flush_page(0x80000) returns true/false
27787: insert(0x800090c2)
27788: insert(0x80006058)
27789: insert(0x8000409a)
27790: insert(0x80006086)
27791: flush()
27792: flush()
27793: flush()
27794: flush_page(0x80006) returns false/false
27795: insert(0x800020a0)
27796: insert(0x8000c090)
27797: flush()
27798: insert(0x80005064)
27799: insert(0x80003086)
27800: insert(0x80009032)
27801: insert(0x80009030)
27802: insert(0x8000605e)
27803: insert(0x80008020)
27804: insert(0x80000016)
27805: insert(0x8000b094)
27806: insert(0x8000709e)
27807: insert(0x8000002e)
27808: insert(0x8000307c)
27809: insert(0x80007074)
27810: flush_page(0x80008) returns true/false
27811: insert(0x8000b080)
27812: flush_page(0x8000b) returns true/true
27813: insert(0x80000000)
27814: insert(0x800030a0)
27815: insert(0x800060f4)
27816: insert(0x8000c0d6)
27817: insert(0x8000103a)
27818: insert(0x80006010)
27819: flush()
27820: insert(0x8000c0b8)
27821: flush_page(0x80007) returns false/false
27822: insert(0x800080ea)
27823: insert(0x80006012)
27824: insert(0x800040ae)
27825: insert(0x80003022)
27826: insert(0x8000a078)
27827: insert(0x800040cc)
27828: insert(0x800030c4)
27829: flush_page(0x8000b) returns false/false
27830: insert(0x8000b0ba)
27831: insert(0x8000804a)
27832: insert(0x8000b0b6)
27833: insert(0x80001092)
27834: insert(0x80009056)
27835: insert(0x80009086)
27836: insert(0x800010b4)
27837: insert(0x80003034)
27838: insert(0x800000d6)
27839: insert(0x8000008c)
27840: insert(0x8000b060)
27841: flush_page(0x80000) returns true/true
27842: insert(0x8000b004)
27843: flush_page(0x80006) returns true/false
27844: insert(0x8000105c)
27845: flush_page(0x80004) returns true/true
27846: insert(0x800010d6)
27847: insert(0x8000708c)
27848: flush_page(0x8000a) returns true/false
27849: insert(0x800060a2)
27850: insert(0x80008092)
27851: insert(0x80005018)
27852: insert(0x80008060)
27853: flush()
27854: flush_page(0x80004) returns false/false
27855: flush_page(0x80007) returns false/false
27856: flush_page(0x80000) returns false/false
27857: insert(0x800000e4)
27858: insert(0x80008040)
27859: insert(0x8000606e)
27860: insert(0x80009016)
27861: insert(0x8000004c)
27862: insert(0x80005096)
27863: flush_page(0x80000) returns true/true
27864: insert(0x80007042)
27865: insert(0x800000c4)
27866: insert(0x800070a4)
27867: insert(0x8000601c)
27868: flush_page(0x80003) returns false/false
27869: insert(0x80009056)
27870: flush_page(0x80002) returns false/false
27871: flush_page(0x80006) returns true/true
27872: insert(0x800090c2)
27873: insert(0x8000306e)
27874: insert(0x8000608c)
27875: insert(0x8000a07e)
27876: flush_page(0x80003) returns true/true
27877: flush_page(0x80004) returns false/false
27878: insert(0x800030ea)
27879: insert(0x8000b0dc)
27880: insert(0x800070a8)
27881: insert(0x80009052)
27882: insert(0x80001078)
27883: insert(0x800080a8)
27884: insert(0x8000201c)
27885: insert(0x800050aa)
27886: flush_page(0x8000a) returns true/false
27887: insert(0x80003024)
27888: flush()
27889: insert(0x80009004)
27890: insert(0x800020b0)
27891: insert(0x800050b2)
27892: insert(0x8000203c)
27893: insert(0x8000900a)
27894: insert(0x800070a0)
27895: flush_page(0x8000a) returns false/false
27896: insert(0x8000a0f6)
27897: insert(0x80009066)
27898: insert(0x800010d2)
27899: flush_page(0x8000b) returns false/false
27900: flush_page(0x8000c) returns false/false
27901: insert(0x8000c086)
27902: insert(0x8000a0b4)
27903: insert(0x800050a6)
27904: flush()
27905: flush_page(0x80009) returns false/false
27906: insert(0x8000c0fa)
27907: flush_page(0x80001) returns false/false
27908: flush_page(0x80005) returns false/false
27909: flush_page(0x80004) returns false/false
27910: insert(0x80008090)
27911: insert(0x8000c052)
27912: insert(0x80007048)
27913: insert(0x80006072)
27914: insert(0x80004034)
27915: flush()
27916: insert(0x800070ca)
27917: insert(0x800060a6)
27918: flush_page(0x80000) returns false/false
27919: insert(0x800040b0)
27920: insert(0x80001002)
27921: insert(0x80007078)
27922: flush_page(0x80000) returns false/false
27923: insert(0x8000803c)
27924: insert(0x800090f8)
27925: insert(0x8000c00c)
27926: insert(0x80001076)
27927: insert(0x800010ba)
27928: insert(0x8000a066)
27929: insert(0x800040a0)
27930: insert(0x800000ec)
27931: insert(0x80007076)
27932: insert(0x8000b014)
27933: insert(0x800090bc)
27934: insert(0x8000a08c)
27935: insert(0x8000c012)
27936: insert(0x8000006e)
27937: insert(0x80008024)
27938: insert(0x80000068)
27939: insert(0x8000307e)
27940: insert(0x8000207e)
27941: insert(0x8000a074)
27942: insert(0x8000a072)
27943: insert(0x800080a6)
27944: insert(0x8000600e)
27945: flush()
27946: insert(0x8000c054)
27947: insert(0x8000106c)
27948: flush_page(0x80004) returns false/false
27949: insert(0x8000809a)
27950: insert(0x8000700e)
27951: flush_page(0x80007) returns true/true
27952: insert(0x800030e2)
27953: flush()
27954: insert(0x800010ae)
27955: flush_page(0x80001) returns true/true
27956: insert(0x80005074)
27957: flush_page(0x80008) returns false/false
27958: insert(0x8000802a)
27959: insert(0x800050be)
27960: insert(0x80002026)
27961: flush_page(0x8000c) returns false/false
27962: insert(0x8000602e)
27963: flush_page(0x80009) returns false/false
27964: insert(0x80003058)
27965: insert(0x8000309c)
27966: insert(0x8000c006)
27967: insert(0x80004030)
27968: insert(0x80006008)
27969: insert(0x8000a06c)
27970: insert(0x800010a0)
27971: insert(0x800000b8)
27972: insert(0x8000a078)
27973: insert(0x8000b0a0)
27974: insert(0x800090a4)
27975: insert(0x80007042)
27976: insert(0x800080ce)
27977: flush_page(0x80006) returns true/true
27978: flush_page(0x80006) returns false/false
27979: insert(0x8000201c)
27980: insert(0x8000a0a0)
27981: insert(0x8000805e)
27982: flush_page(0x8000c) returns true/false
27983: flush_page(0x8000c) returns false/false
27984: insert(0x80007010)
27985: insert(0x8000a01e)
27986: insert(0x800000de)
27987: insert(0x800010a2)
27988: flush_page(0x8000a) returns true/true
27989: insert(0x80001098)
27990: insert(0x800060b4)
27991: flush_page(0x8000c) returns false/false
27992: insert(0x80009068)
27993: insert(0x80002032)
27994: flush_page(0x8000c) returns false/false
27995: insert(0x80003012)
27996: flush_page(0x8000c) returns false/false
27997: insert(0x800060c0)
27998: flush()
27999: insert(0x800020a8)
28000: insert(0x800080e0)
28001: flush_page(0x80007) returns false/false
28002: insert(0x80001052)
28003: insert(0x80005086)
28004: flush_page(0x80005) returns true/true
28005: insert(0x8000c09a)
28006: flush_page(0x80002) returns true/true
28007: insert(0x8000c09c)
28008: flush()
28009: flush_page(0x80009) returns false/false
28010: insert(0x800010ac)
28011: insert(0x80007078)
28012: insert(0x8000403a)
28013: insert(0x80005022)
28014: insert(0x80002056)
28015: insert(0x800020d2)
28016: insert(0x8000102e)
28017: insert(0x8000a0ca)
28018: insert(0x80009062)
28019: flush_page(0x80002) returns true/true
28020: insert(0x80006056)
28021: flush_page(0x8000b) returns false/false
28022: flush()
28023: insert(0x80009052)
28024: insert(0x8000008a)
28025: insert(0x800030a6)
28026: insert(0x8000b05a)
28027: flush_page(0x80006) returns false/false
28028: insert(0x8000107a)
28029: insert(0x800060fc)
28030: flush()
28031: flush_page(0x80006) returns false/false
28032: insert(0x8000708a)
28033: insert(0x80001056)
28034: insert(0x8000a046)
28035: insert(0x8000600a)
28036: insert(0x8000806a)
28037: insert(0x80007082)
28038: insert(0x80004026)
28039: insert(0x800050a8)
28040: insert(0x800060c4)
28041: insert(0x8000c0e2)
28042: flush_page(0x80006) returns true/true
28043: insert(0x8000b062)
28044: insert(0x8000304c)
28045: insert(0x8000a0ac)
28046: insert(0x8000c08c)
28047: insert(0x80005086)
28048: insert(0x8000c048)
28049: flush_page(0x80009) returns false/false
28050: insert(0x80001084)
28051: flush_page(0x80005) returns true/true
28052: insert(0x80000006)
28053: flush_page(0x80005) returns false/false
28054: insert(0x8000c054)
28055: insert(0x8000909a)
28056: insert(0x800000ac)
28057: insert(0x8000b0e8)
28058: insert(0x80007018)
28059: flush_page(0x80008) returns true/false
28060: insert(0x80005082)
28061: insert(0x8000109c)
28062: insert(0x80002000)
28063: flush_page(0x80006) returns false/false
28064: insert(0x8000b054)
28065: insert(0x8000c07c)
28066: insert(0x8000a092)
28067: insert(0x80000038)
28068: insert(0x80008024)
28069: flush_page(0x80003) returns true/false
28070: flush()
28071: insert(0x8000402c)
28072: insert(0x8000209e)
28073: insert(0x8000a052)
28074: insert(0x800050a4)
28075: insert(0x80008030)
28076: insert(0x8000a064)
28077: flush_page(0x8000c) returns false/false
28078: insert(0x800000da)
28079: flush_page(0x80001) returns false/false
28080: insert(0x800010ee)
28081: flush_page(0x80000) returns true/true
28082: flush()
28083: insert(0x8000b000)
28084: insert(0x800000b8)
28085: insert(0x800050c8)
28086: insert(0x8000c0e6)
28087: flush_page(0x80002) returns false/false
28088: flush_page(0x80009) returns false/false
28089: insert(0x80002002)
28090: flush_page(0x80002) returns true/true
28091: flush_page(0x80008) returns false/false
28092: flush_page(0x8000b) returns true/true
28093: insert(0x800090ae)
28094: insert(0x800010b2)
28095: flush_page(0x80007) returns false/false
28096: insert(0x8000b050)
28097: insert(0x800060b8)
28098: insert(0x8000b0c8)
28099: flush_page(0x80001) returns true/true
28100: insert(0x80000064)
28101: insert(0x8000b064)
28102: insert(0x8000a05e)
28103: insert(0x80000030)
28104: insert(0x8000c0de)
28105: insert(0x8000a014)
28106: insert(0x8000c0b8)
28107: insert(0x80001040)
28108: flush_page(0x80003) returns false/false
28109: insert(0x8000c0c6)
28110: insert(0x800010c0)
28111: insert(0x800020ce)
28112: insert(0x8000603e)
28113: insert(0x80005094)
28114: insert(0x8000b0aa)
28115: insert(0x8000005e)
28116: flush_page(0x80003) returns false/false
28117: insert(0x8000b09c)
28118: flush_page(0x80001) returns true/true
28119: insert(0x8000809a)
28120: flush_page(0x80001) returns false/false
28121: insert(0x8000309a)
28122: insert(0x800090f8)
28123: insert(0x8000c052)
28124: insert(0x8000709e)
28125: insert(0x80009042)
28126: insert(0x800050a4)
28127: insert(0x8000b03a)
28128: insert(0x80008074)
28129: flush()
28130: flush()
28131: insert(0x8000704c)
28132: insert(0x800080c2)
28133: insert(0x800030ba)
28134: insert(0x8000c0d2)
28135: flush_page(0x80007) returns true/true
28136: insert(0x800090d2)
28137: insert(0x80000022)
28138: flush_page(0x80004) returns false/false
28139: insert(0x800070a4)
28140: flush_page(0x8000b) returns false/false
28141: flush_page(0x80004) returns false/false
28142: flush_page(0x80002) returns false/false
28143: insert(0x8000b006)
28144: insert(0x80005006)
28145: flush()
28146: flush_page(0x80007) returns false/false
28147: flush_page(0x80009) returns false/false
28148: insert(0x800000e4)
28149: insert(0x8000b07a)
28150: insert(0x8000b064)
28151: flush_page(0x80002) returns false/false
28152: insert(0x800090ba)
28153: insert(0x800030fc)
28154: insert(0x8000001e)
28155: insert(0x8000c030)
28156: insert(0x80000080)
28157: insert(0x800050b2)
28158: insert(0x800010da)
28159: flush_page(0x80007) returns false/false
28160: insert(0x800010a4)
28161: insert(0x8000c07c)
28162: insert(0x8000b00a)
28163: flush_page(0x8000b) returns true/true
28164: insert(0x8000c02c)
28165: insert(0x80005040)
28166: insert(0x80007044)
28167: insert(0x8000a06a)
28168: insert(0x800040cc)
28169: insert(0x8000b058)
28170: flush_page(0x80000) returns true/false
28171: insert(0x8000c0c4)
28172: insert(0x8000c09c)
28173: insert(0x80004004)
28174: flush_page(0x80009) returns true/true
28175: insert(0x800080ea)
28176: insert(0x800060ca)
28177: flush_page(0x80009) returns false/false
28178: flush()
28179: insert(0x8000c03c)
28180: insert(0x8000a002)
28181: flush_page(0x80001) returns false/false
28182: insert(0x80002068)
28183: insert(0x800050ee)
28184: flush_page(0x80006) returns false/false
28185: insert(0x8000701a)
28186: insert(0x800020d2)
28187: flush_page(0x8000c) returns true/true
28188: insert(0x8000407e)
28189: insert(0x800040e4)
28190: insert(0x80002022)
28191: flush_page(0x8000c) returns false/false
28192: insert(0x8000a0ce)
28193: insert(0x8000200a)
28194: insert(0x80004096)
28195: flush_page(0x80002) returns true/true
28196: insert(0x80000020)
28197: insert(0x800050ca)
28198: insert(0x8000a06a)
28199: insert(0x80007068)
28200: flush_page(0x8000c) returns false/false
28201: insert(0x8000b082)
28202: insert(0x8000c086)
28203: flush()
28204: insert(0x8000202c)
28205: flush_page(0x80002) returns true/true
28206: flush()
28207: insert(0x800070f2)
28208: insert(0x800070e2)
28209: flush_page(0x80006) returns false/false
28210: insert(0x8000a002)
28211: insert(0x800030c8)
28212: insert(0x80004010)
28213: insert(0x8000004a)
28214: insert(0x80006024)
28215: insert(0x8000b024)
28216: flush()
28217: flush_page(0x80000) returns false/false
28218: insert(0x80005040)
28219: insert(0x8000902c)
28220: insert(0x8000b0c6)
28221: insert(0x8000508a)
28222: flush_page(0x8000c) returns false/false
28223: insert(0x80009096)
28224: insert(0x8000c0f8)
28225: flush()
28226: flush_page(0x80007) returns false/false
28227: insert(0x80006052)
28228: insert(0x80004018)
28229: insert(0x800010a0)
28230: insert(0x80000002)
28231: insert(0x80007040)
28232: insert(0x800060ae)
28233: flush_page(0x8000c) returns false/false
28234: insert(0x80002094)
28235: insert(0x80003068)
28236: insert(0x8000706a)
28237: flush()
28238: flush_page(0x80006) returns false/false
28239: insert(0x8000b010)
28240: insert(0x8000c08a)
28241: insert(0x8000500c)
28242: insert(0x80003058)
28243: flush_page(0x80001) returns false/false
28244: insert(0x80005098)
28245: flush_page(0x8000b) returns true/true
28246: insert(0x80003004)
28247: insert(0x80007092)
28248: insert(0x80004016)
28249: insert(0x8000b0b0)
28250: insert(0x80008018)
28251: insert(0x8000b0b8)
28252: flush_page(0x80001) returns false/false
28253: insert(0x8000c06e)
28254: flush_page(0x80009) returns false/false
28255: flush_page(0x8000b) returns true/true
28256: insert(0x80009056)
28257: insert(0x80009018)
28258: insert(0x800000da)
28259: flush_page(0x8000b) returns false/false
28260: insert(0x800090ca)
28261: flush_page(0x8000a) returns false/false
28262: insert(0x8000704c)
28263: insert(0x8000600e)
28264: insert(0x80000094)
28265: flush()
28266: insert(0x800050be)
28267: insert(0x80003034)
28268: insert(0x80008074)
28269: flush()
28270: insert(0x8000a0aa)
28271: insert(0x8000808c)
28272: flush()
28273: insert(0x80003050)
28274: insert(0x800070da)
28275: insert(0x800050ce)
28276: insert(0x800030dc)
28277: insert(0x800010b8)
28278: flush()
28279: insert(0x800000ce)
28280: insert(0x8000607c)
28281: insert(0x80007074)
28282: insert(0x8000904c)
28283: insert(0x8000b036)
28284: flush_page(0x8000c) returns false/false
28285: flush_page(0x80007) returns true/true
28286: insert(0x8000106c)
28287: insert(0x80009050)
28288: insert(0x80006062)
28289: insert(0x80006094)
28290: insert(0x80006094)
28291: insert(0x8000c0b2)
28292: insert(0x8000a08c)
28293: flush_page(0x80005) returns false/false
28294: insert(0x8000007a)
28295: insert(0x80004082)
28296: insert(0x8000c0a0)
28297: flush_page(0x8000a) returns true/true
28298: insert(0x80002012)
28299: flush_page(0x80002) returns true/true
28300: insert(0x80000062)
28301: insert(0x800040ca)
28302: insert(0x80003078)
28303: insert(0x8000b0ee)
28304: insert(0x80001066)
28305: insert(0x8000a0b2)
28306: insert(0x800080b6)
28307: insert(0x800000d0)
28308: flush()
28309: insert(0x800080c6)
28310: insert(0x8000804e)
28311: insert(0x8000807c)
28312: insert(0x8000306c)
28313: flush_page(0x80009) returns false/false
28314: insert(0x8000c0b6)
28315: insert(0x800060c2)
28316: insert(0x8000700a)
28317: insert(0x8000100a)
28318: insert(0x80004046)
28319: insert(0x800090d6)
28320: insert(0x800090ea)
28321: insert(0x800050a8)
28322: flush()
28323: insert(0x80003002)
28324: insert(0x8000109a)
28325: insert(0x8000105a)
28326: flush()
28327: insert(0x80004044)
28328: insert(0x800060f2)
28329: flush_page(0x80001) returns false/false
28330: flush_page(0x80001) returns false/false
28331: flush_page(0x8000a) returns false/false
28332: flush_page(0x80001) returns false/false
28333: insert(0x800050e8)
28334: insert(0x800010ce)
28335: insert(0x800040e4)
28336: insert(0x8000803a)
28337: flush()
28338: insert(0x8000c0de)
28339: insert(0x800050d4)
28340: insert(0x800030de)
28341: insert(0x8000c0ba)
28342: flush()
28343: flush_page(0x8000b) returns false/false
28344: insert(0x8000c0d8)
28345: flush_page(0x80003) returns false/false
28346: insert(0x8000c0da)
28347: insert(0x80006092)
28348: flush_page(0x80004) returns false/false
28349: insert(0x8000001a)
28350: flush_page(0x8000a) returns false/false
28351: flush_page(0x80007) returns false/false
28352: flush_page(0x8000a) returns false/false
28353: insert(0x8000300c)
28354: insert(0x8000805e)
28355: insert(0x80000094)
28356: flush_page(0x80008) returns true/true
28357: insert(0x800090c0)
28358: insert(0x800000b8)
28359: flush_page(0x80007) returns false/false
28360: flush_page(0x80001) returns false/false
28361: insert(0x80006068)
28362: insert(0x800040e0)
28363: insert(0x80008006)
28364: flush_page(0x80009) returns true/false
28365: insert(0x8000000e)
28366: flush_page(0x8000c) returns true/true
28367: insert(0x8000001e)
28368: insert(0x80002008)
28369: insert(0x8000809c)
28370: insert(0x80002042)
28371: insert(0x8000805c)
28372: flush_page(0x80007) returns false/false
28373: flush()
28374: insert(0x8000a066)
28375: insert(0x8000002a)
28376: insert(0x8000603a)
28377: insert(0x8000a074)
28378: insert(0x8000c090)
28379: insert(0x800060a2)
28380: insert(0x800080f0)
28381: insert(0x800060a0)
28382: flush_page(0x80003) returns false/false
28383: flush_page(0x80005) returns false/false
28384: insert(0x800050c8)
28385: insert(0x80004044)
28386: insert(0x8000b096)
28387: insert(0x80009044)
28388: insert(0x8000603c)
28389: flush_page(0x8000c) returns true/true
28390: insert(0x80005000)
28391: flush_page(0x80001) returns false/false
28392: insert(0x8000800e)
28393: insert(0x8000c08c)
28394: flush_page(0x8000a) returns true/true
28395: insert(0x800050ba)
28396: insert(0x8000b0d2)
28397: insert(0x8000b026)
28398: insert(0x8000b012)
28399: flush_page(0x80001) returns false/false
28400: insert(0x800030ac)
28401: flush_page(0x8000a) returns false/false
28402: insert(0x80001000)
28403: flush()
28404: insert(0x80000016)
28405: insert(0x8000602e)
28406: insert(0x80007088)
28407: flush_page(0x80009) returns false/false
28408: insert(0x80007028)
28409: insert(0x8000005a)
28410: insert(0x800060bc)
28411: insert(0x8000104e)
28412: flush()
28413: insert(0x800080c0)
28414: insert(0x8000a088)
28415: insert(0x800030d0)
28416: insert(0x80008020)
28417: insert(0x8000902a)
28418: insert(0x800070e2)
28419: insert(0x8000304e)
28420: insert(0x800050e2)
28421: insert(0x8000c0d0)
28422: flush_page(0x8000c) returns true/true
28423: insert(0x800040e0)
28424: insert(0x800050e8)
28425: insert(0x8000b0e8)
28426: insert(0x800000e4)
28427: insert(0x8000707e)
28428: flush()
28429: insert(0x8000a0e6)
28430: insert(0x8000b04c)
28431: insert(0x8000a0ac)
28432: insert(0x80005064)
28433: insert(0x80007088)
28434: insert(0x80009096)
28435: flush_page(0x80001) returns false/false
28436: flush_page(0x80003) returns false/false
28437: insert(0x8000c01c)
28438: flush_page(0x80004) returns false/false
28439: insert(0x8000c018)
28440: insert(0x800020ea)
28441: insert(0x800090f4)
28442: flush()
28443: insert(0x800010fc)
28444: insert(0x80006012)
28445: insert(0x8000604e)
28446: flush_page(0x8000c) returns false/false
28447: insert(0x8000a05c)
28448: insert(0x8000a01c)
28449: flush_page(0x8000c) returns false/false
28450: insert(0x800050ca)
28451: insert(0x80003072)
28452: flush_page(0x80003) returns true/true
28453: insert(0x80008046)
28454: insert(0x800090f6)
28455: insert(0x8000a0b4)
28456: insert(0x80008056)
28457: insert(0x8000201c)
28458: insert(0x8000906a)
28459: flush_page(0x8000c) returns false/false
28460: insert(0x800020c6)
28461: insert(0x80003010)
28462: flush()
28463: insert(0x8000408e)
28464: insert(0x800030d6)
28465: flush()
28466: insert(0x8000201a)
28467: insert(0x8000b0ec)
28468: flush()
28469: insert(0x8000805a)
28470: insert(0x800030d0)
28471: insert(0x800040cc)
28472: insert(0x8000c00e)
28473: insert(0x800090c8)
28474: insert(0x80001080)
28475: insert(0x800070be)
28476: insert(0x800020ce)
28477: insert(0x80006010)
28478: insert(0x8000706a)
28479: insert(0x800000f0)
28480: flush_page(0x80005) returns false/false
28481: insert(0x8000302c)
28482: flush_page(0x80002) returns true/true
28483: insert(0x80001012)
28484: flush()
28485: insert(0x800030fe)
28486: insert(0x800090ca)
28487: insert(0x8000407a)
28488: insert(0x800090c2)
28489: insert(0x800080d8)
28490: insert(0x8000605e)
28491: insert(0x80005010)
28492: insert(0x80006018)
28493: insert(0x800000b8)
28494: flush_page(0x80005) returns true/true
28495: insert(0x80009096)
28496: flush_page(0x80001) returns false/false
28497: insert(0x8000a098)
28498: insert(0x8000906e)
28499: insert(0x80006064)
28500: insert(0x8000809a)
28501: flush_page(0x80009) returns true/true
28502: insert(0x8000c0a4)
28503: flush_page(0x80003) returns true/false
28504: insert(0x8000a0fa)
28505: insert(0x8000c02c)
28506: insert(0x80000070)
28507: insert(0x800030f8)
28508: flush_page(0x80007) returns false/false
28509: insert(0x800070f8)
28510: insert(0x8000b03c)
28511: insert(0x800040e2)
28512: insert(0x80003072)
28513: flush_page(0x80000) returns true/true
28514: flush_page(0x80005) returns false/false
28515: insert(0x8000b05a)
28516: insert(0x8000109e)
28517: insert(0x800010a6)
28518: insert(0x80000084)
28519: insert(0x8000b0ee)
28520: flush_page(0x80000) returns true/true
28521: insert(0x800060da)
28522: insert(0x8000805a)
28523: flush_page(0x80008) returns true/true
28524: insert(0x8000605c)
28525: insert(0x80000088)
28526: insert(0x80001084)
28527: insert(0x800030f8)
28528: insert(0x80007040)
28529: flush_page(0x8000a) returns true/false
28530: insert(0x8000c072)
28531: flush()
28532: insert(0x80008054)
28533: flush()
28534: insert(0x800010bc)
28535: insert(0x80009030)
28536: insert(0x80003084)
28537: insert(0x8000a04a)
28538: insert(0x8000b0f0)
28539: insert(0x80009002)
28540: flush()
28541: flush_page(0x8000c) returns false/false
28542: flush_page(0x8000c) returns false/false
28543: insert(0x800040ba)
28544: insert(0x800030a0)
28545: insert(0x80008014)
28546: insert(0x80001096)
28547: flush_page(0x8000b) returns false/false
28548: insert(0x8000206c)
28549: insert(0x8000500c)
28550: insert(0x8000c03c)
28551: insert(0x8000c07c)
28552: insert(0x800000b6)
28553: insert(0x800000fa)
28554: insert(0x80009068)
28555: insert(0x8000c0c4)
28556: insert(0x8000106a)
28557: flush_page(0x8000c) returns true/true
28558: insert(0x8000704c)
28559: flush()
28560: flush_page(0x80008) returns false/false
28561: insert(0x800050d6)
28562: insert(0x8000b036)
28563: insert(0x8000a00a)
28564: flush_page(0x8000b) returns true/true
28565: flush()
28566: insert(0x800090a8)
28567: insert(0x8000b098)
28568: flush_page(0x80009) returns true/true
28569: insert(0x80005026)
28570: insert(0x800000a8)
28571: insert(0x8000b0ca)
28572: insert(0x80009066)
28573: flush()
28574: insert(0x8000809a)
28575: flush_page(0x80009) returns false/false
28576: insert(0x80009040)
28577: insert(0x8000a0d2)
28578: insert(0x800030ea)
28579: insert(0x80005062)
28580: insert(0x8000703a)
28581: insert(0x800090d8)
28582: insert(0x80007016)
28583: insert(0x800000b2)
28584: insert(0x8000504c)
28585: insert(0x80006026)
28586: flush()
28587: insert(0x80008088)
28588: flush_page(0x80001) returns false/false
28589: flush_page(0x80005) returns false/false
28590: insert(0x80003016)
28591: insert(0x80004054)
28592: insert(0x8000a0fe)
28593: flush_page(0x80003) returns true/true
28594: insert(0x80000038)
28595: flush_page(0x80005) returns false/false
28596: insert(0x8000c006)
28597: flush_page(0x80008) returns true/true
28598: insert(0x8000707a)
28599: insert(0x8000b0f0)
28600: insert(0x8000505c)
28601: insert(0x8000b09a)
28602: flush()
28603: insert(0x8000607e)
28604: insert(0x8000909c)
28605: insert(0x800090e0)
28606: flush_page(0x80002) returns false/false
28607: insert(0x80006064)
28608: flush_page(0x80008) returns false/false
28609: insert(0x80007028)
28610: insert(0x80002096)
28611: insert(0x800030ae)
28612: flush_page(0x80009) returns true/true
28613: insert(0x80007052)
28614: insert(0x800060b0)
28615: flush_page(0x8000b) returns false/false
28616: insert(0x8000402a)
28617: insert(0x80001066)
28618: flush()
28619: flush_page(0x80006) returns false/false
28620: insert(0x8000805c)
28621: flush_page(0x80000) returns false/false
28622: insert(0x8000c086)
28623: insert(0x8000501c)
28624: insert(0x800000ec)
28625: insert(0x8000c0a8)
28626: insert(0x8000b086)
28627: insert(0x80008084)
28628: insert(0x80008082)
28629: insert(0x800080fc)
28630: flush_page(0x8000a) returns false/false
28631: insert(0x800020a6)
28632: flush_page(0x8000a) returns false/false
28633: insert(0x80004064)
28634: insert(0x8000907c)
28635: insert(0x8000802c)
28636: insert(0x8000c0c8)
28637: insert(0x80002062)
28638: insert(0x800040a8)
28639: flush_page(0x80001) returns false/false
28640: flush_page(0x80003) returns false/false
28641: insert(0x800000ac)
28642: flush_page(0x8000b) returns true/false
28643: insert(0x8000a004)
28644: insert(0x8000005c)
28645: flush_page(0x80007) returns false/false
28646: flush()
28647: insert(0x8000a012)
28648: insert(0x8000a06e)
28649: insert(0x800050ec)
28650: insert(0x80001030)
28651: flush()
28652: flush()
28653: insert(0x8000a0f8)
28654: flush_page(0x80006) returns false/false
28655: flush_page(0x8000c) returns false/false
28656: insert(0x8000202a)
28657: insert(0x800000aa)
28658: flush()
28659: insert(0x8000c000)
28660: insert(0x80007042)
28661: flush_page(0x80001) returns false/false
28662: insert(0x80007052)
28663: insert(0x80008078)
28664: insert(0x800030bc)
28665: insert(0x80008024)
28666: insert(0x8000800e)
28667: insert(0x80009062)
28668: insert(0x8000c076)
28669: insert(0x80003032)
28670: flush_page(0x80009) returns true/true
28671: insert(0x80001074)
28672: insert(0x8000300c)
28673: insert(0x8000706e)
28674: insert(0x800030f8)
28675: insert(0x8000a09e)
28676: insert(0x80000056)
28677: insert(0x8000602a)
28678: insert(0x800000b4)
28679: insert(0x80003058)
28680: insert(0x80006082)
28681: flush_page(0x80000) returns true/true
28682: insert(0x800070d8)
28683: insert(0x80000028)
28684: insert(0x80009082)
28685: insert(0x8000b098)
28686: insert(0x8000009c)
28687: insert(0x8000b0e4)
28688: insert(0x800070aa)
28689: flush_page(0x80000) returns true/true
28690: flush()
28691: insert(0x80005012)
28692: flush_page(0x80006) returns false/false
28693: insert(0x80000028)
28694: flush_page(0x80005) returns true/true
28695: flush()
28696: insert(0x8000b038)
28697: insert(0x8000a05c)
28698: insert(0x80009034)
28699: insert(0x8000b0e0)
28700: flush_page(0x80003) returns false/false
28701: flush_page(0x80007) returns false/false
28702: flush_page(0x80004) returns false/false
28703: flush_page(0x80005) returns false/false
28704: insert(0x8000309c)
28705: insert(0x8000a074)
28706: insert(0x800030c6)
28707: insert(0x80008056)
28708: flush_page(0x80000) returns false/false
28709: insert(0x80007022)
28710: insert(0x8000b0d6)
28711: insert(0x80002040)
28712: insert(0x800010a8)
28713: insert(0x80001038)
28714: insert(0x80005056)
28715: insert(0x800020ec)
28716: insert(0x800020d4)
28717: insert(0x8000c084)
28718: insert(0x80008022)
28719: insert(0x800030a2)
28720: insert(0x80009066)
28721: flush_page(0x80000) returns false/false
28722: insert(0x80000060)
28723: insert(0x800040f2)
28724: insert(0x800060b4)
28725: flush_page(0x80006) returns true/true
28726: insert(0x8000c01a)
28727: insert(0x80006076)
28728: insert(0x800010a4)
28729: insert(0x8000b082)
28730: insert(0x800020f2)
28731: insert(0x80004026)
28732: flush_page(0x8000a) returns true/false
28733: insert(0x800070ce)
28734: insert(0x800090d0)
28735: flush_page(0x80000) returns true/true
28736: insert(0x80005060)
28737: insert(0x8000503a)
28738: flush()
28739: insert(0x800030cc)
28740: insert(0x8000502a)
28741: flush_page(0x80002) returns false/false
28742: insert(0x80009008)
28743: insert(0x800020b4)
28744: flush_page(0x80004) returns false/false
28745: insert(0x80008022)
28746: insert(0x8000c03a)
28747: insert(0x800050ec)
28748: insert(0x8000205a)
28749: insert(0x800000f0)
28750: insert(0x800010f8)
28751: flush_page(0x8000a) returns false/false
28752: insert(0x80007080)
28753: flush_page(0x80007) returns true/true
28754: flush_page(0x80003) returns true/false
28755: insert(0x800020f2)
28756: insert(0x80003082)
28757: insert(0x80007042)
28758: insert(0x800090c8)
28759: insert(0x8000404a)
28760: flush_page(0x80009) returns true/true
28761: flush_page(0x80006) returns false/false
28762: insert(0x80001014)
28763: flush_page(0x80007) returns true/true
28764: insert(0x800070aa)
28765: insert(0x80007092)
28766: insert(0x8000c0ae)
28767: flush_page(0x8000b) returns false/false
28768: insert(0x80009014)
28769: insert(0x80004048)
28770: flush_page(0x80009) returns true/true
28771: insert(0x80002086)
28772: insert(0x800020d0)
28773: insert(0x80009032)
28774: insert(0x8000101e)
28775: insert(0x8000600c)
28776: insert(0x800080fc)
28777: insert(0x800010a0)
28778: insert(0x8000c078)
28779: flush_page(0x8000b) returns false/false
28780: flush()
28781: insert(0x800010c4)
28782: flush_page(0x80009) returns false/false
28783: insert(0x80009030)
28784: insert(0x80005054)
28785: insert(0x80007030)
28786: flush_page(0x8000c) returns false/false
28787: flush()
28788: flush()
28789: insert(0x8000b0f6)
28790: insert(0x800040ba)
28791: insert(0x80009056)
28792: insert(0x80001064)
28793: insert(0x8000500c)
28794: flush_page(0x80007) returns false/false
28795: insert(0x8000100a)
28796: insert(0x800080ee)
28797: flush_page(0x80001) returns true/true
28798: insert(0x800040b4)
28799: flush_page(0x80006) returns false/false
28800: insert(0x8000a0f4)
28801: flush_page(0x8000b) returns true/true
28802: insert(0x800010fe)
28803: flush()
28804: insert(0x800090ac)
28805: flush()
28806: insert(0x8000601c)
28807: insert(0x8000107c)
28808: flush_page(0x8000c) returns false/false
28809: insert(0x800080c6)
28810: insert(0x8000001c)
28811: insert(0x800060f4)
28812: insert(0x8000c0b8)
28813: insert(0x800020e2)
28814: insert(0x8000c088)
28815: insert(0x800040b6)
28816: insert(0x80009088)
28817: insert(0x80002034)
28818: insert(0x80000064)
28819: flush_page(0x80004) returns true/true
28820: insert(0x80003092)
28821: insert(0x800050da)
28822: insert(0x80004038)
28823: insert(0x800060dc)
28824: insert(0x8000907a)
28825: insert(0x8000b012)
28826: insert(0x8000a0de)
28827: insert(0x80002076)
28828: insert(0x800060ce)
28829: flush_page(0x80006) returns true/true
28830: insert(0x800020a4)
28831: insert(0x80008098)
28832: flush_page(0x80001) returns true/false
28833: insert(0x8000504e)
28834: insert(0x8000c0fa)
28835: insert(0x8000405a)
28836: insert(0x8000706e)
28837: insert(0x80006000)
28838: insert(0x800090ae)
28839: insert(0x8000606a)
28840: insert(0x800010a2)
28841: insert(0x800030d8)
28842: insert(0x800000f8)
28843: flush_page(0x80000) returns true/true
28844: insert(0x8000a0d2)
28845: insert(0x80001068)
28846: insert(0x80009086)
28847: insert(0x800080ea)
28848: flush()
28849: insert(0x80002000)
28850: flush_page(0x80009) returns false/false
28851: insert(0x8000c016)
28852: flush_page(0x80001) returns false/false
28853: insert(0x80002054)
28854: insert(0x800010b0)
28855: insert(0x8000c0c8)
28856: insert(0x8000002a)
28857: insert(0x8000204a)
28858: insert(0x8000c05a)
28859: insert(0x80003096)
28860: flush()
28861: insert(0x800030e2)
28862: flush_page(0x80002) returns false/false
28863: insert(0x80002076)
28864: insert(0x80005040)
28865: insert(0x8000c0f2)
28866: insert(0x800090c8)
28867: insert(0x8000405a)
28868: insert(0x80002044)
28869: insert(0x8000601e)
28870: insert(0x80009098)
28871: insert(0x800040e0)
28872: insert(0x80003094)
28873: insert(0x8000405e)
28874: insert(0x80008060)
28875: flush()
28876: insert(0x8000c052)
28877: insert(0x800010fa)
28878: insert(0x8000603c)
28879: insert(0x80005010)
28880: insert(0x800050a4)
28881: insert(0x8000a0e8)
28882: insert(0x8000906e)
28883: flush_page(0x80003) returns false/false
28884: insert(0x8000c0da)
28885: flush()
28886: flush_page(0x8000b) returns false/false
28887: insert(0x8000a016)
28888: insert(0x80003024)
28889: insert(0x8000a0fe)
28890: insert(0x8000604a)
28891: flush_page(0x80004) returns false/false
28892: insert(0x8000a000)
28893: insert(0x8000b000)
28894: insert(0x8000c04e)
28895: insert(0x80007046)
28896: insert(0x80006064)
28897: flush()
28898: flush()
28899: insert(0x800050b2)
28900: insert(0x80009032)
28901: insert(0x8000100a)
28902: insert(0x8000502e)
28903: flush_page(0x8000c) returns false/false
28904: flush_page(0x80008) returns false/false
28905: flush_page(0x8000a) returns false/false
28906: flush_page(0x8000c) returns false/false
28907: flush_page(0x8000a) returns false/false
28908: insert(0x8000b080)
28909: insert(0x800060fe)
28910: insert(0x800040dc)
28911: flush_page(0x80002) returns false/false
28912: insert(0x8000200a)
28913: insert(0x800090cc)
28914: flush_page(0x80008) returns false/false
28915: insert(0x800040c0)
28916: insert(0x80004060)
28917: insert(0x80002054)
28918: flush_page(0x8000c) returns false/false
28919: flush_page(0x80005) returns true/true
28920: insert(0x80000078)
28921: insert(0x80004078)
28922: insert(0x800040f2)
28923: insert(0x8000101c)
28924: flush_page(0x80008) returns false/false
28925: insert(0x8000700e)
28926: insert(0x80006064)
28927: flush_page(0x80007) returns true/true
28928: insert(0x80002058)
28929: insert(0x80009050)
28930: insert(0x80004040)
28931: flush_page(0x80004) returns true/true
28932: flush()
28933: insert(0x80005074)
28934: insert(0x800050ce)
28935: insert(0x800020f8)
28936: flush()
28937: insert(0x8000b028)
28938: insert(0x8000a0be)
28939: insert(0x8000a0fa)
28940: flush_page(0x80001) returns false/false
28941: insert(0x800070e6)
28942: insert(0x80005086)
28943: insert(0x800020f8)
28944: insert(0x800000f6)
28945: insert(0x800020aa)
28946: insert(0x8000b0e6)
28947: insert(0x800050dc)
28948: insert(0x80003076)
28949: flush_page(0x80004) returns false/false
28950: insert(0x8000c078)
28951: insert(0x8000c07a)
28952: flush_page(0x80003) returns true/false
28953: flush_page(0x80007) returns true/false
28954: insert(0x8000c08c)
28955: flush_page(0x8000b) returns true/false
28956: insert(0x8000600e)
28957: insert(0x800040be)
28958: insert(0x80003002)
28959: insert(0x800030e0)
28960: flush_page(0x80005) returns true/true
28961: insert(0x800060a2)
28962: flush_page(0x80003) returns true/true
28963: insert(0x80002004)
28964: insert(0x8000008a)
28965: insert(0x8000b016)
28966: insert(0x80001044)
28967: flush_page(0x80009) returns false/false
28968: flush()
28969: insert(0x8000b0ce)
28970: insert(0x80009020)
28971: insert(0x8000b048)
28972: flush_page(0x80004) returns false/false
28973: insert(0x8000c070)
28974: insert(0x8000603c)
28975: insert(0x800060a8)
28976: flush_page(0x80004) returns false/false
28977: insert(0x80002016)
28978: insert(0x800040be)
28979: flush()
28980: flush_page(0x80009) returns false/false
28981: flush_page(0x80001) returns false/false
28982: flush_page(0x80003) returns false/false
28983: flush()
28984: insert(0x800080a2)
28985: insert(0x80003006)
28986: insert(0x80006010)
28987: insert(0x80006034)
28988: flush_page(0x80003) returns true/true
28989: insert(0x800090ec)
28990: insert(0x8000107e)
28991: insert(0x80001004)
28992: flush_page(0x80003) returns false/false
28993: insert(0x8000301a)
28994: insert(0x80000056)
28995: insert(0x8000c0d0)
28996: insert(0x80003016)
28997: flush_page(0x80001) returns true/true
28998: flush_page(0x80007) returns false/false
28999: insert(0x8000b032)
29000: insert(0x80004028)
29001: insert(0x800000b6)
29002: insert(0x8000204c)
29003: flush_page(0x8000b) returns true/true
29004: insert(0x8000a060)
29005: insert(0x8000b0ec)
29006: insert(0x8000b0da)
29007: insert(0x8000a0f0)
29008: insert(0x80009070)
29009: flush_page(0x80003) returns true/true
29010: insert(0x800020e0)
29011: flush_page(0x80009) returns true/true
29012: insert(0x8000b0b4)
29013: flush_page(0x80001) returns false/false
29014: insert(0x80009026)
29015: flush_page(0x8000b) returns true/true
29016: insert(0x8000b09c)
29017: insert(0x800090e4)
29018: flush_page(0x80003) returns false/false
29019: insert(0x8000c042)
29020: insert(0x8000904a)
29021: insert(0x8000a0f0)
29022: insert(0x800040ba)
29023: flush()
29024: insert(0x8000009e)
29025: flush_page(0x80004) returns false/false
29026: insert(0x8000a05e)
29027: flush_page(0x80007) returns false/false
29028: insert(0x800080ac)
29029: insert(0x8000b0b6)
29030: insert(0x800080fe)
29031: insert(0x800070c2)
29032: flush_page(0x80001) returns false/false
29033: insert(0x800020d4)
29034: flush_page(0x8000a) returns true/true
29035: flush_page(0x80000) returns true/true
29036: flush()
29037: insert(0x80000082)
29038: flush_page(0x80003) returns false/false
29039: insert(0x800010ce)
29040: insert(0x8000a000)
29041: insert(0x8000b008)
29042: insert(0x800060b4)
29043: insert(0x8000801a)
29044: flush_page(0x80001) returns true/true
29045: insert(0x800020d6)
29046: insert(0x8000a076)
29047: flush_page(0x80005) returns false/false
29048: insert(0x8000905a)
29049: flush()
29050: flush_page(0x80007) returns false/false
29051: flush_page(0x80001) returns false/false
29052: insert(0x80009038)
29053: insert(0x800060d0)
29054: insert(0x8000201e)
29055: insert(0x8000800c)
29056: insert(0x80005094)
29057: insert(0x80006078)
29058: insert(0x8000c002)
29059: flush_page(0x8000a) returns false/false
29060: insert(0x80004066)
29061: insert(0x8000204c)
29062: flush_page(0x80007) returns false/false
29063: insert(0x800080e4)
29064: insert(0x800080ae)
29065: insert(0x80009072)
29066: flush_page(0x8000a) returns false/false
29067: flush_page(0x80001) returns false/false
29068: insert(0x8000301a)
29069: flush_page(0x80002) returns true/true
29070: insert(0x80004032)
29071: flush()
29072: insert(0x80005044)
29073: insert(0x8000305e)
29074: flush_page(0x80004) returns false/false
29075: flush_page(0x80001) returns false/false
29076: insert(0x8000a088)
29077: insert(0x8000a06e)
29078: insert(0x80000056)
29079: flush_page(0x80005) returns true/true
29080: insert(0x80003066)
29081: insert(0x8000c046)
29082: insert(0x800020c8)
29083: flush_page(0x8000a) returns true/true
29084: flush_page(0x80005) returns false/false
29085: insert(0x8000a096)
29086: insert(0x8000c090)
29087: insert(0x8000602a)
29088: insert(0x8000b0b8)
29089: insert(0x800070f4)
29090: insert(0x8000c02a)
29091: insert(0x80006070)
29092: insert(0x8000a026)
29093: insert(0x800080cc)
29094: flush_page(0x8000c) returns true/true
29095: insert(0x800090e2)
29096: flush()
29097: insert(0x80009032)
29098: insert(0x800030ec)
29099: insert(0x800010b2)
29100: insert(0x80007088)
29101: insert(0x8000705a)
29102: insert(0x8000706e)
29103: flush_page(0x80004) returns false/false
29104: insert(0x80003018)
29105: insert(0x800040ec)
29106: flush_page(0x80005) returns false/false
29107: insert(0x8000c018)
29108: insert(0x80002032)
29109: insert(0x800000fe)
29110: insert(0x8000b086)
29111: insert(0x800040aa)
29112: flush_page(0x80000) returns true/false
29113: insert(0x80005014)
29114: flush_page(0x8000a) returns false/false
29115: insert(0x800030ea)
29116: insert(0x800040c0)
29117: insert(0x8000b086)
29118: insert(0x80001060)
29119: insert(0x800090f0)
29120: flush_page(0x8000b) returns true/false
29121: insert(0x8000b0d0)
29122: insert(0x800010c4)
29123: insert(0x8000002c)
29124: insert(0x800060f4)
29125: insert(0x800090ac)
29126: insert(0x80002038)
29127: insert(0x800030c4)
29128: flush_page(0x8000c) returns true/false
29129: flush_page(0x80007) returns true/true
29130: insert(0x80009004)
29131: insert(0x80003082)
29132: insert(0x80004094)
29133: insert(0x80000078)
29134: insert(0x8000c084)
29135: insert(0x800040c2)
29136: flush_page(0x80000) returns true/true
29137: insert(0x80000008)
29138: flush_page(0x80005) returns true/false
29139: flush_page(0x80007) returns false/false
29140: flush_page(0x80004) returns true/true
29141: insert(0x8000c0f4)
29142: insert(0x80005004)
29143: flush_page(0x80008) returns false/false
29144: flush_page(0x80009) returns true/true
29145: insert(0x80000054)
29146: insert(0x8000200e)
29147: insert(0x800000e2)
29148: insert(0x800090ee)
29149: flush_page(0x80007) returns false/false
29150: flush()
29151: insert(0x8000906e)
29152: insert(0x80001070)
29153: insert(0x800030ca)
29154: flush_page(0x8000b) returns false/false
29155: insert(0x800030f2)
29156: insert(0x8000104a)
29157: insert(0x80007004)
29158: insert(0x800000ea)
29159: flush_page(0x80002) returns false/false
29160: insert(0x80001080)
29161: insert(0x8000c07a)
29162: insert(0x8000c09e)
29163: insert(0x800030ae)
29164: insert(0x8000a028)
29165: insert(0x800020f4)
29166: insert(0x800040d2)
29167: flush_page(0x80004) returns true/true
29168: insert(0x80002054)
29169: insert(0x800010b6)
29170: insert(0x80009042)
29171: insert(0x8000b0dc)
29172: insert(0x800000e4)
29173: insert(0x80008008)
29174: insert(0x8000b06c)
29175: insert(0x800060fa)
29176: insert(0x8000b0d6)
29177: insert(0x800050fc)
29178: insert(0x800040c8)
29179: flush_page(0x80001) returns true/true
29180: insert(0x800030e8)
29181: flush_page(0x80001) returns false/false
29182: flush_page(0x80009) returns true/false
29183: insert(0x800070b8)
29184: insert(0x80004076)
29185: insert(0x80000052)
29186: insert(0x8000802c)
29187: flush_page(0x80000) returns true/true
29188: insert(0x80006070)
29189: flush_page(0x80006) returns true/true
29190: insert(0x80005038)
29191: insert(0x80000064)
29192: insert(0x8000104e)
29193: insert(0x8000802c)
29194: flush_page(0x80003) returns true/true
29195: flush_page(0x80005) returns true/true
29196: insert(0x8000905c)
29197: insert(0x8000a01c)
29198: flush()
29199: insert(0x8000a0d0)
29200: insert(0x8000b026)
29201: flush()
29202: insert(0x80005098)
29203: insert(0x8000a062)
29204: insert(0x8000404a)
29205: flush_page(0x80009) returns false/false
29206: insert(0x8000b082)
29207: insert(0x8000308c)
29208: insert(0x800030f2)
29209: insert(0x80000024)
29210: flush()
29211: insert(0x8000909e)
29212: flush()
29213: insert(0x8000906a)
29214: insert(0x800070b6)
29215: insert(0x8000a0c2)
29216: insert(0x800000ba)
29217: insert(0x80009014)
29218: flush_page(0x80000) returns true/true
29219: insert(0x80003040)
29220: insert(0x800040c2)
29221: flush()
29222: insert(0x800050fe)
29223: insert(0x8000a06e)
29224: insert(0x800060b6)
29225: insert(0x8000205a)
29226: flush_page(0x80001) returns false/false
29227: insert(0x8000c072)
29228: insert(0x80008048)
29229: flush_page(0x80000) returns false/false
29230: insert(0x80008068)
29231: flush_page(0x80003) returns false/false
29232: flush_page(0x80008) returns true/true
29233: flush()
29234: insert(0x800030a4)
29235: insert(0x8000105a)
29236: flush_page(0x80002) returns false/false
29237: flush_page(0x80004) returns false/false
29238: flush()
29239: flush_page(0x80007) returns false/false
29240: flush_page(0x80006) returns false/false
29241: insert(0x80007016)
29242: flush()
29243: insert(0x80005034)
29244: flush()
29245: flush_page(0x80001) returns false/false
29246: insert(0x8000c02c)
29247: insert(0x80006042)
29248: flush()
29249: insert(0x8000a072)
29250: insert(0x80007050)
29251: flush()
29252: insert(0x80000016)
29253: insert(0x800070a2)
29254: flush_page(0x80002) returns false/false
29255: insert(0x800040ba)
29256: insert(0x80001006)
29257: flush_page(0x80002) returns false/false
29258: insert(0x8000503c)
29259: flush_page(0x80009) returns false/false
29260: flush_page(0x8000a) returns false/false
29261: insert(0x80000018)
29262: insert(0x8000800e)
29263: insert(0x80003056)
29264: flush_page(0x80006) returns false/false
29265: flush_page(0x80001) returns true/true
29266: insert(0x8000a032)
29267: flush_page(0x80000) returns true/true
29268: flush_page(0x80003) returns true/true
29269: insert(0x80005044)
29270: flush_page(0x80003) returns false/false
29271: insert(0x80006036)
29272: insert(0x800020b8)
29273: insert(0x80008046)
29274: insert(0x800000fe)
29275: insert(0x80005088)
29276: insert(0x8000103c)
29277: flush_page(0x80000) returns true/true
29278: insert(0x8000c06a)
29279: insert(0x8000409a)
29280: insert(0x800010f4)
29281: insert(0x8000b014)
29282: insert(0x80004022)
29283: insert(0x8000404e)
29284: insert(0x80006002)
29285: flush_page(0x8000b) returns true/true
29286: flush_page(0x8000a) returns true/false
29287: insert(0x800000e4)
29288: flush_page(0x80003) returns false/false
29289: insert(0x8000a010)
29290: insert(0x80006098)
29291: insert(0x80005066)
29292: flush_page(0x80004) returns true/true
29293: insert(0x800040be)
29294: insert(0x8000c09a)
29295: flush_page(0x80008) returns true/false
29296: flush_page(0x80002) returns true/false
29297: insert(0x800070f6)
29298: insert(0x8000c0f6)
29299: insert(0x800050bc)
29300: flush_page(0x80001) returns true/true
29301: insert(0x80000038)
29302: insert(0x80006076)
29303: insert(0x800050dc)
29304: insert(0x80001022)
29305: insert(0x8000205c)
29306: insert(0x800040ca)
29307: flush_page(0x80007) returns true/false
29308: flush_page(0x8000a) returns true/true
29309: flush()
29310: insert(0x8000605c)
29311: insert(0x800030b6)
29312: insert(0x80006030)
29313: insert(0x80001066)
29314: flush()
29315: insert(0x800010de)
29316: insert(0x8000c036)
29317: insert(0x800070e4)
29318: insert(0x8000606e)
29319: flush_page(0x80002) returns false/false
29320: flush()
29321: insert(0x8000602a)
29322: insert(0x8000403c)
29323: insert(0x800070a4)
29324: insert(0x800020e2)
29325: insert(0x80002040)
29326: insert(0x800080c6)
29327: insert(0x80001004)
29328: insert(0x800020be)
29329: insert(0x80003060)
29330: flush()
29331: insert(0x8000b08e)
29332: insert(0x8000602a)
29333: insert(0x8000a0c6)
29334: flush_page(0x80006) returns true/true
29335: insert(0x8000500c)
29336: insert(0x800040d2)
29337: insert(0x8000403a)
29338: flush_page(0x8000c) returns false/false
29339: flush_page(0x8000b) returns true/true
29340: insert(0x80008024)
29341: insert(0x800030f0)
29342: flush_page(0x8000c) returns false/false
29343: insert(0x800010f8)
29344: flush_page(0x80005) returns true/true
29345: insert(0x80000018)
29346: insert(0x8000807c)
29347: insert(0x800060a4)
29348: insert(0x800030cc)
29349: flush_page(0x80003) returns true/true
29350: insert(0x80007032)
29351: insert(0x8000700e)
29352: flush_page(0x80008) returns true/true
29353: insert(0x8000a0ee)
29354: insert(0x8000b034)
29355: flush_page(0x80002) returns false/false
29356: flush_page(0x8000c) returns false/false
29357: insert(0x8000b0ba)
29358: insert(0x800070a0)
29359: insert(0x8000b0ee)
29360: flush_page(0x80005) returns false/false
29361: insert(0x80003004)
29362: insert(0x80008068)
29363: insert(0x800030ea)
29364: insert(0x8000005e)
29365: insert(0x80004062)
29366: insert(0x8000a028)
29367: insert(0x80001094)
29368: insert(0x800080a0)
29369: insert(0x800010fa)
29370: flush()
29371: insert(0x8000a00a)
29372: insert(0x8000207e)
29373: flush_page(0x80001) returns false/false
29374: flush()
29375: flush_page(0x80004) returns false/false
29376: insert(0x80008046)
29377: insert(0x800060aa)
29378: insert(0x8000b0e0)
29379: insert(0x80003036)
29380: insert(0x800080a4)
29381: insert(0x80001006)
29382: flush_page(0x80008) returns true/true
29383: insert(0x80006042)
29384: insert(0x8000a052)
29385: insert(0x800040d4)
29386: insert(0x8000504c)
29387: insert(0x800020b0)
29388: insert(0x80009014)
29389: insert(0x8000700c)
29390: flush_page(0x80008) returns false/false
29391: flush_page(0x8000b) returns true/false
29392: insert(0x800050fc)
29393: flush_page(0x80008) returns false/false
29394: flush()
29395: flush()
29396: insert(0x8000a072)
29397: flush_page(0x80002) returns false/false
29398: flush_page(0x8000a) returns true/true
29399: insert(0x8000b092)
29400: insert(0x80005078)
29401: insert(0x800060f6)
29402: flush_page(0x80003) returns false/false
29403: insert(0x800020d0)
29404: insert(0x8000406c)
29405: insert(0x80008018)
29406: insert(0x800080d0)
29407: insert(0x800040f0)
29408: insert(0x8000b0a8)
29409: insert(0x800010ea)
29410: flush_page(0x80007) returns false/false
29411: flush_page(0x80001) returns true/true
29412: insert(0x800090b2)
29413: insert(0x800040ac)
29414: flush_page(0x80003) returns false/false
29415: insert(0x80000082)
29416: flush_page(0x80002) returns true/true
29417: insert(0x800070dc)
29418: insert(0x8000b0c4)
29419: flush()
29420: insert(0x8000c030)
29421: insert(0x80003014)
29422: insert(0x800090ea)
29423: flush()
29424: insert(0x80002094)
29425: flush_page(0x80009) returns false/false
29426: insert(0x80007092)
29427: flush()
29428: flush()
29429: insert(0x8000507e)
29430: insert(0x800080c8)
29431: flush_page(0x8000a) returns false/false
29432: flush_page(0x8000b) returns false/false
29433: flush_page(0x80003) returns false/false
29434: insert(0x80005070)
29435: flush_page(0x80007) returns false/false
29436: insert(0x8000a042)
29437: flush_page(0x80000) returns false/false
29438: flush()
29439: flush_page(0x80001) returns false/false
29440: insert(0x8000a05c)
29441: flush()
29442: flush_page(0x80008) returns false/false
29443: insert(0x800070de)
29444: insert(0x8000c04e)
29445: insert(0x800080fe)
29446: insert(0x800090e4)
29447: insert(0x800010c2)
29448: insert(0x800090cc)
29449: insert(0x80008084)
29450: insert(0x800010fc)
29451: insert(0x80008074)
29452: insert(0x8000807c)
29453: insert(0x80005006)
29454: insert(0x800010b2)
29455: flush_page(0x8000a) returns false/false
29456: insert(0x80005092)
29457: flush_page(0x80000) returns false/false
29458: insert(0x8000b04c)
29459: flush_page(0x80004) returns false/false
29460: insert(0x8000607c)
29461: insert(0x8000a01e)
29462: insert(0x80002048)
29463: flush_page(0x80004) returns false/false
29464: insert(0x8000907c)
29465: insert(0x8000b068)
29466: insert(0x80008002)
29467: flush_page(0x80007) returns true/false
29468: insert(0x8000a0d2)
29469: flush()
29470: insert(0x80002038)
29471: flush()
29472: flush_page(0x80007) returns false/false
29473: flush_page(0x80001) returns false/false
29474: insert(0x80002092)
29475: insert(0x8000604e)
29476: insert(0x8000a092)
29477: insert(0x800060a2)
29478: insert(0x80004044)
29479: flush_page(0x80000) returns false/false
29480: insert(0x80004062)
29481: insert(0x800050d6)
29482: insert(0x80004034)
29483: flush_page(0x80003) returns false/false
29484: insert(0x800090f0)
29485: flush_page(0x80004) returns true/true
29486: flush_page(0x80009) returns true/true
29487: insert(0x800070f4)
29488: insert(0x800030ee)
29489: flush_page(0x8000c) returns false/false
29490: insert(0x8000a0f8)
29491: flush_page(0x8000c) returns false/false
29492: flush_page(0x80003) returns true/true
29493: flush_page(0x80001) returns false/false
29494: flush_page(0x80001) returns false/false
29495: insert(0x80001050)
29496: flush()
29497: insert(0x8000b0f2)
29498: flush_page(0x80008) returns false/false
29499: insert(0x800030f6)
29500: insert(0x80003032)
29501: flush_page(0x80007) returns false/false
29502: insert(0x80005012)
29503: insert(0x80006078)
29504: insert(0x800020e4)
29505: insert(0x8000a066)
29506: insert(0x80005002)
29507: insert(0x8000b08a)
29508: insert(0x8000b0a8)
29509: insert(0x8000c04c)
29510: insert(0x8000a092)
29511: insert(0x80000092)
29512: flush_page(0x80003) returns true/false
29513: flush_page(0x8000b) returns true/true
29514: insert(0x80000034)
29515: insert(0x80005090)
29516: flush_page(0x80006) returns true/true
29517: flush_page(0x80003) returns false/false
29518: insert(0x800030f2)
29519: insert(0x8000201a)
29520: insert(0x800070a2)
29521: insert(0x80001010)
29522: insert(0x80000010)
29523: insert(0x8000600e)
29524: insert(0x80003006)
29525: flush_page(0x80003) returns true/true
29526: insert(0x800090e8)
29527: insert(0x8000a032)
29528: flush_page(0x8000a) returns true/true
29529: flush()
29530: insert(0x80009062)
29531: insert(0x800050e4)
29532: flush_page(0x80007) returns false/false
29533: insert(0x80005046)
29534: insert(0x80006046)
29535: insert(0x80003050)
29536: flush_page(0x80005) returns true/true
29537: insert(0x800050ce)
29538: insert(0x80002070)
29539: insert(0x8000b030)
29540: insert(0x8000701c)
29541: insert(0x8000108a)
29542: flush_page(0x80008) returns false/false
29543: flush_page(0x8000a) returns false/false
29544: flush_page(0x80006) returns true/true
29545: insert(0x8000206e)
29546: insert(0x8000a00a)
29547: flush_page(0x80001) returns true/true
29548: flush_page(0x80002) returns true/true
29549: insert(0x8000b0f4)
29550: insert(0x8000a076)
29551: insert(0x8000101e)
29552: flush_page(0x80006) returns false/false
29553: insert(0x800060f8)
29554: insert(0x80002088)
29555: insert(0x8000806a)
29556: insert(0x80000046)
29557: insert(0x800010ba)
29558: insert(0x800010be)
29559: insert(0x8000b078)
29560: insert(0x800090fe)
29561: insert(0x8000502e)
29562: insert(0x80005076)
29563: insert(0x8000c06a)
29564: insert(0x8000703a)
29565: flush_page(0x80007) returns true/true
29566: insert(0x80009044)
29567: flush_page(0x80004) returns false/false
29568: insert(0x800010fc)
29569: insert(0x800050ae)
29570: insert(0x80001024)
29571: flush()
29572: insert(0x8000c038)
29573: insert(0x80000080)
29574: insert(0x800030ba)
29575: flush_page(0x80002) returns false/false
29576: insert(0x8000a0e4)
29577: insert(0x80008098)
29578: flush_page(0x80003) returns true/true
29579: flush_page(0x80001) returns false/false
29580: flush_page(0x8000a) returns true/true
29581: insert(0x8000705a)
29582: insert(0x8000c04a)
29583: insert(0x800030b4)
29584: insert(0x8000a092)
29585: insert(0x800030c6)
29586: insert(0x80005004)
29587: insert(0x800020f2)
29588: flush_page(0x8000c) returns true/true
29589: insert(0x80005016)
29590: insert(0x80002006)
29591: flush_page(0x8000b) returns false/false
29592: insert(0x800050ce)
29593: insert(0x800010dc)
29594: insert(0x800080f2)
29595: insert(0x800030cc)
29596: flush_page(0x8000a) returns true/false
29597: insert(0x8000c0d8)
29598: insert(0x8000402e)
29599: flush_page(0x80004) returns true/true
29600: insert(0x800030d2)
29601: insert(0x8000b090)
29602: insert(0x80001072)
29603: insert(0x8000307a)
29604: insert(0x8000804e)
29605: flush_page(0x80002) returns true/false
29606: insert(0x8000209c)
29607: flush_page(0x80000) returns true/false
29608: insert(0x800060ae)
29609: insert(0x80003046)
29610: insert(0x8000c0e6)
29611: flush_page(0x80009) returns false/false
29612: insert(0x80009052)
29613: flush_page(0x80008) returns true/true
29614: insert(0x8000a06e)
29615: flush_page(0x80001) returns true/true
29616: insert(0x8000a090)
29617: insert(0x80006062)
29618: insert(0x80001016)
29619: insert(0x8000c096)
29620: insert(0x8000a0e2)
29621: insert(0x80005044)
29622: insert(0x80009036)
29623: insert(0x8000a006)
29624: insert(0x80006086)
29625: flush_page(0x80001) returns true/true
29626: insert(0x8000c07a)
29627: flush()
29628: insert(0x8000b08c)
29629: flush_page(0x8000c) returns false/false
29630: flush()
29631: insert(0x8000a09c)
29632: flush()
29633: insert(0x800010e4)
29634: flush_page(0x80003) returns false/false
29635: insert(0x8000200c)
29636: insert(0x80003014)
29637: insert(0x800040b2)
29638: insert(0x80004062)
29639: insert(0x800060e2)
29640: insert(0x800070b2)
29641: flush_page(0x80007) returns true/true
29642: insert(0x8000c09e)
29643: flush_page(0x8000c) returns true/true
29644: insert(0x8000b042)
29645: insert(0x800060de)
29646: insert(0x800000c6)
29647: insert(0x8000000c)
29648: insert(0x80008092)
29649: insert(0x80002026)
29650: flush_page(0x80004) returns true/true
29651: flush()
29652: flush_page(0x8000c) returns false/false
29653: insert(0x80009004)
29654: insert(0x80003038)
29655: insert(0x80002036)
29656: flush_page(0x80003) returns true/true
29657: insert(0x8000c0fa)
29658: flush()
29659: flush()
29660: insert(0x8000b0d2)
29661: insert(0x800000fc)
29662: insert(0x800000c0)
29663: insert(0x8000309c)
29664: insert(0x800030b0)
29665: insert(0x8000908a)
29666: flush_page(0x80002) returns false/false
29667: insert(0x80001030)
29668: insert(0x800080f2)
29669: insert(0x80001018)
29670: flush_page(0x80000) returns true/true
29671: flush_page(0x8000c) returns false/false
29672: flush()
29673: insert(0x8000609c)
29674: insert(0x800000fe)
29675: insert(0x8000a028)
29676: insert(0x800060d8)
29677: flush()
29678: insert(0x80000018)
29679: flush_page(0x80004) returns false/false
29680: flush()
29681: insert(0x8000005c)
29682: insert(0x800030e8)
29683: insert(0x80000052)
29684: insert(0x8000806e)
29685: flush_page(0x80009) returns false/false
29686: flush_page(0x80006) returns false/false
29687: insert(0x80004068)
29688: flush_page(0x80002) returns false/false
29689: flush()
29690: flush_page(0x80003) returns false/false
29691: insert(0x8000207a)
29692: insert(0x80004016)
29693: flush_page(0x8000c) returns false/false
29694: insert(0x800090ec)
29695: flush_page(0x80003) returns false/false
29696: insert(0x8000b07a)
29697: insert(0x8000b056)
29698: insert(0x8000603e)
29699: insert(0x8000600c)
29700: insert(0x8000c05c)
29701: insert(0x8000000c)
29702: flush()
29703: flush_page(0x80002) returns false/false
29704: insert(0x80003064)
29705: insert(0x80003014)
29706: flush_page(0x80003) returns true/true
29707: insert(0x8000c008)
29708: insert(0x800090aa)
29709: flush_page(0x80001) returns false/false
29710: flush_page(0x80003) returns false/false
29711: insert(0x8000a0fa)
29712: insert(0x80005016)
29713: insert(0x800020c8)
29714: insert(0x8000a01a)
29715: insert(0x80007004)
29716: insert(0x8000c050)
29717: insert(0x80003082)
29718: insert(0x80007060)
29719: insert(0x80000058)
29720: insert(0x8000300c)
29721: insert(0x80000004)
29722: insert(0x800070fa)
29723: insert(0x80006024)
29724: insert(0x800020ba)
29725: flush_page(0x80002) returns true/true
29726: flush_page(0x80008) returns false/false
29727: insert(0x800090fe)
29728: insert(0x8000703e)
29729: insert(0x8000409c)
29730: insert(0x8000a054)
29731: insert(0x800030ee)
29732: insert(0x80002022)
29733: insert(0x8000402a)
29734: flush_page(0x80001) returns false/false
29735: insert(0x80001098)
29736: flush_page(0x80009) returns true/false
29737: insert(0x800090ba)
29738: insert(0x8000c0ac)
29739: flush_page(0x80003) returns true/false
29740: insert(0x8000908e)
29741: flush()
29742: flush_page(0x80007) returns false/false
29743: insert(0x800070aa)
29744: flush_page(0x80007) returns true/true
29745: insert(0x80004022)
29746: insert(0x8000802a)
29747: insert(0x80001056)
29748: insert(0x8000807e)
29749: insert(0x8000206c)
29750: insert(0x800070ba)
29751: flush_page(0x80003) returns false/false
29752: flush_page(0x80007) returns true/true
29753: insert(0x8000905e)
29754: flush_page(0x8000b) returns false/false
29755: insert(0x8000b0ca)
29756: insert(0x80000004)
29757: flush_page(0x80004) returns true/true
29758: insert(0x800000ea)
29759: insert(0x800090aa)
29760: insert(0x800000d6)
29761: insert(0x800020a0)
29762: insert(0x80006082)
29763: insert(0x80008066)
29764: flush_page(0x80007) returns false/false
29765: insert(0x8000903e)
29766: insert(0x80007032)
29767: insert(0x8000107c)
29768: flush_page(0x80003) returns false/false
29769: flush_page(0x8000c) returns false/false
29770: insert(0x800010dc)
29771: insert(0x8000609c)
29772: flush_page(0x80006) returns true/true
29773: insert(0x8000802a)
29774: flush_page(0x80002) returns true/true
29775: flush_page(0x80009) returns true/true
29776: insert(0x8000a058)
29777: insert(0x8000b0a6)
29778: insert(0x80004036)
29779: flush()
29780: insert(0x80004070)
29781: flush_page(0x80008) returns false/false
29782: insert(0x8000b036)
29783: flush_page(0x80000) returns false/false
29784: insert(0x800070ae)
29785: flush()
29786: insert(0x8000b052)
29787: insert(0x800040b4)
29788: insert(0x8000b0fe)
29789: flush()
29790: flush_page(0x80002) returns false/false
29791: insert(0x800020c8)
29792: flush_page(0x80005) returns false/false
29793: insert(0x80002030)
29794: insert(0x800060aa)
29795: flush_page(0x80001) returns false/false
29796: insert(0x800070c8)
29797: insert(0x8000c00c)
29798: flush_page(0x8000a) returns false/false
29799: insert(0x8000203e)
29800: insert(0x800070aa)
29801: insert(0x8000c086)
29802: flush_page(0x80003) returns false/false
29803: insert(0x80000088)
29804: flush_page(0x80006) returns true/true
29805: flush_page(0x80009) returns false/false
29806: insert(0x800040d0)
29807: flush_page(0x80008) returns false/false
29808: insert(0x800080f2)
29809: insert(0x80007090)
29810: insert(0x80003074)
29811: insert(0x80002090)
29812: flush_page(0x80005) returns false/false
29813: insert(0x8000207c)
29814: flush_page(0x80000) returns true/false
29815: insert(0x8000704c)
29816: insert(0x800060ac)
29817: flush_page(0x8000b) returns false/false
29818: insert(0x800050f4)
29819: insert(0x8000a0be)
29820: insert(0x80009042)
29821: insert(0x8000a0cc)
29822: insert(0x80004032)
29823: insert(0x80007036)
29824: insert(0x800040aa)
29825: insert(0x8000901a)
29826: insert(0x8000502e)
29827: insert(0x8000408a)
29828: insert(0x8000400a)
29829: flush_page(0x80009) returns true/false
29830: insert(0x800050da)
29831: insert(0x80007010)
29832: insert(0x8000a068)
29833: insert(0x800070e8)
29834: insert(0x8000a0ae)
29835: flush_page(0x8000b) returns false/false
29836: insert(0x80002062)
29837: insert(0x8000a048)
29838: flush()
29839: insert(0x80001020)
29840: flush()
29841: insert(0x800040a2)
29842: insert(0x80002074)
29843: flush_page(0x8000b) returns false/false
29844: insert(0x80009004)
29845: insert(0x8000100a)
29846: insert(0x800050c8)
29847: insert(0x8000c07a)
29848: insert(0x800010e6)
29849: insert(0x8000509e)
29850: insert(0x80000094)
29851: insert(0x8000a0fe)
29852: insert(0x800080d4)
29853: flush_page(0x80000) returns true/true
29854: insert(0x800000b4)
29855: insert(0x8000c082)
29856: insert(0x80005090)
29857: insert(0x8000b0b6)
29858: insert(0x80006012)
29859: insert(0x800090f6)
29860: flush()
29861: insert(0x80009032)
29862: flush()
29863: insert(0x800010da)
29864: insert(0x80006096)
29865: insert(0x800070f6)
29866: insert(0x8000109a)
29867: insert(0x80003022)
29868: insert(0x80003028)
29869: insert(0x8000b0c0)
29870: insert(0x8000a0a8)
29871: insert(0x800050ba)
29872: insert(0x8000a06a)
29873: flush_page(0x8000b) returns true/true
29874: flush_page(0x80001) returns true/true
29875: insert(0x800060a8)
29876: insert(0x80005010)
29877: insert(0x800030e4)
29878: insert(0x8000b0da)
29879: flush_page(0x80003) returns true/true
29880: insert(0x80007030)
29881: flush_page(0x8000a) returns true/true
29882: insert(0x80006040)
29883: flush_page(0x80007) returns true/true
29884: insert(0x8000b0f6)
29885: insert(0x8000b098)
29886: insert(0x8000707a)
29887: insert(0x800020d2)
29888: insert(0x800060ce)
29889: insert(0x80009064)
29890: insert(0x80000042)
29891: insert(0x8000b0c2)
29892: insert(0x8000507e)
29893: insert(0x800050bc)
29894: flush_page(0x80003) returns false/false
29895: insert(0x800050aa)
29896: insert(0x8000509c)
29897: insert(0x80005020)
29898: flush_page(0x80009) returns true/true
29899: insert(0x800020de)
29900: insert(0x80005010)
29901: flush_page(0x80000) returns true/true
29902: insert(0x80007084)
29903: insert(0x8000b0b4)
29904: insert(0x800080e8)
29905: insert(0x8000c000)
29906: insert(0x800040bc)
29907: insert(0x8000b05e)
29908: flush_page(0x80007) returns true/true
29909: flush_page(0x80008) returns true/true
29910: insert(0x800080f0)
29911: flush_page(0x80006) returns true/true
29912: insert(0x8000a0a8)
29913: flush_page(0x80003) returns false/false
29914: insert(0x80009024)
29915: insert(0x8000a068)
29916: insert(0x8000a0f8)
29917: flush_page(0x80002) returns true/false
29918: insert(0x8000605c)
29919: flush()
29920: insert(0x800080aa)
29921: insert(0x8000201c)
29922: insert(0x800070be)
29923: insert(0x800010f4)
29924: insert(0x8000801c)
29925: flush_page(0x80006) returns false/false
29926: insert(0x8000408c)
29927: insert(0x80002008)
29928: flush_page(0x8000c) returns false/false
29929: insert(0x80000094)
29930: insert(0x80008086)
29931: insert(0x8000301a)
29932: insert(0x800050e4)
29933: insert(0x8000304a)
29934: insert(0x800090ca)
29935: insert(0x80006020)
29936: flush_page(0x80008) returns true/true
29937: insert(0x80005014)
29938: insert(0x80005090)
29939: insert(0x8000a082)
29940: flush_page(0x80009) returns true/true
29941: insert(0x800050ac)
29942: insert(0x80001078)
29943: flush_page(0x8000c) returns false/false
29944: insert(0x8000b044)
29945: insert(0x80001072)
29946: flush_page(0x80007) returns true/false
29947: flush_page(0x80002) returns true/true
29948: insert(0x8000600c)
29949: insert(0x8000c06e)
29950: insert(0x80006066)
29951: insert(0x80002052)
29952: insert(0x800000c4)
29953: flush_page(0x80009) returns false/false
29954: insert(0x800070cc)
29955: insert(0x800080b4)
29956: insert(0x8000a07a)
29957: flush_page(0x80002) returns true/true
29958: flush()
29959: insert(0x80006066)
29960: insert(0x8000307a)
29961: insert(0x8000504c)
29962: insert(0x800010de)
29963: flush_page(0x80007) returns false/false
29964: insert(0x80008078)
29965: insert(0x800070a6)
29966: flush_page(0x80002) returns false/false
29967: flush_page(0x8000a) returns false/false
29968: insert(0x8000900a)
29969: flush_page(0x80008) returns true/true
29970: insert(0x8000c0a0)
29971: flush_page(0x80005) returns true/true
29972: insert(0x8000108c)
29973: flush_page(0x8000b) returns false/false
29974: flush()
29975: insert(0x800090ec)
29976: flush_page(0x8000a) returns false/false
29977: flush()
29978: flush_page(0x80007) returns false/false
29979: flush_page(0x80003) returns false/false
29980: flush_page(0x80003) returns false/false
29981: flush_page(0x80002) returns false/false
29982: flush_page(0x80009) returns false/false
29983: insert(0x800020b8)
29984: insert(0x8000001c)
29985: insert(0x8000205e)
29986: flush_page(0x80002) returns true/true
29987: flush_page(0x80007) returns false/false
29988: insert(0x8000c022)
29989: insert(0x800010aa)
29990: insert(0x800050e4)
29991: insert(0x80009082)
29992: insert(0x8000408e)
29993: insert(0x8000b002)
29994: insert(0x80006062)
29995: flush_page(0x80003) returns false/false
29996: insert(0x80001084)
29997: insert(0x8000206e)
29998: insert(0x8000307e)
29999: flush_page(0x8000b) returns true/true
30000: flush_page(0x80001) returns true/true
30001: insert(0x8000409e)
30002: flush_page(0x80008) returns false/false
30003: flush_page(0x80009) returns true/false
30004: insert(0x800040c8)
30005: insert(0x8000904a)
30006: insert(0x800040fe)
30007: flush_page(0x80003) returns true/true
30008: insert(0x8000a0a4)
30009: flush_page(0x80000) returns true/false
30010: insert(0x8000b0d2)
30011: insert(0x80004080)
30012: flush_page(0x80005) returns true/true
30013: insert(0x80007066)
30014: flush()
30015: insert(0x80000056)
30016: insert(0x8000b034)
30017: flush_page(0x80004) returns false/false
30018: flush()
30019: insert(0x8000b0da)
30020: insert(0x8000b0ec)
30021: insert(0x800060c0)
30022: insert(0x8000c00c)
30023: insert(0x800040c0)
30024: flush_page(0x80009) returns false/false
30025: flush_page(0x80007) returns false/false
30026: flush_page(0x8000a) returns false/false
30027: insert(0x8000508e)
30028: flush_page(0x80004) returns true/true
30029: flush_page(0x80008) returns false/false
30030: insert(0x800070da)
30031: flush_page(0x80000) returns false/false
30032: insert(0x8000409c)
30033: flush_page(0x80001) returns false/false
30034: flush_page(0x80007) returns true/true
30035: insert(0x8000c0a8)
30036: insert(0x800020b6)
30037: flush_page(0x80009) returns false/false
30038: insert(0x80001096)
30039: insert(0x80003034)
30040: insert(0x800020e4)
30041: flush_page(0x8000a) returns false/false
30042: insert(0x8000809a)
30043: insert(0x800050d8)
30044: insert(0x8000b07e)
30045: insert(0x8000809e)
30046: insert(0x80009030)
30047: insert(0x80005094)
30048: insert(0x8000a014)
30049: flush()
30050: insert(0x800090b4)
30051: insert(0x8000a062)
30052: insert(0x80003052)
30053: flush_page(0x80003) returns true/true
30054: insert(0x800020e2)
30055: insert(0x8000b0a2)
30056: insert(0x8000406e)
30057: insert(0x80009076)
30058: insert(0x8000b086)
30059: insert(0x80000056)
30060: insert(0x80008040)
30061: insert(0x8000a0bc)
30062: insert(0x80001056)
30063: insert(0x8000c0ae)
30064: insert(0x800000e0)
30065: flush_page(0x80008) returns true/false
30066: insert(0x8000b048)
30067: insert(0x8000a016)
30068: insert(0x80000084)
30069: insert(0x80006022)
30070: flush_page(0x80003) returns false/false
30071: insert(0x800040b4)
30072: insert(0x8000a06a)
30073: flush()
30074: flush()
30075: insert(0x8000a0fc)
30076: insert(0x800000ae)
30077: insert(0x8000809c)
30078: insert(0x800080fe)
30079: insert(0x800070ca)
30080: flush_page(0x8000a) returns true/true
30081: insert(0x8000c0ec)
30082: insert(0x8000a09e)
30083: insert(0x80002006)
30084: insert(0x800090ca)
30085: insert(0x8000a0ea)
30086: insert(0x800060fc)
30087: insert(0x80005014)
30088: insert(0x8000308c)
30089: flush_page(0x80005) returns true/true
30090: flush()
30091: flush_page(0x80001) returns false/false
30092: insert(0x8000503e)
30093: insert(0x8000301a)
30094: insert(0x800070a4)
30095: flush_page(0x80003) returns true/true
30096: insert(0x80006034)
30097: insert(0x8000b07e)
30098: insert(0x800000d8)
30099: insert(0x80001028)
30100: insert(0x800030c4)
30101: flush_page(0x8000c) returns false/false
30102: insert(0x8000206a)
30103: flush_page(0x80008) returns false/false
30104: insert(0x8000202e)
30105: flush_page(0x80007) returns true/false
30106: insert(0x800000a6)
30107: flush_page(0x8000b) returns true/true
30108: flush_page(0x80003) returns true/true
30109: insert(0x80004020)
30110: insert(0x800000c2)
30111: insert(0x80005022)
30112: insert(0x800070a0)
30113: insert(0x8000805a)
30114: insert(0x800080de)
30115: flush()
30116: insert(0x80006018)
30117: flush_page(0x80007) returns false/false
30118: flush()
30119: flush_page(0x80009) returns false/false
30120: insert(0x8000b0ca)
30121: insert(0x8000a036)
30122: insert(0x80004068)
30123: insert(0x8000205a)
30124: insert(0x800080f2)
30125: insert(0x8000201c)
30126: insert(0x800030a2)
30127: insert(0x8000b0e8)
30128: insert(0x8000a0bc)
30129: flush_page(0x80008) returns true/true
30130: insert(0x80005026)
30131: insert(0x8000b02c)
30132: insert(0x800030bc)
30133: flush_page(0x80002) returns true/true
30134: insert(0x800070b6)
30135: insert(0x8000c0ea)
30136: flush_page(0x80002) returns false/false
30137: flush_page(0x80000) returns false/false
30138: flush_page(0x80003) returns true/true
30139: insert(0x80005042)
30140: insert(0x80009044)
30141: insert(0x800060a6)
30142: insert(0x800080d4)
30143: flush_page(0x80003) returns false/false
30144: flush()
30145: insert(0x8000a094)
30146: insert(0x800060b2)
30147: flush()
30148: flush_page(0x80004) returns false/false
30149: insert(0x800030a8)
30150: flush_page(0x80000) returns false/false
30151: flush_page(0x80006) returns false/false
30152: flush_page(0x80006) returns false/false
30153: insert(0x800010bc)
30154: insert(0x80004082)
30155: flush_page(0x80002) returns false/false
30156: insert(0x800090ec)
30157: insert(0x8000607a)
30158: flush_page(0x80002) returns false/false
30159: insert(0x80007042)
30160: insert(0x80008036)
30161: insert(0x80005072)
30162: insert(0x80002024)
30163: insert(0x800050b2)
30164: insert(0x800050c2)
30165: insert(0x800050ac)
30166: insert(0x80001084)
30167: flush_page(0x80000) returns false/false
30168: flush_page(0x80001) returns true/true
30169: flush_page(0x80006) returns true/true
30170: insert(0x80006050)
30171: insert(0x800080d2)
30172: insert(0x80008038)
30173: flush_page(0x80005) returns true/true
30174: insert(0x8000506c)
30175: insert(0x8000603a)
30176: insert(0x80007038)
30177: insert(0x8000809c)
30178: insert(0x8000a00c)
30179: insert(0x800030d6)
30180: insert(0x800070b8)
30181: insert(0x80000022)
30182: flush()
30183: insert(0x80005068)
30184: flush_page(0x80001) returns false/false
30185: flush()
30186: insert(0x80006012)
30187: flush_page(0x8000c) returns false/false
30188: flush_page(0x80000) returns false/false
30189: flush_page(0x80006) returns true/true
30190: insert(0x800040f2)
30191: insert(0x80009074)
30192: insert(0x80004006)
30193: insert(0x8000408c)
30194: insert(0x80001054)
30195: insert(0x800080ba)
30196: insert(0x80004088)
30197: insert(0x800020a6)
30198: insert(0x800030d8)
30199: insert(0x800070b0)
30200: flush()
30201: insert(0x8000c004)
30202: insert(0x8000008c)
30203: insert(0x8000604e)
30204: insert(0x8000c04a)
30205: insert(0x80002016)
30206: insert(0x8000809a)
30207: insert(0x80007064)
30208: insert(0x800070ac)
30209: insert(0x800000ae)
30210: insert(0x800060ce)
30211: insert(0x80006086)
30212: insert(0x8000b002)
30213: flush_page(0x80007) returns true/false
30214: flush()
30215: insert(0x8000a078)
30216: insert(0x800020f8)
30217: insert(0x80003012)
30218: insert(0x8000b0ee)
30219: insert(0x800030f4)
30220: insert(0x8000b0f4)
30221: flush_page(0x80005) returns false/false
30222: flush_page(0x80000) returns false/false
30223: insert(0x800090a8)
30224: flush_page(0x80008) returns false/false
30225: insert(0x80009086)
30226: flush_page(0x80001) returns false/false
30227: insert(0x800090d4)
30228: insert(0x80002072)
30229: insert(0x80009046)
30230: insert(0x8000505a)
30231: insert(0x8000b0ae)
30232: insert(0x800090fe)
30233: insert(0x8000808e)
30234: insert(0x8000505c)
30235: flush_page(0x80003) returns true/false
30236: insert(0x800090f6)
30237: insert(0x8000a020)
30238: flush()
30239: insert(0x80008048)
30240: insert(0x8000403e)
30241: flush_page(0x8000a) returns false/false
30242: insert(0x800090ec)
30243: flush_page(0x80000) returns false/false
30244: insert(0x800000be)
30245: insert(0x8000a05a)
30246: insert(0x8000203c)
30247: insert(0x8000c068)
30248: flush_page(0x80004) returns true/true
30249: insert(0x80009028)
30250: flush_page(0x80005) returns false/false
30251: flush()
30252: insert(0x800030ae)
30253: flush()
30254: insert(0x8000509e)
30255: insert(0x80002096)
30256: flush()
30257: insert(0x800040e0)
30258: insert(0x80004054)
30259: insert(0x8000c03e)
30260: insert(0x8000b0ec)
30261: flush()
30262: insert(0x800040be)
30263: insert(0x800070be)
30264: insert(0x80008080)
30265: flush_page(0x8000a) returns false/false
30266: insert(0x8000c052)
30267: flush_page(0x80005) returns false/false
30268: flush_page(0x80009) returns false/false
30269: flush_page(0x80005) returns false/false
30270: insert(0x800030dc)
30271: insert(0x8000107e)
30272: flush()
30273: insert(0x800070f6)
30274: flush_page(0x80007) returns true/true
30275: flush()
30276: insert(0x80005018)
30277: insert(0x8000209a)
30278: insert(0x8000702e)
30279: insert(0x80005024)
30280: flush_page(0x80003) returns false/false
30281: flush_page(0x80006) returns false/false
30282: insert(0x80004052)
30283: insert(0x8000903c)
30284: insert(0x800090aa)
30285: insert(0x8000208a)
30286: flush_page(0x80002) returns true/true
30287: insert(0x8000306e)
30288: flush_page(0x80004) returns true/true
30289: flush()
30290: flush_page(0x8000b) returns false/false
30291: flush_page(0x8000a) returns false/false
30292: insert(0x8000a0be)
30293: insert(0x80007030)
30294: flush()
30295: insert(0x80000056)
30296: insert(0x8000c058)
30297: flush_page(0x80001) returns false/false
30298: insert(0x8000308c)
30299: insert(0x8000b0b0)
30300: insert(0x800080b6)
30301: insert(0x8000b0de)
30302: flush_page(0x8000a) returns false/false
30303: flush_page(0x80003) returns true/true
30304: insert(0x8000b072)
30305: insert(0x8000204a)
30306: insert(0x800030f2)
30307: insert(0x800060f8)
30308: flush_page(0x8000c) returns true/true
30309: insert(0x80009070)
30310: insert(0x8000b08c)
30311: insert(0x800070c4)
30312: insert(0x8000105a)
30313: flush_page(0x80000) returns true/true
30314: insert(0x80001000)
30315: insert(0x80007054)
30316: insert(0x80001000)
30317: insert(0x8000a0c6)
30318: insert(0x8000903e)
30319: flush()
30320: insert(0x800060da)
30321: insert(0x8000a0f0)
30322: flush_page(0x80004) returns false/false
30323: insert(0x8000606a)
30324: insert(0x8000805e)
30325: flush_page(0x8000a) returns true/true
30326: flush_page(0x80005) returns false/false
30327: flush()
30328: insert(0x8000a0f6)
30329: insert(0x80003060)
30330: flush_page(0x80001) returns false/false
30331: insert(0x80004090)
30332: insert(0x800010ea)
30333: insert(0x8000905e)
30334: insert(0x80002002)
30335: insert(0x800090f2)
30336: insert(0x8000a0f6)
30337: insert(0x800070ec)
30338: insert(0x8000402c)
30339: insert(0x800020ba)
30340: flush()
30341: insert(0x80007008)
30342: insert(0x800070ce)
30343: insert(0x800050fc)
30344: flush_page(0x8000a) returns false/false
30345: insert(0x8000504e)
30346: flush_page(0x8000a) returns false/false
30347: flush_page(0x80005) returns true/true
30348: insert(0x800000c0)
30349: insert(0x80007058)
30350: flush_page(0x80000) returns true/true
30351: insert(0x80000052)
30352: insert(0x800050b6)
30353: insert(0x8000606c)
30354: insert(0x8000908e)
30355: insert(0x80007074)
30356: flush_page(0x80009) returns true/true
30357: insert(0x80009028)
30358: flush_page(0x8000c) returns false/false
30359: flush_page(0x80007) returns true/true
30360: insert(0x80009030)
30361: flush_page(0x8000c) returns false/false
30362: insert(0x8000601a)
30363: flush_page(0x8000a) returns false/false
30364: insert(0x8000a0a2)
30365: insert(0x800070a8)
30366: flush_page(0x80008) returns false/false
30367: insert(0x8000a0be)
30368: insert(0x80005082)
30369: flush()
30370: flush_page(0x8000b) returns false/false
30371: insert(0x8000006c)
30372: insert(0x800010ba)
30373: flush_page(0x80004) returns false/false
30374: insert(0x8000c0da)
30375: insert(0x80006078)
30376: flush_page(0x80005) returns false/false
30377: insert(0x800050c0)
30378: insert(0x800080e6)
30379: insert(0x8000108e)
30380: flush_page(0x80005) returns true/true
30381: insert(0x80000058)
30382: insert(0x8000702c)
30383: insert(0x80008014)
30384: flush_page(0x80008) returns true/true
30385: flush()
30386: insert(0x8000c05e)
30387: insert(0x8000c0ac)
30388: insert(0x8000903e)
30389: insert(0x800070dc)
30390: insert(0x800000f2)
30391: insert(0x800070da)
30392: insert(0x8000b0d0)
30393: insert(0x80008054)
30394: flush_page(0x80008) returns true/true
30395: insert(0x80007024)
30396: insert(0x8000007e)
30397: insert(0x800050c8)
30398: insert(0x800070e0)
30399: insert(0x800060c4)
30400: insert(0x8000606a)
30401: insert(0x80007054)
30402: flush_page(0x80006) returns true/true
30403: insert(0x80009096)
30404: insert(0x8000c0b6)
30405: flush()
30406: insert(0x8000106e)
30407: insert(0x80004040)
30408: insert(0x800000aa)
30409: insert(0x8000108c)
30410: insert(0x80007062)
30411: insert(0x80009090)
30412: flush_page(0x8000c) returns false/false
30413: insert(0x8000a01c)
30414: insert(0x80006068)
30415: insert(0x8000b0fa)
30416: insert(0x8000603a)
30417: insert(0x800050ae)
30418: insert(0x8000c098)
30419: flush_page(0x80008) returns false/false
30420: insert(0x800070c8)
30421: flush_page(0x8000b) returns true/true
30422: insert(0x80005068)
30423: flush_page(0x80008) returns false/false
30424: flush_page(0x80004) returns true/false
30425: flush_page(0x80005) returns true/true
30426: insert(0x8000203c)
30427: insert(0x8000a04e)
30428: insert(0x8000306c)
30429: insert(0x8000c0f4)
30430: insert(0x8000703c)
30431: insert(0x8000904e)
30432: insert(0x8000407e)
30433: flush()
30434: flush_page(0x80001) returns false/false
30435: insert(0x800050fa)
30436: insert(0x800090d6)
30437: insert(0x80007070)
30438: flush_page(0x80004) returns false/false
30439: insert(0x80000024)
30440: flush_page(0x8000c) returns false/false
30441: flush_page(0x80008) returns false/false
30442: flush_page(0x80006) returns false/false
30443: insert(0x8000c0b0)
30444: insert(0x800030a0)
30445: insert(0x8000107e)
30446: flush_page(0x80004) returns false/false
30447: insert(0x8000a0e6)
30448: flush_page(0x80009) returns true/true
30449: flush_page(0x8000a) returns true/true
30450: insert(0x8000c080)
30451: flush_page(0x8000b) returns false/false
30452: insert(0x8000b05e)
30453: insert(0x8000c0e0)
30454: flush_page(0x80009) returns false/false
30455: insert(0x8000701e)
30456: insert(0x800000ac)
30457: insert(0x80008070)
30458: insert(0x80003038)
30459: insert(0x80000040)
30460: insert(0x8000407c)
30461: flush_page(0x80006) returns false/false
30462: flush_page(0x8000b) returns true/false
30463: insert(0x80004048)
30464: insert(0x80009024)
30465: flush_page(0x80007) returns true/false
30466: insert(0x80008036)
30467: insert(0x800040b6)
30468: insert(0x800060d2)
30469: insert(0x800060c0)
30470: insert(0x8000801e)
30471: flush_page(0x80004) returns true/true
30472: insert(0x80000042)
30473: insert(0x800080d2)
30474: insert(0x8000509e)
30475: insert(0x8000503c)
30476: flush_page(0x8000a) returns false/false
30477: insert(0x80003028)
30478: flush_page(0x80009) returns true/false
30479: insert(0x80009088)
30480: insert(0x80007036)
30481: insert(0x800080ea)
30482: insert(0x800090c4)
30483: flush_page(0x80008) returns true/true
30484: insert(0x800080ca)
30485: flush_page(0x80009) returns true/true
30486: insert(0x8000a0e8)
30487: flush_page(0x8000b) returns false/false
30488: insert(0x8000607a)
30489: insert(0x8000405e)
30490: insert(0x8000a0a2)
30491: flush_page(0x8000c) returns true/false
30492: insert(0x800000ba)
30493: insert(0x80007074)
30494: insert(0x80002016)
30495: insert(0x8000301e)
30496: insert(0x8000b062)
30497: insert(0x8000b04e)
30498: flush_page(0x80004) returns true/true
30499: insert(0x8000a068)
30500: insert(0x800020a0)
30501: insert(0x800030f2)
30502: insert(0x80008014)
30503: flush_page(0x80006) returns true/false
30504: insert(0x8000601c)
30505: insert(0x8000c026)
30506: flush_page(0x80001) returns true/false
30507: flush()
30508: flush_page(0x8000c) returns false/false
30509: insert(0x8000b0ce)
30510: flush_page(0x80006) returns false/false
30511: insert(0x8000303e)
30512: insert(0x8000207e)
30513: insert(0x800000c2)
30514: insert(0x800080a0)
30515: insert(0x8000a0b8)
30516: insert(0x8000207e)
30517: flush_page(0x80009) returns false/false
30518: flush_page(0x80003) returns true/true
30519: insert(0x80005012)
30520: flush()
30521: insert(0x80002014)
30522: insert(0x800050fe)
30523: flush_page(0x8000c) returns false/false
30524: insert(0x8000a0fe)
30525: insert(0x80008044)
30526: insert(0x800030e6)
30527: insert(0x800000a2)
30528: insert(0x800090fc)
30529: insert(0x8000b0e0)
30530: insert(0x8000800e)
30531: insert(0x80004056)
30532: flush()
30533: insert(0x80000012)
30534: insert(0x80002026)
30535: insert(0x800010ea)
30536: insert(0x80008012)
30537: insert(0x8000609a)
30538: flush_page(0x80004) returns false/false
30539: insert(0x80005000)
30540: flush_page(0x80007) returns false/false
30541: flush_page(0x8000a) returns false/false
30542: insert(0x8000809c)
30543: insert(0x80003002)
30544: insert(0x80004030)
30545: insert(0x800010d0)
30546: insert(0x8000a024)
30547: insert(0x800070e6)
30548: flush_page(0x80001) returns true/false
30549: flush_page(0x8000c) returns false/false
30550: insert(0x8000a0dc)
30551: insert(0x80004072)
30552: insert(0x80003074)
30553: insert(0x8000603a)
30554: insert(0x800090f6)
30555: insert(0x80003018)
30556: flush_page(0x80001) returns false/false
30557: insert(0x80006098)
30558: insert(0x800050c2)
30559: flush_page(0x80004) returns true/true
30560: insert(0x80001088)
30561: insert(0x800030f0)
30562: flush_page(0x80005) returns true/true
30563: insert(0x8000a092)
30564: insert(0x800060b0)
30565: insert(0x80001086)
30566: insert(0x8000a028)
30567: flush_page(0x8000a) returns true/true
30568: insert(0x80006048)
30569: insert(0x800000be)
30570: insert(0x800080c2)
30571: insert(0x800060ea)
30572: insert(0x80002070)
30573: insert(0x800080bc)
30574: insert(0x80001038)
30575: insert(0x8000a04a)
30576: flush_page(0x8000b) returns false/false
30577: insert(0x8000c034)
30578: insert(0x8000c054)
30579: insert(0x80008078)
30580: insert(0x800020ce)
30581: insert(0x8000000e)
30582: insert(0x800090ae)
30583: insert(0x80009036)
30584: insert(0x8000b08e)
30585: flush_page(0x80005) returns false/false
30586: insert(0x80002010)
30587: flush_page(0x8000b) returns true/true
30588: insert(0x800070dc)
30589: insert(0x80009052)
30590: insert(0x8000001a)
30591: insert(0x80001048)
30592: flush_page(0x80009) returns true/true
30593: insert(0x8000b060)
30594: flush()
30595: insert(0x80002014)
30596: insert(0x80007000)
30597: insert(0x800020ca)
30598: flush()
30599: flush()
30600: insert(0x800020dc)
30601: insert(0x8000203a)
30602: insert(0x800040cc)
30603: insert(0x800010ee)
30604: insert(0x800090bc)
30605: insert(0x80003014)
30606: insert(0x8000804a)
30607: insert(0x8000b0ea)
30608: insert(0x800020fc)
30609: flush_page(0x80008) returns true/true
30610: flush_page(0x8000a) returns false/false
30611: insert(0x800010b0)
30612: flush()
30613: insert(0x80002030)
30614: insert(0x8000702c)
30615: insert(0x800030d2)
30616: insert(0x800050fc)
30617: insert(0x800070a2)
30618: insert(0x8000a05e)
30619: flush()
30620: flush()
30621: insert(0x8000200e)
30622: insert(0x8000609a)
30623: insert(0x8000500a)
30624: insert(0x8000c038)
30625: insert(0x80004004)
30626: insert(0x8000508a)
30627: flush_page(0x80000) returns false/false
30628: flush()
30629: insert(0x8000203a)
30630: insert(0x80007092)
30631: insert(0x8000a00a)
30632: insert(0x80001076)
30633: insert(0x8000c0d0)
30634: insert(0x80005030)
30635: insert(0x8000a04a)
30636: flush_page(0x8000b) returns false/false
30637: insert(0x80001012)
30638: insert(0x8000c098)
30639: insert(0x800020f6)
30640: insert(0x800020f0)
30641: insert(0x80001092)
30642: insert(0x8000101c)
30643: insert(0x80003032)
30644: flush_page(0x8000a) returns true/true
30645: insert(0x80008034)
30646: insert(0x80003034)
30647: flush()
30648: flush()
30649: insert(0x8000a066)
30650: flush_page(0x80000) returns false/false
30651: flush_page(0x80001) returns false/false
30652: insert(0x8000902e)
30653: insert(0x80002064)
30654: insert(0x8000401a)
30655: insert(0x80007080)
30656: insert(0x8000303e)
30657: insert(0x8000a010)
30658: insert(0x8000b0ac)
30659: insert(0x8000405a)
30660: insert(0x8000a07c)
30661: insert(0x800040cc)
30662: insert(0x8000504e)
30663: flush_page(0x80007) returns true/true
30664: insert(0x800020dc)
30665: insert(0x8000205a)
30666: flush_page(0x80000) returns false/false
30667: insert(0x80008086)
30668: flush_page(0x80006) returns false/false
30669: flush_page(0x80003) returns true/false
30670: flush_page(0x80002) returns true/true
30671: insert(0x800010aa)
30672: insert(0x8000002c)
30673: insert(0x80003060)
30674: flush_page(0x80005) returns true/true
30675: insert(0x8000002a)
30676: insert(0x80008016)
30677: insert(0x8000606e)
30678: insert(0x80006094)
30679: flush_page(0x80000) returns true/true
30680: flush()
30681: flush_page(0x80008) returns false/false
30682: flush()
30683: flush_page(0x80005) returns false/false
30684: insert(0x8000c0ea)
30685: insert(0x80004038)
30686: insert(0x8000a096)
30687: insert(0x800040d0)
30688: insert(0x8000601e)
30689: insert(0x800030b2)
30690: flush()
30691: insert(0x80005000)
30692: insert(0x80002002)
30693: insert(0x800020e4)
30694: insert(0x80004086)
30695: flush()
30696: insert(0x8000708a)
30697: flush()
30698: insert(0x80006092)
30699: flush_page(0x80008) returns false/false
30700: insert(0x80006054)
30701: insert(0x80007080)
30702: flush_page(0x80005) returns false/false
30703: insert(0x80002052)
30704: insert(0x8000a03a)
30705: insert(0x80008036)
30706: flush_page(0x80003) returns false/false
30707: insert(0x80008070)
30708: flush_page(0x80003) returns false/false
30709: flush_page(0x80004) returns false/false
30710: insert(0x8000c086)
30711: insert(0x800020b8)
30712: flush_page(0x80002) returns true/true
30713: insert(0x80001058)
30714: flush_page(0x80007) returns true/true
30715: insert(0x800050a2)
30716: insert(0x800030c8)
30717: insert(0x800060f0)
30718: insert(0x8000a020)
30719: insert(0x8000a0dc)
30720: insert(0x8000609e)
30721: flush_page(0x8000a) returns true/true
30722: insert(0x80002078)
30723: insert(0x800090f6)
30724: flush_page(0x80009) returns true/true
30725: insert(0x80009006)
30726: insert(0x8000a076)
30727: insert(0x8000a0d4)
30728: insert(0x80002042)
30729: insert(0x80004074)
30730: insert(0x8000c0f6)
30731: insert(0x8000602c)
30732: flush_page(0x8000b) returns false/false
30733: insert(0x8000800e)
30734: insert(0x8000305c)
30735: insert(0x80008024)
30736: insert(0x800000a0)
30737: flush_page(0x8000c) returns true/false
30738: insert(0x8000a018)
30739: flush_page(0x80006) returns true/true
30740: flush_page(0x80009) returns true/false
30741: insert(0x800010c2)
30742: flush_page(0x80001) returns true/true
30743: insert(0x800010f8)
30744: insert(0x80001038)
30745: insert(0x8000a050)
30746: insert(0x80009062)
30747: insert(0x80003068)
30748: insert(0x80005064)
30749: insert(0x800030c0)
30750: insert(0x800050d4)
30751: insert(0x8000902c)
30752: insert(0x800040cc)
30753: insert(0x80004028)
30754: insert(0x8000b08e)
30755: insert(0x800040f8)
30756: insert(0x800090f8)
30757: insert(0x8000c0aa)
30758: flush_page(0x80005) returns true/false
30759: flush_page(0x8000b) returns true/true
30760: insert(0x8000b0a0)
30761: insert(0x80005076)
30762: flush_page(0x8000b) returns true/false
30763: insert(0x800020f8)
30764: insert(0x800050aa)
30765: flush_page(0x80007) returns false/false
30766: flush_page(0x8000c) returns true/false
30767: flush_page(0x80000) returns true/false
30768: insert(0x8000c0f6)
30769: flush_page(0x80005) returns true/true
30770: flush_page(0x80003) returns true/true
30771: flush_page(0x80003) returns false/false
30772: insert(0x80007094)
30773: insert(0x8000b0b6)
30774: flush_page(0x80006) returns false/false
30775: insert(0x80005050)
30776: insert(0x8000903a)
30777: insert(0x80000052)
30778: insert(0x800090d8)
30779: insert(0x8000707c)
30780: insert(0x8000a0c2)
30781: flush_page(0x8000a) returns true/true
30782: insert(0x800080cc)
30783: insert(0x800000c6)
30784: insert(0x8000400e)
30785: flush_page(0x80007) returns true/true
30786: flush_page(0x80000) returns true/true
30787: flush()
30788: insert(0x800020f4)
30789: flush_page(0x80008) returns false/false
30790: insert(0x80004002)
30791: insert(0x800090d8)
30792: insert(0x800090b4)
30793: insert(0x8000705a)
30794: insert(0x800050e0)
30795: flush_page(0x8000c) returns false/false
30796: insert(0x80003000)
30797: flush()
30798: insert(0x8000c034)
30799: insert(0x80006022)
30800: insert(0x800070f8)
30801: insert(0x8000b0c6)
30802: flush_page(0x80007) returns true/true
30803: insert(0x80003076)
30804: insert(0x80005022)
30805: flush()
30806: flush_page(0x80007) returns false/false
30807: insert(0x80006058)
30808: flush_page(0x80000) returns false/false
30809: insert(0x80006012)
30810: insert(0x8000702a)
30811: insert(0x8000b072)
30812: insert(0x80001026)
30813: insert(0x80001006)
30814: insert(0x80009012)
30815: insert(0x8000401e)
30816: flush_page(0x80009) returns true/true
30817: flush_page(0x80009) returns false/false
30818: flush_page(0x80003) returns false/false
30819: insert(0x8000800e)
30820: flush_page(0x80004) returns true/true
30821: insert(0x8000207e)
30822: insert(0x80008018)
30823: insert(0x8000501e)
30824: insert(0x8000408e)
30825: insert(0x800090cc)
30826: flush_page(0x8000c) returns false/false
30827: insert(0x800060fe)
30828: insert(0x80008016)
30829: insert(0x80001096)
30830: insert(0x80008074)
30831: insert(0x8000806c)
30832: insert(0x8000509c)
30833: insert(0x80008006)
30834: insert(0x80007024)
30835: insert(0x800020a8)
30836: insert(0x8000a088)
30837: insert(0x80008018)
30838: insert(0x80008038)
30839: insert(0x8000b08a)
30840: insert(0x800060f4)
30841: flush_page(0x8000b) returns true/true
30842: insert(0x8000b00e)
30843: insert(0x800080fc)
30844: insert(0x800000ec)
30845: insert(0x80002040)
30846: insert(0x8000409c)
30847: insert(0x800050f4)
30848: insert(0x800080a8)
30849: insert(0x80000010)
30850: flush_page(0x80004) returns true/true
30851: flush_page(0x80007) returns true/true
30852: insert(0x80005032)
30853: insert(0x8000c01c)
30854: flush_page(0x80009) returns true/false
30855: flush_page(0x80009) returns false/false
30856: flush()
30857: insert(0x800060b0)
30858: flush_page(0x80005) returns false/false
30859: insert(0x800090c0)
30860: flush()
30861: insert(0x800090d4)
30862: flush()
30863: insert(0x8000c0e4)
30864: flush_page(0x80006) returns false/false
30865: insert(0x80005032)
30866: insert(0x800050dc)
30867: insert(0x80007054)
30868: insert(0x8000300c)
30869: insert(0x8000509e)
30870: insert(0x8000b078)
30871: insert(0x800020aa)
30872: insert(0x8000b020)
30873: flush()
30874: flush_page(0x80006) returns false/false
30875: insert(0x80002080)
30876: insert(0x8000a054)
30877: flush()
30878: insert(0x80007036)
30879: insert(0x80000036)
30880: insert(0x80005048)
30881: flush()
30882: flush_page(0x80007) returns false/false
30883: flush_page(0x80000) returns false/false
30884: insert(0x8000c014)
30885: insert(0x8000b09e)
30886: flush()
30887: insert(0x8000808e)
30888: insert(0x8000b058)
30889: flush_page(0x80009) returns false/false
30890: flush()
30891: insert(0x80008092)
30892: insert(0x800040e0)
30893: insert(0x80001066)
30894: insert(0x800020b8)
30895: insert(0x800060c6)
30896: insert(0x80005028)
30897: insert(0x800050a0)
30898: insert(0x8000200a)
30899: insert(0x8000b04c)
30900: insert(0x8000208c)
30901: insert(0x8000904a)
30902: insert(0x800040a0)
30903: insert(0x80008024)
30904: insert(0x80009072)
30905: insert(0x80001022)
30906: insert(0x800030f2)
30907: flush_page(0x8000c) returns false/false
30908: insert(0x8000805a)
30909: insert(0x8000805e)
30910: flush()
30911: insert(0x800030ec)
30912: insert(0x800000b2)
30913: flush_page(0x8000a) returns false/false
30914: flush()
30915: insert(0x8000a04a)
30916: flush()
30917: insert(0x8000a094)
30918: insert(0x8000808a)
30919: flush_page(0x80002) returns false/false
30920: insert(0x800020b2)
30921: insert(0x8000c070)
30922: insert(0x80007006)
30923: insert(0x80007084)
30924: flush_page(0x80006) returns false/false
30925: insert(0x800080dc)
30926: flush()
30927: insert(0x8000b09a)
30928: insert(0x800020c8)
30929: insert(0x800010b4)
30930: insert(0x80000012)
30931: flush_page(0x8000a) returns false/false
30932: flush_page(0x80008) returns false/false
30933: insert(0x80009012)
30934: insert(0x8000607c)
30935: insert(0x8000a07a)
30936: insert(0x80005070)
30937: flush_page(0x80004) returns false/false
30938: insert(0x80000018)
30939: insert(0x8000507c)
30940: insert(0x8000308a)
30941: flush_page(0x80000) returns true/true
30942: insert(0x800060c0)
30943: insert(0x80004012)
30944: insert(0x8000903c)
30945: insert(0x800060b6)
30946: flush_page(0x80005) returns true/true
30947: insert(0x8000b00e)
30948: insert(0x80008046)
30949: flush_page(0x80008) returns true/true
30950: insert(0x8000506a)
30951: insert(0x8000507c)
30952: insert(0x800080c2)
30953: insert(0x8000003c)
30954: insert(0x80001076)
30955: flush()
30956: insert(0x8000106c)
30957: insert(0x80002094)
30958: flush_page(0x80009) returns false/false
30959: insert(0x80007010)
30960: insert(0x8000109e)
30961: flush_page(0x80004) returns false/false
30962: insert(0x800050c2)
30963: insert(0x800080c2)
30964: insert(0x800040e2)
30965: flush_page(0x80000) returns false/false
30966: insert(0x800030dc)
30967: insert(0x8000409e)
30968: flush_page(0x8000c) returns false/false
30969: insert(0x8000c0dc)
30970: insert(0x8000707c)
30971: insert(0x80006020)
30972: insert(0x8000a0d8)
30973: insert(0x8000c0ac)
30974: insert(0x80009022)
30975: insert(0x80001086)
30976: insert(0x80003010)
30977: insert(0x80006024)
30978: insert(0x80000086)
30979: insert(0x8000107a)
30980: flush()
30981: insert(0x8000207e)
30982: insert(0x8000301e)
30983: insert(0x800010e8)
30984: insert(0x8000b05a)
30985: insert(0x8000b066)
30986: insert(0x8000a07a)
30987: flush_page(0x8000c) returns false/false
30988: insert(0x800020ae)
30989: flush_page(0x80000) returns false/false
30990: flush()
30991: insert(0x800040e4)
30992: insert(0x800040e6)
30993: insert(0x800060be)
30994: insert(0x8000c090)
30995: insert(0x8000c0b8)
30996: insert(0x8000605c)
30997: insert(0x8000406e)
30998: insert(0x80003014)
30999: insert(0x8000a058)
31000: insert(0x80009008)
31001: flush()
31002: insert(0x800040ca)
31003: flush_page(0x80001) returns false/false
31004: insert(0x8000606c)
31005: flush_page(0x8000c) returns false/false
31006: insert(0x8000505a)
31007: flush_page(0x80006) returns true/true
31008: insert(0x80006040)
31009: flush_page(0x80006) returns true/true
31010: insert(0x8000a07a)
31011: insert(0x8000106a)
31012: flush_page(0x80000) returns false/false
31013: insert(0x8000003a)
31014: insert(0x800090be)
31015: flush_page(0x80000) returns true/true
31016: flush()
31017: flush_page(0x80007) returns false/false
31018: insert(0x80001000)
31019: insert(0x80000090)
31020: insert(0x8000c0bc)
31021: insert(0x8000a09c)
31022: insert(0x8000a03c)
31023: insert(0x800030ce)
31024: insert(0x8000108a)
31025: insert(0x80005068)
31026: insert(0x800020c8)
31027: insert(0x8000a02e)
31028: insert(0x800070c0)
31029: insert(0x800090ca)
31030: flush_page(0x8000b) returns false/false
31031: insert(0x800090b4)
31032: flush_page(0x8000b) returns false/false
31033: insert(0x8000906a)
31034: flush_page(0x80000) returns true/false
31035: flush_page(0x8000b) returns false/false
31036: insert(0x80000078)
31037: flush_page(0x80001) returns true/true
31038: flush_page(0x80009) returns true/true
31039: insert(0x8000c06a)
31040: insert(0x800070d6)
31041: flush_page(0x80006) returns false/false
31042: insert(0x800060a8)
31043: flush_page(0x80004) returns false/false
31044: insert(0x8000001e)
31045: flush_page(0x80000) returns true/true
31046: flush_page(0x80000) returns false/false
31047: insert(0x8000b036)
31048: insert(0x8000904e)
31049: insert(0x8000c0b6)
31050: insert(0x80000042)
31051: insert(0x8000109e)
31052: insert(0x80005002)
31053: insert(0x800010e0)
31054: insert(0x80008048)
31055: insert(0x80008054)
31056: insert(0x80006038)
31057: flush()
31058: insert(0x800000c0)
31059: insert(0x8000b0a0)
31060: insert(0x800040ca)
31061: insert(0x8000005a)
31062: insert(0x8000206a)
31063: flush_page(0x80002) returns true/true
31064: insert(0x800040e8)
31065: insert(0x8000509e)
31066: insert(0x800020f6)
31067: insert(0x8000b09e)
31068: insert(0x80007012)
31069: insert(0x8000c0d6)
31070: insert(0x8000c04a)
31071: insert(0x800040e8)
31072: insert(0x800020ea)
31073: flush()
31074: insert(0x8000c040)
31075: insert(0x8000b0d4)
31076: insert(0x8000c09e)
31077: insert(0x8000b030)
31078: flush_page(0x8000c) returns true/true
31079: insert(0x8000b080)
31080: flush_page(0x80003) returns false/false
31081: insert(0x8000901a)
31082: insert(0x80004078)
31083: flush_page(0x80003) returns false/false
31084: flush_page(0x8000c) returns false/false
31085: insert(0x800080d4)
31086: insert(0x800070a6)
31087: insert(0x800050ba)
31088: flush_page(0x80008) returns true/true
31089: insert(0x8000a060)
31090: insert(0x8000c008)
31091: flush()
31092: flush_page(0x80004) returns false/false
31093: flush_page(0x80008) returns false/false
31094: flush_page(0x80000) returns false/false
31095: insert(0x800010e8)
31096: insert(0x80002062)
31097: insert(0x80005080)
31098: insert(0x8000507c)
31099: insert(0x80004034)
31100: flush_page(0x8000b) returns false/false
31101: flush_page(0x80007) returns false/false
31102: insert(0x80001066)
31103: insert(0x8000c092)
31104: insert(0x800050b8)
31105: flush_page(0x80003) returns false/false
31106: flush_page(0x80002) returns true/true
31107: flush_page(0x80001) returns true/true
31108: insert(0x8000b0c0)
31109: flush_page(0x80008) returns false/false
31110: insert(0x8000b0aa)
31111: flush_page(0x80009) returns false/false
31112: insert(0x80002008)
31113: insert(0x80004058)
31114: insert(0x8000b098)
31115: flush_page(0x80006) returns false/false
31116: insert(0x800040de)
31117: insert(0x800020a8)
31118: flush()
31119: insert(0x800050e8)
31120: flush_page(0x80007) returns false/false
31121: insert(0x800030a6)
31122: insert(0x800030ac)
31123: insert(0x80008060)
31124: insert(0x800080e2)
31125: insert(0x800010a4)
31126: insert(0x800030fa)
31127: insert(0x8000607e)
31128: insert(0x800040ac)
31129: insert(0x800060f8)
31130: flush()
31131: insert(0x800080c8)
31132: insert(0x8000609e)
31133: flush_page(0x8000c) returns false/false
31134: insert(0x80002000)
31135: insert(0x800010f4)
31136: insert(0x800050b2)
31137: flush_page(0x80001) returns true/true
31138: insert(0x8000c094)
31139: insert(0x80003082)
31140: insert(0x80009026)
31141: insert(0x80008066)
31142: insert(0x80008028)
31143: flush_page(0x80006) returns true/true
31144: insert(0x8000a064)
31145: insert(0x800000e6)
31146: flush_page(0x80003) returns true/true
31147: insert(0x800050f0)
31148: insert(0x8000a0cc)
31149: insert(0x800030ee)
31150: flush_page(0x80008) returns true/true
31151: flush_page(0x80004) returns false/false
31152: insert(0x80008082)
31153: insert(0x8000c02c)
31154: insert(0x80001056)
31155: insert(0x8000b002)
31156: flush_page(0x80000) returns true/false
31157: insert(0x8000a0dc)
31158: insert(0x800030dc)
31159: flush_page(0x80004) returns false/false
31160: flush_page(0x80002) returns true/false
31161: insert(0x80008008)
31162: insert(0x80007084)
31163: insert(0x80004012)
31164: insert(0x8000808c)
31165: flush()
31166: insert(0x80000076)
31167: insert(0x800040c8)
31168: flush()
31169: insert(0x8000408a)
31170: flush_page(0x80009) returns false/false
31171: insert(0x8000c0f8)
31172: insert(0x80004090)
31173: insert(0x80003060)
31174: insert(0x800060ec)
31175: insert(0x80009086)
31176: insert(0x80000072)
31177: insert(0x8000b096)
31178: insert(0x8000c018)
31179: insert(0x8000101e)
31180: insert(0x8000b044)
31181: insert(0x800030d6)
31182: flush()
31183: insert(0x80009092)
31184: flush_page(0x80004) returns false/false
31185: flush_page(0x80006) returns false/false
31186: insert(0x8000608e)
31187: insert(0x80001096)
31188: insert(0x8000009c)
31189: insert(0x800010cc)
31190: insert(0x80004016)
31191: flush_page(0x80004) returns true/true
31192: insert(0x80003004)
31193: insert(0x800090d4)
31194: flush()
31195: insert(0x800040ea)
31196: insert(0x800020a8)
31197: flush_page(0x80000) returns false/false
31198: insert(0x80004088)
31199: insert(0x800040e6)
31200: insert(0x8000c078)
31201: insert(0x8000b07e)
31202: flush_page(0x80001) returns false/false
31203: insert(0x800060c4)
31204: flush_page(0x8000b) returns true/true
31205: insert(0x8000101c)
31206: insert(0x8000105c)
31207: flush_page(0x80000) returns false/false
31208: insert(0x80006084)
31209: insert(0x8000509a)
31210: insert(0x8000703c)
31211: flush_page(0x80008) returns false/false
31212: insert(0x8000a02a)
31213: insert(0x8000907a)
31214: insert(0x800010a2)
31215: insert(0x800050f6)
31216: insert(0x800030c4)
31217: insert(0x8000404c)
31218: insert(0x800090ee)
31219: insert(0x8000c0ca)
31220: insert(0x800020fa)
31221: insert(0x8000005a)
31222: insert(0x80003012)
31223: flush_page(0x80002) returns true/true
31224: flush_page(0x80007) returns true/true
31225: insert(0x800090a0)
31226: insert(0x80005056)
31227: insert(0x8000c0ea)
31228: insert(0x800010d4)
31229: insert(0x8000a076)
31230: flush_page(0x8000c) returns true/true
31231: flush_page(0x8000a) returns true/true
31232: flush()
31233: insert(0x80008016)
31234: insert(0x800030d8)
31235: insert(0x800090f6)
31236: insert(0x8000400c)
31237: insert(0x800050ce)
31238: insert(0x80008086)
31239: flush()
31240: insert(0x80000074)
31241: flush_page(0x80001) returns false/false
31242: insert(0x80006036)
31243: insert(0x80007066)
31244: flush_page(0x80001) returns false/false
31245: flush_page(0x80004) returns false/false
31246: insert(0x80003036)
31247: insert(0x8000c0b6)
31248: insert(0x800000e4)
31249: insert(0x8000c04c)
31250: insert(0x8000504c)
31251: flush_page(0x8000b) returns false/false
31252: insert(0x800080a0)
31253: insert(0x8000207a)
31254: flush()
31255: insert(0x8000709e)
31256: insert(0x80004034)
31257: insert(0x800070dc)
31258: flush()
31259: insert(0x8000601a)
31260: insert(0x800000c8)
31261: insert(0x8000b010)
31262: insert(0x80003012)
31263: flush_page(0x8000c) returns false/false
31264: insert(0x80004000)
31265: insert(0x8000808e)
31266: insert(0x80006052)
31267: flush_page(0x80003) returns true/true
31268: insert(0x80000038)
31269: insert(0x800010da)
31270: flush_page(0x80006) returns true/true
31271: flush_page(0x8000c) returns false/false
31272: insert(0x80001034)
31273: insert(0x80003074)
31274: insert(0x80009010)
31275: insert(0x80009032)
31276: insert(0x80002088)
31277: insert(0x80002062)
31278: insert(0x8000806c)
31279: flush()
31280: insert(0x800020e4)
31281: flush()
31282: insert(0x800020fa)
31283: flush_page(0x8000a) returns false/false
31284: flush_page(0x80000) returns false/false
31285: flush_page(0x80008) returns false/false
31286: insert(0x8000300a)
31287: insert(0x800080fa)
31288: insert(0x800070f0)
31289: flush_page(0x80007) returns true/true
31290: insert(0x8000808a)
31291: insert(0x80002088)
31292: flush_page(0x80008) returns true/true
31293: insert(0x80004058)
31294: insert(0x80000086)
31295: insert(0x8000608e)
31296: insert(0x8000a068)
31297: flush()
31298: insert(0x8000908e)
31299: insert(0x80009068)
31300: insert(0x80007042)
31301: insert(0x8000208e)
31302: insert(0x8000201c)
31303: insert(0x8000b0c4)
31304: flush()
31305: insert(0x8000b0b8)
31306: insert(0x800040be)
31307: insert(0x800070aa)
31308: insert(0x800050fc)
31309: insert(0x800080b8)
31310: insert(0x800000b8)
31311: flush_page(0x8000b) returns true/true
31312: flush_page(0x8000a) returns false/false
31313: insert(0x800070e0)
31314: flush_page(0x80002) returns false/false
31315: insert(0x800010c0)
31316: flush_page(0x8000c) returns false/false
31317: insert(0x80008006)
31318: flush_page(0x80005) returns true/true
31319: insert(0x80004034)
31320: flush_page(0x80009) returns false/false
31321: insert(0x8000002e)
31322: insert(0x800050aa)
31323: flush_page(0x80002) returns false/false
31324: insert(0x8000b018)
31325: insert(0x80000040)
31326: flush_page(0x80000) returns true/true
31327: insert(0x8000205a)
31328: insert(0x8000b07a)
31329: insert(0x80008042)
31330: insert(0x8000302e)
31331: insert(0x800090c6)
31332: flush_page(0x80009) returns true/true
31333: flush()
31334: flush_page(0x80004) returns false/false
31335: flush_page(0x80009) returns false/false
31336: insert(0x8000c0f6)
31337: insert(0x8000c040)
31338: flush_page(0x80000) returns false/false
31339: insert(0x800090c4)
31340: insert(0x80009080)
31341: insert(0x80003070)
31342: flush_page(0x80008) returns false/false
31343: flush_page(0x80009) returns true/true
31344: insert(0x8000908a)
31345: insert(0x8000b0c4)
31346: insert(0x8000600e)
31347: insert(0x800060a0)
31348: insert(0x80006036)
31349: insert(0x8000c070)
31350: flush_page(0x80001) returns false/false
31351: insert(0x8000a02a)
31352: flush_page(0x80005) returns false/false
31353: insert(0x8000c008)
31354: insert(0x8000b0f8)
31355: insert(0x8000507e)
31356: insert(0x8000308e)
31357: insert(0x80004094)
31358: insert(0x800020cc)
31359: insert(0x80003046)
31360: flush_page(0x80004) returns true/true
31361: insert(0x800090b2)
31362: flush_page(0x80008) returns false/false
31363: flush_page(0x80007) returns false/false
31364: insert(0x8000404c)
31365: insert(0x80000088)
31366: insert(0x80001002)
31367: insert(0x8000c0e8)
31368: insert(0x800050a0)
31369: insert(0x8000905c)
31370: insert(0x8000705a)
31371: insert(0x800040e0)
31372: insert(0x80006026)
31373: flush_page(0x8000a) returns true/false
31374: insert(0x80002082)
31375: insert(0x8000001e)
31376: flush_page(0x80001) returns true/true
31377: insert(0x80007062)
31378: insert(0x8000a03a)
31379: insert(0x8000104a)
31380: insert(0x80000086)
31381: flush_page(0x8000a) returns true/true
31382: flush_page(0x80005) returns true/false
31383: insert(0x8000303e)
31384: insert(0x8000002e)
31385: flush_page(0x80003) returns true/true
31386: insert(0x800010f0)
31387: insert(0x8000802c)
31388: insert(0x800030ac)
31389: flush()
31390: insert(0x800060a0)
31391: insert(0x80006072)
31392: flush_page(0x8000a) returns false/false
31393: insert(0x80006072)
31394: insert(0x80001074)
31395: insert(0x80001020)
31396: flush_page(0x80006) returns true/true
31397: insert(0x8000b00c)
31398: flush_page(0x80008) returns false/false
31399: insert(0x8000c0c8)
31400: insert(0x8000208c)
31401: insert(0x8000b0e0)
31402: insert(0x8000202c)
31403: insert(0x80007068)
31404: insert(0x80009050)
31405: insert(0x8000a0c8)
31406: flush_page(0x80003) returns false/false
31407: insert(0x8000c09c)
31408: insert(0x800040e8)
31409: flush_page(0x8000a) returns true/true
31410: insert(0x800060a8)
31411: insert(0x800060e2)
31412: insert(0x800020a2)
31413: flush_page(0x8000b) returns true/true
31414: insert(0x8000200e)
31415: flush_page(0x80005) returns false/false
31416: insert(0x8000900c)
31417: insert(0x8000701a)
31418: flush()
31419: insert(0x800000aa)
31420: insert(0x800000cc)
31421: flush_page(0x80009) returns false/false
31422: flush()
31423: insert(0x80008054)
31424: insert(0x80002038)
31425: insert(0x8000b096)
31426: insert(0x80000050)
31427: insert(0x80005078)
31428: insert(0x8000b0d6)
31429: flush_page(0x80006) returns false/false
31430: insert(0x8000a0c4)
31431: insert(0x800030a0)
31432: insert(0x800030e4)
31433: flush()
31434: insert(0x8000300c)
31435: insert(0x8000406e)
31436: flush_page(0x80008) returns false/false
31437: flush_page(0x80004) returns true/true
31438: insert(0x800020e8)
31439: insert(0x800040dc)
31440: insert(0x8000b068)
31441: insert(0x80004084)
31442: insert(0x80000006)
31443: insert(0x8000b07a)
31444: insert(0x8000a09e)
31445: insert(0x8000206e)
31446: insert(0x800000d6)
31447: flush_page(0x8000a) returns true/false
31448: insert(0x800040f4)
31449: flush_page(0x80006) returns false/false
31450: insert(0x80007034)
31451: insert(0x8000a0e8)
31452: insert(0x8000a01a)
31453: insert(0x8000703a)
31454: insert(0x80003034)
31455: insert(0x8000909c)
31456: insert(0x800080f4)
31457: insert(0x8000c07e)
31458: insert(0x8000605a)
31459: insert(0x8000a048)
31460: flush_page(0x80004) returns true/true
31461: flush_page(0x8000a) returns true/true
31462: flush_page(0x80009) returns true/false
31463: insert(0x800090be)
31464: flush_page(0x80001) returns false/false
31465: flush_page(0x80005) returns false/false
31466: insert(0x8000001e)
31467: flush_page(0x80001) returns false/false
31468: insert(0x8000904c)
31469: insert(0x8000b06c)
31470: insert(0x800090c8)
31471: insert(0x80005062)
31472: insert(0x80003036)
31473: insert(0x8000c0aa)
31474: insert(0x800000b0)
31475: insert(0x80003030)
31476: insert(0x80002012)
31477: flush_page(0x80002) returns true/true
31478: flush()
31479: flush()
31480: insert(0x80003046)
31481: insert(0x8000c0c6)
31482: insert(0x800090fe)
31483: insert(0x800090b2)
31484: insert(0x80000064)
31485: insert(0x8000c052)
31486: insert(0x8000c026)
31487: insert(0x80009016)
31488: insert(0x80003020)
31489: insert(0x80001060)
31490: flush_page(0x80003) returns true/true
31491: flush_page(0x80007) returns false/false
31492: insert(0x80008098)
31493: insert(0x80005022)
31494: insert(0x8000909a)
31495: insert(0x80009014)
31496: insert(0x800070f4)
31497: insert(0x8000a05a)
31498: insert(0x800040b0)
31499: insert(0x800080a0)
31500: insert(0x800020f2)
31501: insert(0x8000c058)
31502: flush_page(0x80005) returns true/true
31503: flush_page(0x80003) returns false/false
31504: insert(0x8000a0f2)
31505: insert(0x8000c0da)
31506: insert(0x800060e6)
31507: flush_page(0x80007) returns true/false
31508: insert(0x8000b068)
31509: flush()
31510: flush_page(0x8000b) returns false/false
31511: insert(0x800080f4)
31512: insert(0x8000208e)
31513: insert(0x8000505c)
31514: insert(0x800030d0)
31515: flush_page(0x80005) returns true/true
31516: flush_page(0x80002) returns true/true
31517: flush_page(0x80000) returns false/false
31518: flush_page(0x80005) returns false/false
31519: insert(0x8000408c)
31520: insert(0x8000b0d0)
31521: insert(0x800040c8)
31522: insert(0x8000305c)
31523: flush()
31524: insert(0x800040f8)
31525: insert(0x80005042)
31526: insert(0x800070d0)
31527: insert(0x8000a0a0)
31528: insert(0x80009030)
31529: insert(0x80000096)
31530: flush_page(0x8000a) returns true/true
31531: insert(0x8000a022)
31532: insert(0x8000506c)
31533: insert(0x800040b8)
31534: insert(0x8000804a)
31535: insert(0x800090b2)
31536: insert(0x80001030)
31537: insert(0x80001080)
31538: insert(0x800020fa)
31539: flush_page(0x80000) returns true/true
31540: insert(0x80003030)
31541: insert(0x8000409e)
31542: flush_page(0x8000b) returns false/false
31543: flush_page(0x80009) returns true/true
31544: flush_page(0x80005) returns true/true
31545: insert(0x800020b2)
31546: insert(0x800080e4)
31547: insert(0x80003080)
31548: insert(0x8000905c)
31549: insert(0x8000c0e8)
31550: insert(0x80008050)
31551: insert(0x8000b0b4)
31552: insert(0x80003054)
31553: insert(0x8000c020)
31554: flush_page(0x8000b) returns true/true
31555: insert(0x80001040)
31556: insert(0x8000b0d8)
31557: insert(0x80005058)
31558: insert(0x800060f4)
31559: insert(0x8000c0cc)
31560: insert(0x80001006)
31561: insert(0x800040ec)
31562: insert(0x80003080)
31563: flush_page(0x80007) returns true/false
31564: insert(0x8000b022)
31565: insert(0x8000a00a)
31566: flush_page(0x80002) returns true/true
31567: insert(0x8000a09a)
31568: insert(0x8000c084)
31569: insert(0x80002062)
31570: flush_page(0x80002) returns true/true
31571: flush()
31572: insert(0x80008076)
31573: insert(0x8000a030)
31574: insert(0x800090ea)
31575: insert(0x80004046)
31576: insert(0x800080b6)
31577: flush_page(0x8000a) returns true/true
31578: insert(0x80009016)
31579: flush_page(0x80002) returns false/false
31580: insert(0x8000804e)
31581: insert(0x800060f8)
31582: insert(0x80006016)
31583: insert(0x80000008)
31584: flush_page(0x8000a) returns false/false
31585: insert(0x80002034)
31586: flush_page(0x80002) returns true/true
31587: flush_page(0x8000b) returns false/false
31588: flush()
31589: insert(0x800080a0)
31590: flush_page(0x80007) returns false/false
31591: flush_page(0x80007) returns false/false
31592: insert(0x80006048)
31593: insert(0x80008058)
31594: insert(0x80009068)
31595: insert(0x800050c2)
31596: flush()
31597: insert(0x800010e6)
31598: flush_page(0x80002) returns false/false
31599: insert(0x8000a0c8)
31600: insert(0x8000109c)
31601: insert(0x8000902e)
31602: flush_page(0x8000b) returns false/false
31603: insert(0x800070c0)
31604: insert(0x8000a012)
31605: insert(0x80000080)
31606: insert(0x800020f0)
31607: insert(0x8000b0b2)
31608: insert(0x8000c0dc)
31609: insert(0x80004034)
31610: insert(0x800050a4)
31611: insert(0x800080ce)
31612: insert(0x80008070)
31613: flush_page(0x80000) returns true/false
31614: insert(0x800070ac)
31615: insert(0x8000a0b0)
31616: insert(0x800020c0)
31617: flush_page(0x80008) returns true/true
31618: insert(0x80006030)
31619: insert(0x80007084)
31620: insert(0x8000c0ee)
31621: flush()
31622: insert(0x800050ee)
31623: flush_page(0x80009) returns false/false
31624: insert(0x80001044)
31625: insert(0x8000b068)
31626: insert(0x8000908e)
31627: insert(0x8000609e)
31628: flush_page(0x80004) returns false/false
31629: insert(0x8000603a)
31630: insert(0x800080b4)
31631: insert(0x80005032)
31632: insert(0x8000b054)
31633: flush_page(0x80000) returns false/false
31634: flush_page(0x8000a) returns false/false
31635: flush_page(0x8000c) returns false/false
31636: insert(0x80006002)
31637: flush_page(0x8000a) returns false/false
31638: insert(0x80007082)
31639: insert(0x80009056)
31640: flush()
31641: insert(0x80004004)
31642: insert(0x800030d4)
31643: insert(0x800050aa)
31644: insert(0x8000c034)
31645: flush_page(0x80007) returns false/false
31646: insert(0x80000044)
31647: insert(0x80009064)
31648: insert(0x80000020)
31649: flush()
31650: insert(0x8000c018)
31651: insert(0x8000407a)
31652: flush()
31653: flush_page(0x80005) returns false/false
31654: insert(0x80001062)
31655: insert(0x800040e6)
31656: insert(0x8000004a)
31657: flush()
31658: insert(0x80004086)
31659: flush_page(0x80008) returns false/false
31660: flush_page(0x80000) returns false/false
31661: insert(0x80004090)
31662: insert(0x80006000)
31663: insert(0x8000c090)
31664: insert(0x800060c6)
31665: insert(0x800000b6)
31666: insert(0x8000a030)
31667: insert(0x800020f6)
31668: flush()
31669: insert(0x800090fe)
31670: insert(0x800020dc)
31671: insert(0x800010f4)
31672: flush_page(0x80007) returns false/false
31673: flush()
31674: flush()
31675: insert(0x80005096)
31676: flush()
31677: insert(0x800000e2)
31678: flush_page(0x80009) returns false/false
31679: flush_page(0x8000a) returns false/false
31680: insert(0x80002072)
31681: insert(0x80000034)
31682: insert(0x800040b6)
31683: insert(0x8000905e)
31684: insert(0x800040be)
31685: flush_page(0x80001) returns false/false
31686: insert(0x800060e0)
31687: insert(0x80009006)
31688: flush_page(0x80007) returns false/false
31689: insert(0x800030be)
31690: flush()
31691: insert(0x8000900c)
31692: insert(0x8000a0fc)
31693: insert(0x80003058)
31694: insert(0x80003084)
31695: insert(0x80000040)
31696: flush_page(0x80001) returns false/false
31697: insert(0x800090da)
31698: flush_page(0x80003) returns true/true
31699: insert(0x8000c0ce)
31700: flush()
31701: insert(0x80002046)
31702: insert(0x800050b6)
31703: insert(0x8000a0ba)
31704: insert(0x800090f0)
31705: insert(0x800040f8)
31706: insert(0x800010d2)
31707: insert(0x80005092)
31708: insert(0x8000203a)
31709: insert(0x80002024)
31710: insert(0x8000b090)
31711: flush_page(0x8000a) returns true/true
31712: insert(0x8000c056)
31713: insert(0x800020ae)
31714: insert(0x800080be)
31715: flush_page(0x8000b) returns true/true
31716: insert(0x8000b0b2)
31717: insert(0x8000a08e)
31718: flush_page(0x80007) returns false/false
31719: insert(0x8000c0fa)
31720: insert(0x8000707e)
31721: insert(0x80000032)
31722: insert(0x800090d0)
31723: insert(0x80006048)
31724: flush()
31725: flush_page(0x80007) returns false/false
31726: insert(0x8000308e)
31727: flush_page(0x80001) returns false/false
31728: insert(0x800030fc)
31729: insert(0x800030be)
31730: flush_page(0x8000b) returns false/false
31731: insert(0x8000b020)
31732: flush()
31733: flush_page(0x80008) returns false/false
31734: insert(0x800050ac)
31735: insert(0x8000b0ae)
31736: flush_page(0x80001) returns false/false
31737: insert(0x800050f0)
31738: insert(0x8000a0d4)
31739: flush_page(0x80000) returns false/false
31740: flush_page(0x80008) returns false/false
31741: insert(0x8000c0c4)
31742: insert(0x8000c0dc)
31743: insert(0x8000103e)
31744: insert(0x80005022)
31745: insert(0x80001088)
31746: flush_page(0x80000) returns false/false
31747: flush_page(0x80002) returns false/false
31748: flush_page(0x80000) returns false/false
31749: insert(0x80003020)
31750: insert(0x800000ca)
31751: insert(0x800000f8)
31752: insert(0x8000c0c4)
31753: insert(0x800090b2)
31754: insert(0x800070f0)
31755: insert(0x8000005e)
31756: insert(0x8000c0ea)
31757: insert(0x8000c0f8)
31758: flush_page(0x8000a) returns true/false
31759: flush_page(0x80004) returns false/false
31760: flush_page(0x80004) returns false/false
31761: insert(0x80003038)
31762: insert(0x80007078)
31763: insert(0x800020c6)
31764: insert(0x800060f8)
31765: insert(0x8000c0ee)
31766: flush_page(0x8000a) returns false/false
31767: insert(0x80004008)
31768: insert(0x80002064)
31769: flush_page(0x80002) returns true/true
31770: insert(0x8000404e)
31771: insert(0x80007076)
31772: insert(0x8000b0e8)
31773: flush_page(0x80004) returns true/false
31774: insert(0x80008040)
31775: insert(0x800020e4)
31776: insert(0x800080ee)
31777: insert(0x800010a2)
31778: insert(0x8000c05a)
31779: insert(0x8000b03a)
31780: insert(0x800040e0)
31781: insert(0x8000c0aa)
31782: flush()
31783: flush_page(0x80006) returns false/false
31784: insert(0x8000006c)
31785: insert(0x800040f2)
31786: insert(0x8000c0e8)
31787: insert(0x8000502a)
31788: insert(0x8000a04c)
31789: insert(0x80006078)
31790: flush_page(0x8000b) returns false/false
31791: flush_page(0x8000a) returns true/true
31792: insert(0x8000101a)
31793: flush_page(0x80006) returns true/true
31794: insert(0x80008034)
31795: insert(0x8000c008)
31796: flush_page(0x80007) returns false/false
31797: flush()
31798: flush_page(0x80001) returns false/false
31799: flush()
31800: insert(0x80002094)
31801: insert(0x800090e4)
31802: insert(0x80000068)
31803: insert(0x8000a004)
31804: insert(0x8000a09a)
31805: flush_page(0x80007) returns false/false
31806: insert(0x8000c0da)
31807: flush_page(0x80002) returns true/true
31808: insert(0x800050b0)
31809: insert(0x800030d6)
31810: insert(0x80000070)
31811: insert(0x800070f6)
31812: insert(0x800060e2)
31813: flush_page(0x8000b) returns false/false
31814: insert(0x800000e6)
31815: insert(0x80009012)
31816: insert(0x800000b0)
31817: insert(0x8000105a)
31818: insert(0x8000b02e)
31819: insert(0x800020ea)
31820: insert(0x80005024)
31821: insert(0x80009046)
31822: insert(0x8000a0b8)
31823: insert(0x8000703e)
31824: insert(0x80002008)
31825: flush_page(0x8000b) returns true/false
31826: insert(0x8000604e)
31827: insert(0x800010cc)
31828: insert(0x8000c0c4)
31829: insert(0x8000106a)
31830: flush_page(0x8000c) returns true/true
31831: flush_page(0x80001) returns true/true
31832: insert(0x80001022)
31833: flush()
31834: insert(0x8000608a)
31835: insert(0x8000a036)
31836: insert(0x8000704c)
31837: insert(0x80007030)
31838: insert(0x8000803e)
31839: flush()
31840: insert(0x80008048)
31841: flush_page(0x80001) returns false/false
31842: insert(0x8000105c)
31843: insert(0x8000c036)
31844: insert(0x8000507c)
31845: insert(0x8000b092)
31846: insert(0x8000c0da)
31847: insert(0x8000a0f4)
31848: insert(0x8000504c)
31849: insert(0x800040fc)
31850: insert(0x80004010)
31851: insert(0x800040dc)
31852: insert(0x80002042)
31853: insert(0x80001034)
31854: flush_page(0x80005) returns true/true
31855: insert(0x8000b038)
31856: insert(0x800050fa)
31857: flush()
31858: insert(0x8000b02c)
31859: insert(0x800010ae)
31860: flush_page(0x80008) returns false/false
31861: insert(0x800000d0)
31862: insert(0x80002048)
31863: flush()
31864: insert(0x800060e2)
31865: flush_page(0x80007) returns false/false
31866: flush_page(0x80000) returns false/false
31867: flush_page(0x80004) returns false/false
31868: flush()
31869: insert(0x8000b07a)
31870: insert(0x8000605e)
31871: insert(0x800040f2)
31872: flush_page(0x8000b) returns true/true
31873: insert(0x80003006)
31874: flush_page(0x80006) returns true/true
31875: insert(0x80006062)
31876: flush()
31877: insert(0x8000608e)
31878: insert(0x8000701c)
31879: insert(0x8000903a)
31880: insert(0x80005018)
31881: flush_page(0x8000b) returns false/false
31882: insert(0x8000307a)
31883: insert(0x800010ec)
31884: flush_page(0x80006) returns true/true
