drivers/input/evdev.c: OK
  HOSTCC  scripts/basic/fixdep
  HOSTCC  scripts/kconfig/conf.o
  HOSTCC  scripts/kconfig/confdata.o
  HOSTCC  scripts/kconfig/expr.o
  LEX     scripts/kconfig/lexer.lex.c
  YACC    scripts/kconfig/parser.tab.[ch]
  HOSTCC  scripts/kconfig/lexer.lex.o
  HOSTCC  scripts/kconfig/menu.o
  HOSTCC  scripts/kconfig/parser.tab.o
  HOSTCC  scripts/kconfig/preprocess.o
  HOSTCC  scripts/kconfig/symbol.o
  HOSTCC  scripts/kconfig/util.o
  HOSTLD  scripts/kconfig/conf
*** Default configuration is based on 'defconfig'
#
# configuration written to .config
#
Using .config as base
Merging /src/wasm-vm.config
Value of CONFIG_NONPORTABLE is redefined by fragment /src/wasm-vm.config:
Previous value: # CONFIG_NONPORTABLE is not set
New value: CONFIG_NONPORTABLE=n

Value of CONFIG_RISCV_SBI_V01 is redefined by fragment /src/wasm-vm.config:
Previous value: # CONFIG_RISCV_SBI_V01 is not set
New value: CONFIG_RISCV_SBI_V01=y

Value of CONFIG_MODULES is redefined by fragment /src/wasm-vm.config:
Previous value: CONFIG_MODULES=y
New value: CONFIG_MODULES=n

Value of CONFIG_DRM is redefined by fragment /src/wasm-vm.config:
Previous value: CONFIG_DRM=m
New value: CONFIG_DRM=y

Value of CONFIG_DRM_VIRTIO_GPU is redefined by fragment /src/wasm-vm.config:
Previous value: CONFIG_DRM_VIRTIO_GPU=m
New value: CONFIG_DRM_VIRTIO_GPU=y

Value of CONFIG_INPUT_EVDEV is redefined by fragment /src/wasm-vm.config:
Previous value: # CONFIG_INPUT_EVDEV is not set
New value: CONFIG_INPUT_EVDEV=y

Value of CONFIG_SOUND is redefined by fragment /src/wasm-vm.config:
Previous value: # CONFIG_SOUND is not set
New value: CONFIG_SOUND=y

Value of CONFIG_PCI is redefined by fragment /src/wasm-vm.config:
Previous value: CONFIG_PCI=y
New value: CONFIG_PCI=n

Value of CONFIG_ETHERNET is redefined by fragment /src/wasm-vm.config:
Previous value: CONFIG_ETHERNET=y
New value: # virtio_net lives in drivers/net (NETDEVICES/NET_CORE), NOT under CONFIG_ETHERNET — CONFIG_ETHERNET=n

Value of CONFIG_WLAN is redefined by fragment /src/wasm-vm.config:
Previous value: CONFIG_WLAN=y
New value: CONFIG_WLAN=n

Value of CONFIG_USB_SUPPORT is redefined by fragment /src/wasm-vm.config:
Previous value: CONFIG_USB_SUPPORT=y
New value: CONFIG_USB_SUPPORT=n

#
# merged configuration written to .config (needs make)
#
#
# configuration written to .config
#
  SYNC    include/config/auto.conf.cmd
  WRAP    arch/riscv/include/generated/uapi/asm/errno.h
  WRAP    arch/riscv/include/generated/uapi/asm/fcntl.h
  WRAP    arch/riscv/include/generated/uapi/asm/ioctl.h
  WRAP    arch/riscv/include/generated/uapi/asm/ioctls.h
  WRAP    arch/riscv/include/generated/uapi/asm/ipcbuf.h
  WRAP    arch/riscv/include/generated/uapi/asm/mman.h
  WRAP    arch/riscv/include/generated/uapi/asm/msgbuf.h
  WRAP    arch/riscv/include/generated/uapi/asm/param.h
  WRAP    arch/riscv/include/generated/uapi/asm/poll.h
  WRAP    arch/riscv/include/generated/uapi/asm/posix_types.h
  WRAP    arch/riscv/include/generated/uapi/asm/resource.h
  WRAP    arch/riscv/include/generated/uapi/asm/sembuf.h
  HOSTCC  scripts/dtc/dtc.o
  WRAP    arch/riscv/include/generated/uapi/asm/shmbuf.h
  HOSTCC  scripts/dtc/flattree.o
  WRAP    arch/riscv/include/generated/uapi/asm/siginfo.h
  WRAP    arch/riscv/include/generated/uapi/asm/signal.h
  HOSTCC  scripts/dtc/fstree.o
  WRAP    arch/riscv/include/generated/uapi/asm/socket.h
  UPD     include/config/kernel.release
  UPD     include/generated/uapi/linux/version.h
  WRAP    arch/riscv/include/generated/uapi/asm/sockios.h
  HOSTCC  scripts/dtc/data.o
  HOSTCC  scripts/dtc/livetree.o
  WRAP    arch/riscv/include/generated/uapi/asm/stat.h
  WRAP    arch/riscv/include/generated/uapi/asm/statfs.h
  WRAP    arch/riscv/include/generated/uapi/asm/swab.h
  WRAP    arch/riscv/include/generated/uapi/asm/termbits.h
  WRAP    arch/riscv/include/generated/uapi/asm/termios.h
  WRAP    arch/riscv/include/generated/uapi/asm/types.h
  UPD     include/generated/compile.h
  HOSTCC  scripts/dtc/treesource.o
  UPD     include/generated/utsrelease.h
  WRAP    arch/riscv/include/generated/asm/early_ioremap.h
  WRAP    arch/riscv/include/generated/asm/flat.h
  WRAP    arch/riscv/include/generated/asm/kvm_para.h
  WRAP    arch/riscv/include/generated/asm/parport.h
  HOSTCC  scripts/dtc/srcpos.o
  WRAP    arch/riscv/include/generated/asm/spinlock.h
  WRAP    arch/riscv/include/generated/asm/spinlock_types.h
  WRAP    arch/riscv/include/generated/asm/qrwlock.h
  WRAP    arch/riscv/include/generated/asm/qrwlock_types.h
  WRAP    arch/riscv/include/generated/asm/user.h
  WRAP    arch/riscv/include/generated/asm/vmlinux.lds.h
  WRAP    arch/riscv/include/generated/asm/archrandom.h
  WRAP    arch/riscv/include/generated/asm/bugs.h
  WRAP    arch/riscv/include/generated/asm/checksum.h
  WRAP    arch/riscv/include/generated/asm/device.h
  WRAP    arch/riscv/include/generated/asm/div64.h
  WRAP    arch/riscv/include/generated/asm/dma-mapping.h
  WRAP    arch/riscv/include/generated/asm/dma.h
  WRAP    arch/riscv/include/generated/asm/emergency-restart.h
  WRAP    arch/riscv/include/generated/asm/exec.h
  WRAP    arch/riscv/include/generated/asm/fb.h
  WRAP    arch/riscv/include/generated/asm/hardirq.h
  WRAP    arch/riscv/include/generated/asm/hw_irq.h
  WRAP    arch/riscv/include/generated/asm/irq_regs.h
  WRAP    arch/riscv/include/generated/asm/kmap_size.h
  WRAP    arch/riscv/include/generated/asm/local.h
  WRAP    arch/riscv/include/generated/asm/local64.h
  WRAP    arch/riscv/include/generated/asm/msi.h
  WRAP    arch/riscv/include/generated/asm/percpu.h
  WRAP    arch/riscv/include/generated/asm/preempt.h
  WRAP    arch/riscv/include/generated/asm/rwonce.h
  WRAP    arch/riscv/include/generated/asm/serial.h
  HOSTCC  scripts/dtc/checks.o
  WRAP    arch/riscv/include/generated/asm/shmparam.h
  WRAP    arch/riscv/include/generated/asm/simd.h
  WRAP    arch/riscv/include/generated/asm/softirq_stack.h
  WRAP    arch/riscv/include/generated/asm/trace_clock.h
  WRAP    arch/riscv/include/generated/asm/unaligned.h
  WRAP    arch/riscv/include/generated/asm/vga.h
  WRAP    arch/riscv/include/generated/asm/xor.h
  HOSTCC  scripts/dtc/util.o
  LEX     scripts/dtc/dtc-lexer.lex.c
  YACC    scripts/dtc/dtc-parser.tab.[ch]
  HOSTCC  scripts/dtc/libfdt/fdt.o
  HOSTCC  scripts/dtc/libfdt/fdt_ro.o
  HOSTCC  scripts/dtc/libfdt/fdt_wip.o
  HOSTCC  scripts/dtc/libfdt/fdt_sw.o
  HOSTCC  scripts/dtc/libfdt/fdt_rw.o
  HOSTCC  scripts/dtc/libfdt/fdt_strerror.o
  HOSTCC  scripts/dtc/libfdt/fdt_empty_tree.o
  HOSTCC  scripts/dtc/libfdt/fdt_addresses.o
  HOSTCC  scripts/dtc/libfdt/fdt_overlay.o
  HOSTCC  scripts/dtc/fdtoverlay.o
  HOSTCC  scripts/dtc/dtc-lexer.lex.o
  HOSTCC  scripts/dtc/dtc-parser.tab.o
  HOSTLD  scripts/dtc/fdtoverlay
  HOSTLD  scripts/dtc/dtc
  HOSTCC  scripts/kallsyms
  HOSTCC  scripts/sorttable
  HOSTCC  scripts/asn1_compiler
  HOSTCC  scripts/selinux/genheaders/genheaders
  HOSTCC  scripts/selinux/mdp/mdp
  CC      scripts/mod/empty.o
  HOSTCC  scripts/mod/mk_elfconfig
  CC      scripts/mod/devicetable-offsets.s
  UPD     scripts/mod/devicetable-offsets.h
  MKELF   scripts/mod/elfconfig.h
  HOSTCC  scripts/mod/modpost.o
  HOSTCC  scripts/mod/file2alias.o
  HOSTCC  scripts/mod/sumversion.o
  HOSTCC  scripts/mod/symsearch.o
  HOSTLD  scripts/mod/modpost
  CC      kernel/bounds.s
  CHKSHA1 include/linux/atomic/atomic-arch-fallback.h
  CHKSHA1 include/linux/atomic/atomic-instrumented.h
  CHKSHA1 include/linux/atomic/atomic-long.h
  UPD     include/generated/timeconst.h
  UPD     include/generated/bounds.h
  CC      arch/riscv/kernel/asm-offsets.s
  UPD     include/generated/asm-offsets.h
  CALL    scripts/checksyscalls.sh
  LDS     arch/riscv/kernel/vdso/vdso.lds
  AS      arch/riscv/kernel/vdso/rt_sigreturn.o
  CC      arch/riscv/kernel/vdso/vgettimeofday.o
  AS      arch/riscv/kernel/vdso/getcpu.o
  AS      arch/riscv/kernel/vdso/flush_icache.o
  CC      arch/riscv/kernel/vdso/hwprobe.o
  AS      arch/riscv/kernel/vdso/sys_hwprobe.o
  AS      arch/riscv/kernel/vdso/note.o
  VDSOLD  arch/riscv/kernel/vdso/vdso.so.dbg
  VDSOSYM include/generated/vdso-offsets.h
  LDS     arch/riscv/kernel/compat_vdso/compat_vdso.lds
  VDSOAS arch/riscv/kernel/compat_vdso/rt_sigreturn.o
  VDSOAS arch/riscv/kernel/compat_vdso/getcpu.o
  VDSOAS arch/riscv/kernel/compat_vdso/flush_icache.o
  VDSOAS arch/riscv/kernel/compat_vdso/note.o
  VDSOLD  arch/riscv/kernel/compat_vdso/compat_vdso.so.dbg
  VDSOSYM include/generated/compat_vdso-offsets.h
  HOSTCC  usr/gen_init_cpio
  CC      init/main.o
  AR      certs/built-in.a
  CC      ipc/compat.o
  CC      mm/filemap.o
  CC      arch/riscv/mm/init.o
  AR      arch/riscv/kernel/probes/built-in.a
  CC      fs/notify/dnotify/dnotify.o
  OBJCOPY arch/riscv/kernel/vdso/vdso.so
  AS      arch/riscv/kernel/vdso/vdso.o
  CC      kernel/sched/core.o
  AR      arch/riscv/kernel/vdso/built-in.a
  OBJCOPY arch/riscv/kernel/compat_vdso/compat_vdso.so
  AS      arch/riscv/kernel/compat_vdso/compat_vdso.o
  AR      arch/riscv/kernel/compat_vdso/built-in.a
  CC      arch/riscv/kernel/pi/cmdline_early.o
  GEN     usr/initramfs_data.cpio
  COPY    usr/initramfs_inc_data
  AS      usr/initramfs_data.o
  AR      usr/built-in.a
  UPD     init/utsversion-tmp.h
  CC      security/keys/gc.o
  AR      fs/notify/dnotify/built-in.a
  CC      arch/riscv/kernel/pi/fdt_early.o
  CC      ipc/util.o
  CC      fs/notify/inotify/inotify_fsnotify.o
  CC      arch/riscv/kernel/pi/string.o
  CC      security/keys/key.o
  CC      fs/notify/inotify/inotify_user.o
  CC      arch/riscv/kernel/pi/ctype.o
  CC      arch/riscv/mm/extable.o
  CC      init/do_mounts.o
  CC      arch/riscv/kernel/pi/lib-fdt.o
  CC      arch/riscv/kernel/pi/lib-fdt_ro.o
  CC      ipc/msgutil.o
  CC      arch/riscv/mm/fault.o
  OBJCOPY arch/riscv/kernel/pi/cmdline_early.pi.o
  OBJCOPY arch/riscv/kernel/pi/fdt_early.pi.o
  OBJCOPY arch/riscv/kernel/pi/string.pi.o
  OBJCOPY arch/riscv/kernel/pi/ctype.pi.o
  OBJCOPY arch/riscv/kernel/pi/lib-fdt.pi.o
  OBJCOPY arch/riscv/kernel/pi/lib-fdt_ro.pi.o
  AR      arch/riscv/kernel/pi/built-in.a
  LDS     arch/riscv/kernel/vmlinux.lds
  AS      arch/riscv/kernel/head.o
  CC      arch/riscv/kernel/soc.o
  CC      security/keys/keyring.o
  AR      fs/notify/inotify/built-in.a
  AR      fs/notify/fanotify/built-in.a
  CC      fs/notify/fsnotify.o
  CC      arch/riscv/kernel/alternative.o
  CC      ipc/msg.o
  CC      arch/riscv/mm/pageattr.o
  CC      init/do_mounts_initrd.o
  CC      mm/mempool.o
  AS      arch/riscv/kernel/copy-unaligned.o
  CC      arch/riscv/kernel/cpu.o
  CC      fs/notify/notification.o
  CC      arch/riscv/mm/pgtable.o
  CC      security/keys/keyctl.o
  CC      init/initramfs.o
  CC      ipc/sem.o
  CC      mm/oom_kill.o
  CC      arch/riscv/kernel/cpufeature.o
  CC      fs/notify/group.o
  CC      arch/riscv/mm/cacheflush.o
  CC      init/calibrate.o
  CC      kernel/sched/fair.o
  CC      fs/notify/mark.o
  CC      security/keys/permission.o
  AS      arch/riscv/kernel/entry.o
  CC      arch/riscv/kernel/irq.o
  CC      init/init_task.o
  CC      arch/riscv/mm/context.o
  CC      mm/fadvise.o
  CC      security/keys/process_keys.o
  CC      arch/riscv/kernel/process.o
  CC      init/version.o
  CC      arch/riscv/mm/pmem.o
  CC      fs/notify/fdinfo.o
  CC      ipc/shm.o
  AR      init/built-in.a
  CC      fs/nfs_common/grace.o
  CC      mm/maccess.o
  CC      arch/riscv/mm/tlbflush.o
  CC      arch/riscv/kernel/ptrace.o
  CC      security/keys/request_key.o
  CC      fs/nfs_common/nfs_ssc.o
  AR      fs/notify/built-in.a
  CC      arch/riscv/kernel/reset.o
  CC      mm/page-writeback.o
  CC      arch/riscv/mm/hugetlbpage.o
  AR      arch/riscv/net/built-in.a
  CC      kernel/locking/mutex.o
  CC      ipc/syscall.o
  CC      arch/riscv/kernel/return_address.o
  CC      security/keys/request_key_auth.o
  CC      arch/riscv/kernel/setup.o
  CC      arch/riscv/mm/dma-noncoherent.o
  CC      ipc/ipc_sysctl.o
  AR      fs/nfs_common/built-in.a
  CC      fs/iomap/trace.o
  CC      security/keys/user_defined.o
  CC      kernel/locking/semaphore.o
  CC      mm/folio-compat.o
  CC      ipc/mqueue.o
  CC      security/keys/compat.o
  AR      arch/riscv/mm/built-in.a
  CC      kernel/sched/build_policy.o
  CC      fs/iomap/iter.o
  CC      kernel/locking/rwsem.o
  CC      arch/riscv/kernel/signal.o
  CC      mm/readahead.o
  CC      security/keys/proc.o
  CC      fs/iomap/buffered-io.o
  CC      arch/riscv/kernel/syscall_table.o
  CC      kernel/locking/percpu-rwsem.o
  CC      security/keys/sysctl.o
  CC      crypto/api.o
  CC      arch/riscv/kernel/sys_riscv.o
  CC      mm/swap.o
  CC      ipc/namespace.o
  CC      kernel/locking/mutex-debug.o
  AR      security/keys/built-in.a
  GEN     security/selinux/flask.h security/selinux/av_permissions.h
  CC      security/selinux/avc.o
  CC      ipc/mq_sysctl.o
  CC      crypto/cipher.o
  CC      arch/riscv/kernel/time.o
  CC      kernel/locking/spinlock.o
  AR      ipc/built-in.a
  CC      kernel/power/qos.o
  CC      fs/iomap/direct-io.o
  CC      arch/riscv/kernel/traps.o
  CC      crypto/compress.o
  CC      kernel/locking/osq_lock.o
  CC      mm/truncate.o
  CC      kernel/locking/rtmutex_api.o
  CC      security/selinux/hooks.o
  CC      crypto/crypto_engine.o
  CC      kernel/power/main.o
  CC      arch/riscv/kernel/riscv_ksyms.o
  CC      fs/iomap/fiemap.o
  CC      arch/riscv/kernel/stacktrace.o
  CC      crypto/algapi.o
  CC      mm/vmscan.o
  CC      kernel/locking/spinlock_debug.o
  CC      kernel/sched/build_utility.o
  CC      kernel/power/console.o
  CC      fs/iomap/seek.o
  CC      arch/riscv/kernel/cacheinfo.o
  CC      kernel/locking/qrwlock.o
  CC      kernel/power/process.o
  CC      fs/iomap/swapfile.o
  CC      arch/riscv/kernel/patch.o
  CC      crypto/scatterwalk.o
  AR      kernel/locking/built-in.a
  CC      kernel/printk/printk.o
  AR      fs/iomap/built-in.a
  AR      fs/quota/built-in.a
  CC      kernel/power/suspend.o
  CC      arch/riscv/kernel/vdso.o
  CC      fs/proc/task_mmu.o
  CC      crypto/proc.o
  AS      arch/riscv/kernel/fpu.o
  CC      arch/riscv/kernel/vector.o
  CC      crypto/aead.o
  AR      kernel/power/built-in.a
  CC      kernel/irq/irqdesc.o
  CC      security/selinux/selinuxfs.o
  CC      mm/shmem.o
  CC      arch/riscv/kernel/smpboot.o
  CC      kernel/printk/printk_safe.o
  CC      crypto/geniv.o
  CC      fs/proc/inode.o
  CC      kernel/irq/handle.o
  CC      arch/riscv/kernel/smp.o
  CC      kernel/printk/printk_ringbuffer.o
  AR      kernel/sched/built-in.a
  CC      kernel/rcu/update.o
  CC      fs/proc/root.o
  CC      crypto/skcipher.o
  CC      kernel/irq/manage.o
  CC      kernel/printk/sysctl.o
  CC      arch/riscv/kernel/cpu_ops.o
  AR      kernel/printk/built-in.a
  AS      arch/riscv/errata/sifive/errata_cip_453.o
  CC      arch/riscv/errata/sifive/errata.o
  CC      security/selinux/netlink.o
  CC      fs/proc/base.o
  AS      arch/riscv/kernel/suspend_entry.o
  CC      arch/riscv/kernel/suspend.o
  AR      arch/riscv/errata/sifive/built-in.a
  CC      arch/riscv/errata/thead/errata.o
  CC      crypto/seqiv.o
  CC      kernel/rcu/sync.o
  CC      security/selinux/nlmsgtab.o
  CC      arch/riscv/kernel/perf_callchain.o
  CC      mm/util.o
  CC      kernel/rcu/srcutree.o
  CC      kernel/irq/spurious.o
  AR      arch/riscv/errata/thead/built-in.a
  AR      arch/riscv/errata/built-in.a
  CC      arch/riscv/kvm/../../../virt/kvm/kvm_main.o
  CC      crypto/echainiv.o
  CC      arch/riscv/kernel/perf_regs.o
  CC      security/selinux/netif.o
  CC      kernel/irq/resend.o
  CC      crypto/ahash.o
  CC      mm/mmzone.o
  CC      fs/proc/generic.o
  CC      kernel/rcu/tree.o
  CC      arch/riscv/kernel/sbi.o
  CC      kernel/irq/chip.o
  CC      mm/vmstat.o
  CC      arch/riscv/kernel/sbi-ipi.o
  CC      security/selinux/netnode.o
  CC      crypto/shash.o
  CC      fs/proc/array.o
  CC      arch/riscv/kernel/cpu_ops_sbi.o
  CC      kernel/irq/dummychip.o
  CC      arch/riscv/kernel/cpu-hotplug.o
  CC      crypto/akcipher.o
  CC      security/selinux/netport.o
  CC      fs/proc/fd.o
  CC      mm/backing-dev.o
  CC      kernel/irq/devres.o
  CC      arch/riscv/kernel/jump_label.o
  CC      crypto/sig.o
  CC      arch/riscv/kvm/../../../virt/kvm/eventfd.o
  CC      fs/proc/proc_tty.o
  CC      kernel/irq/irqdomain.o
  CC      arch/riscv/kernel/efi.o
  CC      mm/mm_init.o
  CC      security/selinux/status.o
  CC      crypto/kpp.o
  CC      fs/proc/cmdline.o
  CC      arch/riscv/kernel/compat_syscall_table.o
  CC      kernel/rcu/rcu_segcblist.o
  CC      arch/riscv/kvm/../../../virt/kvm/binary_stats.o
  CC      fs/proc/consoles.o
  CC      kernel/irq/proc.o
  ASN.1   crypto/rsapubkey.asn1.[ch]
  ASN.1   crypto/rsaprivkey.asn1.[ch]
  CC      crypto/rsa.o
  CC      security/selinux/ss/ebitmap.o
  CC      arch/riscv/kernel/compat_signal.o
  CC      fs/proc/cpuinfo.o
  AR      kernel/rcu/built-in.a
  AR      kernel/livepatch/built-in.a
  CC      security/apparmor/apparmorfs.o
  CC      mm/percpu.o
  CC      arch/riscv/kvm/../../../virt/kvm/coalesced_mmio.o
  CC      crypto/rsa_helper.o
  CC      kernel/irq/cpuhotplug.o
  CC      crypto/rsa-pkcs1pad.o
  CC      fs/proc/devices.o
  CC      arch/riscv/kernel/acpi.o
  CC      arch/riscv/kvm/../../../virt/kvm/irqchip.o
  CC      security/selinux/ss/hashtab.o
  CC      kernel/irq/pm.o
  CC      fs/proc/interrupts.o
  CC      crypto/acompress.o
  AR      arch/riscv/kernel/built-in.a
  CC      arch/riscv/purgatory/purgatory.o
  CC      security/selinux/ss/symtab.o
  CC      arch/riscv/purgatory/sha256.o
  CC      arch/riscv/kvm/main.o
  CC      security/selinux/ss/sidtab.o
  CC      fs/proc/loadavg.o
  CC      kernel/irq/ipi.o
  CC      crypto/scompress.o
  CC      mm/slab_common.o
  CC      fs/proc/meminfo.o
  AS      arch/riscv/purgatory/entry.o
  CC      arch/riscv/kvm/vm.o
  CC      arch/riscv/purgatory/string.o
  CC      security/apparmor/audit.o
  CC      kernel/irq/ipi-mux.o
  CC      crypto/algboss.o
  CC      arch/riscv/purgatory/ctype.o
  AS      arch/riscv/purgatory/memcpy.o
  AS      arch/riscv/purgatory/memset.o
  CC      security/selinux/ss/avtab.o
  AS      arch/riscv/purgatory/strcmp.o
  AS      arch/riscv/purgatory/strlen.o
  AS      arch/riscv/purgatory/strncmp.o
  LD      arch/riscv/purgatory/purgatory.ro
  CC      fs/proc/stat.o
  LD      arch/riscv/purgatory/purgatory.chk
  AS      arch/riscv/purgatory/kexec-purgatory.o
  CC      arch/riscv/kvm/vmid.o
  AR      arch/riscv/purgatory/built-in.a
  CC      kernel/dma/mapping.o
  CC      kernel/irq/affinity.o
  CC      mm/compaction.o
  GEN     security/apparmor/capability_names.h
  CC      security/apparmor/task.o
  CC      crypto/testmgr.o
  CC      fs/proc/uptime.o
  CC      arch/riscv/kvm/tlb.o
  AR      kernel/irq/built-in.a
  CC      security/selinux/ss/policydb.o
  CC      kernel/dma/direct.o
  CC      security/integrity/iint.o
  CC      crypto/hmac.o
  CC      fs/proc/util.o
  CC      arch/riscv/kvm/mmu.o
  CC      security/integrity/integrity_audit.o
  CC      fs/proc/version.o
  CC      security/apparmor/ipc.o
  CC      crypto/crypto_null.o
  CC      kernel/dma/coherent.o
  CC      fs/proc/softirqs.o
  AR      security/integrity/built-in.a
  CC      security/commoncap.o
  CC      crypto/sha1_generic.o
  CC      arch/riscv/kvm/vcpu.o
  CC      kernel/dma/swiotlb.o
  CC      fs/proc/namespaces.o
  CC      security/apparmor/lib.o
  CC      mm/show_mem.o
  CC      crypto/sha256_generic.o
  CC      security/min_addr.o
  CC      fs/proc/self.o
  CC      arch/riscv/kvm/vcpu_exit.o
  CC      security/selinux/ss/services.o
  CC      crypto/sha512_generic.o
  CC      kernel/dma/pool.o
  CC      block/partitions/core.o
  CC      fs/proc/thread_self.o
  CC      mm/shmem_quota.o
  CC      security/apparmor/match.o
  CC      arch/riscv/kvm/vcpu_fp.o
  CC      crypto/sha3_generic.o
  CC      kernel/dma/remap.o
  CC      fs/proc/proc_sysctl.o
  CC      mm/interval_tree.o
  CC      block/partitions/msdos.o
  CC      security/apparmor/path.o
  CC      arch/riscv/kvm/vcpu_vector.o
  CC      crypto/blake2b_generic.o
  AR      kernel/dma/built-in.a
  CC      kernel/entry/common.o
  CC      mm/list_lru.o
  CC      block/partitions/efi.o
  CC      arch/riscv/kvm/vcpu_insn.o
  CC      kernel/entry/syscall_user_dispatch.o
  CC      crypto/cbc.o
  CC      security/apparmor/domain.o
  CC      fs/proc/proc_net.o
  CC      security/selinux/ss/conditional.o
  CC      mm/workingset.o
  CC      kernel/entry/kvm.o
  CC      crypto/ctr.o
  CC      arch/riscv/kvm/vcpu_onereg.o
  AR      block/partitions/built-in.a
  CC      block/bdev.o
  CC      fs/proc/kmsg.o
  CC      crypto/gcm.o
  AR      kernel/entry/built-in.a
  CC      kernel/time/time.o
  CC      security/selinux/ss/mls.o
  CC      mm/debug.o
  CC      fs/proc/page.o
  AS      arch/riscv/kvm/vcpu_switch.o
  CC      arch/riscv/kvm/vcpu_sbi.o
  CC      block/fops.o
  CC      crypto/aes_generic.o
  CC      kernel/time/timer.o
  CC      mm/gup.o
  AR      fs/proc/built-in.a
  CC      fs/kernfs/mount.o
  CC      arch/riscv/kvm/vcpu_sbi_v01.o
  CC      security/selinux/ss/context.o
  CC      security/apparmor/policy.o
  CC      block/bio.o
  CC      fs/kernfs/inode.o
  CC      arch/riscv/kvm/vcpu_sbi_base.o
  CC      crypto/crc32c_generic.o
  AR      security/selinux/built-in.a
  CC      security/security.o
  CC      kernel/time/hrtimer.o
  CC      crypto/authenc.o
  CC      arch/riscv/kvm/vcpu_sbi_replace.o
  CC      fs/kernfs/dir.o
  CC      mm/mmap_lock.o
  CC      security/apparmor/policy_unpack.o
  CC      arch/riscv/kvm/vcpu_sbi_hsm.o
  CC      kernel/time/timekeeping.o
  CC      crypto/authencesn.o
  CC      block/elevator.o
  CC      mm/highmem.o
  CC      fs/kernfs/file.o
  CC      arch/riscv/kvm/vcpu_timer.o
  CC      mm/memory.o
  CC      crypto/xxhash_generic.o
  CC      block/blk-core.o
  CC      security/inode.o
  CC      fs/kernfs/symlink.o
  CC      arch/riscv/kvm/vcpu_pmu.o
  CC      kernel/time/ntp.o
  CC      crypto/rng.o
  CC      security/apparmor/procattr.o
  AR      fs/kernfs/built-in.a
  CC      fs/sysfs/file.o
  CC      io_uring/io_uring.o
  CC      crypto/drbg.o
  CC      kernel/time/clocksource.o
  CC      arch/riscv/kvm/vcpu_sbi_pmu.o
  CC      block/blk-sysfs.o
  CC      fs/sysfs/dir.o
  CC      security/apparmor/lsm.o
  CC      arch/riscv/kvm/aia.o
  CC      kernel/time/jiffies.o
  CC      crypto/jitterentropy.o
  CC      fs/sysfs/symlink.o
  CC      crypto/jitterentropy-kcapi.o
  CC      block/blk-flush.o
  CC      kernel/time/timer_list.o
  CC      fs/sysfs/mount.o
  CC      crypto/ghash-generic.o
  CC      arch/riscv/kvm/aia_device.o
  CC      crypto/af_alg.o
  CC      kernel/time/timeconv.o
  CC      block/blk-settings.o
  CC      fs/sysfs/group.o
  CC      arch/riscv/kvm/aia_aplic.o
  CC      kernel/time/timecounter.o
  CC      kernel/time/alarmtimer.o
  AR      fs/sysfs/built-in.a
  CC      fs/devpts/inode.o
  CC      io_uring/xattr.o
  CC      mm/mincore.o
  CC      block/blk-ioc.o
  GEN     security/apparmor/rlim_names.h
  CC      security/apparmor/secid.o
  CC      arch/riscv/kvm/aia_imsic.o
  CC      kernel/time/posix-timers.o
  AR      fs/devpts/built-in.a
  CC      fs/netfs/buffered_read.o
  CC      io_uring/nop.o
  CC      crypto/algif_hash.o
  CC      mm/mlock.o
  CC      block/blk-map.o
  CC      security/apparmor/file.o
  CC      io_uring/fs.o
  CC      fs/netfs/io.o
  AR      arch/riscv/kvm/built-in.a
  AR      arch/riscv/built-in.a
  CC      kernel/time/posix-cpu-timers.o
  CC      lib/math/div64.o
  CC      crypto/xor.o
  CC      lib/math/gcd.o
  CC      lib/math/lcm.o
  CC      lib/math/int_log.o
  CC      block/blk-merge.o
  CC      lib/math/int_pow.o
  CC      io_uring/splice.o
  CC      lib/math/int_sqrt.o
  CC      mm/mmap.o
  CC      lib/math/reciprocal_div.o
  CC      lib/math/rational.o
  CC      fs/netfs/iterator.o
  CC      crypto/rsapubkey.asn1.o
  CC      crypto/rsaprivkey.asn1.o
  AR      crypto/built-in.a
  CC      security/apparmor/policy_ns.o
  CC      kernel/futex/core.o
  CC      kernel/time/posix-clock.o
  AR      lib/math/built-in.a
  CC      lib/crypto/mpi/generic_mpih-lshift.o
  CC      io_uring/sync.o
  CC      fs/netfs/main.o
  CC      lib/crypto/mpi/generic_mpih-mul1.o
  CC      block/blk-timeout.o
  CC      kernel/time/itimer.o
  CC      io_uring/advise.o
  CC      fs/netfs/objects.o
  CC      kernel/futex/syscalls.o
  CC      security/apparmor/label.o
  CC      lib/crypto/mpi/generic_mpih-mul2.o
  CC      block/blk-lib.o
  CC      kernel/time/clockevents.o
  AR      fs/netfs/built-in.a
  CC      fs/ext4/balloc.o
  CC      io_uring/filetable.o
  CC      mm/mmu_gather.o
  CC      lib/crypto/mpi/generic_mpih-mul3.o
  CC      kernel/futex/pi.o
  CC      block/blk-mq.o
  CC      kernel/time/tick-common.o
  CC      lib/crypto/mpi/generic_mpih-rshift.o
  CC      kernel/futex/requeue.o
  CC      mm/mprotect.o
  CC      io_uring/openclose.o
  CC      fs/ext4/bitmap.o
  CC      lib/crypto/mpi/generic_mpih-sub1.o
  CC      kernel/futex/waitwake.o
  CC      kernel/time/tick-broadcast.o
  CC      security/apparmor/mount.o
  CC      lib/crypto/mpi/generic_mpih-add1.o
  CC      fs/ext4/block_validity.o
  CC      io_uring/uring_cmd.o
  AR      kernel/futex/built-in.a
  CC      kernel/cgroup/cgroup.o
  CC      mm/mremap.o
  CC      lib/crypto/mpi/ec.o
  CC      kernel/time/tick-broadcast-hrtimer.o
  CC      fs/ext4/dir.o
  CC      kernel/time/sched_clock.o
  CC      io_uring/epoll.o
  GEN     security/apparmor/net_names.h
  GEN     security/apparmor/net_names.h
  CC      security/apparmor/policy_compat.o
  CC      mm/msync.o
  CC      lib/crypto/mpi/mpicoder.o
  CC      kernel/time/tick-oneshot.o
  CC      io_uring/statx.o
  CC      fs/ext4/ext4_jbd2.o
  CC      block/blk-mq-tag.o
  CC      mm/page_vma_mapped.o
  CC      kernel/time/tick-sched.o
  CC      lib/crypto/mpi/mpi-add.o
  CC      security/apparmor/crypto.o
  CC      io_uring/net.o
  CC      fs/ext4/extents.o
  CC      mm/pagewalk.o
  CC      block/blk-stat.o
  CC      lib/crypto/mpi/mpi-bit.o
  CC      kernel/time/vsyscall.o
  CC      security/apparmor/capability.o
  CC      kernel/time/timekeeping_debug.o
  CC      lib/crypto/mpi/mpi-cmp.o
  CC      mm/pgtable-generic.o
  CC      block/blk-mq-sysfs.o
  CC      kernel/cgroup/rstat.o
  CC      kernel/time/namespace.o
  CC      io_uring/msg_ring.o
  CC      lib/crypto/mpi/mpi-sub-ui.o
  CC      mm/rmap.o
  CC      security/apparmor/resource.o
  CC      block/blk-mq-cpumap.o
  CC      kernel/cgroup/namespace.o
  CC      lib/crypto/mpi/mpi-div.o
  AR      kernel/time/built-in.a
  CC      kernel/bpf/core.o
  CC      io_uring/timeout.o
  CC      kernel/cgroup/cgroup-v1.o
  CC      block/blk-mq-sched.o
  CC      lib/crypto/mpi/mpi-inv.o
  CC      security/apparmor/net.o
  CC      lib/crypto/mpi/mpi-mod.o
  CC      fs/ext4/extents_status.o
  CC      io_uring/sqpoll.o
  CC      block/ioctl.o
  CC      mm/vmalloc.o
  CC      kernel/cgroup/freezer.o
  CC      lib/crypto/mpi/mpi-mul.o
  AR      security/apparmor/built-in.a
  CC      security/lsm_audit.o
  CC      lib/crypto/mpi/mpih-cmp.o
  CC      io_uring/fdinfo.o
  CC      kernel/cgroup/legacy_freezer.o
  CC      kernel/bpf/syscall.o
  CC      block/genhd.o
  CC      fs/ext4/file.o
  CC      lib/crypto/mpi/mpih-div.o
  CC      kernel/cgroup/pids.o
  CC      security/device_cgroup.o
  CC      io_uring/tctx.o
  CC      fs/ext4/fsmap.o
  CC      lib/crypto/mpi/mpih-mul.o
  CC      kernel/cgroup/cpuset.o
  CC      block/ioprio.o
  CC      io_uring/poll.o
  AR      security/built-in.a
  AS      arch/riscv/lib/clear_page.o
  CC      arch/riscv/lib/delay.o
  CC      lib/crypto/mpi/mpi-pow.o
  AS      arch/riscv/lib/memcpy.o
  CC      fs/ext4/fsync.o
  AS      arch/riscv/lib/memmove.o
  CC      block/badblocks.o
  CC      mm/process_vm_access.o
  AS      arch/riscv/lib/memset.o
  AS      arch/riscv/lib/strcmp.o
  AS      arch/riscv/lib/strlen.o
  AS      arch/riscv/lib/strncmp.o
  AS      arch/riscv/lib/tishift.o
  AS      arch/riscv/lib/uaccess.o
  AR      arch/riscv/lib/built-in.a
  AR      arch/riscv/lib/lib.a
  AR      drivers/cache/built-in.a
  CC      drivers/irqchip/irqchip.o
  CC      lib/crypto/mpi/mpiutil.o
  CC      io_uring/cancel.o
  CC      block/blk-rq-qos.o
  CC      fs/ext4/hash.o
  CC      mm/page_alloc.o
  CC      drivers/irqchip/irq-riscv-intc.o
  AR      lib/crypto/mpi/built-in.a
  AR      kernel/cgroup/built-in.a
  CC      lib/crypto/memneq.o
  AR      drivers/bus/mhi/built-in.a
  CC      drivers/bus/simple-pm-bus.o
  CC      kernel/bpf/verifier.o
  CC      block/disk-events.o
  CC      io_uring/kbuf.o
  CC      fs/ext4/ialloc.o
  CC      drivers/irqchip/irq-sifive-plic.o
  CC      lib/crypto/utils.o
  AR      drivers/bus/built-in.a
  CC      drivers/phy/allwinner/phy-sun6i-mipi-dphy.o
  CC      lib/crypto/chacha.o
  CC      block/blk-ia-ranges.o
  CC      lib/crypto/aes.o
  CC      io_uring/rsrc.o
  AR      drivers/phy/allwinner/built-in.a
  AR      drivers/phy/amlogic/built-in.a
  AR      drivers/phy/broadcom/built-in.a
  AR      drivers/phy/cadence/built-in.a
  AR      drivers/phy/freescale/built-in.a
  AR      drivers/irqchip/built-in.a
  AR      drivers/phy/hisilicon/built-in.a
  CC      lib/zlib_inflate/inffast.o
  AR      drivers/phy/ingenic/built-in.a
  AR      drivers/phy/intel/built-in.a
  AR      drivers/phy/lantiq/built-in.a
  AR      drivers/phy/marvell/built-in.a
  AR      drivers/phy/mediatek/built-in.a
  AR      drivers/phy/microchip/built-in.a
  AR      drivers/phy/motorola/built-in.a
  AR      drivers/phy/mscc/built-in.a
  AR      drivers/phy/qualcomm/built-in.a
  AR      drivers/phy/ralink/built-in.a
  AR      drivers/phy/renesas/built-in.a
  AR      drivers/phy/rockchip/built-in.a
  AR      drivers/phy/samsung/built-in.a
  AR      drivers/phy/socionext/built-in.a
  AR      drivers/phy/st/built-in.a
  AR      drivers/phy/starfive/built-in.a
  AR      drivers/phy/sunplus/built-in.a
  AR      drivers/phy/tegra/built-in.a
  CC      lib/zlib_inflate/inflate.o
  AR      drivers/phy/ti/built-in.a
  AR      drivers/phy/xilinx/built-in.a
  CC      drivers/phy/phy-core.o
  CC      block/early-lookup.o
  CC      fs/ext4/indirect.o
  CC      lib/crypto/gf128mul.o
  CC      lib/zlib_inflate/infutil.o
  CC      lib/zlib_inflate/inftrees.o
  CC      drivers/phy/phy-core-mipi-dphy.o
  CC      block/bsg.o
  CC      lib/crypto/blake2s.o
  CC      lib/zlib_inflate/inflate_syms.o
  CC      io_uring/rw.o
  CC      mm/init-mm.o
  CC      fs/ext4/inline.o
  CC      lib/crypto/blake2s-generic.o
  AR      lib/zlib_inflate/built-in.a
  CC      sound/core/sound.o
  AR      drivers/phy/built-in.a
  AR      drivers/pinctrl/actions/built-in.a
  AR      drivers/pinctrl/bcm/built-in.a
  AR      drivers/pinctrl/cirrus/built-in.a
  AR      drivers/pinctrl/freescale/built-in.a
  AR      drivers/pinctrl/mediatek/built-in.a
  CC      block/mq-deadline.o
  AR      drivers/pinctrl/mvebu/built-in.a
  AR      drivers/pinctrl/nomadik/built-in.a
  AR      drivers/pinctrl/nuvoton/built-in.a
  AR      drivers/pinctrl/nxp/built-in.a
  AR      drivers/pinctrl/qcom/built-in.a
  AR      drivers/pinctrl/renesas/built-in.a
  AR      drivers/pinctrl/sprd/built-in.a
  CC      drivers/pinctrl/starfive/pinctrl-starfive-jh7100.o
  CC      mm/memblock.o
  CC      sound/core/init.o
  CC      lib/crypto/sha1.o
  CC      io_uring/opdef.o
  CC      drivers/pinctrl/starfive/pinctrl-starfive-jh7110.o
  CC      block/kyber-iosched.o
  CC      lib/crypto/sha256.o
  CC      sound/core/memory.o
  CC      fs/ext4/inode.o
  CC      mm/madvise.o
  CC      io_uring/notif.o
  CC      sound/core/control.o
  CC      drivers/pinctrl/starfive/pinctrl-starfive-jh7110-sys.o
  AR      lib/crypto/built-in.a
  CC      lib/zlib_deflate/deflate.o
  CC      block/bfq-iosched.o
  CC      drivers/pinctrl/starfive/pinctrl-starfive-jh7110-aon.o
  CC      io_uring/io-wq.o
  CC      lib/zlib_deflate/deftree.o
  CC      mm/page_io.o
  AR      drivers/pinctrl/starfive/built-in.a
  AR      drivers/pinctrl/sunplus/built-in.a
  CC      drivers/pinctrl/sunxi/pinctrl-sunxi.o
  CC      lib/zlib_deflate/deflate_syms.o
  CC      sound/core/misc.o
  AR      lib/zlib_deflate/built-in.a
  CC      lib/lzo/lzo1x_compress.o
  CC      mm/swap_state.o
  CC      sound/core/device.o
  AR      io_uring/built-in.a
  CC      drivers/gpio/gpiolib.o
  CC      drivers/pinctrl/sunxi/pinctrl-sun20i-d1.o
  CC      sound/core/info.o
  CC      lib/lzo/lzo1x_decompress_safe.o
  CC      fs/ext4/ioctl.o
  CC      block/bfq-wf2q.o
  AR      drivers/pinctrl/sunxi/built-in.a
  AR      drivers/pinctrl/ti/built-in.a
  CC      drivers/pinctrl/core.o
  AR      lib/lzo/built-in.a
  CC      lib/lz4/lz4_decompress.o
  CC      mm/swapfile.o
  CC      sound/core/ctljack.o
  CC      sound/core/jack.o
  CC      block/bfq-cgroup.o
  CC      fs/ext4/mballoc.o
  CC      drivers/pinctrl/pinctrl-utils.o
  CC      drivers/gpio/gpiolib-devres.o
  CC      sound/core/timer.o
  CC      block/blk-mq-virtio.o
  AR      lib/lz4/built-in.a
  CC      lib/zstd/zstd_compress_module.o
  CC      drivers/pinctrl/pinmux.o
  CC      drivers/gpio/gpiolib-legacy.o
  CC      lib/zstd/compress/fse_compress.o
  CC      block/blk-mq-debugfs.o
  CC      drivers/pinctrl/pinconf.o
  CC      drivers/gpio/gpiolib-of.o
  CC      kernel/bpf/inode.o
  CC      lib/zstd/compress/hist.o
  CC      mm/swap_slots.o
  CC      lib/zstd/compress/huf_compress.o
  CC      sound/core/pcm.o
  CC      drivers/pinctrl/pinconf-generic.o
  CC      block/blk-pm.o
  CC      drivers/gpio/gpiolib-cdev.o
  CC      mm/dmapool.o
  CC      drivers/pinctrl/devicetree.o
  CC      kernel/bpf/helpers.o
  CC      lib/zstd/compress/zstd_compress.o
  CC      block/holder.o
  CC      sound/core/pcm_native.o
  CC      mm/hugetlb.o
  AR      drivers/pinctrl/built-in.a
  AR      drivers/pwm/built-in.a
  CC      fs/jbd2/transaction.o
  AR      block/built-in.a
  AR      drivers/pci/controller/dwc/built-in.a
  AR      drivers/pci/controller/mobiveil/built-in.a
  AR      drivers/pci/controller/built-in.a
  AR      drivers/pci/switch/built-in.a
  CC      drivers/pci/of.o
  CC      drivers/gpio/gpiolib-acpi.o
  CC      fs/ext4/migrate.o
  AR      drivers/pci/built-in.a
  CC      kernel/events/core.o
  CC      kernel/bpf/tnum.o
  CC      kernel/bpf/log.o
  CC      fs/jbd2/commit.o
  CC      fs/ext4/mmp.o
  CC      drivers/gpio/gpiolib-swnode.o
  CC      lib/zstd/compress/zstd_compress_literals.o
  CC      kernel/bpf/bpf_iter.o
  CC      lib/zstd/compress/zstd_compress_sequences.o
  CC      drivers/gpio/gpio-mmio.o
  CC      sound/core/pcm_lib.o
  CC      fs/ext4/move_extent.o
  CC      fs/jbd2/recovery.o
  CC      lib/zstd/compress/zstd_compress_superblock.o
  CC      lib/zstd/compress/zstd_double_fast.o
  CC      drivers/gpio/gpio-sifive.o
  CC      kernel/bpf/map_iter.o
  CC      fs/ext4/namei.o
  CC      fs/jbd2/checkpoint.o
  AR      drivers/gpio/built-in.a
  CC      drivers/video/console/dummycon.o
  CC      mm/hugetlb_vmemmap.o
  CC      sound/core/pcm_misc.o
  CC      kernel/bpf/task_iter.o
  CC      drivers/video/console/vgacon.o
  CC      fs/jbd2/revoke.o
  CC      sound/core/pcm_memory.o
  CC      mm/sparse.o
  CC      sound/core/memalloc.o
  CC      fs/jbd2/journal.o
  CC      kernel/bpf/prog_iter.o
  CC      mm/sparse-vmemmap.o
  AR      drivers/video/console/built-in.a
  CC      drivers/video/backlight/backlight.o
  CC      lib/zstd/compress/zstd_fast.o
  CC      fs/ext4/page-io.o
  CC      sound/core/pcm_timer.o
  CC      kernel/bpf/link_iter.o
  CC      mm/mmu_notifier.o
  AR      sound/core/built-in.a
  AR      sound/i2c/other/built-in.a
  AR      sound/i2c/built-in.a
  AR      sound/drivers/opl3/built-in.a
  AR      sound/drivers/opl4/built-in.a
  AR      drivers/video/backlight/built-in.a
  AR      sound/drivers/mpu401/built-in.a
  AR      sound/drivers/vx/built-in.a
  AR      sound/drivers/pcsp/built-in.a
  CC      drivers/video/fbdev/core/fb_notify.o
  AR      sound/drivers/built-in.a
  AR      sound/isa/ad1816a/built-in.a
  AR      sound/isa/ad1848/built-in.a
  AR      sound/isa/cs423x/built-in.a
  AR      sound/isa/es1688/built-in.a
  AR      sound/isa/galaxy/built-in.a
  AR      sound/isa/gus/built-in.a
  AR      sound/isa/msnd/built-in.a
  AR      sound/isa/opti9xx/built-in.a
  AR      sound/isa/sb/built-in.a
  AR      sound/isa/wavefront/built-in.a
  AR      sound/isa/wss/built-in.a
  AR      sound/isa/built-in.a
  AR      sound/pci/ac97/built-in.a
  AR      sound/pci/ali5451/built-in.a
  AR      sound/pci/asihpi/built-in.a
  AR      sound/pci/au88x0/built-in.a
  AR      sound/pci/aw2/built-in.a
  AR      sound/pci/ctxfi/built-in.a
  AR      sound/pci/ca0106/built-in.a
  AR      sound/pci/cs46xx/built-in.a
  AR      sound/pci/cs5535audio/built-in.a
  AR      sound/pci/lola/built-in.a
  AR      sound/pci/lx6464es/built-in.a
  CC      kernel/events/ring_buffer.o
  AR      sound/pci/echoaudio/built-in.a
  AR      sound/pci/emu10k1/built-in.a
  AR      sound/pci/hda/built-in.a
  CC      fs/ext4/readpage.o
  AR      sound/pci/ice1712/built-in.a
  CC      kernel/bpf/hashtab.o
  AR      sound/pci/korg1212/built-in.a
  AR      fs/jbd2/built-in.a
  AR      sound/pci/mixart/built-in.a
  AR      sound/pci/nm256/built-in.a
  AR      sound/pci/oxygen/built-in.a
  AR      sound/ppc/built-in.a
  CC      lib/zstd/compress/zstd_lazy.o
  AR      sound/pci/pcxhr/built-in.a
  CC      mm/slub.o
  AR      sound/pci/riptide/built-in.a
  AR      sound/pci/rme9652/built-in.a
  AR      sound/pci/trident/built-in.a
  AR      sound/pci/ymfpci/built-in.a
  AR      sound/pci/vx222/built-in.a
  AR      sound/pci/built-in.a
  AR      sound/arm/built-in.a
  AR      sound/sh/built-in.a
  AR      sound/synth/built-in.a
  AR      sound/usb/misc/built-in.a
  AR      sound/usb/usx2y/built-in.a
  AR      sound/usb/caiaq/built-in.a
  AR      sound/usb/6fire/built-in.a
  AR      sound/usb/hiface/built-in.a
  AR      sound/usb/bcd2000/built-in.a
  AR      sound/usb/built-in.a
  AR      sound/firewire/built-in.a
  CC      drivers/video/fbdev/core/fb_info.o
  AR      sound/sparc/built-in.a
  AR      sound/spi/built-in.a
  AR      sound/parisc/built-in.a
  AR      sound/pcmcia/vx/built-in.a
  AR      sound/pcmcia/pdaudiocf/built-in.a
  AR      sound/pcmcia/built-in.a
  AR      sound/mips/built-in.a
  AR      sound/soc/built-in.a
  AR      sound/atmel/built-in.a
  AR      sound/hda/built-in.a
  AR      sound/x86/built-in.a
  AR      sound/xen/built-in.a
  CC      sound/virtio/virtio_card.o
  CC      fs/ext4/resize.o
  CC      kernel/events/callchain.o
  CC      drivers/video/fbdev/core/fbmem.o
  CC      sound/virtio/virtio_chmap.o
  AR      kernel/events/built-in.a
  CC      sound/virtio/virtio_ctl_msg.o
  AR      drivers/idle/built-in.a
  CC      lib/xz/xz_dec_syms.o
  CC      drivers/video/fbdev/core/fbcmap.o
  CC      sound/virtio/virtio_jack.o
  CC      lib/xz/xz_dec_stream.o
  CC      net/core/sock.o
  CC      kernel/bpf/arraymap.o
  CC      fs/ext4/super.o
  CC      sound/virtio/virtio_pcm.o
  CC      lib/xz/xz_dec_lzma2.o
  CC      drivers/video/fbdev/core/modedb.o
  CC      lib/xz/xz_dec_bcj.o
  CC      sound/virtio/virtio_pcm_msg.o
  CC      drivers/video/fbdev/core/fbcvt.o
  CC      mm/memtest.o
  AR      lib/xz/built-in.a
  CC      net/core/request_sock.o
  CC      kernel/bpf/percpu_freelist.o
  CC      sound/virtio/virtio_pcm_ops.o
  CC      mm/migrate.o
  CC      kernel/bpf/bpf_lru_list.o
  CC      drivers/video/fbdev/core/fb_cmdline.o
  CC      fs/ramfs/inode.o
  AR      sound/virtio/built-in.a
  CC      sound/sound_core.o
  CC      kernel/bpf/lpm_trie.o
  CC      drivers/video/fbdev/core/fb_backlight.o
  CC      sound/last.o
  CC      fs/ramfs/file-mmu.o
  CC      net/core/skbuff.o
  AR      sound/built-in.a
  AR      drivers/video/fbdev/omap/built-in.a
  CC      drivers/video/fbdev/core/fbmon.o
  CC      drivers/video/aperture.o
  AR      fs/ramfs/built-in.a
  CC      kernel/fork.o
  CC      fs/ext4/symlink.o
  CC      kernel/bpf/map_in_map.o
  CC      mm/page_counter.o
  CC      mm/memcontrol.o
  CC      drivers/video/fbdev/core/fb_defio.o
  AR      drivers/char/ipmi/built-in.a
  CC      lib/zstd/compress/zstd_ldm.o
  CC      fs/ext4/sysfs.o
  CC      kernel/bpf/bloom_filter.o
  CC      net/llc/llc_core.o
  CC      drivers/video/fbdev/core/fb_chrdev.o
  CC      kernel/bpf/local_storage.o
  CC      fs/ext4/xattr.o
  CC      lib/raid6/algos.o
  CC      net/llc/llc_input.o
  CC      drivers/video/fbdev/core/fb_procfs.o
  CC      lib/raid6/recov.o
  CC      kernel/bpf/queue_stack_maps.o
  CC      net/llc/llc_output.o
  CC      drivers/video/fbdev/core/fbsysfs.o
  HOSTCC  lib/raid6/mktables
  CC      kernel/bpf/ringbuf.o
  UNROLL  lib/raid6/int1.c
  UNROLL  lib/raid6/int2.c
  UNROLL  lib/raid6/int4.c
  UNROLL  lib/raid6/int8.c
  UNROLL  lib/raid6/int16.c
  UNROLL  lib/raid6/int32.c
  TABLE   lib/raid6/tables.c
  AR      net/llc/built-in.a
  CC      fs/ext4/xattr_hurd.o
  CC      lib/raid6/int1.o
  AR      virt/lib/built-in.a
  AR      virt/built-in.a
  CC      lib/raid6/int2.o
  CC      drivers/video/fbdev/core/fbcon.o
  CC      net/core/datagram.o
  CC      fs/ext4/xattr_trusted.o
  CC      fs/ext4/xattr_user.o
  CC      lib/raid6/int4.o
  CC      mm/vmpressure.o
  CC      kernel/bpf/bpf_local_storage.o
  CC      fs/hugetlbfs/inode.o
  CC      fs/ext4/fast_commit.o
  CC      lib/raid6/int8.o
  CC      mm/swap_cgroup.o
  CC      net/core/stream.o
  CC      drivers/video/fbdev/core/bitblit.o
  CC      kernel/bpf/bpf_task_storage.o
  CC      lib/raid6/int16.o
  CC      mm/hugetlb_cgroup.o
  AR      fs/hugetlbfs/built-in.a
  CC      drivers/acpi/acpica/dsargs.o
  CC      lib/raid6/int32.o
  CC      fs/ext4/orphan.o
  CC      net/core/scm.o
  CC      drivers/video/fbdev/core/softcursor.o
  CC      kernel/bpf/disasm.o
  CC      drivers/acpi/acpica/dscontrol.o
  CC      mm/debug_vm_pgtable.o
  CC      lib/raid6/tables.o
  CC      drivers/acpi/acpica/dsdebug.o
  CC      drivers/video/fbdev/core/fb_io_fops.o
  CC      kernel/bpf/mprog.o
  CC      drivers/acpi/acpica/dsfield.o
  CC      fs/ext4/acl.o
  CC      net/core/gen_stats.o
  AR      lib/raid6/built-in.a
  CC      drivers/video/cmdline.o
  CC      drivers/acpi/acpica/dsinit.o
  CC      mm/early_ioremap.o
  CC      drivers/video/fbdev/core/sysfillrect.o
  CC      drivers/acpi/acpica/dsmethod.o
  CC      kernel/bpf/btf.o
  CC      fs/ext4/xattr_security.o
  CC      drivers/video/nomodeset.o
  CC      net/core/gen_estimator.o
  CC      mm/balloon_compaction.o
  CC      drivers/acpi/acpica/dsmthdat.o
  CC      lib/zstd/compress/zstd_opt.o
  CC      drivers/video/fbdev/core/syscopyarea.o
  AR      fs/ext4/built-in.a
  CC      fs/fat/cache.o
  CC      drivers/acpi/acpica/dsobject.o
  CC      mm/secretmem.o
  CC      net/core/net_namespace.o
  CC      drivers/acpi/acpica/dsopcode.o
  CC      kernel/exec_domain.o
  CC      drivers/video/fbdev/core/sysimgblt.o
  CC      fs/fat/dir.o
  CC      drivers/acpi/acpica/dspkginit.o
  CC      mm/debug_page_alloc.o
  CC      mm/memfd.o
  CC      drivers/acpi/acpica/dsutils.o
  CC      drivers/video/fbdev/core/fb_sys_fops.o
  AR      drivers/video/fbdev/omap2/omapfb/dss/built-in.a
  AR      drivers/video/fbdev/omap2/omapfb/displays/built-in.a
  AR      drivers/video/fbdev/omap2/omapfb/built-in.a
  AR      drivers/video/fbdev/omap2/built-in.a
  CC      drivers/acpi/acpica/dswexec.o
  CC      net/core/secure_seq.o
  CC      net/ethernet/eth.o
  CC      mm/page_reporting.o
  AR      drivers/video/fbdev/core/built-in.a
  AR      drivers/video/fbdev/built-in.a
  CC      drivers/video/hdmi.o
  CC      fs/fat/fatent.o
  CC      drivers/acpi/acpica/dswload.o
  CC      drivers/acpi/acpica/dswload2.o
  CC      mm/ioremap.o
  CC      net/core/flow_dissector.o
  CC      drivers/video/display_timing.o
  CC      drivers/acpi/acpica/dswscope.o
  AR      net/ethernet/built-in.a
  CC      drivers/pnp/pnpacpi/core.o
  CC      fs/fat/file.o
  CC      lib/zstd/zstd_decompress_module.o
  CC      drivers/video/videomode.o
  CC      drivers/video/of_display_timing.o
  CC      drivers/acpi/acpica/dswstate.o
  AR      mm/built-in.a
  AR      drivers/acpi/pmic/built-in.a
  CC      drivers/pnp/pnpacpi/rsparser.o
  CC      kernel/bpf/memalloc.o
  CC      lib/zstd/decompress/huf_decompress.o
  CC      drivers/video/of_videomode.o
  CC      drivers/acpi/acpica/evevent.o
  CC      lib/fonts/fonts.o
  AR      drivers/video/built-in.a
  CC      lib/zstd/decompress/zstd_ddict.o
  CC      drivers/acpi/acpica/evgpe.o
  CC      fs/fat/inode.o
  CC      fs/isofs/namei.o
  AR      drivers/pnp/pnpacpi/built-in.a
  CC      drivers/pnp/core.o
  CC      drivers/acpi/acpica/evgpeblk.o
  CC      lib/fonts/font_8x8.o
  CC      lib/fonts/font_8x16.o
  CC      kernel/bpf/devmap.o
  CC      drivers/acpi/acpica/evgpeinit.o
  CC      net/core/sysctl_net_core.o
  CC      drivers/pnp/card.o
  CC      fs/isofs/inode.o
  AR      lib/fonts/built-in.a
  CC      lib/argv_split.o
  CC      drivers/acpi/acpica/evgpeutil.o
  CC      kernel/panic.o
  CC      lib/zstd/decompress/zstd_decompress.o
  CC      fs/fat/misc.o
  CC      drivers/acpi/acpica/evglock.o
  CC      drivers/pnp/driver.o
  CC      drivers/acpi/acpica/evhandler.o
  CC      kernel/cpu.o
  CC      net/core/dev.o
  CC      fs/isofs/dir.o
  CC      kernel/bpf/cpumap.o
  CC      fs/fat/nfs.o
  CC      drivers/pnp/resource.o
  CC      drivers/acpi/acpica/evmisc.o
  CC      lib/zstd/decompress/zstd_decompress_block.o
  CC      drivers/acpi/acpica/evregion.o
  CC      fs/isofs/util.o
  CC      fs/fat/namei_vfat.o
  CC      drivers/acpi/acpica/evrgnini.o
  CC      drivers/pnp/manager.o
  CC      fs/isofs/rock.o
  CC      kernel/bpf/offload.o
  CC      drivers/acpi/acpica/evsci.o
  CC      kernel/exit.o
  CC      drivers/pnp/support.o
  CC      drivers/acpi/acpica/evxface.o
  CC      fs/fat/namei_msdos.o
  CC      lib/zstd/zstd_common_module.o
  CC      drivers/acpi/acpica/evxfevnt.o
  CC      fs/isofs/export.o
  CC      drivers/pnp/interface.o
  CC      lib/zstd/common/debug.o
  CC      lib/zstd/common/entropy_common.o
  CC      drivers/acpi/acpica/evxfgpe.o
  CC      lib/zstd/common/error_private.o
  CC      lib/zstd/common/fse_decompress.o
  CC      kernel/bpf/net_namespace.o
  AR      fs/fat/built-in.a
  CC      fs/nfs/filelayout/filelayout.o
  CC      drivers/acpi/acpica/evxfregn.o
  CC      fs/isofs/joliet.o
  CC      drivers/pnp/quirks.o
  CC      fs/nfs/blocklayout/blocklayout.o
  CC      lib/zstd/common/zstd_common.o
  CC      drivers/acpi/acpica/exconcat.o
  AR      lib/zstd/built-in.a
  CC      lib/bug.o
  CC      fs/isofs/compress.o
  CC      drivers/pnp/system.o
  CC      drivers/acpi/acpica/exconfig.o
  CC      kernel/bpf/tcx.o
  CC      lib/buildid.o
  CC      drivers/acpi/acpica/exconvrt.o
  AR      drivers/pnp/built-in.a
  CC      fs/nfs/filelayout/filelayoutdev.o
  CC      fs/nfs/blocklayout/dev.o
  AR      fs/isofs/built-in.a
  CC      net/802/p8022.o
  CC      drivers/acpi/acpica/excreate.o
  CC      lib/clz_tab.o
  CC      lib/cmdline.o
  CC      drivers/acpi/dptf/int340x_thermal.o
  CC      lib/cpumask.o
  CC      kernel/bpf/stackmap.o
  CC      drivers/acpi/acpica/exdebug.o
  AR      drivers/acpi/dptf/built-in.a
  CC      net/core/dev_addr_lists.o
  AR      fs/nfs/filelayout/built-in.a
  CC      kernel/softirq.o
  CC      net/802/psnap.o
  CC      lib/ctype.o
  CC      drivers/acpi/acpica/exdump.o
  CC      lib/dec_and_lock.o
  CC      fs/nfs/blocklayout/extent_tree.o
  CC      lib/decompress.o
  CC      lib/decompress_bunzip2.o
  CC      drivers/acpi/acpica/exfield.o
  CC      kernel/bpf/cgroup_iter.o
  CC      net/802/stp.o
  CC      drivers/acpi/acpica/exfldio.o
  CC      drivers/amba/bus.o
  CC      fs/exportfs/expfs.o
  CC      lib/decompress_inflate.o
  CC      net/core/dst.o
  CC      drivers/acpi/acpica/exmisc.o
  CC      kernel/bpf/bpf_cgrp_storage.o
  CC      lib/decompress_unlz4.o
  AR      fs/exportfs/built-in.a
  CC      net/sched/sch_generic.o
  CC      fs/nfs/blocklayout/rpc_pipefs.o
  AR      net/802/built-in.a
  CC      kernel/resource.o
  CC      drivers/acpi/acpica/exmutex.o
  AR      drivers/amba/built-in.a
  AR      drivers/clk/actions/built-in.a
  CC      drivers/clk/analogbits/wrpll-cln28hpc.o
  AR      drivers/clk/analogbits/built-in.a
  AR      drivers/clk/bcm/built-in.a
  AR      drivers/clk/imgtec/built-in.a
  AR      drivers/clk/imx/built-in.a
  AR      drivers/clk/ingenic/built-in.a
  CC      lib/decompress_unlzma.o
  AR      drivers/clk/mediatek/built-in.a
  CC      drivers/clk/microchip/clk-mpfs.o
  CC      drivers/acpi/acpica/exnames.o
  CC      net/core/netevent.o
  CC      kernel/bpf/cgroup.o
  CC      drivers/acpi/acpica/exoparg1.o
  CC      drivers/clk/microchip/clk-mpfs-ccc.o
  CC      lib/decompress_unlzo.o
  AR      fs/nfs/blocklayout/built-in.a
  CC      fs/nfs/flexfilelayout/flexfilelayout.o
  CC      drivers/acpi/acpica/exoparg2.o
  CC      fs/nfs/flexfilelayout/flexfilelayoutdev.o
  CC      net/core/neighbour.o
  CC      drivers/acpi/acpica/exoparg3.o
  AR      drivers/clk/microchip/built-in.a
  AR      drivers/clk/mstar/built-in.a
  AR      drivers/clk/mvebu/built-in.a
  AR      drivers/clk/ralink/built-in.a
  CC      lib/decompress_unxz.o
  AR      drivers/clk/renesas/built-in.a
  CC      drivers/clk/sifive/sifive-prci.o
  CC      net/sched/sch_mq.o
  CC      drivers/acpi/acpica/exoparg6.o
  CC      lib/decompress_unzstd.o
  AR      drivers/clk/sifive/built-in.a
  AR      drivers/clk/socfpga/built-in.a
  AR      drivers/clk/sprd/built-in.a
  CC      drivers/clk/starfive/clk-starfive-jh71x0.o
  CC      drivers/acpi/acpica/exprep.o
  CC      lib/dump_stack.o
  CC      drivers/acpi/acpica/exregion.o
  CC      net/sched/sch_frag.o
  CC      kernel/bpf/reuseport_array.o
  CC      drivers/clk/starfive/clk-starfive-jh7100.o
  CC      drivers/acpi/riscv/rhct.o
  CC      lib/earlycpio.o
  CC      drivers/acpi/acpica/exresnte.o
  AR      fs/nfs/flexfilelayout/built-in.a
  CC      fs/nfs/client.o
  CC      lib/extable.o
  CC      drivers/clk/starfive/clk-starfive-jh7100-audio.o
  AR      drivers/acpi/riscv/built-in.a
  CC      fs/lockd/clntlock.o
  CC      drivers/acpi/acpica/exresolv.o
  CC      lib/fdt.o
  CC      kernel/bpf/relo_core.o
  CC      net/sched/sch_api.o
  CC      drivers/clk/starfive/clk-starfive-jh7110-pll.o
  CC      lib/fdt_addresses.o
  CC      drivers/acpi/acpica/exresop.o
  CC      lib/fdt_empty_tree.o
  CC      lib/fdt_ro.o
  CC      net/core/rtnetlink.o
  CC      drivers/acpi/acpica/exserial.o
  CC      drivers/clk/starfive/clk-starfive-jh7110-sys.o
  CC      lib/fdt_rw.o
  CC      fs/lockd/clntproc.o
  CC      fs/nfs/dir.o
  CC      drivers/acpi/acpica/exstore.o
  CC      lib/fdt_strerror.o
  CC      lib/fdt_sw.o
  CC      drivers/clk/starfive/clk-starfive-jh7110-aon.o
  CC      lib/fdt_wip.o
  CC      drivers/acpi/acpica/exstoren.o
  AR      kernel/bpf/built-in.a
  CC      lib/flex_proportions.o
  CC      kernel/sysctl.o
  CC      drivers/acpi/acpica/exstorob.o
  CC      drivers/clk/starfive/clk-starfive-jh7110-stg.o
  CC      lib/idr.o
  CC      net/sched/sch_blackhole.o
  CC      fs/lockd/clntxdr.o
  CC      drivers/acpi/acpica/exsystem.o
  CC      drivers/clk/starfive/clk-starfive-jh7110-isp.o
  CC      lib/irq_regs.o
  CC      drivers/acpi/acpica/extrace.o
  CC      lib/is_single_threaded.o
  CC      net/sched/cls_api.o
  CC      drivers/acpi/acpica/exutils.o
  CC      drivers/clk/starfive/clk-starfive-jh7110-vout.o
  CC      lib/klist.o
  CC      fs/lockd/host.o
  CC      kernel/capability.o
  CC      lib/kobject.o
  CC      fs/nfs/file.o
  CC      drivers/acpi/acpica/hwacpi.o
  AR      drivers/clk/starfive/built-in.a
  AR      drivers/clk/sunxi/built-in.a
  CC      drivers/clk/sunxi-ng/ccu_common.o
  CC      drivers/acpi/acpica/hwesleep.o
  CC      kernel/ptrace.o
  CC      lib/kobject_uevent.o
  CC      drivers/acpi/acpica/hwgpe.o
  CC      drivers/clk/sunxi-ng/ccu_mmc_timing.o
  CC      fs/lockd/svc.o
  CC      net/core/utils.o
  CC      drivers/acpi/acpica/hwregs.o
  CC      drivers/clk/sunxi-ng/ccu_reset.o
  CC      fs/nfs/getroot.o
  CC      drivers/acpi/acpica/hwsleep.o
  CC      drivers/clk/sunxi-ng/ccu_div.o
  CC      kernel/user.o
  CC      lib/logic_pio.o
  CC      net/sched/sch_fifo.o
  CC      drivers/acpi/acpica/hwvalid.o
  CC      fs/lockd/svclock.o
  CC      drivers/clk/sunxi-ng/ccu_frac.o
  CC      net/core/link_watch.o
  CC      drivers/acpi/acpica/hwxface.o
  CC      kernel/signal.o
  CC      lib/maple_tree.o
  CC      fs/nfs/inode.o
  CC      drivers/clk/sunxi-ng/ccu_gate.o
  CC      drivers/acpi/acpica/hwxfsleep.o
  CC      net/sched/cls_cgroup.o
  CC      drivers/clk/sunxi-ng/ccu_mux.o
  CC      drivers/acpi/acpica/nsaccess.o
  CC      net/core/filter.o
  CC      fs/lockd/svcshare.o
  CC      drivers/clk/sunxi-ng/ccu_mult.o
  CC      drivers/acpi/acpica/nsalloc.o
  AR      net/sched/built-in.a
  CC      net/netlink/af_netlink.o
  CC      drivers/clk/sunxi-ng/ccu_phase.o
  CC      drivers/acpi/acpica/nsarguments.o
  CC      fs/lockd/svcproc.o
  CC      drivers/clk/sunxi-ng/ccu_sdm.o
  CC      drivers/acpi/acpica/nsconvert.o
  CC      fs/nfs/super.o
  CC      kernel/sys.o
  CC      drivers/clk/sunxi-ng/ccu_nk.o
  CC      drivers/acpi/acpica/nsdump.o
  CC      drivers/acpi/acpica/nseval.o
  CC      drivers/clk/sunxi-ng/ccu_nkm.o
  CC      fs/lockd/svcsubs.o
  CC      drivers/acpi/acpica/nsinit.o
  CC      drivers/clk/sunxi-ng/ccu_nkmp.o
  CC      fs/nfs/io.o
  CC      drivers/acpi/acpica/nsload.o
  CC      drivers/clk/sunxi-ng/ccu_nm.o
  CC      net/netlink/genetlink.o
  CC      drivers/acpi/acpica/nsnames.o
  CC      fs/lockd/mon.o
  CC      kernel/umh.o
  CC      drivers/clk/sunxi-ng/ccu_mp.o
  CC      drivers/acpi/acpica/nsobject.o
  CC      lib/memcat_p.o
  CC      fs/nfs/direct.o
  CC      lib/nmi_backtrace.o
  CC      drivers/acpi/acpica/nsparse.o
  CC      drivers/clk/sunxi-ng/ccu-sun20i-d1.o
  CC      kernel/workqueue.o
  CC      fs/lockd/trace.o
  CC      drivers/acpi/acpica/nspredef.o
  CC      lib/plist.o
  CC      drivers/clk/sunxi-ng/ccu-sun20i-d1-r.o
  CC      net/netlink/policy.o
  CC      drivers/acpi/acpica/nsprepkg.o
  CC      lib/radix-tree.o
  CC      drivers/clk/sunxi-ng/ccu-sun6i-rtc.o
  CC      fs/nfs/pagelist.o
  CC      fs/lockd/xdr.o
  CC      drivers/acpi/acpica/nsrepair.o
  CC      net/netlink/diag.o
  CC      drivers/clk/sunxi-ng/ccu-sun8i-de2.o
  CC      drivers/acpi/acpica/nsrepair2.o
  CC      lib/ratelimit.o
  CC      drivers/acpi/acpica/nssearch.o
  AR      drivers/clk/sunxi-ng/built-in.a
  AR      drivers/clk/ti/built-in.a
  AR      drivers/clk/versatile/built-in.a
  AR      drivers/clk/xilinx/built-in.a
  CC      drivers/clk/clk-devres.o
  CC      fs/lockd/clnt4xdr.o
  CC      lib/rbtree.o
  AR      net/netlink/built-in.a
  CC      net/bpf/test_run.o
  CC      drivers/acpi/acpica/nsutils.o
  CC      net/core/sock_diag.o
  CC      lib/seq_buf.o
  CC      drivers/clk/clk-bulk.o
  CC      fs/nfs/read.o
  CC      kernel/pid.o
  CC      drivers/acpi/acpica/nswalk.o
  CC      lib/siphash.o
  CC      drivers/clk/clkdev.o
  CC      fs/lockd/xdr4.o
  CC      drivers/acpi/acpica/nsxfeval.o
  CC      net/core/dev_ioctl.o
  CC      lib/string.o
  CC      drivers/clk/clk.o
  CC      drivers/acpi/acpica/nsxfname.o
  CC      fs/nfs/symlink.o
  CC      kernel/task_work.o
  CC      lib/timerqueue.o
  AR      net/bpf/built-in.a
  CC      net/ethtool/ioctl.o
  CC      drivers/acpi/acpica/nsxfobj.o
  CC      lib/vsprintf.o
  CC      fs/lockd/svc4proc.o
  CC      drivers/acpi/acpica/psargs.o
  CC      kernel/extable.o
  CC      net/core/tso.o
  CC      fs/nfs/unlink.o
  CC      drivers/acpi/acpica/psloop.o
  CC      fs/lockd/procfs.o
  CC      kernel/params.o
  CC      drivers/acpi/acpica/psobject.o
  CC      net/core/sock_reuseport.o
  CC      drivers/clk/clk-divider.o
  CC      drivers/acpi/acpica/psopcode.o
  CC      fs/nfs/write.o
  AR      fs/lockd/built-in.a
  CC      fs/nls/nls_base.o
  CC      kernel/kthread.o
  CC      drivers/acpi/acpica/psopinfo.o
  CC      net/ethtool/common.o
  CC      fs/nls/nls_cp437.o
  CC      drivers/acpi/acpica/psparse.o
  CC      drivers/clk/clk-fixed-factor.o
  CC      lib/win_minmax.o
  CC      net/core/fib_notifier.o
  CC      fs/nls/nls_iso8859-1.o
  CC      drivers/acpi/acpica/psscope.o
  CC      net/ethtool/netlink.o
  CC      drivers/clk/clk-fixed-rate.o
  CC      kernel/sys_ni.o
  CC      lib/xarray.o
  CC      drivers/acpi/acpica/pstree.o
  AR      fs/nls/built-in.a
  AR      fs/unicode/built-in.a
  AR      drivers/dma/idxd/built-in.a
  AR      drivers/dma/mediatek/built-in.a
  AR      drivers/dma/qcom/built-in.a
  CC      kernel/nsproxy.o
  AR      drivers/dma/ti/built-in.a
  AR      drivers/dma/xilinx/built-in.a
  CC      drivers/dma/dmaengine.o
  CC      net/core/xdp.o
  CC      drivers/clk/clk-gate.o
  CC      drivers/acpi/acpica/psutils.o
  CC      fs/nfs/namespace.o
  CC      drivers/acpi/acpica/pswalk.o
  CC      net/ethtool/bitset.o
  CC      drivers/clk/clk-multiplier.o
  CC      kernel/notifier.o
  CC      drivers/acpi/acpica/psxface.o
  CC      lib/lockref.o
  CC      lib/bcd.o
  CC      lib/sort.o
  CC      drivers/dma/virt-dma.o
  CC      drivers/clk/clk-mux.o
  CC      lib/parser.o
  CC      drivers/acpi/acpica/rsaddr.o
  CC      fs/nfs/mount_clnt.o
  CC      net/core/flow_offload.o
  CC      kernel/ksysfs.o
  CC      lib/debug_locks.o
  CC      drivers/acpi/acpica/rscalc.o
  CC      lib/random32.o
  CC      drivers/clk/clk-composite.o
  CC      drivers/dma/acpi-dma.o
  CC      net/ethtool/strset.o
  CC      kernel/cred.o
  CC      drivers/acpi/acpica/rscreate.o
  CC      lib/bust_spinlocks.o
  CC      drivers/clk/clk-fractional-divider.o
  CC      fs/nfs/nfstrace.o
  CC      drivers/dma/of-dma.o
  CC      net/core/gro.o
  CC      drivers/acpi/acpica/rsdumpinfo.o
  CC      lib/kasprintf.o
  CC      net/ethtool/linkinfo.o
  CC      drivers/acpi/acpica/rsinfo.o
  CC      kernel/reboot.o
  CC      lib/bitmap.o
  CC      drivers/clk/clk-gpio.o
  CC      drivers/dma/sun6i-dma.o
  CC      drivers/acpi/acpica/rsio.o
  CC      fs/nfs/export.o
  CC      drivers/clk/clk-conf.o
  CC      drivers/acpi/acpica/rsirq.o
  CC      net/ethtool/linkmodes.o
  CC      kernel/async.o
  CC      drivers/acpi/acpica/rslist.o
  CC      net/core/netdev-genl.o
  AR      drivers/clk/built-in.a
  AR      drivers/soc/apple/built-in.a
  CC      lib/scatterlist.o
  AR      drivers/soc/aspeed/built-in.a
  AR      drivers/soc/bcm/built-in.a
  AR      drivers/soc/fsl/built-in.a
  AR      drivers/soc/fujitsu/built-in.a
  AR      drivers/soc/hisilicon/built-in.a
  AR      drivers/soc/imx/built-in.a
  AR      drivers/soc/ixp4xx/built-in.a
  AR      drivers/soc/loongson/built-in.a
  AR      drivers/soc/mediatek/built-in.a
  AR      drivers/soc/microchip/built-in.a
  AR      drivers/soc/nuvoton/built-in.a
  AR      drivers/soc/pxa/built-in.a
  AR      drivers/soc/amlogic/built-in.a
  AR      drivers/dma/built-in.a
  AR      drivers/soc/qcom/built-in.a
  CC      fs/nfs/sysfs.o
  CC      drivers/soc/renesas/renesas-soc.o
  CC      drivers/acpi/acpica/rsmemory.o
  CC      kernel/range.o
  AR      drivers/soc/rockchip/built-in.a
  CC      net/ethtool/rss.o
  CC      kernel/smpboot.o
  CC      net/core/netdev-genl-gen.o
  CC      drivers/acpi/acpica/rsmisc.o
  AR      drivers/soc/renesas/built-in.a
  AR      drivers/soc/sifive/built-in.a
  CC      drivers/soc/sunxi/sunxi_sram.o
  CC      drivers/acpi/tables.o
  CC      kernel/ucount.o
  CC      drivers/acpi/acpica/rsserial.o
  CC      lib/list_sort.o
  CC      fs/nfs/fs_context.o
  CC      net/core/gso.o
  CC      net/ethtool/linkstate.o
  CC      lib/uuid.o
  AR      drivers/soc/sunxi/built-in.a
  AR      drivers/soc/ti/built-in.a
  AR      drivers/soc/xilinx/built-in.a
  AR      drivers/soc/built-in.a
  CC      net/netfilter/ipvs/ip_vs_conn.o
  CC      lib/iov_iter.o
  CC      drivers/acpi/acpica/rsutils.o
  CC      kernel/regset.o
  CC      fs/nfs/nfsroot.o
  CC      kernel/ksyms_common.o
  CC      drivers/acpi/acpica/rsxface.o
  CC      net/ethtool/debug.o
  CC      net/core/net-sysfs.o
  CC      drivers/acpi/acpica/tbdata.o
  CC      kernel/groups.o
  CC      fs/autofs/init.o
  CC      fs/nfs/sysctl.o
  CC      drivers/acpi/acpica/tbfadt.o
  CC      fs/autofs/inode.o
  CC      net/netfilter/ipvs/ip_vs_core.o
  CC      net/ethtool/wol.o
  CC      kernel/kcmp.o
  CC      drivers/acpi/acpica/tbfind.o
  CC      fs/nfs/nfs2super.o
  CC      fs/autofs/root.o
  CC      lib/clz_ctz.o
  CC      drivers/acpi/acpica/tbinstal.o
  CC      kernel/freezer.o
  CC      lib/bsearch.o
  CC      net/ethtool/features.o
  CC      net/core/page_pool.o
  CC      drivers/acpi/acpica/tbprint.o
  CC      fs/autofs/symlink.o
  CC      fs/nfs/proc.o
  CC      lib/find_bit.o
  CC      kernel/profile.o
  CC      drivers/acpi/acpica/tbutils.o
  CC      lib/llist.o
  CC      fs/autofs/waitq.o
  CC      net/ethtool/privflags.o
  CC      lib/memweight.o
  CC      net/netfilter/ipvs/ip_vs_ctl.o
  CC      lib/kfifo.o
  CC      drivers/acpi/acpica/tbxface.o
  CC      net/core/net-procfs.o
  CC      kernel/stacktrace.o
  CC      fs/autofs/expire.o
  CC      drivers/acpi/acpica/tbxfload.o
  CC      fs/nfs/nfs2xdr.o
  CC      net/ethtool/rings.o
  CC      lib/percpu-refcount.o
  CC      drivers/acpi/acpica/tbxfroot.o
  CC      fs/autofs/dev-ioctl.o
  CC      kernel/smp.o
  CC      net/core/selftests.o
  CC      drivers/acpi/acpica/utaddress.o
  CC      lib/rhashtable.o
  CC      drivers/acpi/acpica/utalloc.o
  CC      net/ethtool/channels.o
  AR      fs/autofs/built-in.a
  CC      fs/overlayfs/super.o
  CC      fs/nfs/nfs3super.o
  CC      kernel/kallsyms.o
  CC      drivers/acpi/acpica/utascii.o
  CC      net/core/netprio_cgroup.o
  CC      drivers/acpi/acpica/utbuffer.o
  CC      lib/base64.o
  CC      net/netfilter/ipvs/ip_vs_sched.o
  CC      net/ethtool/coalesce.o
  CC      lib/once.o
  CC      drivers/acpi/acpica/utcksum.o
  CC      fs/overlayfs/namei.o
  CC      fs/nfs/nfs3client.o
  CC      kernel/compat.o
  CC      drivers/acpi/acpica/utcopy.o
  CC      lib/refcount.o
  CC      net/core/netclassid_cgroup.o
  CC      lib/rcuref.o
  CC      lib/usercopy.o
  CC      drivers/acpi/acpica/utexcep.o
  CC      net/netfilter/ipvs/ip_vs_xmit.o
  CC      net/ethtool/pause.o
  CC      fs/nfs/nfs3proc.o
  CC      kernel/utsname.o
  CC      fs/overlayfs/util.o
  CC      lib/errseq.o
  CC      drivers/acpi/acpica/utdebug.o
  CC      lib/bucket_locks.o
  CC      net/core/dst_cache.o
  CC      kernel/user_namespace.o
  CC      drivers/acpi/acpica/utdecode.o
  CC      lib/generic-radix-tree.o
  CC      net/ethtool/eee.o
  CC      drivers/acpi/acpica/utdelete.o
  CC      fs/overlayfs/inode.o
  CC      lib/string_helpers.o
  CC      fs/nfs/nfs3xdr.o
  CC      net/core/gro_cells.o
  CC      kernel/pid_namespace.o
  CC      drivers/acpi/acpica/uterror.o
  CC      net/netfilter/ipvs/ip_vs_app.o
  CC      net/ethtool/tsinfo.o
  CC      drivers/acpi/acpica/uteval.o
  CC      lib/hexdump.o
  CC      fs/overlayfs/file.o
  CC      net/core/failover.o
  UPD     kernel/config_data
  CC      drivers/acpi/acpica/utglobal.o
  CC      kernel/stop_machine.o
  CC      lib/kstrtox.o
  CC      drivers/acpi/acpica/uthex.o
  CC      net/ethtool/cabletest.o
  CC      lib/pci_iomap.o
  CC      net/netfilter/ipvs/ip_vs_sync.o
  CC      drivers/acpi/acpica/utids.o
  CC      fs/overlayfs/dir.o
  CC      kernel/audit.o
  CC      fs/nfs/nfs4proc.o
  CC      net/core/skmsg.o
  CC      lib/iomap_copy.o
  CC      drivers/acpi/acpica/utinit.o
  CC      net/ethtool/tunnels.o
  CC      lib/devres.o
  CC      drivers/acpi/acpica/utlock.o
  CC      fs/overlayfs/readdir.o
  CC      drivers/acpi/acpica/utmath.o
  CC      lib/hweight.o
  CC      lib/interval_tree.o
  CC      drivers/acpi/acpica/utmisc.o
  CC      net/netfilter/ipvs/ip_vs_est.o
  CC      lib/assoc_array.o
  CC      kernel/auditfilter.o
  CC      net/ethtool/fec.o
  CC      drivers/acpi/acpica/utmutex.o
  CC      net/core/sock_map.o
  CC      fs/overlayfs/copy_up.o
  CC      drivers/acpi/acpica/utnonansi.o
  CC      lib/list_debug.o
  CC      lib/bitrev.o
  CC      drivers/acpi/acpica/utobject.o
  CC      net/ethtool/eeprom.o
  CC      net/netfilter/ipvs/ip_vs_proto.o
  CC      lib/linear_ranges.o
  CC      fs/overlayfs/export.o
  CC      drivers/acpi/acpica/utosi.o
  CC      kernel/auditsc.o
  CC      drivers/acpi/acpica/utownerid.o
  CC      lib/crc-ccitt.o
  CC      net/ethtool/stats.o
  CC      net/core/bpf_sk_storage.o
  CC      fs/overlayfs/params.o
  CC      drivers/acpi/acpica/utpredef.o
  CC      lib/crc16.o
  CC      net/netfilter/ipvs/ip_vs_pe.o
  CC      drivers/acpi/acpica/utresdecode.o
  CC      lib/crc-itu-t.o
  CC      drivers/acpi/acpica/utresrc.o
  AR      fs/overlayfs/built-in.a
  CC      fs/9p/vfs_super.o
  CC      net/ethtool/phc_vclocks.o
  HOSTCC  lib/gen_crc32table
  CC      kernel/audit_watch.o
  CC      drivers/acpi/acpica/utstate.o
  CC      lib/crc7.o
  CC      net/core/of_net.o
  CC      fs/nfs/nfs4xdr.o
  CC      net/netfilter/ipvs/ip_vs_proto_tcp.o
  CC      fs/9p/vfs_inode.o
  CC      drivers/acpi/acpica/utstring.o
  CC      lib/libcrc32c.o
  CC      net/ethtool/mm.o
  CC      drivers/acpi/acpica/utstrsuppt.o
  CC      kernel/audit_fsnotify.o
  AR      net/core/built-in.a
  CC      net/ipv4/netfilter/nf_defrag_ipv4.o
  CC      lib/xxhash.o
  CC      drivers/acpi/acpica/utstrtoul64.o
  CC      fs/9p/vfs_inode_dotl.o
  CC      net/ethtool/module.o
  CC      drivers/acpi/acpica/utxface.o
  CC      kernel/audit_tree.o
  CC      net/netfilter/ipvs/ip_vs_proto_udp.o
  CC      lib/genalloc.o
  CC      net/ipv4/netfilter/nf_reject_ipv4.o
  CC      drivers/acpi/acpica/utxfinit.o
  CC      drivers/acpi/acpica/utxferror.o
  CC      net/ethtool/pse-pd.o
  CC      fs/9p/vfs_addr.o
  CC      lib/percpu_counter.o
  CC      drivers/acpi/acpica/utxfmutex.o
  CC      net/netfilter/ipvs/ip_vs_nfct.o
  CC      kernel/hung_task.o
  CC      lib/audit.o
  AR      drivers/acpi/acpica/built-in.a
  CC      drivers/acpi/osi.o
  CC      net/ipv4/netfilter/ip_tables.o
  CC      fs/9p/vfs_file.o
  CC      net/ethtool/plca.o
  CC      kernel/watchdog.o
  CC      lib/syscall.o
  CC      drivers/acpi/osl.o
  CC      net/netfilter/ipvs/ip_vs_rr.o
  CC      fs/9p/vfs_dir.o
  CC      lib/errname.o
  AR      net/ethtool/built-in.a
  CC      lib/nlattr.o
  CC      net/xfrm/xfrm_policy.o
  CC      kernel/seccomp.o
  CC      net/ipv4/netfilter/iptable_filter.o
  CC      fs/9p/vfs_dentry.o
  CC      drivers/acpi/utils.o
  AR      net/netfilter/ipvs/built-in.a
  CC      net/netfilter/core.o
  CC      fs/nfs/nfs4state.o
  CC      lib/checksum.o
  CC      fs/9p/v9fs.o
  CC      net/ipv4/netfilter/iptable_mangle.o
  CC      drivers/acpi/reboot.o
  CC      lib/cpu_rmap.o
  CC      kernel/utsname_sysctl.o
  CC      fs/9p/fid.o
  CC      net/netfilter/nf_log.o
  CC      kernel/irq_work.o
  CC      drivers/acpi/nvs.o
  CC      lib/dynamic_queue_limits.o
  CC      lib/glob.o
  CC      net/ipv4/netfilter/iptable_nat.o
  CC      fs/9p/xattr.o
  CC      drivers/acpi/wakeup.o
  CC      kernel/cpu_pm.o
  CC      lib/strncpy_from_user.o
  CC      fs/nfs/nfs4renewd.o
  CC      net/netfilter/nf_queue.o
  CC      kernel/jump_label.o
  CC      drivers/acpi/device_sysfs.o
  AR      fs/9p/built-in.a
  AR      fs/hostfs/built-in.a
  AR      drivers/pmdomain/actions/built-in.a
  CC      lib/strnlen_user.o
  AR      drivers/pmdomain/amlogic/built-in.a
  AR      drivers/pmdomain/apple/built-in.a
  CC      net/ipv4/netfilter/ipt_REJECT.o
  AR      drivers/pmdomain/bcm/built-in.a
  AR      drivers/pmdomain/imx/built-in.a
  AR      drivers/pmdomain/mediatek/built-in.a
  AR      drivers/pmdomain/qcom/built-in.a
  AR      drivers/pmdomain/renesas/built-in.a
  AR      drivers/pmdomain/rockchip/built-in.a
  AR      drivers/pmdomain/samsung/built-in.a
  AR      drivers/pmdomain/st/built-in.a
  CC      drivers/pmdomain/starfive/jh71xx-pmu.o
  CC      net/xfrm/xfrm_state.o
  CC      fs/nfs/nfs4super.o
  CC      kernel/context_tracking.o
  CC      lib/net_utils.o
  CC      drivers/acpi/device_pm.o
  AR      drivers/pmdomain/starfive/built-in.a
  AR      drivers/pmdomain/sunxi/built-in.a
  AR      drivers/pmdomain/tegra/built-in.a
  AR      drivers/pmdomain/ti/built-in.a
  AR      drivers/pmdomain/xilinx/built-in.a
  AR      drivers/pmdomain/built-in.a
  CC      drivers/virtio/virtio.o
  CC      net/netfilter/nf_sockopt.o
  AR      net/ipv4/netfilter/built-in.a
  CC      net/ipv4/route.o
  CC      kernel/iomem.o
  CC      lib/sg_pool.o
  CC      fs/nfs/nfs4file.o
  CC      drivers/virtio/virtio_ring.o
  CC      drivers/acpi/bus.o
  CC      lib/memregion.o
  CC      kernel/rseq.o
  CC      net/netfilter/utils.o
  CC      lib/stackdepot.o
  GZIP    kernel/config_data.gz
  CC      kernel/configs.o
  CC      fs/nfs/delegation.o
  CC      drivers/acpi/glue.o
  CC      lib/asn1_decoder.o
  CC      net/netfilter/nf_bpf_link.o
  AR      kernel/built-in.a
  CC      drivers/virtio/virtio_anchor.o
  GEN     lib/oid_registry_data.c
  CC      fs/nfs/nfs4idmap.o
  CC      lib/ucs2_string.o
  CC      drivers/acpi/scan.o
  CC      net/xfrm/xfrm_hash.o
  CC      drivers/virtio/virtio_mmio.o
  CC      net/ipv4/inetpeer.o
  CC      lib/sbitmap.o
  CC      net/netfilter/nf_conntrack_core.o
  CC      net/xfrm/xfrm_input.o
  CC      net/unix/af_unix.o
  CC      fs/nfs/callback.o
  CC      drivers/virtio/virtio_balloon.o
  CC      net/ipv4/protocol.o
  CC      lib/group_cpus.o
  CC      drivers/acpi/resource.o
  CC      fs/nfs/callback_xdr.o
  CC      net/xfrm/xfrm_output.o
  CC      lib/devmem_is_allowed.o
  CC      net/ipv4/ip_input.o
  CC      drivers/virtio/virtio_input.o
  CC      drivers/acpi/acpi_processor.o
  AR      lib/lib.a
  GEN     lib/crc32table.h
  CC      lib/oid_registry.o
  CC      net/netfilter/nf_conntrack_standalone.o
  CC      drivers/virtio/virtio_dma_buf.o
  CC      drivers/acpi/processor_core.o
  CC      lib/crc32.o
  CC      fs/nfs/callback_proc.o
  CC      net/xfrm/xfrm_sysctl.o
  CC      net/unix/garbage.o
  CC      net/ipv4/ip_fragment.o
  AR      drivers/virtio/built-in.a
  CC      fs/debugfs/inode.o
  CC      drivers/acpi/ec.o
  AR      lib/built-in.a
  CC      net/ipv6/netfilter/ip6_tables.o
  CC      net/netfilter/nf_conntrack_expect.o
  CC      fs/debugfs/file.o
  CC      net/xfrm/xfrm_replay.o
  CC      net/unix/sysctl_net_unix.o
  CC      fs/nfs/nfs4namespace.o
  CC      net/ipv4/ip_forward.o
  CC      drivers/acpi/acpi_apd.o
  CC      net/netfilter/nf_conntrack_helper.o
  CC      net/unix/unix_bpf.o
  AR      fs/debugfs/built-in.a
  CC      net/ipv6/netfilter/ip6table_filter.o
  CC      drivers/acpi/acpi_platform.o
  CC      fs/btrfs/super.o
  CC      net/xfrm/xfrm_device.o
  CC      fs/nfs/nfs4getroot.o
  CC      net/ipv4/ip_options.o
  CC      drivers/acpi/acpi_pnp.o
  CC      net/unix/scm.o
  CC      net/netfilter/nf_conntrack_proto.o
  CC      net/xfrm/xfrm_algo.o
  CC      net/ipv6/netfilter/ip6table_mangle.o
  CC      drivers/acpi/power.o
  CC      fs/nfs/nfs4client.o
  CC      fs/btrfs/ctree.o
  CC      net/ipv4/ip_output.o
  AR      net/unix/built-in.a
  CC      net/packet/af_packet.o
  CC      drivers/acpi/event.o
  CC      net/xfrm/xfrm_user.o
  CC      net/ipv6/netfilter/nf_defrag_ipv6_hooks.o
  CC      net/netfilter/nf_conntrack_proto_generic.o
  CC      fs/nfs/nfs4session.o
  CC      drivers/acpi/evged.o
  CC      net/netfilter/nf_conntrack_proto_tcp.o
  CC      net/ipv6/netfilter/nf_conntrack_reasm.o
  CC      drivers/acpi/sysfs.o
  CC      fs/nfs/dns_resolve.o
  CC      net/ipv4/ip_sockglue.o
  CC      drivers/acpi/property.o
  AR      net/xfrm/built-in.a
  AR      net/bridge/netfilter/built-in.a
  CC      net/bridge/br.o
  CC      net/ipv6/netfilter/nf_reject_ipv6.o
  CC      fs/nfs/nfs4trace.o
  CC      net/netfilter/nf_conntrack_proto_udp.o
  CC      drivers/acpi/debugfs.o
  AR      net/packet/built-in.a
  AR      net/dsa/built-in.a
  CC      drivers/regulator/core.o
  CC      net/bridge/br_device.o
  CC      fs/btrfs/extent-tree.o
  CC      drivers/acpi/acpi_lpat.o
  CC      fs/nfs/nfs4sysctl.o
  CC      net/ipv4/inet_hashtables.o
  CC      net/ipv6/netfilter/ip6t_ipv6header.o
  CC      net/netfilter/nf_conntrack_proto_icmp.o
  CC      drivers/acpi/irq.o
  CC      fs/nfs/pnfs.o
  CC      net/bridge/br_fdb.o
  CC      drivers/acpi/ac.o
  CC      net/netfilter/nf_conntrack_extend.o
  CC      net/ipv6/netfilter/ip6t_REJECT.o
  CC      drivers/acpi/button.o
  CC      net/ipv4/inet_timewait_sock.o
  CC      net/netfilter/nf_conntrack_acct.o
  CC      drivers/regulator/dummy.o
  CC      drivers/acpi/fan_core.o
  AR      net/ipv6/netfilter/built-in.a
  CC      net/ipv6/af_inet6.o
  CC      net/bridge/br_forward.o
  CC      drivers/regulator/fixed-helper.o
  CC      net/ipv4/inet_connection_sock.o
  CC      drivers/acpi/fan_attr.o
  CC      net/netfilter/nf_conntrack_seqadj.o
  CC      fs/nfs/pnfs_dev.o
  CC      fs/btrfs/print-tree.o
  CC      drivers/regulator/helpers.o
  CC      drivers/acpi/acpi_video.o
  CC      net/bridge/br_if.o
  CC      net/ipv6/anycast.o
  CC      fs/btrfs/root-tree.o
  CC      fs/nfs/pnfs_nfs.o
  CC      net/netfilter/nf_conntrack_proto_icmpv6.o
  CC      drivers/regulator/devres.o
  CC      drivers/acpi/video_detect.o
  CC      net/ipv4/tcp.o
  CC      net/ipv6/ip6_output.o
  CC      fs/btrfs/dir-item.o
  CC      drivers/regulator/irq_helpers.o
  CC      net/bridge/br_input.o
  CC      drivers/acpi/container.o
  CC      net/netfilter/nf_conntrack_proto_dccp.o
  CC      fs/nfs/nfs42proc.o
  CC      drivers/acpi/acpi_memhotplug.o
  CC      drivers/regulator/of_regulator.o
  CC      fs/btrfs/file-item.o
  CC      drivers/acpi/battery.o
  CC      net/bridge/br_ioctl.o
  CC      net/netfilter/nf_conntrack_proto_sctp.o
  CC      drivers/regulator/fixed.o
  AR      drivers/acpi/built-in.a
  CC      fs/nfs/nfs42xattr.o
  AR      drivers/reset/hisilicon/built-in.a
  CC      drivers/reset/starfive/reset-starfive-jh71x0.o
  AR      drivers/regulator/built-in.a
  CC      drivers/reset/core.o
  CC      fs/btrfs/inode-item.o
  CC      net/bridge/br_stp.o
  CC      net/netfilter/nf_conntrack_ftp.o
  CC      net/ipv6/ip6_input.o
  CC      drivers/reset/starfive/reset-starfive-jh7100.o
  CC      net/ipv4/tcp_input.o
  CC      drivers/reset/starfive/reset-starfive-jh7110.o
  CC      drivers/reset/reset-mpfs.o
  CC      fs/btrfs/disk-io.o
  AR      fs/nfs/built-in.a
  CC      fs/efivarfs/inode.o
  CC      net/bridge/br_stp_bpdu.o
  AR      drivers/reset/starfive/built-in.a
  CC      drivers/reset/reset-simple.o
  CC      net/sunrpc/auth_gss/auth_gss.o
  CC      net/netfilter/nf_conntrack_tftp.o
  CC      fs/efivarfs/file.o
  CC      net/ipv6/addrconf.o
  CC      drivers/reset/reset-sunxi.o
  CC      net/bridge/br_stp_if.o
  AR      drivers/reset/built-in.a
  CC      fs/efivarfs/super.o
  CC      drivers/tty/vt/vt_ioctl.o
  CC      net/netfilter/nf_log_syslog.o
  CC      fs/efivarfs/vars.o
  CC      net/sunrpc/auth_gss/gss_generic_token.o
  CC      net/bridge/br_stp_timer.o
  CC      drivers/tty/vt/vc_screen.o
  AR      fs/efivarfs/built-in.a
  CC      fs/open.o
  CC      net/sunrpc/auth_gss/gss_mech_switch.o
  CC      net/netfilter/nf_nat_core.o
  CC      fs/btrfs/transaction.o
  CC      drivers/tty/vt/selection.o
  CC      net/bridge/br_netlink.o
  CC      net/sunrpc/auth_gss/svcauth_gss.o
  CC      drivers/tty/vt/keyboard.o
  CC      fs/read_write.o
  CC      net/ipv4/tcp_output.o
  CC      net/netfilter/nf_nat_proto.o
  CC      net/ipv6/addrlabel.o
  CC      fs/btrfs/inode.o
  CC      net/bridge/br_netlink_tunnel.o
  CC      drivers/tty/vt/consolemap.o
  CC      net/sunrpc/auth_gss/gss_rpc_upcall.o
  CC      fs/file_table.o
  CC      net/ipv6/route.o
  CC      net/netfilter/nf_nat_helper.o
  CC      net/bridge/br_arp_nd_proxy.o
  HOSTCC  drivers/tty/vt/conmakehash
  CC      drivers/tty/vt/vt.o
  CC      drivers/char/hw_random/core.o
  CC      net/sunrpc/auth_gss/gss_rpc_xdr.o
  CC      net/netfilter/nf_nat_redirect.o
  CC      drivers/char/hw_random/virtio-rng.o
  CC      net/bridge/br_sysfs_if.o
  CC      net/ipv4/tcp_timer.o
  CC      net/sunrpc/auth_gss/trace.o
  AR      drivers/char/hw_random/built-in.a
  AR      drivers/char/agp/built-in.a
  CC      drivers/char/mem.o
  CC      net/netfilter/nf_nat_masquerade.o
  CC      net/bridge/br_sysfs_br.o
  CC      net/sunrpc/auth_gss/gss_krb5_mech.o
  CC      drivers/char/random.o
  CC      net/ipv4/tcp_ipv4.o
  COPY    drivers/tty/vt/defkeymap.c
  CONMK   drivers/tty/vt/consolemap_deftbl.c
  CC      drivers/tty/vt/defkeymap.o
  CC      drivers/tty/vt/consolemap_deftbl.o
  AR      drivers/tty/vt/built-in.a
  CC      drivers/tty/hvc/hvc_console.o
  CC      net/sunrpc/auth_gss/gss_krb5_seal.o
  CC      net/netfilter/nf_nat_ftp.o
  CC      net/bridge/br_nf_core.o
  CC      net/ipv6/ip6_fib.o
  CC      net/sunrpc/auth_gss/gss_krb5_unseal.o
  CC      drivers/tty/hvc/hvc_riscv_sbi.o
  CC      drivers/char/misc.o
  CC      fs/btrfs/file.o
  CC      net/netfilter/nf_nat_tftp.o
  CC      net/sunrpc/auth_gss/gss_krb5_wrap.o
  AR      drivers/tty/hvc/built-in.a
  CC      net/bridge/br_multicast.o
  CC      drivers/tty/serial/8250/8250_core.o
  CC      drivers/char/virtio_console.o
  CC      net/sunrpc/auth_gss/gss_krb5_crypto.o
  CC      net/netfilter/x_tables.o
  CC      net/ipv4/tcp_minisocks.o
  CC      drivers/tty/serial/8250/8250_pnp.o
  CC      net/ipv6/ipv6_sockglue.o
  AR      drivers/char/built-in.a
  CC      drivers/tty/serial/serial_core.o
  CC      drivers/tty/serial/8250/8250_port.o
  CC      net/sunrpc/auth_gss/gss_krb5_keys.o
  CC      fs/btrfs/defrag.o
  CC      net/ipv4/tcp_cong.o
  CC      net/netfilter/xt_tcpudp.o
  AR      net/sunrpc/auth_gss/built-in.a
  CC      net/sunrpc/clnt.o
  CC      net/ipv6/ndisc.o
  CC      drivers/tty/serial/serial_base_bus.o
  CC      drivers/tty/serial/8250/8250_dma.o
  CC      net/ipv4/tcp_metrics.o
  CC      fs/btrfs/extent_map.o
  CC      net/bridge/br_mdb.o
  CC      net/netfilter/xt_mark.o
  CC      drivers/tty/serial/serial_ctrl.o
  CC      drivers/tty/serial/8250/8250_dwlib.o
  CC      net/netfilter/xt_nat.o
  CC      net/sunrpc/xprt.o
  CC      fs/btrfs/sysfs.o
  CC      drivers/tty/serial/serial_port.o
  CC      drivers/tty/serial/8250/8250_early.o
  CC      net/ipv4/tcp_fastopen.o
  CC      net/ipv6/udp.o
  CC      net/bridge/br_multicast_eht.o
  CC      net/8021q/vlan_core.o
  CC      net/netfilter/xt_REDIRECT.o
  CC      drivers/tty/serial/8250/8250_dw.o
  CC      fs/btrfs/accessors.o
  CC      net/sunrpc/socklib.o
  CC      net/ipv4/tcp_rate.o
  CC      net/bridge/br_vlan.o
  CC      net/8021q/vlan.o
  CC      drivers/tty/serial/8250/8250_of.o
  CC      net/netfilter/xt_MASQUERADE.o
  CC      net/sunrpc/xprtsock.o
  CC      fs/btrfs/xattr.o
  AR      drivers/tty/serial/8250/built-in.a
  CC      drivers/tty/serial/earlycon.o
  CC      net/ipv4/tcp_recovery.o
  CC      net/ipv6/udplite.o
  CC      net/netfilter/xt_addrtype.o
  CC      net/8021q/vlan_dev.o
  CC      drivers/tty/serial/earlycon-riscv-sbi.o
  CC      fs/btrfs/ordered-data.o
  CC      net/ipv6/raw.o
  CC      drivers/tty/serial/sh-sci.o
  CC      net/ipv4/tcp_ulp.o
  CC      net/bridge/br_vlan_tunnel.o
  CC      net/8021q/vlan_netlink.o
  CC      net/netfilter/xt_conntrack.o
  CC      fs/btrfs/extent_io.o
  CC      net/sunrpc/sched.o
  CC      net/8021q/vlanproc.o
  CC      net/ipv4/tcp_offload.o
  CC      net/netfilter/xt_ipvs.o
  CC      net/bridge/br_vlan_options.o
  CC      net/ipv6/icmp.o
  CC      drivers/tty/serial/sifive.o
  AR      net/8021q/built-in.a
  AR      net/wireless/built-in.a
  CC      fs/btrfs/volumes.o
  CC      net/sunrpc/auth.o
  AR      net/netfilter/built-in.a
  CC      fs/super.o
  CC      net/ipv4/tcp_plb.o
  CC      net/bridge/br_mst.o
  CC      drivers/tty/serial/serial_mctrl_gpio.o
  AR      drivers/tty/serial/built-in.a
  CC      net/ipv6/mcast.o
  AR      drivers/tty/ipwireless/built-in.a
  CC      drivers/tty/tty_io.o
  CC      net/sunrpc/auth_null.o
  CC      net/ipv4/datagram.o
  CC      fs/char_dev.o
  CC      net/bridge/br_netfilter_hooks.o
  CC      fs/btrfs/async-thread.o
  CC      net/sunrpc/auth_tls.o
  AR      drivers/iommu/amd/built-in.a
  AR      drivers/iommu/intel/built-in.a
  AR      drivers/iommu/arm/arm-smmu/built-in.a
  AR      drivers/iommu/arm/arm-smmu-v3/built-in.a
  AR      drivers/iommu/arm/built-in.a
  AR      drivers/iommu/iommufd/built-in.a
  CC      drivers/iommu/iommu.o
  CC      net/ipv4/raw.o
  CC      net/9p/mod.o
  CC      drivers/tty/n_tty.o
  CC      net/9p/client.o
  CC      net/sunrpc/auth_unix.o
  CC      net/bridge/br_netfilter_ipv6.o
  CC      fs/btrfs/ioctl.o
  CC      net/ipv6/reassembly.o
  CC      net/ipv4/udp.o
  CC      drivers/iommu/iommu-traces.o
  CC      net/sunrpc/svc.o
  CC      net/9p/error.o
  CC      drivers/tty/tty_ioctl.o
  CC      drivers/iommu/iommu-sysfs.o
  AR      net/bridge/built-in.a
  CC      net/dns_resolver/dns_key.o
  CC      net/9p/protocol.o
  CC      drivers/iommu/of_iommu.o
  CC      net/ipv6/tcp_ipv6.o
  CC      net/dns_resolver/dns_query.o
  CC      drivers/tty/tty_ldisc.o
  CC      net/9p/trans_common.o
  CC      net/sunrpc/svcsock.o
  CC      drivers/iommu/sun50i-iommu.o
  AR      net/dns_resolver/built-in.a
  CC      net/l3mdev/l3mdev.o
  CC      net/9p/trans_fd.o
  CC      drivers/tty/tty_buffer.o
  CC      fs/btrfs/locking.o
  AR      drivers/iommu/built-in.a
  AR      net/l3mdev/built-in.a
  AR      drivers/gpu/host1x/built-in.a
  CC      fs/stat.o
  CC      drivers/tty/tty_port.o
  AR      drivers/gpu/drm/tests/built-in.a
  AR      drivers/gpu/drm/arm/built-in.a
  CC      drivers/gpu/drm/display/drm_display_helper_mod.o
  CC      net/ipv4/udplite.o
  CC      net/9p/trans_virtio.o
  CC      drivers/gpu/drm/display/drm_hdmi_helper.o
  CC      net/sunrpc/svcauth.o
  CC      fs/btrfs/orphan.o
  CC      net/ipv6/ping.o
  CC      drivers/tty/tty_mutex.o
  AR      drivers/gpu/drm/renesas/rcar-du/built-in.a
  AR      drivers/gpu/drm/renesas/built-in.a
  CC      net/handshake/alert.o
  CC      drivers/gpu/drm/display/drm_scdc_helper.o
  CC      fs/btrfs/export.o
  CC      drivers/tty/tty_ldsem.o
  CC      net/ipv4/udp_offload.o
  CC      net/sunrpc/svcauth_unix.o
  AR      net/9p/built-in.a
  CC      net/ipv6/exthdrs.o
  CC      net/devres.o
  AR      drivers/gpu/drm/display/built-in.a
  AR      drivers/gpu/drm/omapdrm/built-in.a
  CC      drivers/gpu/drm/sun4i/sun4i_drv.o
  CC      drivers/tty/tty_baudrate.o
  CC      net/handshake/genl.o
  CC      fs/btrfs/tree-log.o
  AR      drivers/gpu/drm/tilcdc/built-in.a
  CC      drivers/gpu/drm/sun4i/sun4i_framebuffer.o
  CC      drivers/tty/tty_jobctrl.o
  CC      drivers/base/power/sysfs.o
  CC      net/handshake/netlink.o
  CC      net/ipv4/arp.o
  CC      net/sunrpc/addr.o
  CC      drivers/gpu/drm/sun4i/sun4i_crtc.o
  CC      net/ipv6/datagram.o
  CC      drivers/base/power/generic_ops.o
  CC      drivers/tty/n_null.o
  CC      net/handshake/request.o
  CC      drivers/base/power/common.o
  CC      drivers/gpu/drm/sun4i/sun4i_tcon_dclk.o
  CC      drivers/tty/pty.o
  CC      net/sunrpc/rpcb_clnt.o
  CC      net/ipv4/icmp.o
  CC      drivers/base/power/qos.o
  CC      drivers/gpu/drm/sun4i/sun4i_lvds.o
  CC      drivers/tty/tty_audit.o
  CC      net/ipv6/ip6_flowlabel.o
  CC      net/handshake/tlshd.o
  CC      net/sunrpc/timer.o
  CC      drivers/gpu/drm/sun4i/sun4i_tcon.o
  CC      drivers/base/power/runtime.o
  AR      drivers/tty/built-in.a
  AR      drivers/gpu/vga/built-in.a
  CC      net/ipv6/inet6_connection_sock.o
  CC      net/handshake/trace.o
  CC      fs/btrfs/free-space-cache.o
  CC      net/sunrpc/xdr.o
  CC      fs/exec.o
  CC      net/ipv4/devinet.o
  CC      drivers/gpu/drm/sun4i/sun4i_rgb.o
  CC      drivers/base/power/wakeirq.o
  CC      net/ipv6/udp_offload.o
  AR      net/handshake/built-in.a
  CC      net/socket.o
  CC      drivers/gpu/drm/sun4i/sun4i_tv.o
  CC      drivers/base/power/main.o
  CC      drivers/gpu/drm/sun4i/sun6i_drc.o
  CC      net/ipv6/seg6.o
  CC      drivers/base/firmware_loader/builtin/main.o
  AR      drivers/base/firmware_loader/builtin/built-in.a
  CC      drivers/base/firmware_loader/main.o
  CC      drivers/gpu/drm/sun4i/sun6i_mipi_dsi.o
  CC      fs/btrfs/zlib.o
  CC      net/sunrpc/sunrpc_syms.o
  CC      net/ipv4/af_inet.o
  CC      drivers/base/power/wakeup.o
  CC      net/ipv6/fib6_notifier.o
  AR      drivers/base/firmware_loader/built-in.a
  CC      drivers/base/regmap/regmap.o
  CC      drivers/gpu/drm/virtio/virtgpu_drv.o
  CC      fs/btrfs/lzo.o
  CC      net/sunrpc/cache.o
  CC      drivers/base/power/wakeup_stats.o
  CC      drivers/gpu/drm/sun4i/sun8i_dw_hdmi.o
  CC      net/ipv6/rpl.o
  CC      drivers/gpu/drm/virtio/virtgpu_kms.o
  CC      drivers/base/power/domain.o
  CC      fs/btrfs/zstd.o
  CC      net/ipv4/igmp.o
  CC      drivers/gpu/drm/sun4i/sun8i_hdmi_phy.o
  CC      net/ipv6/ioam6.o
  CC      drivers/gpu/drm/virtio/virtgpu_gem.o
  CC      drivers/base/regmap/regcache.o
  CC      net/sunrpc/rpc_pipe.o
  CC      fs/btrfs/compression.o
  CC      drivers/gpu/drm/sun4i/sun8i_hdmi_phy_clk.o
  CC      drivers/gpu/drm/virtio/virtgpu_vram.o
  CC      drivers/base/regmap/regcache-rbtree.o
  CC      drivers/base/power/domain_governor.o
  CC      drivers/gpu/drm/virtio/virtgpu_display.o
  CC      net/ipv6/sysctl_net_ipv6.o
  CC      drivers/gpu/drm/sun4i/sun8i_mixer.o
  CC      drivers/base/regmap/regcache-flat.o
  CC      drivers/base/power/clock_ops.o
  CC      net/sunrpc/sysfs.o
  CC      fs/btrfs/delayed-ref.o
  CC      drivers/base/regmap/regcache-maple.o
  CC      net/ipv4/fib_frontend.o
  CC      drivers/gpu/drm/virtio/virtgpu_vq.o
  CC      drivers/gpu/drm/sun4i/sun8i_ui_layer.o
  AR      drivers/base/power/built-in.a
  CC      net/ipv6/xfrm6_policy.o
  AR      drivers/base/test/built-in.a
  CC      drivers/block/loop.o
  CC      drivers/base/regmap/regmap-debugfs.o
  CC      net/sunrpc/svc_xprt.o
  CC      drivers/gpu/drm/sun4i/sun8i_vi_layer.o
  CC      fs/btrfs/relocation.o
  CC      drivers/gpu/drm/virtio/virtgpu_fence.o
  CC      net/ipv6/xfrm6_state.o
  CC      drivers/base/regmap/regmap-mmio.o
  CC      drivers/gpu/drm/sun4i/sun8i_ui_scaler.o
  CC      net/ipv4/fib_semantics.o
  CC      drivers/gpu/drm/virtio/virtgpu_object.o
  CC      drivers/block/virtio_blk.o
  CC      drivers/gpu/drm/sun4i/sun8i_vi_scaler.o
  AR      drivers/base/regmap/built-in.a
  CC      drivers/base/component.o
  CC      net/ipv6/xfrm6_input.o
  CC      net/sunrpc/xprtmultipath.o
  CC      drivers/gpu/drm/sun4i/sun8i_csc.o
  CC      drivers/gpu/drm/virtio/virtgpu_debugfs.o
  CC      drivers/base/core.o
  CC      drivers/gpu/drm/sun4i/sun8i_tcon_top.o
  AR      drivers/block/built-in.a
  AR      drivers/misc/eeprom/built-in.a
  AR      drivers/misc/cb710/built-in.a
  AR      drivers/misc/ti-st/built-in.a
  AR      drivers/misc/lis3lv02d/built-in.a
  AR      drivers/misc/cardreader/built-in.a
  AR      drivers/misc/built-in.a
  CC      drivers/gpu/drm/virtio/virtgpu_plane.o
  CC      fs/pipe.o
  CC      net/sunrpc/backchannel_rqst.o
  CC      net/ipv6/xfrm6_output.o
  AR      drivers/gpu/drm/sun4i/built-in.a
  AR      drivers/gpu/drm/imx/built-in.a
  CC      net/compat.o
  CC      net/ipv4/fib_trie.o
  CC      fs/btrfs/delayed-inode.o
  CC      drivers/gpu/drm/virtio/virtgpu_ioctl.o
  CC      net/sunrpc/stats.o
  CC      fs/namei.o
  CC      net/ipv6/xfrm6_protocol.o
  CC      drivers/gpu/drm/virtio/virtgpu_prime.o
  CC      net/sysctl_net.o
  CC      drivers/base/bus.o
  CC      fs/btrfs/scrub.o
  CC      net/sunrpc/sysctl.o
  CC      drivers/gpu/drm/virtio/virtgpu_trace_points.o
  CC      net/ipv6/netfilter.o
  CC      drivers/mfd/syscon.o
  CC      net/ipv4/fib_notifier.o
  CC      drivers/base/dd.o
  CC      drivers/gpu/drm/virtio/virtgpu_submit.o
  AR      net/sunrpc/built-in.a
  CC      fs/btrfs/backref.o
  AR      drivers/mfd/built-in.a
  CC      drivers/gpu/drm/i2c/ch7006_drv.o
  CC      net/ipv4/inet_fragment.o
  CC      drivers/base/syscore.o
  AR      drivers/gpu/drm/virtio/built-in.a
  AR      drivers/gpu/drm/panel/built-in.a
  CC      drivers/gpu/drm/i2c/ch7006_mode.o
  CC      net/ipv6/proc.o
  CC      fs/fcntl.o
  AR      drivers/nfc/built-in.a
  CC      net/ipv4/ping.o
  CC      drivers/base/driver.o
  AR      drivers/gpu/drm/bridge/analogix/built-in.a
  AR      drivers/gpu/drm/bridge/cadence/built-in.a
  AR      drivers/gpu/drm/bridge/imx/built-in.a
  CC      drivers/gpu/drm/bridge/synopsys/dw-hdmi.o
  CC      drivers/gpu/drm/i2c/sil164_drv.o
  CC      drivers/base/class.o
  AR      drivers/gpu/drm/hisilicon/built-in.a
  CC      net/ipv6/sit.o
  CC      fs/btrfs/ulist.o
  CC      net/ipv6/addrconf_core.o
  CC      fs/btrfs/qgroup.o
  AR      drivers/gpu/drm/i2c/built-in.a
  CC      drivers/nvdimm/core.o
  CC      drivers/base/platform.o
  AR      drivers/dax/hmem/built-in.a
  CC      drivers/dax/super.o
  CC      net/ipv4/ip_tunnel_core.o
  CC      drivers/nvdimm/bus.o
  AR      drivers/gpu/drm/bridge/synopsys/built-in.a
  AR      drivers/gpu/drm/bridge/built-in.a
  CC      drivers/dax/bus.o
  AR      drivers/gpu/drm/mxsfb/built-in.a
  CC      drivers/nvdimm/dimm_devs.o
  AR      drivers/gpu/drm/tiny/built-in.a
  AR      drivers/gpu/drm/xlnx/built-in.a
  AR      drivers/gpu/drm/gud/built-in.a
  AR      drivers/gpu/drm/solomon/built-in.a
  CC      drivers/gpu/drm/drm_aperture.o
  CC      drivers/base/cpu.o
  CC      net/ipv6/exthdrs_core.o
  CC      drivers/gpu/drm/drm_atomic.o
  CC      net/ipv4/gre_offload.o
  CC      drivers/nvdimm/nd_perf.o
  CC      drivers/base/firmware.o
  AR      drivers/dax/built-in.a
  CC      fs/ioctl.o
  CC      fs/btrfs/send.o
  CC      drivers/base/init.o
  CC      net/ipv6/ip6_checksum.o
  CC      drivers/gpu/drm/drm_atomic_uapi.o
  CC      drivers/nvdimm/dimm.o
  CC      net/ipv4/metrics.o
  CC      drivers/base/map.o
  CC      drivers/gpu/drm/drm_auth.o
  CC      fs/readdir.o
  CC      drivers/nvdimm/region_devs.o
  CC      net/ipv6/ip6_icmp.o
  CC      drivers/base/devres.o
  CC      drivers/gpu/drm/drm_blend.o
  CC      drivers/dma-buf/dma-buf.o
  CC      net/ipv4/netlink.o
  CC      fs/btrfs/dev-replace.o
  CC      drivers/base/attribute_container.o
  CC      drivers/gpu/drm/drm_bridge.o
  CC      net/ipv6/output_core.o
  CC      drivers/nvdimm/region.o
  CC      drivers/dma-buf/dma-fence.o
  CC      net/ipv4/nexthop.o
  CC      drivers/base/transport_class.o
  CC      fs/btrfs/raid56.o
  CC      drivers/gpu/drm/drm_cache.o
  CC      drivers/nvdimm/namespace_devs.o
  CC      net/ipv6/protocol.o
  CC      drivers/dma-buf/dma-fence-array.o
  CC      drivers/base/topology.o
  CC      drivers/gpu/drm/drm_client.o
  CC      drivers/dma-buf/dma-fence-chain.o
  CC      drivers/base/container.o
  CC      net/ipv6/ip6_offload.o
  CC      fs/btrfs/uuid-tree.o
  CC      drivers/dma-buf/dma-fence-unwrap.o
  CC      drivers/base/property.o
  CC      drivers/gpu/drm/drm_client_modeset.o
  CC      drivers/nvdimm/label.o
  CC      drivers/dma-buf/dma-resv.o
  CC      fs/btrfs/props.o
  CC      net/ipv4/udp_tunnel_stub.o
  AR      drivers/cxl/core/built-in.a
  AR      drivers/cxl/built-in.a
  AR      drivers/macintosh/built-in.a
  CC      drivers/base/cacheinfo.o
  CC      net/ipv6/tcpv6_offload.o
  CC      drivers/gpu/drm/drm_color_mgmt.o
  CC      drivers/dma-buf/sync_file.o
  CC      fs/select.o
  CC      fs/btrfs/free-space-tree.o
  CC      drivers/nvdimm/badrange.o
  CC      drivers/base/swnode.o
  CC      net/ipv4/ip_tunnel.o
  AR      drivers/dma-buf/built-in.a
  CC      drivers/scsi/scsi.o
  CC      drivers/gpu/drm/drm_connector.o
  CC      net/ipv6/exthdrs_offload.o
  CC      drivers/nvdimm/claim.o
  CC      drivers/base/auxiliary.o
  CC      drivers/scsi/hosts.o
  CC      fs/dcache.o
  CC      fs/btrfs/tree-checker.o
  CC      net/ipv6/inet6_hashtables.o
  CC      drivers/nvdimm/btt_devs.o
  CC      drivers/gpu/drm/drm_crtc.o
  CC      drivers/base/devtmpfs.o
  CC      net/ipv4/sysctl_net_ipv4.o
  CC      drivers/scsi/scsi_ioctl.o
  CC      drivers/nvdimm/pmem.o
  CC      drivers/gpu/drm/drm_displayid.o
  CC      drivers/base/soc.o
  CC      net/ipv6/ip6_udp_tunnel.o
  CC      drivers/gpu/drm/drm_drv.o
  CC      fs/inode.o
  CC      drivers/base/pinctrl.o
  CC      fs/btrfs/space-info.o
  CC      drivers/scsi/scsicam.o
  CC      net/ipv4/proc.o
  CC      drivers/nvdimm/btt.o
  CC      drivers/base/arch_topology.o
  CC      net/ipv6/mcast_snoop.o
  CC      drivers/scsi/scsi_error.o
  CC      drivers/gpu/drm/drm_dumb_buffers.o
  CC      fs/btrfs/block-rsv.o
  CC      drivers/gpu/drm/drm_edid.o
  CC      drivers/base/physical_location.o
  CC      net/ipv4/udp_tunnel_core.o
  CC      fs/attr.o
  AR      net/ipv6/built-in.a
  CC      fs/btrfs/delalloc-space.o
  CC      drivers/nvdimm/of_pmem.o
  AR      drivers/base/built-in.a
  CC      drivers/scsi/scsi_lib.o
  CC      fs/bad_inode.o
  CC      drivers/gpu/drm/drm_encoder.o
  CC      net/ipv4/udp_tunnel_nic.o
  AR      drivers/nvdimm/built-in.a
  CC      fs/btrfs/block-group.o
  CC      drivers/scsi/scsi_lib_dma.o
  CC      fs/btrfs/discard.o
  CC      fs/file.o
  AR      drivers/nvme/host/built-in.a
  AR      drivers/nvme/target/built-in.a
  AR      drivers/nvme/built-in.a
  CC      drivers/scsi/scsi_scan.o
  CC      net/ipv4/esp4.o
  CC      fs/btrfs/reflink.o
  CC      net/ipv4/tunnel4.o
  GEN     drivers/scsi/scsi_devinfo_tbl.c
  CC      fs/filesystems.o
  CC      drivers/gpu/drm/drm_file.o
  CC      drivers/scsi/scsi_devinfo.o
  CC      drivers/gpu/drm/drm_fourcc.o
  CC      fs/namespace.o
  CC      drivers/ata/libata-core.o
  CC      drivers/gpu/drm/drm_framebuffer.o
  CC      drivers/scsi/scsi_sysctl.o
  CC      net/ipv4/ipconfig.o
  CC      fs/btrfs/subpage.o
  CC      drivers/gpu/drm/drm_gem.o
  CC      drivers/scsi/scsi_proc.o
  CC      fs/seq_file.o
  CC      drivers/spi/spi.o
  CC      drivers/scsi/scsi_debugfs.o
  CC      drivers/gpu/drm/drm_ioctl.o
  CC      net/ipv4/netfilter.o
  CC      fs/xattr.o
  CC      fs/btrfs/tree-mod-log.o
  CC      drivers/scsi/scsi_trace.o
  CC      drivers/gpu/drm/drm_lease.o
  CC      fs/libfs.o
  CC      net/ipv4/inet_diag.o
  CC      drivers/scsi/scsi_logging.o
  CC      fs/fs-writeback.o
  CC      drivers/ata/libata-scsi.o
  CC      fs/btrfs/extent-io-tree.o
  CC      drivers/spi/spi-sifive.o
  CC      drivers/gpu/drm/drm_managed.o
  CC      drivers/scsi/scsi_pm.o
  CC      fs/pnode.o
  CC      drivers/gpu/drm/drm_mm.o
  CC      fs/splice.o
  CC      drivers/spi/spi-sun6i.o
  CC      drivers/scsi/scsi_bsg.o
  CC      net/ipv4/tcp_diag.o
  CC      fs/btrfs/fs.o
  CC      fs/sync.o
  CC      drivers/gpu/drm/drm_mode_config.o
  AR      drivers/spi/built-in.a
  CC      drivers/scsi/scsi_common.o
  CC      drivers/net/ipvlan/ipvlan_core.o
  CC      fs/btrfs/messages.o
  CC      drivers/ata/libata-eh.o
  CC      fs/utimes.o
  CC      net/ipv4/tcp_cubic.o
  CC      drivers/scsi/virtio_scsi.o
  CC      drivers/net/ipvlan/ipvlan_main.o
  CC      drivers/gpu/drm/drm_mode_object.o
  CC      fs/btrfs/bio.o
  CC      drivers/net/ipvlan/ipvlan_l3s.o
  AR      drivers/firewire/built-in.a
  CC      drivers/net/phy/mscc/mscc_main.o
  CC      drivers/gpu/drm/drm_modes.o
  CC      drivers/scsi/sd.o
  CC      net/ipv4/tcp_bpf.o
  CC      drivers/ata/libata-transport.o
  CC      fs/btrfs/lru_cache.o
  AR      drivers/net/ipvlan/built-in.a
  CC      drivers/net/phy/mscc/mscc_serdes.o
  CC      fs/btrfs/acl.o
  CC      fs/d_path.o
  CC      drivers/cdrom/cdrom.o
  CC      drivers/ata/libata-trace.o
  CC      drivers/gpu/drm/drm_modeset_lock.o
  AR      drivers/net/phy/mscc/built-in.a
  CC      drivers/net/phy/mdio-boardinfo.o
  CC      net/ipv4/udp_bpf.o
  AR      fs/btrfs/built-in.a
  CC      fs/stack.o
  CC      drivers/scsi/sr.o
  CC      drivers/ata/libata-sata.o
  CC      drivers/net/phy/stubs.o
  CC      drivers/gpu/drm/drm_plane.o
  CC      fs/fs_struct.o
  CC      drivers/scsi/sr_ioctl.o
  CC      fs/statfs.o
  CC      net/ipv4/xfrm4_policy.o
  CC      drivers/net/phy/mdio_devres.o
  AR      drivers/net/pse-pd/built-in.a
  AR      drivers/auxdisplay/built-in.a
  CC      drivers/ata/libata-sff.o
  AR      drivers/cdrom/built-in.a
  CC      drivers/gpu/drm/drm_prime.o
  CC      drivers/ata/libata-pmp.o
  CC      fs/fs_pin.o
  CC      drivers/scsi/sr_vendor.o
  CC      net/ipv4/xfrm4_state.o
  CC      drivers/net/phy/phy.o
  CC      fs/nsfs.o
  CC      net/ipv4/xfrm4_input.o
  CC      drivers/gpu/drm/drm_print.o
  CC      drivers/scsi/scsi_sysfs.o
  CC      drivers/ata/libata-acpi.o
  CC      fs/fs_types.o
  CC      net/ipv4/xfrm4_output.o
  CC      drivers/net/mdio/acpi_mdio.o
  CC      drivers/gpu/drm/drm_property.o
  CC      fs/fs_context.o
  CC      net/ipv4/xfrm4_protocol.o
  CC      drivers/net/phy/phy-c45.o
  CC      drivers/net/mdio/fwnode_mdio.o
  AR      drivers/scsi/built-in.a
  CC      drivers/ata/libata-pata-timings.o
  AR      drivers/net/pcs/built-in.a
  CC      drivers/net/vxlan/vxlan_core.o
  CC      drivers/net/dummy.o
  CC      drivers/gpu/drm/drm_syncobj.o
  CC      fs/fs_parser.o
  AR      net/ipv4/built-in.a
  AR      net/built-in.a
  CC      drivers/net/vxlan/vxlan_multicast.o
  CC      drivers/net/mdio/of_mdio.o
  CC      drivers/net/phy/phy-core.o
  CC      drivers/ata/ahci_platform.o
  CC      drivers/net/macvlan.o
  CC      fs/fsopen.o
  CC      drivers/gpu/drm/drm_sysfs.o
  AR      drivers/net/mdio/built-in.a
  CC      drivers/net/loopback.o
  CC      drivers/net/phy/phy_device.o
  CC      drivers/ata/libahci.o
  CC      drivers/net/vxlan/vxlan_vnifilter.o
  CC      fs/init.o
  CC      fs/kernel_read_file.o
  CC      drivers/gpu/drm/drm_trace_points.o
  CC      drivers/net/veth.o
  AR      drivers/usb/built-in.a
  CC      fs/mnt_idmapping.o
  CC      drivers/gpu/drm/drm_vblank.o
  CC      fs/remap_range.o
  CC      drivers/net/phy/linkmode.o
  CC      drivers/ata/libahci_platform.o
  CC      drivers/net/vxlan/vxlan_mdb.o
  CC      drivers/net/virtio_net.o
  CC      drivers/net/phy/mdio_bus.o
  CC      fs/buffer.o
  CC      drivers/input/serio/serio.o
  CC      drivers/gpu/drm/drm_vblank_work.o
  CC      drivers/net/net_failover.o
  AR      drivers/ata/built-in.a
  CC      drivers/net/phy/mdio_device.o
  CC      drivers/input/serio/serport.o
  CC      drivers/gpu/drm/drm_vma_manager.o
  CC      drivers/net/phy/swphy.o
  CC      fs/mpage.o
  CC      drivers/input/serio/libps2.o
  AR      drivers/net/vxlan/built-in.a
  CC      drivers/net/phy/fixed_phy.o
  CC      drivers/gpu/drm/drm_gpuva_mgr.o
  CC      drivers/input/keyboard/atkbd.o
  CC      drivers/input/mouse/psmouse-base.o
  CC      drivers/gpu/drm/drm_writeback.o
  AR      drivers/input/serio/built-in.a
  CC      drivers/rtc/lib.o
  CC      fs/proc_namespace.o
  CC      drivers/net/phy/realtek.o
  CC      drivers/input/keyboard/sun4i-lradc-keys.o
  CC      drivers/input/input.o
  CC      drivers/rtc/class.o
  CC      drivers/gpu/drm/drm_ioc32.o
  CC      drivers/input/mouse/synaptics.o
  CC      fs/direct-io.o
  CC      fs/eventpoll.o
  AR      drivers/input/keyboard/built-in.a
  AR      drivers/i2c/algos/built-in.a
  CC      drivers/i2c/busses/i2c-mv64xxx.o
  AR      drivers/net/phy/built-in.a
  AR      drivers/net/built-in.a
  CC      drivers/input/mouse/focaltech.o
  CC      drivers/rtc/interface.o
  CC      drivers/gpu/drm/drm_panel.o
  CC      fs/anon_inodes.o
  CC      drivers/input/mouse/alps.o
  CC      drivers/input/input-compat.o
  AR      drivers/i2c/busses/built-in.a
  AR      drivers/i2c/muxes/built-in.a
  CC      drivers/input/mouse/byd.o
  CC      drivers/i2c/i2c-boardinfo.o
  CC      drivers/gpu/drm/drm_of.o
  CC      drivers/rtc/nvmem.o
  AR      drivers/i3c/built-in.a
  CC      drivers/input/input-mt.o
  CC      drivers/input/mouse/logips2pp.o
  CC      fs/signalfd.o
  CC      drivers/i2c/i2c-core-base.o
  CC      drivers/gpu/drm/drm_debugfs.o
  CC      drivers/rtc/dev.o
  CC      drivers/gpu/drm/drm_debugfs_crc.o
  CC      drivers/i2c/i2c-core-smbus.o
  CC      fs/timerfd.o
  AR      drivers/media/i2c/built-in.a
  AR      drivers/media/tuners/built-in.a
  AR      drivers/media/rc/keymaps/built-in.a
  AR      drivers/media/rc/built-in.a
  AR      drivers/media/common/b2c2/built-in.a
  CC      drivers/rtc/proc.o
  AR      drivers/media/common/saa7146/built-in.a
  AR      drivers/media/common/siano/built-in.a
  AR      drivers/media/common/v4l2-tpg/built-in.a
  AR      drivers/media/common/videobuf2/built-in.a
  AR      drivers/media/common/built-in.a
  CC      drivers/input/mouse/trackpoint.o
  CC      drivers/i2c/i2c-core-acpi.o
  AR      drivers/media/platform/allegro-dvt/built-in.a
  CC      drivers/gpu/drm/drm_panel_orientation_quirks.o
  AR      drivers/media/platform/amlogic/meson-ge2d/built-in.a
  AR      drivers/media/platform/amlogic/built-in.a
  AR      drivers/media/platform/amphion/built-in.a
  AR      drivers/media/platform/aspeed/built-in.a
  AR      drivers/media/platform/atmel/built-in.a
  AR      drivers/media/platform/cadence/built-in.a
  AR      drivers/media/platform/chips-media/built-in.a
  AR      drivers/media/platform/intel/built-in.a
  AR      drivers/media/platform/marvell/built-in.a
  AR      drivers/media/platform/mediatek/jpeg/built-in.a
  AR      drivers/media/platform/mediatek/mdp/built-in.a
  AR      drivers/media/platform/mediatek/vcodec/common/built-in.a
  AR      drivers/media/platform/mediatek/vcodec/encoder/built-in.a
  AR      drivers/media/platform/mediatek/vcodec/decoder/built-in.a
  AR      drivers/media/platform/mediatek/vcodec/built-in.a
  AR      drivers/media/platform/mediatek/vpu/built-in.a
  AR      drivers/media/platform/mediatek/mdp3/built-in.a
  AR      drivers/media/platform/mediatek/built-in.a
  AR      drivers/media/platform/microchip/built-in.a
  AR      drivers/media/platform/nvidia/tegra-vde/built-in.a
  AR      drivers/media/platform/nvidia/built-in.a
  AR      drivers/media/platform/nxp/dw100/built-in.a
  AR      drivers/media/platform/nxp/imx-jpeg/built-in.a
  AR      drivers/media/platform/nxp/imx8-isi/built-in.a
  AR      drivers/media/platform/nxp/built-in.a
  AR      drivers/media/platform/qcom/camss/built-in.a
  AR      drivers/media/platform/qcom/venus/built-in.a
  AR      drivers/media/platform/qcom/built-in.a
  AR      drivers/media/platform/renesas/rcar-vin/built-in.a
  AR      drivers/media/platform/renesas/rzg2l-cru/built-in.a
  AR      drivers/media/platform/renesas/vsp1/built-in.a
  AR      drivers/media/platform/renesas/built-in.a
  AR      drivers/media/platform/rockchip/rga/built-in.a
  AR      drivers/media/platform/rockchip/rkisp1/built-in.a
  AR      drivers/media/platform/rockchip/built-in.a
  CC      fs/eventfd.o
  AR      drivers/media/platform/st/sti/bdisp/built-in.a
  AR      drivers/media/platform/samsung/exynos-gsc/built-in.a
  AR      drivers/media/platform/st/sti/c8sectpfe/built-in.a
  CC      drivers/rtc/sysfs.o
  AR      drivers/media/platform/samsung/exynos4-is/built-in.a
  AR      drivers/media/platform/st/sti/delta/built-in.a
  AR      drivers/media/platform/samsung/s3c-camif/built-in.a
  AR      drivers/media/platform/st/sti/hva/built-in.a
  AR      drivers/media/platform/samsung/s5p-g2d/built-in.a
  AR      drivers/media/platform/st/stm32/built-in.a
  AR      drivers/media/platform/samsung/s5p-jpeg/built-in.a
  AR      drivers/media/platform/st/built-in.a
  AR      drivers/media/platform/samsung/s5p-mfc/built-in.a
  CC      drivers/input/input-poller.o
  AR      drivers/media/platform/samsung/built-in.a
  AR      drivers/media/platform/sunxi/sun4i-csi/built-in.a
  AR      drivers/media/platform/sunxi/sun6i-csi/built-in.a
  AR      drivers/media/platform/sunxi/sun6i-mipi-csi2/built-in.a
  CC      drivers/gpu/drm/drm_gem_dma_helper.o
  AR      drivers/media/platform/ti/am437x/built-in.a
  AR      drivers/media/platform/sunxi/sun8i-a83t-mipi-csi2/built-in.a
  AR      drivers/media/platform/ti/cal/built-in.a
  AR      drivers/media/platform/sunxi/sun8i-di/built-in.a
  AR      drivers/media/platform/ti/vpe/built-in.a
  AR      drivers/media/platform/sunxi/sun8i-rotate/built-in.a
  AR      drivers/media/platform/ti/davinci/built-in.a
  AR      drivers/media/platform/sunxi/built-in.a
  AR      drivers/media/platform/ti/omap/built-in.a
  AR      drivers/media/platform/verisilicon/built-in.a
  AR      drivers/media/platform/ti/omap3isp/built-in.a
  AR      drivers/ptp/built-in.a
  AR      drivers/media/platform/ti/built-in.a
  AR      drivers/media/platform/via/built-in.a
  AR      drivers/media/pci/ttpci/built-in.a
  AR      drivers/media/platform/xilinx/built-in.a
  AR      drivers/media/pci/b2c2/built-in.a
  AR      drivers/media/platform/built-in.a
  AR      drivers/media/pci/pluto2/built-in.a
  CC      drivers/input/mouse/cypress_ps2.o
  AR      drivers/media/pci/dm1105/built-in.a
  CC      fs/aio.o
  AR      drivers/media/pci/pt1/built-in.a
  AR      drivers/media/pci/pt3/built-in.a
  AR      drivers/media/pci/mantis/built-in.a
  AR      drivers/media/pci/ngene/built-in.a
  AR      drivers/media/pci/ddbridge/built-in.a
  AR      drivers/media/pci/saa7146/built-in.a
  AR      drivers/media/pci/smipcie/built-in.a
  AR      drivers/media/pci/netup_unidvb/built-in.a
  AR      drivers/media/pci/intel/ipu3/built-in.a
  AR      drivers/media/pci/intel/ivsc/built-in.a
  AR      drivers/media/pci/intel/built-in.a
  AR      drivers/media/pci/built-in.a
  CC      drivers/i2c/i2c-core-of.o
  AR      drivers/media/usb/b2c2/built-in.a
  AR      drivers/media/usb/dvb-usb/built-in.a
  AR      drivers/media/usb/dvb-usb-v2/built-in.a
  AR      drivers/media/usb/s2255/built-in.a
  AR      drivers/media/usb/siano/built-in.a
  AR      drivers/media/usb/ttusb-budget/built-in.a
  AR      drivers/media/usb/ttusb-dec/built-in.a
  AR      drivers/media/usb/built-in.a
  AR      drivers/media/mmc/siano/built-in.a
  AR      drivers/media/mmc/built-in.a
  AR      drivers/media/firewire/built-in.a
  CC      drivers/rtc/rtc-goldfish.o
  AR      drivers/media/spi/built-in.a
  AR      drivers/media/test-drivers/built-in.a
  AR      drivers/media/built-in.a
  CC      drivers/gpu/drm/drm_fbdev_dma.o
  CC      drivers/power/reset/syscon-reboot.o
  CC      drivers/hwmon/hwmon.o
  CC      drivers/input/mouse/psmouse-smbus.o
  CC      drivers/input/ff-core.o
  AR      drivers/i2c/built-in.a
  CC      drivers/rtc/rtc-sun6i.o
  CC      drivers/power/supply/power_supply_core.o
  CC      drivers/power/reset/syscon-poweroff.o
  CC      drivers/gpu/drm/drm_fb_dma_helper.o
  AR      drivers/input/mouse/built-in.a
  CC      drivers/input/touchscreen.o
  CC      drivers/power/supply/power_supply_sysfs.o
  AR      drivers/hwmon/built-in.a
  AR      drivers/power/reset/built-in.a
  CC      drivers/input/vivaldi-fmap.o
  CC      fs/locks.o
  AR      drivers/rtc/built-in.a
  CC      drivers/gpu/drm/drm_gem_shmem_helper.o
  CC      drivers/power/supply/power_supply_hwmon.o
  CC      drivers/input/mousedev.o
  AR      drivers/thermal/broadcom/built-in.a
  AR      drivers/thermal/samsung/built-in.a
  CC      drivers/watchdog/watchdog_core.o
  AR      drivers/thermal/intel/built-in.a
  AR      drivers/thermal/st/built-in.a
  CC      drivers/md/persistent-data/dm-array.o
  AR      drivers/thermal/qcom/built-in.a
  AR      drivers/thermal/tegra/built-in.a
  CC      fs/binfmt_script.o
  AR      drivers/thermal/mediatek/built-in.a
  CC      drivers/thermal/thermal_core.o
  AR      drivers/power/supply/built-in.a
  AR      drivers/power/built-in.a
  CC      drivers/gpu/drm/drm_atomic_helper.o
  CC      drivers/input/evdev.o
  CC      drivers/watchdog/watchdog_dev.o
  CC      drivers/md/dm.o
  CC      drivers/thermal/thermal_sysfs.o
  CC      drivers/md/persistent-data/dm-bitset.o
  CC      fs/binfmt_elf.o
  CC      drivers/watchdog/sunxi_wdt.o
  CC      drivers/cpuidle/governors/menu.o
  CC      drivers/thermal/thermal_trip.o
  CC      drivers/md/persistent-data/dm-block-manager.o
  AR      drivers/input/built-in.a
  CC      drivers/cpuidle/cpuidle.o
  CC      drivers/watchdog/starfive-wdt.o
  AR      drivers/cpuidle/governors/built-in.a
  CC      drivers/gpu/drm/drm_atomic_state_helper.o
  CC      drivers/thermal/thermal_helpers.o
  CC      drivers/md/dm-table.o
  CC      drivers/md/persistent-data/dm-space-map-common.o
  AR      drivers/watchdog/built-in.a
  CC      drivers/mmc/core/core.o
  CC      drivers/cpuidle/driver.o
  CC      drivers/thermal/thermal_hwmon.o
  AR      drivers/ufs/built-in.a
  CC      drivers/md/persistent-data/dm-space-map-disk.o
  CC      fs/compat_binfmt_elf.o
  CC      drivers/gpu/drm/drm_bridge_connector.o
  CC      drivers/thermal/thermal_of.o
  CC      drivers/cpuidle/governor.o
  CC      drivers/md/persistent-data/dm-space-map-metadata.o
  CC      drivers/mmc/host/sdhci.o
  CC      drivers/gpu/drm/drm_crtc_helper.o
  CC      drivers/cpuidle/sysfs.o
  CC      drivers/md/dm-target.o
  CC      drivers/thermal/gov_step_wise.o
  CC      drivers/mmc/core/bus.o
  CC      fs/mbcache.o
  CC      drivers/md/persistent-data/dm-transaction-manager.o
  AR      drivers/thermal/built-in.a
  AR      drivers/firmware/arm_ffa/built-in.a
  CC      drivers/cpuidle/dt_idle_states.o
  AR      drivers/firmware/arm_scmi/built-in.a
  AR      drivers/firmware/broadcom/built-in.a
  AR      drivers/firmware/cirrus/built-in.a
  AR      drivers/firmware/meson/built-in.a
  CC      drivers/gpu/drm/drm_damage_helper.o
  CC      drivers/firmware/efi/libstub/efi-stub-helper.o
  AR      drivers/firmware/imx/built-in.a
  CC      drivers/mmc/host/mmc_spi.o
  CC      drivers/mmc/core/host.o
  CC      fs/posix_acl.o
  CC      drivers/cpuidle/dt_idle_genpd.o
  CC      drivers/md/persistent-data/dm-btree.o
  CC      drivers/gpu/drm/drm_encoder_slave.o
  CC      drivers/firmware/efi/libstub/gop.o
  CC      drivers/cpuidle/cpuidle-riscv-sbi.o
  CC      drivers/mmc/core/mmc.o
  CC      drivers/mmc/host/of_mmc_spi.o
  CC      fs/coredump.o
  CC      drivers/gpu/drm/drm_flip_work.o
  CC      drivers/firmware/efi/libstub/secureboot.o
  AR      drivers/cpuidle/built-in.a
  AR      drivers/crypto/allwinner/built-in.a
  AR      drivers/crypto/stm32/built-in.a
  CC      drivers/crypto/virtio/virtio_crypto_skcipher_algs.o
  CC      drivers/md/persistent-data/dm-btree-remove.o
  AR      drivers/crypto/xilinx/built-in.a
  CC      drivers/md/dm-linear.o
  CC      drivers/mmc/host/sunxi-mmc.o
  CC      drivers/gpu/drm/drm_format_helper.o
  CC      drivers/firmware/efi/libstub/tpm.o
  CC      drivers/mmc/core/mmc_ops.o
  CC      drivers/crypto/virtio/virtio_crypto_akcipher_algs.o
  CC      fs/drop_caches.o
  CC      drivers/md/dm-stripe.o
  CC      drivers/md/persistent-data/dm-btree-spine.o
  CC      drivers/gpu/drm/drm_gem_atomic_helper.o
  CC      drivers/mmc/host/sdhci-pltfm.o
  CC      drivers/firmware/efi/libstub/file.o
  CC      fs/sysctls.o
  CC      drivers/crypto/virtio/virtio_crypto_mgr.o
  AR      drivers/md/persistent-data/built-in.a
  CC      fs/fhandle.o
  CC      drivers/md/dm-ioctl.o
  AR      drivers/firmware/psci/built-in.a
  CC      drivers/clocksource/timer-of.o
  CC      drivers/mmc/core/sd.o
  CC      drivers/gpu/drm/drm_gem_framebuffer_helper.o
  CC      drivers/mmc/host/sdhci-cadence.o
  CC      drivers/firmware/efi/libstub/mem.o
  CC      drivers/crypto/virtio/virtio_crypto_core.o
  CC      drivers/clocksource/timer-probe.o
  AR      fs/built-in.a
  CC      drivers/firmware/efi/libstub/random.o
  CC      drivers/gpu/drm/drm_kms_helper_common.o
  CC      drivers/firmware/efi/efi.o
  CC      drivers/clocksource/mmio.o
  AR      drivers/mmc/host/built-in.a
  AR      drivers/crypto/hisilicon/built-in.a
  CC      drivers/md/dm-io.o
  CC      drivers/mmc/core/sd_ops.o
  AR      drivers/crypto/virtio/built-in.a
  CC      drivers/firmware/efi/libstub/randomalloc.o
  AR      drivers/crypto/intel/keembay/built-in.a
  AR      drivers/crypto/intel/ixp4xx/built-in.a
  AR      drivers/crypto/starfive/built-in.a
  AR      drivers/crypto/intel/built-in.a
  CC      drivers/md/dm-kcopyd.o
  AR      drivers/crypto/built-in.a
  AR      drivers/firmware/smccc/built-in.a
  CC      drivers/hid/hid-core.o
  CC      drivers/clocksource/timer-sun4i.o
  CC      drivers/gpu/drm/drm_modeset_helper.o
  CC      drivers/md/dm-sysfs.o
  CC      drivers/firmware/efi/libstub/pci.o
  CC      drivers/mmc/core/sdio.o
  CC      drivers/of/base.o
  CC      drivers/clocksource/dummy_timer.o
  CC      drivers/gpu/drm/drm_plane_helper.o
  CC      drivers/mmc/core/sdio_ops.o
  CC      drivers/clocksource/timer-riscv.o
  CC      drivers/md/dm-stats.o
  CC      drivers/firmware/efi/libstub/skip_spaces.o
  CC      drivers/firmware/efi/libstub/lib-cmdline.o
  CC      drivers/firmware/efi/libstub/lib-ctype.o
  CC      drivers/firmware/efi/libstub/alignedmem.o
  CC      drivers/gpu/drm/drm_probe_helper.o
  CC      drivers/mmc/core/sdio_bus.o
  CC      drivers/hid/hid-input.o
  AR      drivers/firmware/tegra/built-in.a
  CC      drivers/firmware/efi/vars.o
  CC      drivers/of/cpu.o
  AR      drivers/clocksource/built-in.a
  CC      drivers/md/dm-rq.o
  CC      drivers/firmware/efi/libstub/relocate.o
  CC      drivers/of/device.o
  CC      drivers/firmware/efi/reboot.o
  CC      drivers/mmc/core/sdio_cis.o
  CC      drivers/gpu/drm/drm_rect.o
  CC      drivers/md/dm-io-rewind.o
  AR      drivers/platform/goldfish/built-in.a
  AR      drivers/platform/built-in.a
  CC      drivers/hid/hid-quirks.o
  CC      drivers/firmware/efi/libstub/printk.o
  AR      drivers/firmware/xilinx/built-in.a
  CC      drivers/of/module.o
  CC      drivers/mmc/core/sdio_io.o
  CC      drivers/gpu/drm/drm_self_refresh_helper.o
  CC      drivers/mmc/core/sdio_irq.o
  CC      drivers/md/dm-builtin.o
  CC      drivers/of/platform.o
  CC      drivers/hid/hid-debug.o
  CC      drivers/firmware/efi/libstub/vsprintf.o
  CC      drivers/hid/hid-generic.o
  CC      drivers/gpu/drm/drm_simple_kms_helper.o
  CC      drivers/mmc/core/slot-gpio.o
  CC      drivers/firmware/efi/libstub/fdt.o
  CC      drivers/rpmsg/rpmsg_core.o
  CC      drivers/md/dm-bufio.o
  CC      drivers/of/property.o
  CC      drivers/rpmsg/rpmsg_char.o
  AR      drivers/hid/built-in.a
  CC      drivers/firmware/efi/memattr.o
  CC      drivers/gpu/drm/bridge/panel.o
  CC      drivers/mmc/core/regulator.o
  CC      drivers/firmware/efi/libstub/lib-fdt_rw.o
  CC      drivers/rpmsg/rpmsg_ctrl.o
  CC      drivers/firmware/efi/libstub/lib-fdt_ro.o
  CC      drivers/md/dm-bio-prison-v1.o
  CC      drivers/firmware/efi/libstub/lib-fdt_wip.o
  CC      drivers/gpu/drm/drm_fbdev_generic.o
  CC      drivers/rpmsg/rpmsg_ns.o
  CC      drivers/firmware/efi/libstub/lib-fdt.o
  CC      drivers/mmc/core/pwrseq.o
  CC      drivers/of/kobj.o
  CC      drivers/firmware/efi/libstub/lib-fdt_empty_tree.o
  CC      drivers/firmware/efi/libstub/lib-fdt_sw.o
  CC      drivers/extcon/extcon.o
  CC      drivers/firmware/efi/libstub/efi-stub.o
  CC      drivers/rpmsg/virtio_rpmsg_bus.o
  CC      drivers/firmware/efi/tpm.o
  CC      drivers/of/fdt.o
  CC      drivers/md/dm-bio-prison-v2.o
  CC      drivers/mmc/core/debugfs.o
  CC      drivers/gpu/drm/drm_fb_helper.o
  CC      drivers/firmware/efi/libstub/string.o
  CC      drivers/extcon/devres.o
  CC      drivers/firmware/efi/libstub/intrinsics.o
  CC      drivers/mmc/core/pwrseq_simple.o
  AR      drivers/rpmsg/built-in.a
  CC      drivers/of/fdt_address.o
  CC      drivers/md/dm-thin.o
  CC      drivers/mmc/core/pwrseq_emmc.o
  CC      drivers/of/address.o
  AR      drivers/extcon/built-in.a
  CC      drivers/gpu/drm/drm_mipi_dsi.o
  CC      drivers/firmware/efi/memmap.o
  CC      drivers/firmware/efi/libstub/systable.o
  CC      drivers/mmc/core/block.o
  CC      drivers/md/dm-thin-metadata.o
  CC      drivers/mmc/core/queue.o
  CC      drivers/perf/riscv_pmu.o
  AR      drivers/gpu/drm/built-in.a
  AR      drivers/gpu/built-in.a
  CC      drivers/firmware/efi/libstub/screen_info.o
  AR      drivers/hwtracing/intel_th/built-in.a
  CC      drivers/perf/riscv_pmu_legacy.o
  CC      drivers/of/irq.o
  CC      drivers/firmware/efi/libstub/efi-stub-entry.o
  CC      drivers/firmware/efi/fdtparams.o
  CC      drivers/of/of_reserved_mem.o
  CC      drivers/perf/riscv_pmu_sbi.o
  AR      drivers/android/built-in.a
  CC      drivers/firmware/efi/esrt.o
  CC      drivers/firmware/efi/libstub/kaslr.o
  AR      drivers/md/built-in.a
  CC      drivers/firmware/efi/runtime-wrappers.o
  AR      drivers/nvmem/layouts/built-in.a
  CC      drivers/nvmem/core.o
  AR      drivers/mmc/core/built-in.a
  AR      drivers/mmc/built-in.a
  CC      drivers/firmware/efi/libstub/riscv.o
  CC      drivers/nvmem/sunxi_sid.o
  AR      drivers/of/built-in.a
  CC      drivers/firmware/efi/libstub/riscv-stub.o
  CC      drivers/firmware/efi/efi-init.o
  STUBCPY drivers/firmware/efi/libstub/alignedmem.stub.o
  CC      drivers/firmware/efi/riscv-runtime.o
  AR      drivers/perf/built-in.a
  STUBCPY drivers/firmware/efi/libstub/efi-stub-entry.stub.o
  CC      drivers/firmware/efi/earlycon.o
  STUBCPY drivers/firmware/efi/libstub/efi-stub-helper.stub.o
  STUBCPY drivers/firmware/efi/libstub/efi-stub.stub.o
  STUBCPY drivers/firmware/efi/libstub/fdt.stub.o
  STUBCPY drivers/firmware/efi/libstub/file.stub.o
  STUBCPY drivers/firmware/efi/libstub/gop.stub.o
  STUBCPY drivers/firmware/efi/libstub/intrinsics.stub.o
  STUBCPY drivers/firmware/efi/libstub/kaslr.stub.o
  STUBCPY drivers/firmware/efi/libstub/lib-cmdline.stub.o
  STUBCPY drivers/firmware/efi/libstub/lib-ctype.stub.o
  STUBCPY drivers/firmware/efi/libstub/lib-fdt.stub.o
  STUBCPY drivers/firmware/efi/libstub/lib-fdt_empty_tree.stub.o
  STUBCPY drivers/firmware/efi/libstub/lib-fdt_ro.stub.o
  STUBCPY drivers/firmware/efi/libstub/lib-fdt_rw.stub.o
  STUBCPY drivers/firmware/efi/libstub/lib-fdt_sw.stub.o
  STUBCPY drivers/firmware/efi/libstub/lib-fdt_wip.stub.o
  STUBCPY drivers/firmware/efi/libstub/mem.stub.o
  STUBCPY drivers/firmware/efi/libstub/pci.stub.o
  STUBCPY drivers/firmware/efi/libstub/printk.stub.o
  STUBCPY drivers/firmware/efi/libstub/random.stub.o
  STUBCPY drivers/firmware/efi/libstub/randomalloc.stub.o
  STUBCPY drivers/firmware/efi/libstub/relocate.stub.o
  STUBCPY drivers/firmware/efi/libstub/riscv.stub.o
  STUBCPY drivers/firmware/efi/libstub/screen_info.stub.o
  STUBCPY drivers/firmware/efi/libstub/secureboot.stub.o
  STUBCPY drivers/firmware/efi/libstub/skip_spaces.stub.o
  STUBCPY drivers/firmware/efi/libstub/string.stub.o
  STUBCPY drivers/firmware/efi/libstub/systable.stub.o
  STUBCPY drivers/firmware/efi/libstub/tpm.stub.o
  STUBCPY drivers/firmware/efi/libstub/vsprintf.stub.o
  STUBCPY drivers/firmware/efi/libstub/riscv-stub.stub.o
  AR      drivers/firmware/efi/libstub/lib.a
  AR      drivers/nvmem/built-in.a
  AR      drivers/firmware/efi/built-in.a
  AR      drivers/firmware/built-in.a
  AR      drivers/built-in.a
  AR      built-in.a
  AR      vmlinux.a
  LD      vmlinux.o
  OBJCOPY modules.builtin.modinfo
  GEN     modules.builtin
  MODPOST vmlinux.symvers
  UPD     include/generated/utsversion.h
  CC      init/version-timestamp.o
  LD      .tmp_vmlinux.kallsyms1
  NM      .tmp_vmlinux.kallsyms1.syms
  KSYMS   .tmp_vmlinux.kallsyms1.S
  AS      .tmp_vmlinux.kallsyms1.o
  LD      .tmp_vmlinux.kallsyms2
  NM      .tmp_vmlinux.kallsyms2.syms
  KSYMS   .tmp_vmlinux.kallsyms2.S
  AS      .tmp_vmlinux.kallsyms2.o
  LD      vmlinux
  NM      System.map
  SORTTAB vmlinux
  OBJCOPY arch/riscv/boot/Image
  Kernel: arch/riscv/boot/Image is ready
