cold_clone: cloning HEAD 844948819f3fd8839cb4edd38e1ec4a0218d70d9 → /Users/blamy/Documents/Codex/wasm-vm/target/e5-t22f/cold/wasm-vm-cold.GK28Soed
cold_clone: make verify-E5-T22f (scrubbed RUSTFLAGS/CARGO_*/RUST_LOG, trusted PATH prepended)
cargo fmt --check -p wasm-vm-core -p wasm-vm-wasm
cargo clippy -p wasm-vm-core --lib --test pmp_privilege_audit --features gpu-trace -- -D warnings
   Compiling libc v0.2.186
   Compiling proc-macro2 v1.0.106
   Compiling quote v1.0.46
    Checking cfg-if v1.0.4
   Compiling unicode-ident v1.0.24
   Compiling zerocopy v0.8.52
   Compiling version_check v0.9.5
   Compiling getrandom v0.3.4
   Compiling serde_core v1.0.228
   Compiling crossbeam-utils v0.8.21
    Checking bitflags v2.13.0
    Checking typenum v1.20.1
   Compiling zmij v1.0.21
   Compiling serde v1.0.228
   Compiling autocfg v1.5.1
   Compiling getrandom v0.4.3
   Compiling rustix v1.1.4
   Compiling serde_json v1.0.150
    Checking once_cell v1.21.4
    Checking regex-syntax v0.8.11
   Compiling generic-array v0.14.7
    Checking either v1.16.0
   Compiling num-traits v0.2.19
    Checking ciborium-io v0.2.2
    Checking fastrand v2.4.1
    Checking clap_lex v1.1.0
   Compiling rustc_apfloat v0.2.3+llvm-462a31f5a5ab
    Checking itoa v1.0.18
   Compiling rayon-core v1.13.0
    Checking anstyle v1.0.14
    Checking memchr v2.8.2
    Checking clap_builder v4.6.0
    Checking regex-automata v0.4.14
    Checking crossbeam-epoch v0.9.18
    Checking crossbeam-deque v0.8.6
    Checking itertools v0.10.5
    Checking smallvec v1.15.2
    Checking cast v0.3.0
    Checking bit-vec v0.8.0
    Checking same-file v1.0.6
    Checking fnv v1.0.7
    Checking quick-error v1.2.3
    Checking walkdir v2.5.0
    Checking bit-set v0.8.0
    Checking regex v1.12.4
    Checking clap v4.6.1
    Checking oorandom v11.1.5
    Checking unarray v0.1.4
    Checking log v0.4.33
    Checking anes v0.1.6
   Compiling syn v2.0.118
    Checking criterion-plot v0.5.0
    Checking errno v0.3.14
    Checking cpufeatures v0.2.17
    Checking wait-timeout v0.2.1
    Checking is-terminal v0.4.17
    Checking rand_core v0.9.5
    Checking rand_xorshift v0.4.0
    Checking rand v0.9.4
    Checking tempfile v3.27.0
    Checking rusty-fork v0.3.1
    Checking block-buffer v0.10.4
    Checking crypto-common v0.1.7
    Checking digest v0.10.7
   Compiling zerocopy-derive v0.8.52
   Compiling serde_derive v1.0.228
    Checking sha2 v0.10.9
    Checking rayon v1.12.0
    Checking wasm-vm-core v0.0.1 (/Users/blamy/Documents/Codex/wasm-vm/target/e5-t22f/cold/wasm-vm-cold.GK28Soed/repo/crates/core)
    Checking tinytemplate v1.2.1
    Checking half v2.7.1
    Checking ppv-lite86 v0.2.21
    Checking rand_chacha v0.9.0
    Checking ciborium-ll v0.2.2
    Checking proptest v1.11.0
    Checking ciborium v0.2.2
    Checking criterion v0.5.1
    Finished `dev` profile [unoptimized + debuginfo] target(s) in 4.51s
cargo clippy -p wasm-vm-wasm --lib --test pmp_privilege_audit --target wasm32-unknown-unknown -- -D warnings
   Compiling unicode-ident v1.0.24
   Compiling proc-macro2 v1.0.106
   Compiling quote v1.0.46
   Compiling wasm-bindgen-shared v0.2.126
    Checking cfg-if v1.0.4
   Compiling rustversion v1.0.22
   Compiling version_check v0.9.5
   Compiling bumpalo v3.20.3
    Checking typenum v1.20.1
    Checking once_cell v1.21.4
    Checking futures-core v0.3.32
    Checking slab v0.4.12
    Checking futures-task v0.3.32
    Checking pin-project-lite v0.2.17
   Compiling serde_core v1.0.228
   Compiling rustc_apfloat v0.2.3+llvm-462a31f5a5ab
   Compiling zmij v1.0.21
    Checking bitflags v2.13.0
   Compiling serde v1.0.228
    Checking log v0.4.33
    Checking smallvec v1.15.2
   Compiling serde_json v1.0.150
    Checking futures-util v0.3.32
    Checking byteorder v1.5.0
   Compiling heapless v0.9.3
   Compiling autocfg v1.5.1
   Compiling libm v0.2.16
    Checking hash32 v0.3.1
   Compiling generic-array v0.14.7
    Checking tinyvec_macros v0.1.1
   Compiling smoltcp v0.13.1
    Checking itoa v1.0.18
    Checking memchr v2.8.2
    Checking stable_deref_trait v1.2.1
   Compiling num-traits v0.2.19
    Checking tinyvec v1.12.0
    Checking managed v0.8.0
    Checking bitflags v1.3.2
    Checking unicode-normalization v0.1.25
    Checking wasm-vm-wasm-emit v0.0.1 (/Users/blamy/Documents/Codex/wasm-vm/target/e5-t22f/cold/wasm-vm-cold.GK28Soed/repo/crates/wasm-emit)
    Checking oorandom v11.1.5
    Checking nu-ansi-term v0.50.3
    Checking wasm-bindgen-test-shared v0.2.126
    Checking cast v0.3.0
   Compiling syn v2.0.118
   Compiling wasm-bindgen-macro-support v0.2.126
   Compiling serde_derive v1.0.228
   Compiling async-trait v0.1.89
   Compiling wasm-bindgen-test-macro v0.3.76
   Compiling wasm-bindgen v0.2.126
   Compiling wasm-bindgen-macro v0.2.126
    Checking block-buffer v0.10.4
    Checking crypto-common v0.1.7
    Checking digest v0.10.7
    Checking sha2 v0.10.9
    Checking wasm-vm-core v0.0.1 (/Users/blamy/Documents/Codex/wasm-vm/target/e5-t22f/cold/wasm-vm-cold.GK28Soed/repo/crates/core)
    Checking wasm-vm-storage v0.0.1 (/Users/blamy/Documents/Codex/wasm-vm/target/e5-t22f/cold/wasm-vm-cold.GK28Soed/repo/crates/storage)
    Checking wasm-vm-jit-translate v0.0.1 (/Users/blamy/Documents/Codex/wasm-vm/target/e5-t22f/cold/wasm-vm-cold.GK28Soed/repo/crates/jit-translate)
    Checking wasm-vm-slirp v0.0.0 (/Users/blamy/Documents/Codex/wasm-vm/target/e5-t22f/cold/wasm-vm-cold.GK28Soed/repo/crates/slirp)
    Checking js-sys v0.3.103
    Checking console_error_panic_hook v0.1.7
    Checking web-sys v0.3.103
    Checking wasm-bindgen-futures v0.4.76
    Checking getrandom v0.2.17
    Checking wasm-bindgen-test v0.3.76
    Checking console_log v1.0.0
    Checking wasm-vm-wasm v0.0.1 (/Users/blamy/Documents/Codex/wasm-vm/target/e5-t22f/cold/wasm-vm-cold.GK28Soed/repo/crates/wasm)
    Finished `dev` profile [unoptimized + debuginfo] target(s) in 12.80s
cargo test -p wasm-vm-core --lib --features gpu-trace -- --nocapture
   Compiling cfg-if v1.0.4
   Compiling bitflags v2.13.0
   Compiling typenum v1.20.1
   Compiling libc v0.2.186
   Compiling serde_core v1.0.228
   Compiling crossbeam-utils v0.8.21
   Compiling either v1.16.0
   Compiling once_cell v1.21.4
   Compiling regex-syntax v0.8.11
   Compiling zmij v1.0.21
   Compiling memchr v2.8.2
   Compiling clap_lex v1.1.0
   Compiling ciborium-io v0.2.2
   Compiling anstyle v1.0.14
   Compiling fastrand v2.4.1
   Compiling zerocopy v0.8.52
   Compiling itoa v1.0.18
   Compiling num-traits v0.2.19
   Compiling itertools v0.10.5
   Compiling clap_builder v4.6.0
   Compiling same-file v1.0.6
   Compiling cast v0.3.0
   Compiling bit-vec v0.8.0
   Compiling quick-error v1.2.3
   Compiling fnv v1.0.7
   Compiling walkdir v2.5.0
   Compiling unarray v0.1.4
   Compiling crossbeam-epoch v0.9.18
   Compiling anes v0.1.6
   Compiling bit-set v0.8.0
   Compiling smallvec v1.15.2
   Compiling oorandom v11.1.5
   Compiling getrandom v0.3.4
   Compiling errno v0.3.14
   Compiling getrandom v0.4.3
   Compiling wait-timeout v0.2.1
   Compiling is-terminal v0.4.17
   Compiling generic-array v0.14.7
   Compiling rand_core v0.9.5
   Compiling rustix v1.1.4
   Compiling crossbeam-deque v0.8.6
   Compiling cpufeatures v0.2.17
   Compiling rustc_apfloat v0.2.3+llvm-462a31f5a5ab
   Compiling log v0.4.33
   Compiling rand v0.9.4
   Compiling rand_xorshift v0.4.0
   Compiling rayon-core v1.13.0
   Compiling crypto-common v0.1.7
   Compiling block-buffer v0.10.4
   Compiling rayon v1.12.0
   Compiling digest v0.10.7
   Compiling criterion-plot v0.5.0
   Compiling sha2 v0.10.9
   Compiling tempfile v3.27.0
   Compiling regex-automata v0.4.14
   Compiling clap v4.6.1
   Compiling rusty-fork v0.3.1
   Compiling serde v1.0.228
   Compiling serde_json v1.0.150
   Compiling tinytemplate v1.2.1
   Compiling regex v1.12.4
   Compiling half v2.7.1
   Compiling ppv-lite86 v0.2.21
   Compiling rand_chacha v0.9.0
   Compiling ciborium-ll v0.2.2
   Compiling proptest v1.11.0
   Compiling ciborium v0.2.2
   Compiling criterion v0.5.1
   Compiling wasm-vm-core v0.0.1 (/Users/blamy/Documents/Codex/wasm-vm/target/e5-t22f/cold/wasm-vm-cold.GK28Soed/repo/crates/core)
    Finished `test` profile [unoptimized + debuginfo] target(s) in 4.80s
     Running unittests src/lib.rs (target/debug/deps/wasm_vm_core-d41d3c5e347db272)

running 275 tests
test dev::plic::snapshot_tests::plic_restore_rejects_wrong_length_without_mutating ... ok
test dev::clint::snapshot_tests::clint_state_round_trips_completely ... ok
test dev::clint::snapshot_tests::clint_restore_rejects_malformed_payloads_without_mutating ... ok
test block::tests::boundaries_and_errors ... ok
test compile_queue::tests::priority_hotter_compiles_first ... ok
test compile_queue::tests::cancellation_on_generation_bump_drops_stale ... ok
test dev::plic::snapshot_tests::plic_behavioural_state_round_trips_and_drops_the_diagnostic_counter ... ok
test dev::rtc::snapshot_tests::rtc_state_round_trips_completely_and_keeps_the_host_clock ... ok
test dev::console::tests::other_offset_writes_ignored_and_logged_once ... ok
test dev::rtc::tests::guest_set_time_offsets_without_touching_host ... ok
test dev::rtc::snapshot_tests::rtc_restore_rejects_malformed_without_mutating ... ok
test dev::rtc::tests::irq_gated_by_enable ... ok
test dev::rtc::tests::reads_injected_time ... ok
test dev::rtc::tests::alarm_fires_raises_irq_and_clears ... ok
test dev::rtc::tests::alarm_value_readable_after_fire ... ok
test dev::syscon::tests::first_command_wins ... ok
test dev::rtc::tests::time_set_is_write_order_independent ... ok
test dev::syscon::tests::reads_return_zero ... ok
test dev::syscon::tests::recognized_commands_decode ... ok
test compile_queue::tests::backpressure_drops_and_recounts_never_overflows ... ok
test dev::syscon::tests::unrecognized_values_are_ignored ... ok
test dev::console::tests::lsr_reads_ready_thr_reads_zero_no_faults ... ok
test dev::uart16550::snapshot_tests::uart_restore_rejects_malformed_payloads_without_mutating ... ok
test dev::uart16550::snapshot_tests::uart_state_round_trips_completely ... ok
test dev::uart16550::tests::dlab_banking ... ok
test dev::uart16550::tests::char_timeout_delivers_short_input ... ok
test dev::console::tests::low_byte_emitted_at_every_write_width ... ok
test dev::uart16550::tests::iir_priority_order ... ok
test block::tests::five_gib_sparse_no_truncation ... ok
test dev::uart16550::tests::overrun_caps_fifo_and_preserves_contents ... ok
test dev::uart16550::tests::thre_interrupt_dance ... ok
test dev::virtio::gpu::damage::tests::overlapping_rectangles_union_and_contained_rectangles_do_not_expand ... ok
test dev::virtio::gpu::damage::tests::clipping_and_empty_input_are_bounded_and_drain_is_empty ... ok
test dev::virtio::gpu::damage::tests::edge_adjacent_rectangles_union_but_corner_only_rectangles_remain_separate ... ok
test dev::virtio::gpu::damage::tests::seventeenth_disjoint_rectangle_spills_to_one_bounded_box ... ok
test dev::virtio::gpu::edid::tests::fixture_and_checksum_are_stable ... ok
test dev::virtio::gpu::edid::tests::out_of_range_inputs_are_bounded ... ok
test dev::virtio::gpu::resources::tests::gpu_resources_create_rejects_dimension_and_budget_before_allocation ... ok
test dev::virtio::gpu::edid::tests::checksum_and_preferred_mode_cover_odd_and_large_sizes ... ok
test dev::virtio::gpu::resources::tests::gpu_resources_backing_map_replacement_and_detach_are_independent ... ok
test dev::virtio::gpu::resources::tests::gpu_resources_create_rejects_id_zero_duplicate_and_bad_fields_without_mutation ... ok
test dev::virtio::gpu::resources::tests::gpu_resources_create_enforces_aggregate_budget_without_partial_insert ... ok
test dev::virtio::gpu::resources::tests::gpu_resources_create_supported_formats_are_detached_and_accounted ... ok
test dev::rtc::tests::low_high_latch_is_coherent_across_2p32_boundary ... ok
test dev::virtio::gpu::resources::tests::gpu_resources_lifecycle_unref_returns_accounting_to_baseline ... ok
test compile_queue::tests::never_blocks_execution_thread_under_flood ... ok
test dev::uart16550::snapshot_tests::uart_restore_never_panics_on_random_input ... ok
test dev::virtio::gpu::tests::display_event_clear_is_write_one_to_clear ... ok
test dev::virtio::gpu::resources::tests::gpu_transfer_rejects_detached_bounds_and_offset_without_shadow_mutation ... ok
test dev::virtio::gpu::resources::tests::gpu_transfer_one_byte_entries_copy_a_full_frame ... ok
test dev::virtio::gpu::resources::tests::gpu_transfer_scatter_gather_copies_partial_odd_x_rows ... ok
test dev::virtio::gpu::resources::tests::gpu_transfer_tiled_and_full_frame_plans_keep_shadow_bytes_identical ... ok
test dev::virtio::gpu::resources::tests::gpu_transfer_tracks_changed_pixel_bounds_until_flush ... ok
test dev::virtio::gpu::tests::gpu_cursor_protocol_wire_fixtures_are_little_endian_and_bounded ... ok
test dev::virtio::gpu::tests::display_reset_preserves_host_monitor_but_clears_guest_state ... ok
E5-T22e verifier latched=false: double reset retained 1373x907/60/128 EDID bytes; new rings completed 5 control + 2 cursor; stale id rejected then recreated; old rings/responses unchanged; fresh devices isolated
test dev::virtio::gpu::resources::tests::gpu_resources_lifecycle_10k_create_unref_cycles_have_zero_net_growth ... ok
test dev::virtio::gpu::tests::get_edid_requires_negotiation_and_is_scanout_indexed ... ok
test dev::virtio::gpu::tests::gpu_cursorq_read_only_completion_and_reset_clear_cursor_state ... ok
test dev::virtio::gpu::tests::get_edid_without_feature_returns_unspec ... ok
test dev::virtio::gpu::tests::display_reset_mmio_clears_latched_irqs_and_both_cached_queues ... ok
E5-T22e verifier latched=true: double reset retained 1373x907/60/128 EDID bytes; new rings completed 5 control + 2 cursor; stale id rejected then recreated; old rings/responses unchanged; fresh devices isolated
test dev::virtio::gpu::tests::display_reset_verifier_reconfigured_rings_reject_stale_resources ... ok
test dev::virtio::gpu::tests::gpu_cursorq_updates_moves_hides_and_rejects_without_mutation ... ok
test dev::virtio::gpu::tests::gpu_flush_after_scanout_disable_forwards_old_resource_without_binding ... ok
test dev::virtio::gpu::tests::gpu_flush_default_null_sink_accepts_headless_path ... ok
test dev::virtio::gpu::tests::gpu_flush_wire_fixture_is_little_endian ... ok
test dev::virtio::gpu::tests::gpu_mmio_identity_features_and_config ... ok
test dev::virtio::gpu::tests::gpu_protocol_wire_fixtures ... ok
test dev::virtio::gpu::tests::gpu_flush_controlq_calls_test_sink_with_resource_crc ... ok
test block::tests::mem_backend_matches_reference_model ... ok
test dev::virtio::gpu::tests::gpu_flush_rejects_unknown_short_and_out_of_bounds_requests_without_sink_event ... ok
test dev::virtio::gpu::tests::gpu_flush_after_unref_rejects_old_resource_without_sink_event ... ok
test dev::virtio::gpu::tests::gpu_resources_create_wire_fixture_is_little_endian ... ok
test dev::virtio::gpu::tests::gpu_resources_lifecycle_device_reset_releases_resource_state ... ok
test dev::virtio::gpu::tests::gpu_flush_tracking_sink_publishes_changed_transfer_bounds ... ok
test dev::virtio::gpu::tests::gpu_resources_backing_controlq_validates_entries_atomically ... ok
test dev::virtio::gpu::tests::gpu_resources_backing_rejects_address_overflow_and_truncated_sglists ... ok
test dev::virtio::gpu::tests::gpu_resources_create_controlq_dispatches_and_returns_spec_errors ... ok
test dev::virtio::gpu::tests::gpu_resources_backing_split_attach_then_detach_controlq ... ok
test dev::virtio::gpu::tests::gpu_scanout_binding_wire_fixture_is_little_endian ... ok
test dev::virtio::gpu::resources::tests::gpu_transfer_random_rect_model_oracle_10k_cases ... ok
test dev::virtio::gpu::tests::gpu_cursorq_repeated_hide_show_keeps_one_bounded_state_per_scanout ... ok
test dev::virtio::gpu::tests::gpu_resources_lifecycle_unref_clears_scanout_and_is_idempotently_rejected ... ok
test dev::virtio::gpu::tests::gpu_transfer_wire_fixture_is_little_endian ... ok
test dev::virtio::gpu::tests::gpu_scanout_binding_controlq_binds_existing_resource ... ok
test dev::virtio::gpu::tests::set_display_updates_mode_and_coalesces_config_interrupts ... ok
test dev::virtio::gpu::tests::unsupported_feature_does_not_mutate_config ... ok
test dev::virtio::gpu::tests::gpu_scanout_binding_rejects_bad_scanout_and_rect_without_mutation ... ok
test dev::virtio::gpu::tests::set_display_stress_preserves_final_mode_and_bounds_config_irqs ... ok
test dev::virtio::gpu::tests::gpu_scanout_binding_zero_resource_disables_scanout ... ok
test dev::virtio::gpu::tests::gpu_scanout_binding_split_request_is_parsed_across_descriptors ... ok
test dev::virtio::gpu::tiles::tests::flush_intersection_consumes_only_selected_tiles_and_resize_drops_old_state ... ok
test dev::virtio::gpu::tiles::tests::full_frame_mode_is_a_comparable_bounded_fallback ... ok
test dev::virtio::gpu::tiles::tests::full_resource_transfer_selects_every_tile_in_row_major_order ... ok
test dev::virtio::gpu::tiles::tests::one_pixel_transfer_selects_one_full_tile_and_exact_bytes ... ok
test dev::virtio::gpu::tests::gpu_scanout_binding_short_request_is_bounded ... ok
test dev::virtio::gpu::tiles::tests::tile_boundaries_and_partial_edges_are_clipped_without_outside_regions ... ok
test dev::virtio::gpu::tests::virtio_gpu_display_info_contiguous_fenced ... ok
test dev::virtio::input::keyboard::tests::keyboard_identity_and_event_bitmap_tail_are_stable ... ok
test dev::virtio::input::keyboard::tests::keyboard_led_sink_applies_only_canonical_status_events ... ok
test dev::virtio::input::keyboard::tests::pc105_keyboard_bitmap_is_exact_and_repeat_is_absent ... ok
test dev::virtio::input::pointer::tests::mouse_map_has_only_relative_axes_and_both_wheels ... ok
test dev::virtio::gpu::tests::gpu_transfer_controlq_copies_sg_rows_and_echoes_fence ... ok
test dev::virtio::input::pointer::tests::pointer_config_selectors_do_not_cross_contaminate ... ok
test dev::virtio::input::pointer::tests::tablet_map_and_absolute_wire_metadata_are_exact ... ok
test dev::virtio::gpu::tests::virtio_gpu_display_info_short_tail_is_bounded ... ok
test dev::virtio::input::pointer::tests::tablet_absolute_injection_rejects_out_of_range_values ... ok
test dev::virtio::input::keyboard::tests::keyboard_config_fixture_is_exact_on_native ... ok
test dev::virtio::input::tests::input_config_fixture_matches_little_endian_wire_bytes ... ok
test dev::virtio::input::tests::input_config_selector_writes_are_width_preserving_and_resettable ... ok
test dev::virtio::input::tests::input_config_unsupported_queries_are_zero_and_do_not_leak_previous_payload ... ok
test dev::virtio::gpu::tests::virtio_gpu_display_info_split_header_unfenced ... ok
test dev::virtio::input::tests::input_event_wire_layout_is_fixed_and_little_endian ... ok
test dev::virtio::input::tests::key_transition_drop_removes_both_separate_frames ... ok
test dev::virtio::input::tests::inject_and_sync_retain_bounded_complete_frames_with_exact_drop_count ... ok
test dev::virtio::gpu::tests::virtio_gpu_malformed_guest_address_is_rejected_without_write ... ok
test dev::virtio::mmio::tests::critic_advisories_pinned ... ok
test dev::virtio::mmio::tests::driver_ok_without_features_ok_needs_reset ... ok
test dev::virtio::mmio::tests::empty_slot_answers_and_tolerates ... ok
test dev::virtio::mmio::tests::interrupt_ack_is_mask_clear ... ok
test dev::virtio::mmio::tests::lifecycle_happy_path ... ok
test dev::virtio::mmio::tests::protocol_violation_degrades_loudly ... ok
test dev::virtio::console::tests::virtio_console_advertises_multiport_device_id_config_and_six_queue_layout ... ok
test dev::virtio::mmio::tests::status_zero_is_full_reset ... ok
test dev::virtio::mmio::tests::transport_snapshot_round_trips_and_rejects_malformed ... ok
test dev::virtio::mmio::tests::unoffered_feature_rejected ... ok
test dev::virtio::gpu::tests::virtio_gpu_malformed_requests_make_progress_and_recover ... ok
test dev::virtio::net::switch_tests::replacing_backend_keeps_adapter_identity_and_drops_old_frames ... ok
test dev::virtio::console::tests::virtio_console_split_control_announcement_and_coalesced_data_are_bounded ... ok
test diag::irqstats::tests::hottest_irq_picks_the_max ... ok
test diag::irqstats::tests::naming_uses_the_window_not_the_lifetime_leader ... ok
test dev::virtio::input::tests::eventq_writes_one_event_across_split_descriptors_and_exact_used_len ... ok
test dev::virtio::console::tests::virtio_console_lifecycle_restart_and_reset_drop_stale_agent_state ... ok
test diag::irqstats::tests::wfi_watchdog_fires_once_then_rearms ... ok
test diag::irqstats::tests::storm_fires_after_consecutive_hot_windows ... ok
test diag::irqstats::tests::quiet_windows_never_fire_and_reset_the_streak ... ok
test dev::virtio::input::tests::injected_frames_cross_eventq_without_boundary_loss ... ok
test diag::irqstats::tests::wfi_watchdog_silent_when_making_progress_or_armed ... ok
test diag::irqstats::tests::window_stays_open_until_enough_retired ... ok
test dispatch::tests::counter_increments_and_fires_exactly_once ... ok
test dispatch::tests::csr_and_wfi_blocks_are_excluded ... ok
test dispatch::tests::counter_map_is_bounded_under_cold_flood ... ok
test dispatch::tests::dedup_across_distinct_blocks ... ok
test dispatch::tests::no_nomination_below_threshold ... ok
test dispatch::tests::requeue_after_invalidation_no_stale_survives ... ok
test dispatch::tests::reset_clears_state_and_bumps_generation ... ok
test dispatch::tests::stale_generation_alone_blocks_install_even_if_bytes_match ... ok
test dispatch::tests::translation_request_shape ... ok
test dev::virtio::input::tests::unsupported_queue_shape_is_bounded_and_requests_reset ... ok
test fdt::tests::header_is_spec_valid ... ok
test fdt::tests::placement_top_of_dram_aligned_outside_kernel ... ok
test hart::fregs::tests::f0_is_an_ordinary_register ... ok
test fdt::tests::dtb_tracks_platform_and_args ... ok
test hart::fregs::tests::non_boxed_value_reads_as_canonical_nan ... ok
test hart::fregs::tests::registers_are_independent ... ok
test fdt::tests::initrd_placement_between_kernel_and_dtb ... ok
test fdt::tests::tree_has_every_required_node_and_link ... ok
test hart::fregs::tests::write_f32_boxes_and_read_f32_unboxes ... ok
test hart::regs::tests::abi_names_match_psabi ... ok
test hart::regs::tests::compiled_register_mask_commit_preserves_unmasked_words_and_x0 ... ok
test hart::regs::tests::default_is_all_zero_including_pc ... ok
test hart::regs::tests::dump_format_is_byte_stable ... ok

thread 'hart::regs::tests::out_of_range_read_panics' (12867106) panicked at crates/core/src/hart/regs.rs:48:9:
register index 32 out of range
note: run with `RUST_BACKTRACE=1` environment variable to display a backtrace

thread 'hart::regs::tests::out_of_range_write_panics' (12867107) panicked at crates/core/src/hart/regs.rs:56:9:
register index 32 out of range
test hart::regs::tests::jit_version_is_not_architectural_equality ... ok
test hart::regs::tests::x0_writes_are_discarded ... ok
test hart::regs::tests::interleavings_vs_oracle_lcg ... ok
test hart::regs::tests::x1_to_x31_roundtrip_distinct_values ... ok
test jit::tests::cpu_state_handoff_pins_frozen_layout_endian_and_x0 ... ok
test hart::regs::tests::out_of_range_write_panics - should panic ... ok
test hart::regs::tests::out_of_range_read_panics - should panic ... ok
test mmio::tests::attach_rejects_zero_length_and_overflow_without_panic ... ok
test dev::virtio::input::tests::statusq_reads_split_event_and_rejects_short_or_wrong_direction ... ok
test mmio::tests::device_faults_propagate ... ok
test mmio::tests::attach_rejects_overlap_with_ram_and_devices ... ok
test dispatch::tests::queue_overflow_degrades_gracefully ... ok
test mmio::tests::device_hits_counts_every_access_that_lands_in_the_window ... ok
test mmio::tests::device_read_results_are_masked_to_width ... ok
test dev::virtio::gpu::tests::gpu_flush_golden_five_patterns_match_independent_reference ... ok
test mmio::tests::multiple_devices_route_independently ... ok
test dev::virtio::input::tests::short_event_buffer_is_not_partially_written_and_ring_recovers ... ok
test mmio::tests::zero_size_ram_bus_still_routes_devices ... ok
test mmio::tests::ram_accesses_pass_through_unchanged ... ok
test platform::tests::default_platform_is_valid ... ok
test platform::tests::irq_and_virtio_layout ... ok
test platform::tests::overlap_and_overflow_are_caught ... ok
test mmio::tests::misaligned_in_window_faults_without_invoking_device ... ok
test mmio::tests::unmapped_hole_faults_access_at_every_width ... ok
test mmio::tests::straddling_window_edge_faults_and_never_invokes_device ... ok
test mmio::tests::width_forwarding_is_exact_never_split ... ok
test platform::tests::region_boundaries ... ok
test mmio::tests::window_access_reaches_device_with_offset_width_value ... ok
test prof::pause::tests::buckets_bracket_the_target ... ok
test prof::pause::tests::over_target_and_max_ns ... ok
test prof::pause::tests::work_bound_tracks_max ... ok
test pmp_audit_tests::su_pmp_ignored_locked_tor_writes_keep_revision_and_zero_work ... ok
test prof::tests::add_ns_accumulates_per_subsystem ... ok
test prof::tests::fixed_timer_reflects_set_and_advance_monotonically ... ok
test pmp_audit_tests::su_pmp_effective_address_change_cannot_take_shortcut ... ok
test prof::tests::collisions_are_visible_not_silently_merged ... ok
test pmp_audit_tests::su_pmp_revision_change_flushes_before_shortcut ... ok
test prof::tests::records_land_in_expected_64_byte_regions ... ok
test prof::tests::report_json_shape_and_contents ... ok
test prof::tests::report_computes_pct_and_passes_total_through ... ok
test prof::tests::tight_loop_concentrates ... ok
test prof::tests::report_on_empty_profile_does_not_divide_by_zero ... ok
test ram::resume_snapshot_tests::a_malformed_payload_is_refused_without_mutating ... ok
test prof::tests::report_text_contains_pc_and_subsystem_names ... ok
test prof::tests::weak_incumbent_is_evicted_by_newcomer ... ok
test prof::tests::top_is_descending_with_low_pc_tie_break ... ok
test ram::tests::default_map_constants ... ok
test ram::resume_snapshot_tests::restoring_a_wrong_size_snapshot_is_refused_without_mutating ... ok
test pmp_audit_tests::m_pmp_audit_still_visits_cached_instructions ... ok
test ram::tests::little_endian_byte_order ... ok
test ram::tests::extreme_addresses_fault_without_overflow_panics ... ok
test ram::tests::faulting_store_leaves_ram_bit_identical ... ok
test ram::tests::misaligned_in_range_faults_misaligned_at_every_width ... ok
test ram::tests::roundtrip_every_width_at_base_and_last_slot ... ok
test ram::tests::straddling_the_end_is_access_not_panic ... ok
test ram::tests::zero_and_absurd_sizes_fail_cleanly ... ok
test resume::resume_tests::a_bad_magic_is_rejected ... ok
test resume::resume_tests::a_component_round_trips_through_the_container_format ... ok
test ram::tests::slice_escape_hatch_bounds_and_content ... ok
test resume::resume_tests::a_huge_zero_run_length_is_rejected_without_allocating ... ok
test resume::resume_tests::a_partial_trailing_section_header_is_truncated ... ok
test resume::resume_tests::a_reserved_but_unimplemented_section_is_refused_as_unsupported ... ok
test resume::resume_tests::a_section_length_past_the_end_is_rejected_not_over_read ... ok
test resume::resume_tests::a_too_short_blob_is_truncated_not_a_panic ... ok
test resume::resume_tests::a_version_mismatch_is_rejected ... ok
test resume::resume_tests::an_unknown_section_fails_loudly ... ok
test resume::resume_tests::decode_sparse_rejects_malformed_payloads ... ok
test resume::resume_tests::header_round_trips_and_sections_read_back_in_order ... ok
test dev::virtio::rng::tests::fills_posted_buffer_with_entropy_and_publishes_used ... ok
test ram::resume_snapshot_tests::ram_round_trips_completely ... ok
test resume::resume_tests::restore_decision_rejects_a_truncated_final_section ... ok
test resume::resume_tests::the_coherence_guards_refuse_a_mismatch ... ok
test sbi::base::tests::ids_and_unknown_fid ... ok
test sbi::base::tests::probe_extension_per_plan ... ok
test resume::resume_tests::zero_elision_round_trips_for_every_shape ... ok
test sbi::base::tests::spec_version_is_2_0 ... ok
test sbi::dbcn::tests::read_drains_queue_nonblocking_and_write_byte ... ok
test sbi::dbcn::tests::write_attack_matrix ... ok
test sbi::hsm::tests::lifecycle_answers_single_hart ... ok
test prof::tests::histogram_memory_is_fixed ... ok
test sbi::dbcn::tests::write_reads_guest_dram_and_reports_count ... ok
test sbi::ipi::tests::self_ipi_sets_ssip_and_masks_validate ... ok
test sbi::legacy::tests::getchar_empty_is_minus_one_nonblocking ... ok
test sbi::legacy::tests::putchar_emits_and_returns_zero ... ok
test sbi::rfence::tests::fences_flush_and_masks_validate ... ok
test sbi::srst::tests::shutdown_reboot_and_error_paths ... ok
test sbi::tests::probe_set_matches_plan ... ok
test sbi::time::tests::set_timer_replaces_and_cancels ... ok
test pmp_audit_tests::su_pmp_audit_work_is_zero_for_populated_caches ... ok
test tests::group_batches_coalesces_disconnected_chunks ... ok
test tests::kernel_footprint_falls_back_to_file_len ... ok
test tests::kernel_footprint_honours_image_size ... ok
test sbi::tests::unknown_and_pending_eids_not_supported ... ok
test tests::version_matches_manifest ... ok
test time::tests::huge_gap_jumps_with_notification ... ok
test tests::machine_allocates_requested_ram ... ok
test time::tests::icount_is_pure_function_of_retired ... ok
test time::tests::respects_software_mtime_write_as_floor ... ok
test time::tests::wallclock_never_steps_backward_under_jittery_host ... ok
test tests::machine_tolerates_zero_ram ... ok
test dev::virtio::gpu::tiles::tests::seeded_random_transfer_flush_resize_sequences_match_reference_tiles ... ok
test time::tests::moderate_gap_slews_at_bounded_rate ... ok
test resume::resume_tests::a_mostly_zero_buffer_compresses_far_under_ram_size ... ok
test ram::resume_snapshot_tests::a_mostly_zero_ram_snapshot_is_far_under_ram_size ... ok
test resume::resume_tests::decode_sparse_never_panics_on_random_input ... ok
test dev::virtio::console::tests::virtio_console_agent_and_port0_data_queues_keep_frame_bytes_and_backpressure_separate ... ok
test resume::resume_tests::the_parser_never_panics_on_any_truncation_or_flip ... ok
test dev::virtio::mmio::tests::register_fuzz_1e6 ... ok
test hart::regs::proptests::writes_track_oracle_and_x0_stays_zero ... ok
test sbi::tests::dispatcher_fuzz_1e6 ... ok
test dev::virtio::gpu::damage::tests::seeded_random_rectangles_never_drop_reference_damage ... ok
1280x800 transfer: 139.931625ms
test dev::virtio::gpu::resources::tests::gpu_transfer_full_frame_native_budget ... ok
test dev::virtio::gpu::resources::tests::gpu_resources_create_repeated_rejections_do_not_grow_map ... ok
test ram::resume_snapshot_tests::a_mostly_zero_256_mib_ram_encodes_under_15_percent_and_restores_byte_identically ... ok

test result: ok. 275 passed; 0 failed; 0 ignored; 0 measured; 0 filtered out; finished in 3.01s

cargo test -p wasm-vm-core --test pmp_privilege_audit --test predecode_entry_safety --test pmp --test privilege --test tlb --test cpu_resume --test reset --test sv39 --features trace -- --nocapture
   Compiling wasm-vm-core v0.0.1 (/Users/blamy/Documents/Codex/wasm-vm/target/e5-t22f/cold/wasm-vm-cold.GK28Soed/repo/crates/core)
    Finished `test` profile [unoptimized + debuginfo] target(s) in 1.85s
     Running tests/cpu_resume.rs (target/debug/deps/cpu_resume-ce0e30e4466d52b3)

running 6 tests
test malformed_cpu_payload_is_rejected_and_leaves_hart_unchanged ... ok
test resume_places_the_timer_interrupt_identically ... ok
test virtio_blk_and_net_sections_round_trip_at_machine_level ... ok
test whole_machine_resume_round_trips ... ok
test restore_over_dirty_state_is_byte_identical ... ok
test resume_trace_matches_continuation ... ok

test result: ok. 6 passed; 0 failed; 0 ignored; 0 measured; 0 filtered out; finished in 1.44s

     Running tests/pmp.rs (target/debug/deps/pmp-6d703c9c3c2ebdd4)

running 12 tests
test no_armed_entry_denies_su_but_allows_m ... ok
test odd_pmpcfg_is_illegal_and_pmpaddr_high_bits_read_zero ... ok
test lowest_numbered_matching_entry_wins ... ok
test locking_applies_to_m_and_freezes_the_entry ... ok
test reserved_r0_w1_cfg_is_legalized_to_w0 ... ok
test na4_protects_exactly_four_bytes ... ok
test all_64_entries_configurable_and_enforced_e1t27 ... ok
test napot_grants_rwx_and_off_default_denies_su ... ok
test tor_readonly_for_s_with_straddle_and_store_faults ... ok
test mprv_applies_pmp_as_mpp_for_loads_but_not_fetches ... ok
test u_mode_fetch_without_grant_raises_instruction_access_fault ... ok
test mprv_does_not_affect_fetch_end_to_end ... ok

test result: ok. 12 passed; 0 failed; 0 ignored; 0 measured; 0 filtered out; finished in 0.01s

     Running tests/pmp_privilege_audit.rs (target/debug/deps/pmp_privilege_audit-588103b88049c371)

running 4 tests
SU_REVOKE S->U cache=false retired=1 hash=59514d8d732ca0e2 fault=80000004
SU_MIDBLOCK S->U cache=false retired=0 x6=0 fault=80000004
SU_REVOKE S->U cache=true retired=1 hash=59514d8d732ca0e2 fault=80000004
SU_MIDBLOCK S->U cache=true retired=0 x6=0 fault=80000004
SU_REVOKE U->S cache=false retired=1 hash=59514d8d732ca0e2 fault=80000004
SU_MIDBLOCK U->S cache=false retired=0 x6=0 fault=80000004
SU_MIDBLOCK U->S cache=true retired=0 x6=0 fault=80000004
test su_midblock_revision_revocation ... ok
SU_REVOKE U->S cache=true retired=1 hash=59514d8d732ca0e2 fault=80000004
test su_revision_revocation ... ok
SU_RESTORE retired=2000 hash=8907ff1cb93090b5 ram_sha256=14118a1afcb43237022d6fb90905fd2420e80af1850fbcee2df81f78a3ecc5e0
test su_snapshot_and_host_sequence ... ok
SU_TRACE turns=1 retired=7 hash=1046a1baefeab5ca ram_sha256=14118a1afcb43237022d6fb90905fd2420e80af1850fbcee2df81f78a3ecc5e0
core 0: 0x000000008000010c (0x10200073)
core 0: 0x0000000080000000 (0x00128293) x5 0x0000000000000001
core 0: 0x0000000080000100 (0x14102373) x6 0x0000000080000004
core 0: 0x0000000080000104 (0x00430313) x6 0x0000000080000008
core 0: 0x0000000080000108 (0x14131073)
core 0: 0x000000008000010c (0x10200073)
core 0: 0x0000000080000008 (0xff9ff06f)
SU_TRACE turns=7 retired=43 hash=bdacf09cb6d2a951 ram_sha256=14118a1afcb43237022d6fb90905fd2420e80af1850fbcee2df81f78a3ecc5e0
SU_TRACE turns=37 retired=223 hash=eac08f91a4e7b526 ram_sha256=14118a1afcb43237022d6fb90905fd2420e80af1850fbcee2df81f78a3ecc5e0
SU_TRACE turns=191 retired=1147 hash=107b228d8e75d2b9 ram_sha256=14118a1afcb43237022d6fb90905fd2420e80af1850fbcee2df81f78a3ecc5e0
test su_guest_trace_parity ... ok

test result: ok. 4 passed; 0 failed; 0 ignored; 0 measured; 0 filtered out; finished in 1.15s

     Running tests/predecode_entry_safety.rs (target/debug/deps/predecode_entry_safety-ab2a241d29290a90)

running 7 tests
test pmp_change_invalidates_cached_interior_permission ... ok
test guest_mret_invalidates_cached_interior_permission_before_successor ... ok
test dma_write_between_run_chunks_invalidates_before_next_entry ... ok
test cached_entry_rechecks_revoked_pmp_execute_permission ... ok
test mode_change_with_full_grant_retains_cached_code ... ok
test privilege_change_invalidates_cached_interior_permission ... ok
test two_virtual_aliases_reuse_one_physical_entry ... ok

test result: ok. 7 passed; 0 failed; 0 ignored; 0 measured; 0 filtered out; finished in 0.25s

     Running tests/privilege.rs (target/debug/deps/privilege-d67f3b18ad37b362)

running 11 tests
test sie_sip_are_mideleg_gated ... ok
test mode_never_changes_via_plain_csr_write ... ok
test trap_to_m_and_mret_field_shuffle ... ok
test trap_to_s_and_sret_field_shuffle ... ok
test mret_to_u_clears_mprv_then_mcsr_from_u_traps ... ok
test sstatus_write_touches_only_s_bits ... ok
test mret_below_m_is_illegal ... ok
test wfi_traps_when_tw_set_below_m ... ok
test tvm_makes_satp_access_illegal_in_s_mode ... ok
test ecall_cause_depends_on_mode ... ok
test sret_privilege_and_tsr ... ok

test result: ok. 11 passed; 0 failed; 0 ignored; 0 measured; 0 filtered out; finished in 0.00s

     Running tests/reset.rs (target/debug/deps/reset-a0ca1fbe1193769c)

running 4 tests
test writing_x0_leaves_it_zero ... ok
test fresh_hart_is_in_reset_state ... ok
test reset_is_bit_identical_from_any_prior_state ... ok
test reset_after_10k_instructions_matches_fresh ... ok

test result: ok. 4 passed; 0 failed; 0 ignored; 0 measured; 0 filtered out; finished in 0.01s

     Running tests/sv39.rs (target/debug/deps/sv39-b9d06b6f7c8a6080)

running 11 tests
test bare_and_m_mode_are_identity ... ok
test identity_4k_translation_and_offset ... ok
test misaligned_superpage_faults ... ok
test non_canonical_va_faults ... ok
test mprv_translates_loads_as_mpp_but_not_fetches ... ok
test ptw_pte_read_denied_by_pmp_is_access_fault_not_page_fault ... ok
test svade_a_and_d_trap_then_succeed ... ok
test superpage_2mib_and_1gib_pass_offset_bits ... ok
test sum_mxr_and_u_page_privilege ... ok
test invalid_and_reserved_ptes_fault_per_access ... ok
test reserved_high_pte_bits_page_fault ... ok

test result: ok. 11 passed; 0 failed; 0 ignored; 0 measured; 0 filtered out; finished in 0.11s

     Running tests/tlb.rs (target/debug/deps/tlb-d88baeaa50554902)

running 15 tests
test superpage_entry_serves_whole_2mib_range ... ok
test va_fence_flushes_a_global_entry ... ok
test store_not_served_by_load_filled_clean_page ... ok
test disabled_tlb_walks_every_access ... ok
test permission_recheck_is_live_no_flush_needed ... ok
test asid_flush_spares_global_and_other_asid ... ok
test faulting_va_is_never_cached ... ok
test va_targeted_fence_spares_the_alias ... ok
test full_flush_empties_including_global ... ok
test caches_translation_stale_until_addr_fence ... ok
test replacement_is_deterministic ... ok
test sfence_vma_illegal_in_s_when_tvm_set ... ok
test sfence_vma_retires_in_s_without_tvm ... ok
test sfence_vma_illegal_in_u_mode ... ok
test executed_sfence_vma_flushes_only_the_targeted_va ... ok

test result: ok. 15 passed; 0 failed; 0 ignored; 0 measured; 0 filtered out; finished in 0.25s

cargo build -p wasm-vm-core --no-default-features --target wasm32-unknown-unknown
   Compiling typenum v1.20.1
   Compiling smallvec v1.15.2
   Compiling cfg-if v1.0.4
   Compiling bitflags v2.13.0
   Compiling log v0.4.33
   Compiling rustc_apfloat v0.2.3+llvm-462a31f5a5ab
   Compiling generic-array v0.14.7
   Compiling block-buffer v0.10.4
   Compiling crypto-common v0.1.7
   Compiling digest v0.10.7
   Compiling sha2 v0.10.9
   Compiling wasm-vm-core v0.0.1 (/Users/blamy/Documents/Codex/wasm-vm/target/e5-t22f/cold/wasm-vm-cold.GK28Soed/repo/crates/core)
    Finished `dev` profile [unoptimized + debuginfo] target(s) in 2.05s
wasm-pack test --node crates/wasm --test pmp_privilege_audit --test jit_browser_parity -- --nocapture
[INFO]: 🎯  Checking for the Wasm target...
   Compiling unicode-ident v1.0.24
   Compiling once_cell v1.21.4
   Compiling slab v0.4.12
   Compiling futures-core v0.3.32
   Compiling futures-task v0.3.32
   Compiling pin-project-lite v0.2.17
   Compiling byteorder v1.5.0
   Compiling serde_core v1.0.228
   Compiling zmij v1.0.21
   Compiling tinyvec_macros v0.1.1
   Compiling itoa v1.0.18
   Compiling memchr v2.8.2
   Compiling stable_deref_trait v1.2.1
   Compiling wasm-vm-core v0.0.1 (/Users/blamy/Documents/Codex/wasm-vm/target/e5-t22f/cold/wasm-vm-cold.GK28Soed/repo/crates/core)
   Compiling bitflags v1.3.2
   Compiling managed v0.8.0
   Compiling wasm-bindgen-shared v0.2.126
   Compiling tinyvec v1.12.0
   Compiling libm v0.2.16
   Compiling wasm-vm-wasm-emit v0.0.1 (/Users/blamy/Documents/Codex/wasm-vm/target/e5-t22f/cold/wasm-vm-cold.GK28Soed/repo/crates/wasm-emit)
   Compiling cast v0.3.0
   Compiling hash32 v0.3.1
   Compiling oorandom v11.1.5
   Compiling wasm-bindgen-test-shared v0.2.126
   Compiling nu-ansi-term v0.50.3
   Compiling futures-util v0.3.32
   Compiling wasm-bindgen v0.2.126
   Compiling heapless v0.9.3
   Compiling unicode-normalization v0.1.25
   Compiling smoltcp v0.13.1
   Compiling num-traits v0.2.19
   Compiling console_error_panic_hook v0.1.7
   Compiling js-sys v0.3.103
   Compiling serde v1.0.228
   Compiling serde_json v1.0.150
   Compiling wasm-vm-storage v0.0.1 (/Users/blamy/Documents/Codex/wasm-vm/target/e5-t22f/cold/wasm-vm-cold.GK28Soed/repo/crates/storage)
   Compiling wasm-vm-jit-translate v0.0.1 (/Users/blamy/Documents/Codex/wasm-vm/target/e5-t22f/cold/wasm-vm-cold.GK28Soed/repo/crates/jit-translate)
   Compiling wasm-vm-slirp v0.0.0 (/Users/blamy/Documents/Codex/wasm-vm/target/e5-t22f/cold/wasm-vm-cold.GK28Soed/repo/crates/slirp)
   Compiling wasm-bindgen-futures v0.4.76
   Compiling web-sys v0.3.103
   Compiling getrandom v0.2.17
   Compiling wasm-bindgen-test v0.3.76
   Compiling console_log v1.0.0
   Compiling wasm-vm-wasm v0.0.1 (/Users/blamy/Documents/Codex/wasm-vm/target/e5-t22f/cold/wasm-vm-cold.GK28Soed/repo/crates/wasm)
warning: unused import: `Exception`
 --> crates/wasm/tests/hart_ctrl.rs:8:26
  |
8 | use wasm_vm_core::hart::{Exception, Hart};
  |                          ^^^^^^^^^
  |
  = note: `#[warn(unused_imports)]` (part of `#[warn(unused)]`) on by default

warning: `wasm-vm-wasm` (test "hart_ctrl") generated 1 warning (run `cargo fix --test "hart_ctrl" -p wasm-vm-wasm` to apply 1 suggestion)
    Finished `dev` profile [unoptimized + debuginfo] target(s) in 10.43s
[INFO]: ⬇️  Installing wasm-bindgen...
    Finished `test` profile [unoptimized + debuginfo] target(s) in 0.05s
     Running tests/jit_browser_parity.rs (/Users/blamy/Documents/Codex/wasm-vm/target/e5-t22f/cold/wasm-vm-cold.GK28Soed/repo/target/wasm32-unknown-unknown/debug/deps/jit_browser_parity-6cc578c42c9ecada.wasm)
running 35 tests
test browser_handles_remain_bounded_across_retranslation_churn ... ignored, long browser externref/eviction churn; run explicitly for E4-T33 evidence
Invoking test: unexpected_js_exception_fails_closed_without_commit_and_cleans_host
test unexpected_js_exception_fails_closed_without_commit_and_cleans_host ... ok
Invoking test: production_browser_budget_stays_below_measured_instance_cliff
test production_browser_budget_stays_below_measured_instance_cliff ... ok
Invoking test: page_write_invalidates_compiled_block
test page_write_invalidates_compiled_block ... ok
Invoking test: execute_miss_preserves_public_guard_and_guest_state
test execute_miss_preserves_public_guard_and_guest_state ... ok
Invoking test: directed_eviction_through_the_single_ordered_path
test directed_eviction_through_the_single_ordered_path ... ok
Invoking test: compile_instantiate_and_cache_by_phys_pc
test compile_instantiate_and_cache_by_phys_pc ... ok
Invoking test: chain_edge_links_and_unlinks_on_invalidation
test chain_edge_links_and_unlinks_on_invalidation ... ok
Invoking test: bulk_handoff_preserves_all_registers_and_virtual_pc_on_precise_fault
test bulk_handoff_preserves_all_registers_and_virtual_pc_on_precise_fault ... ok
Invoking test: browser_run_chunk_scope_caps_all_internal_subruns_to_eight_installs
test browser_run_chunk_scope_caps_all_internal_subruns_to_eight_installs ... ok
Invoking test: browser_jit_six_op_loop_is_exactly_budgeted
test browser_jit_six_op_loop_is_exactly_budgeted ... ok
Invoking test: browser_jit_matches_interpreter_m_block
test browser_jit_matches_interpreter_m_block ... ok
Invoking test: browser_jit_matches_interpreter_i_block
test browser_jit_matches_interpreter_i_block ... ok
Invoking test: browser_jit_matches_interpreter_a_block
test browser_jit_matches_interpreter_a_block ... ok
Invoking test: browser_inline_tlb_matches_interpreter_for_ram_loop
test browser_inline_tlb_matches_interpreter_for_ram_loop ... ok
Invoking test: browser_inline_static_link_unlinks_and_rearms_after_target_reinstall
test browser_inline_static_link_unlinks_and_rearms_after_target_reinstall ... ok
Invoking test: browser_inline_static_link_refuses_after_execute_permission_change
test browser_inline_static_link_refuses_after_execute_permission_change ... ok
Invoking test: browser_inline_static_guard_rejects_remapped_target_page
test browser_inline_static_guard_rejects_remapped_target_page ... ok
Invoking test: browser_inline_static_cross_page_tail_refuses_before_target_entry
test browser_inline_static_cross_page_tail_refuses_before_target_entry ... ok
Invoking test: browser_inline_static_cross_batch_target_fault_is_precise
test browser_inline_static_cross_batch_target_fault_is_precise ... ok
Invoking test: browser_inline_static_cross_batch_load_store_matches_interpreter
test browser_inline_static_cross_batch_load_store_matches_interpreter ... ok
Invoking test: browser_inline_static_cross_batch_link_executes_and_misses_safely
test browser_inline_static_cross_batch_link_executes_and_misses_safely ... ok
Invoking test: browser_inline_static_code_store_cuts_link_before_target_reuse
test browser_inline_static_code_store_cuts_link_before_target_reuse ... ok
Invoking test: browser_inline_static_chain_reaches_five_blocks_in_one_engine_call
test browser_inline_static_chain_reaches_five_blocks_in_one_engine_call ... ok
Invoking test: browser_inline_raw_store_to_compiled_page_aborts_before_successor
test browser_inline_raw_store_to_compiled_page_aborts_before_successor ... ok
Invoking test: browser_inline_raw_store_commits_reservation_and_code_log
test browser_inline_raw_store_commits_reservation_and_code_log ... ok
Invoking test: browser_inline_dynamic_jalr_links_switch_and_unlinks
test browser_inline_dynamic_jalr_links_switch_and_unlinks ... ok
Invoking test: browser_inline_direct_chain_reports_bounded_retirement
test browser_inline_direct_chain_reports_bounded_retirement ... ok
Invoking test: browser_inline_direct_chain_honors_depth_budget
test browser_inline_direct_chain_honors_depth_budget ... ok
Invoking test: browser_inline_data_store_stays_chained_but_atomic_successor_waits_for_commit
test browser_inline_data_store_stays_chained_but_atomic_successor_waits_for_commit ... ok
Invoking test: browser_handoff_refreshes_after_outer_growth_on_recorded_precise_fault
test browser_handoff_refreshes_after_outer_growth_on_recorded_precise_fault ... ok
Invoking test: browser_handoff_refreshes_after_outer_growth_during_compiled_call
test browser_handoff_refreshes_after_outer_growth_during_compiled_call ... ok
Invoking test: browser_dispatch_reuses_memory_views_without_subarray_allocation
test browser_dispatch_reuses_memory_views_without_subarray_allocation ... ok
Invoking test: browser_clean_dispatch_reuses_cached_outer_view_without_constructor
test browser_clean_dispatch_reuses_cached_outer_view_without_constructor ... ok
Invoking test: browser_batch_skips_unsupported_members_without_fragmenting_valid_blocks
test browser_batch_skips_unsupported_members_without_fragmenting_valid_blocks ... ok

test result: ok. 34 passed; 0 failed; 1 ignored; 0 filtered out; finished in 5.56s

     Running tests/pmp_privilege_audit.rs (/Users/blamy/Documents/Codex/wasm-vm/target/e5-t22f/cold/wasm-vm-cold.GK28Soed/repo/target/wasm32-unknown-unknown/debug/deps/pmp_privilege_audit-abd02abbb7b31b49.wasm)
running 5 tests
Invoking test: su_snapshot_and_host_sequence
test su_snapshot_and_host_sequence ... ok
Invoking test: su_revision_revocation
test su_revision_revocation ... ok
Invoking test: su_midblock_revision_revocation
test su_midblock_revision_revocation ... ok
Invoking test: su_guest_trace_parity
test su_guest_trace_parity ... ok
Invoking test: browser_jit_su_transitions_match_interpreter
test browser_jit_su_transitions_match_interpreter ... ok

test result: ok. 5 passed; 0 failed; 0 ignored; 0 filtered out; finished in 1.61s

node --test tools/verify/e5-t22f-browser.test.mjs tools/verify/cold-clone.test.mjs
✔ selected parent preserves literal paths, committed input, scrub and retained proof (146.538375ms)
✔ cleanup removes only owned clone and make failure remains a failure (238.771041ms)
✔ default temporary directory remains supported (148.401375ms)
✔ invalid parents, flags and nonliteral targets fail before cloning (59.299833ms)
✔ engine acceptance owns profiler, image, output and demo controls (0.45425ms)
✔ frozen engine proof rejects dirty or staged imported runtime and fixture inputs (377.21625ms)
ℹ tests 6
ℹ suites 0
ℹ pass 6
ℹ fail 0
ℹ cancelled 0
ℹ skipped 0
ℹ todo 0
ℹ duration_ms 625.426583
E5_T22C_TOOLS_OUT=target/e5-t22f/display-tools E5_T17B_OUT=target/e5-t22f/desktop-image E5_T17B_IMG_SIZE=1G E5_T17B_PACKAGE_LOCK=tools/image/e5-t18e/MANIFEST.txt E5_T18B_INTERACTIVE=1 E5_T18D_RECOVERY=1 E5_T22C_RESIZE=1 bash tools/image/desktop.sh
   Compiling version_check v0.9.5
   Compiling typenum v1.20.1
   Compiling libc v0.2.186
   Compiling tinyvec_macros v0.1.1
   Compiling cfg-if v1.0.4
   Compiling tinyvec v1.12.0
   Compiling generic-array v0.14.7
   Compiling unicode-normalization v0.1.25
   Compiling crypto-common v0.1.7
   Compiling block-buffer v0.10.4
   Compiling digest v0.10.7
   Compiling sha2 v0.10.9
   Compiling wasm-vm-file-agent-storage v0.0.0 (/Users/blamy/Documents/Codex/wasm-vm/target/e5-t22f/cold/wasm-vm-cold.GK28Soed/repo/crates/file-agent-storage)
   Compiling wasm-vm-file-agent v0.0.0 (/Users/blamy/Documents/Codex/wasm-vm/target/e5-t22f/cold/wasm-vm-cold.GK28Soed/repo/crates/file-agent)
    Finished `release` profile [optimized + debuginfo] target(s) in 8.55s
   Compiling wasm-vm-agent-protocol v0.0.1 (/Users/blamy/Documents/Codex/wasm-vm/target/e5-t22f/cold/wasm-vm-cold.GK28Soed/repo/crates/agent-protocol)
   Compiling wasm-vm-guest-agent v0.0.1 (/Users/blamy/Documents/Codex/wasm-vm/target/e5-t22f/cold/wasm-vm-cold.GK28Soed/repo/guest/agent)
    Finished `release` profile [optimized + debuginfo] target(s) in 0.45s
   Compiling wasm-vm-wvseccomp v0.0.0 (/Users/blamy/Documents/Codex/wasm-vm/target/e5-t22f/cold/wasm-vm-cold.GK28Soed/repo/crates/wvseccomp)
    Finished `release` profile [optimized + debuginfo] target(s) in 0.23s
DEPRECATED: The legacy builder is deprecated and will be removed in a future release.
            Install the buildx component to build images with BuildKit:
            https://docs.docker.com/go/buildx/

fetch https://dl-cdn.alpinelinux.org/alpine/v3.20/community/riscv64/APKINDEX.tar.gz
fetch https://dl-cdn.alpinelinux.org/alpine/v3.20/main/riscv64/APKINDEX.tar.gz
(1/137) Installing musl (1.2.5-r3)
(2/137) Installing alsa-lib (1.2.11-r0)
(3/137) Installing dbus-libs (1.14.10-r1)
(4/137) Installing libintl (0.22.5-r0)
(5/137) Installing avahi-libs (0.8-r17)
(6/137) Installing brotli-libs (1.1.0-r2)
(7/137) Installing busybox (1.36.1-r31)
(8/137) Installing busybox-binsh (1.36.1-r31)
(9/137) Installing libxau (1.0.11-r4)
(10/137) Installing libmd (1.1.0-r0)
(11/137) Installing libbsd (0.12.2-r0)
(12/137) Installing libxdmcp (1.1.5-r1)
(13/137) Installing libxcb (1.16.1-r0)
(14/137) Installing libx11 (1.8.9-r1)
(15/137) Installing libxext (1.3.6-r2)
(16/137) Installing libxrender (0.9.11-r5)
(17/137) Installing libexpat (2.8.1-r0)
(18/137) Installing libbz2 (1.0.8-r6)
(19/137) Installing zlib (1.3.2-r0)
(20/137) Installing libpng (1.6.57-r0)
(21/137) Installing freetype (2.13.2-r0)
(22/137) Installing fontconfig (2.15.0-r1)
(23/137) Installing pixman (0.43.2-r0)
(24/137) Installing cairo (1.18.4-r0)
(25/137) Installing cdparanoia-libs (10.2-r14)
(26/137) Installing udev-init-scripts (35-r1)
(27/137) Installing eudev-libs (3.2.14-r2)
(28/137) Installing libeconf (0.6.3-r0)
(29/137) Installing libblkid (2.40.1-r1)
(30/137) Installing libcrypto3 (3.3.7-r0)
(31/137) Installing xz-libs (5.8.3-r0)
(32/137) Installing zstd-libs (1.5.6-r0)
(33/137) Installing kmod-libs (32-r0)
(34/137) Installing eudev (3.2.14-r2)
(35/137) Installing pkgconf (2.2.0-r0)
(36/137) Installing eudev-dev (3.2.14-r2)
(37/137) Installing expat (2.8.1-r0)
(38/137) Installing expat-dev (2.8.1-r0)
(39/137) Installing fribidi (1.0.15-r0)
(40/137) Installing gdbm (1.23-r1)
(41/137) Installing libffi (3.4.6-r0)
(42/137) Installing libmount (2.40.1-r1)
(43/137) Installing pcre2 (10.43-r0)
(44/137) Installing glib (2.80.5-r0)
(45/137) Installing gmp (6.3.0-r1)
(46/137) Installing nettle (3.10.2-r0)
(47/137) Installing libunistring (1.2-r0)
(48/137) Installing libidn2 (2.3.7-r0)
(49/137) Installing libtasn1 (4.21.0-r0)
(50/137) Installing p11-kit (0.25.3-r0)
(51/137) Installing gnutls (3.8.13-r0)
(52/137) Installing graphene (1.10.8-r4)
(53/137) Installing graphite2 (1.3.14-r6)
(54/137) Installing mesa (24.0.9-r1)
(55/137) Installing hwdata-pci (0.382-r0)
(56/137) Installing libpciaccess (0.18.1-r0)
(57/137) Installing libdrm (2.4.120-r0)
(58/137) Installing wayland-libs-server (1.22.0-r4)
(59/137) Installing mesa-gbm (24.0.9-r1)
(60/137) Installing libgcc (13.2.1_git20240309-r1)
(61/137) Installing mesa-glapi (24.0.9-r1)
(62/137) Installing wayland-libs-client (1.22.0-r4)
(63/137) Installing libxshmfence (1.3.2-r6)
(64/137) Installing mesa-egl (24.0.9-r1)
(65/137) Installing libxfixes (6.0.1-r4)
(66/137) Installing libxxf86vm (1.1.5-r6)
(67/137) Installing mesa-gl (24.0.9-r1)
(68/137) Installing libxi (1.8.1-r4)
(69/137) Installing libxv (1.0.12-r5)
(70/137) Installing gstreamer (1.24.10-r0)
(71/137) Installing libjpeg-turbo (3.0.3-r0)
(72/137) Installing libogg (1.3.5-r5)
(73/137) Installing opus (1.5.2-r0)
(74/137) Installing orc (0.4.40-r0)
(75/137) Installing libxft (2.3.8-r3)
(76/137) Installing harfbuzz (8.5.0-r0)
(77/137) Installing pango (1.52.2-r0)
(78/137) Installing libtheora (1.1.1-r18)
(79/137) Installing libvorbis (1.3.7-r2)
(80/137) Installing wayland-libs-cursor (1.22.0-r4)
(81/137) Installing wayland-libs-egl (1.22.0-r4)
(82/137) Installing gst-plugins-base (1.24.10-r0)
(83/137) Installing lcms2 (2.19-r0)
(84/137) Installing libstdc++ (13.2.1_git20240309-r1)
(85/137) Installing libunwind (1.8.1-r0)
(86/137) Installing yaml (0.2.5-r2)
(87/137) Installing libcamera (0.3.0-r0)
(88/137) Installing linux-headers (6.6-r0)
(89/137) Installing libpciaccess-dev (0.18.1-r0)
(90/137) Installing libdrm-dev (2.4.120-r0)
(91/137) Installing libevdev (1.13.1-r0)
(92/137) Installing libffi-dev (3.4.6-r0)
(93/137) Installing libflac (1.4.3-r1)
(94/137) Installing mtdev (1.1.6-r3)
(95/137) Installing libinput-libs (1.25.0-r0)
(96/137) Installing libinput-udev (1.25.0-r0)
(97/137) Installing ncurses-terminfo-base (6.4_p20240420-r2)
(98/137) Installing libncursesw (6.4_p20240420-r2)
(99/137) Installing libpanelw (6.4_p20240420-r2)
(100/137) Installing libsharpyuv (1.3.2-r0)
(101/137) Installing libsndfile (1.2.2-r1)
(102/137) Installing libssl3 (3.3.7-r0)
(103/137) Installing ssl_client (1.36.1-r31)
(104/137) Installing libuv (1.48.0-r0)
(105/137) Installing libwebp (1.3.2-r0)
(106/137) Installing xkeyboard-config (2.41-r0)
(107/137) Installing libxml2 (2.12.10-r0)
(108/137) Installing libxkbcommon (1.7.0-r0)
(109/137) Installing libweston (12.0.4-r0)
(110/137) Installing xorgproto (2024.1-r0)
(111/137) Installing libxau-dev (1.0.11-r4)
(112/137) Installing mpdecimal (4.0.0-r0)
(113/137) Installing readline (8.2.10-r0)
(114/137) Installing sqlite-libs (3.45.3-r3)
(115/137) Installing python3 (3.12.13-r0)
(116/137) Installing python3-pycache-pyc0 (3.12.13-r0)
(117/137) Installing pyc (3.12.13-r0)
(118/137) Installing xcb-proto-pyc (1.16.0-r1)
(119/137) Installing python3-pyc (3.12.13-r0)
(120/137) Installing xcb-proto (1.16.0-r1)
(121/137) Installing libxdmcp-dev (1.1.5-r1)
(122/137) Installing libxcb-dev (1.16.1-r0)
(123/137) Installing libxkbcommon-x11 (1.7.0-r0)
(124/137) Installing zlib-dev (1.3.2-r0)
(125/137) Installing xz (5.8.3-r0)
(126/137) Installing xz-dev (5.8.3-r0)
(127/137) Installing libxml2-utils (2.12.10-r0)
(128/137) Installing libxml2-dev (2.12.10-r0)
(129/137) Installing libxkbcommon-dev (1.7.0-r0)
(130/137) Installing mesa-gles (24.0.9-r1)
(131/137) Installing speexdsp (1.2.1-r2)
(132/137) Installing roc-toolkit-libs (0.3.0-r0)
(133/137) Installing pipewire-libs (1.0.6-r1)
(134/137) Installing pixman-dev (0.43.2-r0)
(135/137) Installing wayland-dev (1.22.0-r4)
(136/137) Installing weston (12.0.4-r0)
(137/137) Installing weston-dev (12.0.4-r0)
OK: 123 MiB in 137 packages
  % Total    % Received % Xferd  Average Speed   Time    Time     Time  Current
                                 Dload  Upload   Total   Spent    Left  Speed
  0     0    0     0    0     0      0      0 --:--:-- --:--:-- --:--:--     0100   173  100   173    0     0    265      0 --:--:-- --:--:-- --:--:--   265
100   724  100   724    0     0    636      0  0:00:01  0:00:01 --:--:--   636100   724  100   724    0     0    636      0  0:00:01  0:00:01 --:--:--     0
  0 1924k    0     0    0     0      0      0 --:--:--  0:00:01 --:--:--     0 10 1924k   10  196k    0     0  70710      0  0:00:27  0:00:02  0:00:25  183k 21 1924k   21  421k    0     0   112k      0  0:00:17  0:00:03  0:00:14  211k 37 1924k   37  721k    0     0   151k      0  0:00:12  0:00:04  0:00:08  240k 54 1924k   54 1051k    0     0   182k      0  0:00:10  0:00:05  0:00:05  263k 78 1924k   78 1516k    0     0   224k      0  0:00:08  0:00:06  0:00:02  304k100 1924k  100 1924k    0     0   256k      0  0:00:07  0:00:07 --:--:--  369k
target/e5-t22f/display-tools/wv-display-query: ELF 64-bit LSB executable, UCB RISC-V, RVC, double-float ABI, version 1 (SYSV), dynamically linked, interpreter /lib/ld-musl-riscv64.so.1, stripped
c4fea4a8addbe08552c1b7af8f7606c6df83f1bfc3e45650607d79cc7e202ab8  target/e5-t22f/display-tools/wv-display-query
target/e5-t22f/display-tools/wv-display-resize.so: ELF 64-bit LSB shared object, UCB RISC-V, RVC, double-float ABI, version 1 (SYSV), dynamically linked, stripped
fdd27d1ac4535972807d4b31deb9fcb561793dde37274d11351e8946a09dc372  target/e5-t22f/display-tools/wv-display-resize.so
DEPRECATED: The legacy builder is deprecated and will be removed in a future release.
            Install the buildx component to build images with BuildKit:
            https://docs.docker.com/go/buildx/

fetch https://dl-cdn.alpinelinux.org/alpine/v3.20/community/riscv64/APKINDEX.tar.gz
fetch https://dl-cdn.alpinelinux.org/alpine/v3.20/main/riscv64/APKINDEX.tar.gz
(1/190) Installing musl (1.2.5-r3)
(2/190) Installing libeconf (0.6.3-r0)
(3/190) Installing agetty (2.40.1-r1)
(4/190) Installing ifupdown-ng (0.12.1-r5)
(5/190) Installing agetty-openrc (0.54-r1)
(6/190) Installing alpine-baselayout-data (3.6.5-r0)
(7/190) Installing busybox (1.36.1-r31)
(8/190) Installing busybox-binsh (1.36.1-r31)
(9/190) Installing alpine-baselayout (3.6.5-r0)
(10/190) Installing libcap2 (2.78-r0)
(11/190) Installing openrc (0.54-r1)
(12/190) Installing mdev-conf (4.7-r0)
(13/190) Installing busybox-mdev-openrc (1.36.1-r31)
(14/190) Installing alpine-conf (3.18.1-r1)
(15/190) Installing alpine-keys (2.4-r1)
(16/190) Installing alpine-release (3.20.10-r0)
(17/190) Installing ca-certificates-bundle (20260413-r0)
(18/190) Installing libcrypto3 (3.3.7-r0)
(19/190) Installing libssl3 (3.3.7-r0)
(20/190) Installing ssl_client (1.36.1-r31)
(21/190) Installing zlib (1.3.2-r0)
(22/190) Installing apk-tools (2.14.4-r1)
(23/190) Installing busybox-openrc (1.36.1-r31)
(24/190) Installing busybox-suid (1.36.1-r31)
(25/190) Installing scanelf (1.3.7-r2)
(26/190) Installing musl-utils (1.2.5-r3)
(27/190) Installing alpine-base (3.20.10-r0)
(28/190) Installing libblkid (2.40.1-r1)
(29/190) Installing blkid (2.40.1-r1)
(30/190) Installing brotli-libs (1.1.0-r2)
(31/190) Installing c-ares (1.33.1-r0)
(32/190) Installing ca-certificates (20260413-r0)
(33/190) Installing libuuid (2.40.1-r1)
(34/190) Installing libfdisk (2.40.1-r1)
(35/190) Installing libmount (2.40.1-r1)
(36/190) Installing ncurses-terminfo-base (6.4_p20240420-r2)
(37/190) Installing libncursesw (6.4_p20240420-r2)
(38/190) Installing libsmartcols (2.40.1-r1)
(39/190) Installing cfdisk (2.40.1-r1)
(40/190) Installing libunistring (1.2-r0)
(41/190) Installing libidn2 (2.3.7-r0)
(42/190) Installing nghttp2-libs (1.62.1-r0)
(43/190) Installing libpsl (0.21.5-r1)
(44/190) Installing zstd-libs (1.5.6-r0)
(45/190) Installing libcurl (8.14.1-r2)
(46/190) Installing curl (8.14.1-r2)
(47/190) Installing dmesg (2.40.1-r1)
(48/190) Installing libcom_err (1.47.0-r5)
(49/190) Installing e2fsprogs-libs (1.47.0-r5)
(50/190) Installing e2fsprogs (1.47.0-r5)
(51/190) Installing udev-init-scripts (35-r1)
(52/190) Installing udev-init-scripts-openrc (35-r1)
(53/190) Installing eudev-libs (3.2.14-r2)
(54/190) Installing xz-libs (5.8.3-r0)
(55/190) Installing kmod-libs (32-r0)
(56/190) Installing eudev (3.2.14-r2)
(57/190) Installing eudev-openrc (3.2.14-r2)
(58/190) Installing findmnt (2.40.1-r1)
(59/190) Installing flock (2.40.1-r1)
(60/190) Installing libexpat (2.8.1-r0)
(61/190) Installing libbz2 (1.0.8-r6)
(62/190) Installing libpng (1.6.57-r0)
(63/190) Installing freetype (2.13.2-r0)
(64/190) Installing fontconfig (2.15.0-r1)
(65/190) Installing encodings (1.0.7-r1)
(66/190) Installing libfontenc (1.1.8-r0)
(67/190) Installing mkfontscale (1.2.2-r6)
(68/190) Installing font-dejavu (2.37-r5)
(69/190) Installing ncurses-terminfo (6.4_p20240420-r2)
(70/190) Installing libffi (3.4.6-r0)
(71/190) Installing libintl (0.22.5-r0)
(72/190) Installing pcre2 (10.43-r0)
(73/190) Installing glib (2.80.5-r0)
(74/190) Installing graphite2 (1.3.14-r6)
(75/190) Installing harfbuzz (8.5.0-r0)
(76/190) Installing pixman (0.43.2-r0)
(77/190) Installing utf8proc (2.9.0-r0)
(78/190) Installing fcft (3.1.8-r0)
(79/190) Installing wayland-libs-client (1.22.0-r4)
(80/190) Installing wayland-libs-cursor (1.22.0-r4)
(81/190) Installing xkeyboard-config (2.41-r0)
(82/190) Installing libxml2 (2.12.10-r0)
(83/190) Installing libxkbcommon (1.7.0-r0)
(84/190) Installing foot (1.17.2-r0)
(85/190) Installing fstrim (2.40.1-r1)
(86/190) Installing hexdump (2.40.1-r1)
(87/190) Installing libelf (0.191-r0)
(88/190) Installing libmnl (1.0.5-r2)
(89/190) Installing iproute2-minimal (6.9.0-r0)
(90/190) Installing ifupdown-ng-iproute2 (0.12.1-r5)
(91/190) Installing libxtables (1.8.10-r3)
(92/190) Installing iproute2-tc (6.9.0-r0)
(93/190) Installing iproute2-ss (6.9.0-r0)
(94/190) Installing iproute2 (6.9.0-r0)
(95/190) Installing libcap-ng (0.8.5-r0)
(96/190) Installing skalibs (2.14.1.1-r0)
(97/190) Installing utmps-libs (0.1.2.2-r1)
(98/190) Installing linux-pam (1.6.0-r0)
(99/190) Installing logger (2.40.1-r1)
(100/190) Installing losetup (2.40.1-r1)
(101/190) Installing lsblk (2.40.1-r1)
(102/190) Installing mcookie (2.40.1-r1)
(103/190) Installing mount (2.40.1-r1)
(104/190) Installing nano (8.0-r0)
(105/190) Installing partx (2.40.1-r1)
(106/190) Installing runuser (2.40.1-r1)
(107/190) Installing seatd (0.8.0-r0)
(108/190) Installing seatd-openrc (0.8.0-r0)
(109/190) Installing setarch (2.40.1-r1)
(110/190) Installing setpriv (2.40.1-r1)
(111/190) Installing sfdisk (2.40.1-r1)
(112/190) Installing sqlite-libs (3.45.3-r3)
(113/190) Installing umount (2.40.1-r1)
(114/190) Installing util-linux (2.40.1-r1)
(115/190) Installing util-linux-misc (2.40.1-r1)
(116/190) Installing uuidgen (2.40.1-r1)
(117/190) Installing wipefs (2.40.1-r1)
(118/190) Installing util-linux-openrc (2.40.1-r1)
(119/190) Installing mesa (24.0.9-r1)
(120/190) Installing libxau (1.0.11-r4)
(121/190) Installing libmd (1.1.0-r0)
(122/190) Installing libbsd (0.12.2-r0)
(123/190) Installing libxdmcp (1.1.5-r1)
(124/190) Installing libxcb (1.16.1-r0)
(125/190) Installing libx11 (1.8.9-r1)
(126/190) Installing hwdata-pci (0.382-r0)
(127/190) Installing libpciaccess (0.18.1-r0)
(128/190) Installing libdrm (2.4.120-r0)
(129/190) Installing wayland-libs-server (1.22.0-r4)
(130/190) Installing mesa-gbm (24.0.9-r1)
(131/190) Installing libgcc (13.2.1_git20240309-r1)
(132/190) Installing mesa-glapi (24.0.9-r1)
(133/190) Installing libxshmfence (1.3.2-r6)
(134/190) Installing mesa-egl (24.0.9-r1)
(135/190) Installing mesa-gles (24.0.9-r1)
(136/190) Installing libxext (1.3.6-r2)
(137/190) Installing libxrender (0.9.11-r5)
(138/190) Installing cairo (1.18.4-r0)
(139/190) Installing libevdev (1.13.1-r0)
(140/190) Installing libxfixes (6.0.1-r4)
(141/190) Installing libxxf86vm (1.1.5-r6)
(142/190) Installing mesa-gl (24.0.9-r1)
(143/190) Installing libxi (1.8.1-r4)
(144/190) Installing libxv (1.0.12-r5)
(145/190) Installing alsa-lib (1.2.11-r0)
(146/190) Installing cdparanoia-libs (10.2-r14)
(147/190) Installing graphene (1.10.8-r4)
(148/190) Installing gstreamer (1.24.10-r0)
(149/190) Installing libjpeg-turbo (3.0.3-r0)
(150/190) Installing libogg (1.3.5-r5)
(151/190) Installing opus (1.5.2-r0)
(152/190) Installing orc (0.4.40-r0)
(153/190) Installing libxft (2.3.8-r3)
(154/190) Installing fribidi (1.0.15-r0)
(155/190) Installing pango (1.52.2-r0)
(156/190) Installing libtheora (1.1.1-r18)
(157/190) Installing libvorbis (1.3.7-r2)
(158/190) Installing wayland-libs-egl (1.22.0-r4)
(159/190) Installing gst-plugins-base (1.24.10-r0)
(160/190) Installing mtdev (1.1.6-r3)
(161/190) Installing libinput-libs (1.25.0-r0)
(162/190) Installing libinput-udev (1.25.0-r0)
(163/190) Installing lcms2 (2.19-r0)
(164/190) Installing dbus-libs (1.14.10-r1)
(165/190) Installing avahi-libs (0.8-r17)
(166/190) Installing gmp (6.3.0-r1)
(167/190) Installing nettle (3.10.2-r0)
(168/190) Installing libtasn1 (4.21.0-r0)
(169/190) Installing p11-kit (0.25.3-r0)
(170/190) Installing gnutls (3.8.13-r0)
(171/190) Installing libstdc++ (13.2.1_git20240309-r1)
(172/190) Installing libunwind (1.8.1-r0)
(173/190) Installing yaml (0.2.5-r2)
(174/190) Installing libcamera (0.3.0-r0)
(175/190) Installing speexdsp (1.2.1-r2)
(176/190) Installing libuv (1.48.0-r0)
(177/190) Installing roc-toolkit-libs (0.3.0-r0)
(178/190) Installing libflac (1.4.3-r1)
(179/190) Installing libsndfile (1.2.2-r1)
(180/190) Installing pipewire-libs (1.0.6-r1)
(181/190) Installing libsharpyuv (1.3.2-r0)
(182/190) Installing libwebp (1.3.2-r0)
(183/190) Installing libweston (12.0.4-r0)
(184/190) Installing weston (12.0.4-r0)
(185/190) Installing libelogind (252.9-r5)
(186/190) Installing libseat (0.8.0-r0)
(187/190) Installing libva (2.21.0-r0)
(188/190) Installing weston-backend-drm (12.0.4-r0)
(189/190) Installing weston-shell-desktop (12.0.4-r0)
(190/190) Installing wl-clipboard (2.2.0-r1)
OK: 100 MiB in 190 packages
OK: 100 MiB in 190 packages
  busybox applets linked (/sbin/init -> /bin/busybox)
Creating regular file /out/alpine-rootfs.ext4
--- fsck.ext4 -f -n ---
e2fsck 1.47.0 (5-Feb-2023)
Pass 1: Checking inodes, blocks, and sizes
Pass 2: Checking directory structure
Pass 3: Checking directory connectivity
Pass 4: Checking reference counts
Pass 5: Checking group summary information
root: 4721/65536 files (0.1% non-contiguous), 38608/262144 blocks
--- foreign-ELF scan (every ELF must be RISC-V) ---
  (clean — riscv64 only)
Alpine riscv64 rootfs built (signatures verified, package lock enforced):
ba86429d08e11360309b346e8fb757f44f318eccefed3e243dcaf425b91ad908  MANIFEST.txt
a85af9915e53c9ab315ebfc9d9f2c29902b7207d4e75096045fc496a07af6f6b  FILE-MANIFEST.txt
-rw-r--r--  1 blamy  staff  1073741824 Sep  6 08:23 target/e5-t22f/desktop-image/alpine-rootfs.ext4
E5T17B_IMAGE=target/e5-t22f/desktop-image/alpine-rootfs.ext4
E5T17B_IMAGE_SHA256=811267cbf96c1e055e31063829580432d5e5e343cff1a975f5fc10664cc2e00e
E5T17B_PACKAGE_MANIFEST=target/e5-t22f/desktop-image/MANIFEST.txt
E5T17B_FILE_MANIFEST=target/e5-t22f/desktop-image/FILE-MANIFEST.txt
cargo build --release -p wasm-vm-cli
   Compiling proc-macro2 v1.0.106
   Compiling quote v1.0.46
   Compiling unicode-ident v1.0.24
   Compiling libc v0.2.186
   Compiling serde_core v1.0.228
   Compiling cfg-if v1.0.4
   Compiling serde v1.0.228
   Compiling log v0.4.33
   Compiling shlex v2.0.1
   Compiling find-msvc-tools v0.1.9
   Compiling stable_deref_trait v1.2.1
   Compiling version_check v0.9.5
   Compiling cranelift-srcgen v0.122.0
   Compiling bitflags v2.13.0
   Compiling typenum v1.20.1
   Compiling memchr v2.8.2
   Compiling equivalent v1.0.2
   Compiling cranelift-isle v0.122.0
   Compiling hashbrown v0.17.1
   Compiling cranelift-assembler-x64-meta v0.122.0
   Compiling cranelift-bitset v0.122.0
   Compiling libm v0.2.16
   Compiling foldhash v0.1.5
   Compiling generic-array v0.14.7
   Compiling cranelift-codegen-shared v0.122.0
   Compiling hashbrown v0.15.5
   Compiling target-lexicon v0.13.5
   Compiling crc32fast v1.5.0
   Compiling anyhow v1.0.104
   Compiling allocator-api2 v0.2.21
   Compiling writeable v0.6.3
   Compiling zerocopy v0.8.52
   Compiling arbitrary v1.4.2
   Compiling litemap v0.8.2
   Compiling bumpalo v3.20.3
   Compiling thiserror v2.0.18
   Compiling rustc-hash v2.1.3
   Compiling utf8_iter v1.0.4
   Compiling object v0.36.7
   Compiling icu_normalizer_data v2.2.0
   Compiling wasmparser v0.235.0
   Compiling cranelift-assembler-x64 v0.122.0
   Compiling icu_properties_data v2.2.0
   Compiling cranelift-control v0.122.0
   Compiling jobserver v0.1.35
   Compiling getrandom v0.2.17
   Compiling cc v1.2.65
   Compiling cpufeatures v0.2.17
   Compiling syn v2.0.118
   Compiling syn v3.0.3
   Compiling block-buffer v0.10.4
   Compiling crypto-common v0.1.7
   Compiling digest v0.10.7
   Compiling indexmap v2.14.0
   Compiling ring v0.17.14
   Compiling byteorder v1.5.0
   Compiling wasmtime-internal-math v35.0.0
   Compiling rustc_apfloat v0.2.3+llvm-462a31f5a5ab
   Compiling wasm-encoder v0.235.0
   Compiling pkg-config v0.3.33
   Compiling semver v1.0.28
   Compiling rustix v1.1.4
   Compiling gimli v0.31.1
   Compiling itoa v1.0.18
   Compiling zeroize v1.9.0
   Compiling rustls-pki-types v1.15.1
   Compiling zstd-sys v2.0.16+zstd.1.5.7
   Compiling sha2 v0.10.9
   Compiling rand_core v0.6.4
   Compiling errno v0.3.14
   Compiling displaydoc v0.2.7
   Compiling utf8parse v0.2.2
   Compiling thiserror v1.0.69
   Compiling termcolor v1.4.1
   Compiling bytes v1.12.0
   Compiling leb128fmt v0.1.0
   Compiling synstructure v0.13.2
   Compiling httparse v1.10.1
   Compiling anstyle-parse v1.0.0
   Compiling aho-corasick v1.1.4
   Compiling pin-project-lite v0.2.17
   Compiling untrusted v0.9.0
   Compiling colorchoice v1.0.5
   Compiling heapless v0.9.3
   Compiling either v1.16.0
   Compiling zmij v1.0.21
   Compiling anstyle-query v1.1.5
   Compiling is_terminal_polyfill v1.70.2
   Compiling wasmtime-internal-unwinder v35.0.0
   Compiling anstyle v1.0.14
   Compiling once_cell v1.21.4
   Compiling regex-syntax v0.8.11
   Compiling anstream v1.0.0
   Compiling serde_derive v1.0.228
   Compiling zerofrom-derive v0.1.7
   Compiling yoke-derive v0.8.2
   Compiling pulley-macros v35.0.0
   Compiling zerovec-derive v0.11.3
   Compiling zerofrom v0.1.8
   Compiling pulley-interpreter v35.0.0
   Compiling thiserror-impl v2.0.18
   Compiling ppv-lite86 v0.2.21
   Compiling wasmtime-internal-versioned-export-macros v35.0.0
   Compiling rand_chacha v0.3.1
   Compiling thiserror-impl v1.0.69
   Compiling wasmtime v35.0.0
   Compiling rand v0.8.6
   Compiling yoke v0.8.3
   Compiling cranelift-codegen-meta v0.122.0
   Compiling zerovec v0.11.6
   Compiling zerotrie v0.2.4
   Compiling cobs v0.3.0
   Compiling regex-automata v0.4.14
   Compiling tokio-macros v2.7.0
   Compiling itertools v0.14.0
   Compiling http v1.4.2
   Compiling smallvec v1.15.2
   Compiling regalloc2 v0.12.2
   Compiling cranelift-entity v0.122.0
   Compiling tinystr v0.8.3
   Compiling cranelift-bforest v0.122.0
   Compiling potential_utf v0.1.5
   Compiling icu_locale_core v2.2.0
   Compiling icu_collections v2.2.0
   Compiling postcard v1.1.3
   Compiling cranelift-codegen v0.122.0
   Compiling hash32 v0.3.1
   Compiling sha1 v0.10.6
   Compiling socket2 v0.6.4
   Compiling wasm-vm-core v0.0.1 (/Users/blamy/Documents/Codex/wasm-vm/target/e5-t22f/cold/wasm-vm-cold.GK28Soed/repo/crates/core)
   Compiling mio v1.2.1
   Compiling icu_provider v2.2.0
   Compiling icu_normalizer v2.2.0
   Compiling icu_properties v2.2.0
   Compiling simd-adler32 v0.3.9
   Compiling futures-sink v0.3.32
   Compiling tinyvec_macros v0.1.1
   Compiling futures-core v0.3.32
   Compiling zstd-safe v7.2.4
   Compiling rustls v0.23.42
   Compiling slab v0.4.12
   Compiling smoltcp v0.13.1
   Compiling idna_adapter v1.2.2
   Compiling percent-encoding v2.3.2
   Compiling utf-8 v0.7.6
   Compiling serde_json v1.0.150
   Compiling futures-task v0.3.32
   Compiling adler2 v2.0.1
   Compiling data-encoding v2.11.0
   Compiling futures-util v0.3.32
   Compiling miniz_oxide v0.8.9
   Compiling form_urlencoded v1.2.2
   Compiling tungstenite v0.24.0
   Compiling idna v1.1.0
   Compiling tinyvec v1.12.0
   Compiling tokio v1.52.3
   Compiling regex v1.12.4
   Compiling rustls-webpki v0.103.13
   Compiling wasmprinter v0.235.0
   Compiling webpki-roots v1.0.9
   Compiling wasmtime-internal-jit-icache-coherence v35.0.0
   Compiling mach2 v0.4.3
   Compiling wasmtime-internal-asm-macros v35.0.0
   Compiling wasmtime-internal-slab v35.0.0
   Compiling subtle v2.6.1
   Compiling bitflags v1.3.2
   Compiling strsim v0.11.1
   Compiling wasm-vm-wasm-emit v0.0.1 (/Users/blamy/Documents/Codex/wasm-vm/target/e5-t22f/cold/wasm-vm-cold.GK28Soed/repo/crates/wasm-emit)
   Compiling heck v0.5.0
   Compiling clap_lex v1.1.0
   Compiling managed v0.8.0
   Compiling wasmtime-environ v35.0.0
   Compiling clap_builder v4.6.0
   Compiling clap_derive v4.6.1
   Compiling tokio-tungstenite v0.24.0
   Compiling wasm-vm-jit-translate v0.0.1 (/Users/blamy/Documents/Codex/wasm-vm/target/e5-t22f/cold/wasm-vm-cold.GK28Soed/repo/crates/jit-translate)
   Compiling webpki-roots v0.26.11
   Compiling env_filter v2.0.0
   Compiling unicode-normalization v0.1.25
   Compiling url v2.5.8
   Compiling flate2 v1.1.9
   Compiling xattr v1.6.1
   Compiling filetime v0.2.29
   Compiling jiff v0.2.31
   Compiling base64 v0.22.1
   Compiling tar v0.4.46
   Compiling wasm-vm-storage v0.0.1 (/Users/blamy/Documents/Codex/wasm-vm/target/e5-t22f/cold/wasm-vm-cold.GK28Soed/repo/crates/storage)
   Compiling ureq v2.12.1
   Compiling wasm-vm-slirp v0.0.0 (/Users/blamy/Documents/Codex/wasm-vm/target/e5-t22f/cold/wasm-vm-cold.GK28Soed/repo/crates/slirp)
   Compiling env_logger v0.11.11
   Compiling clap v4.6.1
   Compiling memmap2 v0.9.11
   Compiling wasm-vm-agent-protocol v0.0.1 (/Users/blamy/Documents/Codex/wasm-vm/target/e5-t22f/cold/wasm-vm-cold.GK28Soed/repo/crates/agent-protocol)
   Compiling cranelift-frontend v0.122.0
   Compiling cranelift-native v0.122.0
   Compiling wasmtime-internal-cranelift v35.0.0
   Compiling zstd v0.13.3
   Compiling wasm-vm-jit-runtime v0.0.1 (/Users/blamy/Documents/Codex/wasm-vm/target/e5-t22f/cold/wasm-vm-cold.GK28Soed/repo/crates/jit-runtime)
   Compiling wasm-vm-cli v0.0.1 (/Users/blamy/Documents/Codex/wasm-vm/target/e5-t22f/cold/wasm-vm-cold.GK28Soed/repo/crates/cli)
warning: unused variable: `display_metrics`
   --> crates/cli/src/boot.rs:624:52
    |
624 |         let (mut m, uart, agent_state, _gpu_state, display_metrics) =
    |                                                    ^^^^^^^^^^^^^^^ help: if this is intentional, prefix it with an underscore: `_display_metrics`
    |
    = note: `#[warn(unused_variables)]` (part of `#[warn(unused)]`) on by default

warning: `wasm-vm-cli` (bin "wasm-vm") generated 1 warning (run `cargo fix --bin "wasm-vm" -p wasm-vm-cli` to apply 1 suggestion)
    Finished `release` profile [optimized + debuginfo] target(s) in 34.39s
target/release/wasm-vm chunk target/e5-t22f/desktop-image/alpine-rootfs.ext4 --out target/e5-t22f/chunks
chunked 1073741824 bytes into 8192 × 131072-byte split chunks → target/e5-t22f/chunks
{"image_len":1073741824,"chunk_size":131072,"chunks":8192,"layout":"split"}
/Applications/Xcode.app/Contents/Developer/usr/bin/make web-dist
bash tools/build-web-dist.sh
[web-dist] building wasm + installing pinned deps (make web-build)…
wasm-pack build crates/wasm --target web
[INFO]: 🎯  Checking for the Wasm target...
[INFO]: 🌀  Compiling to Wasm...
   Compiling unicode-ident v1.0.24
   Compiling proc-macro2 v1.0.106
   Compiling quote v1.0.46
   Compiling wasm-bindgen-shared v0.2.126
   Compiling cfg-if v1.0.4
   Compiling rustversion v1.0.22
   Compiling version_check v0.9.5
   Compiling typenum v1.20.1
   Compiling bumpalo v3.20.3
   Compiling once_cell v1.21.4
   Compiling slab v0.4.12
   Compiling futures-core v0.3.32
   Compiling futures-task v0.3.32
   Compiling pin-project-lite v0.2.17
   Compiling serde_core v1.0.228
   Compiling rustc_apfloat v0.2.3+llvm-462a31f5a5ab
   Compiling log v0.4.33
   Compiling bitflags v2.13.0
   Compiling byteorder v1.5.0
   Compiling zmij v1.0.21
   Compiling smallvec v1.15.2
   Compiling futures-util v0.3.32
   Compiling heapless v0.9.3
   Compiling stable_deref_trait v1.2.1
   Compiling hash32 v0.3.1
   Compiling tinyvec_macros v0.1.1
   Compiling smoltcp v0.13.1
   Compiling serde_json v1.0.150
   Compiling generic-array v0.14.7
   Compiling serde v1.0.228
   Compiling tinyvec v1.12.0
   Compiling bitflags v1.3.2
   Compiling itoa v1.0.18
   Compiling managed v0.8.0
   Compiling memchr v2.8.2
   Compiling unicode-normalization v0.1.25
   Compiling wasm-vm-wasm-emit v0.0.1 (/Users/blamy/Documents/Codex/wasm-vm/target/e5-t22f/cold/wasm-vm-cold.GK28Soed/repo/crates/wasm-emit)
   Compiling syn v2.0.118
   Compiling wasm-bindgen v0.2.126
   Compiling block-buffer v0.10.4
   Compiling crypto-common v0.1.7
   Compiling digest v0.10.7
   Compiling sha2 v0.10.9
   Compiling wasm-vm-core v0.0.1 (/Users/blamy/Documents/Codex/wasm-vm/target/e5-t22f/cold/wasm-vm-cold.GK28Soed/repo/crates/core)
   Compiling wasm-bindgen-macro-support v0.2.126
   Compiling serde_derive v1.0.228
   Compiling wasm-vm-jit-translate v0.0.1 (/Users/blamy/Documents/Codex/wasm-vm/target/e5-t22f/cold/wasm-vm-cold.GK28Soed/repo/crates/jit-translate)
   Compiling wasm-vm-slirp v0.0.0 (/Users/blamy/Documents/Codex/wasm-vm/target/e5-t22f/cold/wasm-vm-cold.GK28Soed/repo/crates/slirp)
   Compiling wasm-bindgen-macro v0.2.126
   Compiling wasm-vm-storage v0.0.1 (/Users/blamy/Documents/Codex/wasm-vm/target/e5-t22f/cold/wasm-vm-cold.GK28Soed/repo/crates/storage)
   Compiling js-sys v0.3.103
   Compiling console_error_panic_hook v0.1.7
   Compiling web-sys v0.3.103
   Compiling getrandom v0.2.17
   Compiling wasm-bindgen-futures v0.4.76
   Compiling console_log v1.0.0
   Compiling wasm-vm-wasm v0.0.1 (/Users/blamy/Documents/Codex/wasm-vm/target/e5-t22f/cold/wasm-vm-cold.GK28Soed/repo/crates/wasm)
    Finished `release` profile [optimized + debuginfo] target(s) in 13.17s
[INFO]: ⬇️  Installing wasm-bindgen...
[INFO]: Optimizing wasm binaries with `wasm-opt`...
[INFO]: License key is set in Cargo.toml but no LICENSE file(s) were found; Please add the LICENSE file(s) to your project directory
[INFO]: ✨   Done in 14.23s
[INFO]: 📦   Your wasm pkg is ready to publish at crates/wasm/pkg.
cd web && npm ci --no-audit --no-fund

added 7 packages in 494ms
npm warn install-scripts 1 package has install scripts not yet covered by allowScripts:
npm warn install-scripts   fsevents@2.3.2 (install: (install scripts present))
npm warn install-scripts
npm warn install-scripts Run `npm install-scripts ls` to review, or `npm install-scripts approve <pkg>` to allow.
mkdir -p web/pkg web/assets/riscv-tests
cp -R crates/wasm/pkg/. web/pkg/
cp guest/prebuilt/hello.elf guest/prebuilt/loops.elf web/assets/
cp tests/riscv-tests-bin/* web/assets/riscv-tests/
# Boot artifacts must live UNDER web/ (the Pages publish_dir) so they deploy with the site.
# Paths mirror the relative URLs in web/artifacts.json (regenerated by tools/gen-web-manifest.sh).
mkdir -p web/releases/kernel/6.6.63 web/releases/initramfs
cp releases/kernel/6.6.63/Image web/releases/kernel/6.6.63/Image
cp releases/initramfs/initramfs.cpio.gz web/releases/initramfs/initramfs.cpio.gz
# E4 restore-on-first-load: the (optional) compressed busybox boot snapshot, if built. Small
# enough to ship on Pages (deploy-cloudflare.sh keeps its URL relative, unlike kernel/initramfs).
bash tools/gen-web-manifest.sh
wrote web/artifacts.json:
{
  "generated": "content-hashed; regenerate with tools/gen-web-manifest.sh",
  "artifacts": {
    "kernel": { "url": "releases/kernel/6.6.63/Image", "sha256": "af7c4e471ed4dabdbe5a2717d81cc034b511d2b0f7706de66ad9e84e078c7cce", "size": 24208896 },
    "initramfs": { "url": "releases/initramfs/initramfs.cpio.gz", "sha256": "35a74c93b8a14afd2a1e75a6b8d7d5feaf925ced33e17e80e9197a696649c563", "size": 1151596 },
    "bootSnapshot": { "url": "releases/boot-snapshot/busybox-ready.snap.gz", "sha256": "ba3168696638db573173b4d266f5234acd01fb2fabe452cc5a1dfde483a61d33", "size": 10983666 }
  }
}
[web-dist] assembling web/dist …
[web-dist] deploy root: / = landing, /app.html = app
[web-dist] stamped sw.js app-shell version=5c214a5ae7ca
[web-dist] done —  34M in web/dist (boot artifacts added at deploy time)
node tools/verify/e5-t22f-browser.mjs
{"phase":"guest boot","retired":495974975,"frames":100,"mode":[901,701],"scanout":[901,701],"serial":"ort\r\n[    2.527725] Key type dns_resolver registered\r\n[    2.754605] debug_vm_pgtable: [debug_vm_pgtable         ]: Validating architecture page table helpers\r\n[    2.766443] Btrfs loaded, zoned=no, fsverity=no\r\n[    2.774157] Legacy PMU implementation is available\r\n[    2.775245] clk: Disabling unused clocks\r\n[    2.775386] ALSA device list:\r\n[    2.775483]   #0: VirtIO SoundCard at platform/10007000.virtio_mmio/virtio6\r\n[    4.315123] EXT4-fs (vda): mounted filesystem a11ce000-0e2f-4c18-b007-f50000000018 r/w with ordered data mode. Quota mode: disabled.\r\n[    4.315455] VFS: Mounted root (ext4 filesystem) on device 254:0.\r\n[    4.316097] devtmpfs: mounted\r\n[    4.322647] Freeing unused kernel image (initmem) memory: 2200K\r\n[    4.322814] Run /sbin/init as init process\r\n\r\n   OpenRC 0.54 is starting up Linux 6.6.63 (riscv64)\r\n\r\n * Mounting /proc ... [ ok ]\r\n * Mounting /run ... [ ok ]\r\n * /run/openrc: creating directory\r\n * /run/lock: creating directory\r\n * /run/lock: correcting owner\r\n"}
{"phase":"guest boot","retired":845949715,"frames":131,"mode":[901,701],"scanout":[901,701],"serial":"zoned=no, fsverity=no\r\n[    2.774157] Legacy PMU implementation is available\r\n[    2.775245] clk: Disabling unused clocks\r\n[    2.775386] ALSA device list:\r\n[    2.775483]   #0: VirtIO SoundCard at platform/10007000.virtio_mmio/virtio6\r\n[    4.315123] EXT4-fs (vda): mounted filesystem a11ce000-0e2f-4c18-b007-f50000000018 r/w with ordered data mode. Quota mode: disabled.\r\n[    4.315455] VFS: Mounted root (ext4 filesystem) on device 254:0.\r\n[    4.316097] devtmpfs: mounted\r\n[    4.322647] Freeing unused kernel image (initmem) memory: 2200K\r\n[    4.322814] Run /sbin/init as init process\r\n\r\n   OpenRC 0.54 is starting up Linux 6.6.63 (riscv64)\r\n\r\n * Mounting /proc ... [ ok ]\r\n * Mounting /run ... [ ok ]\r\n * /run/openrc: creating directory\r\n * /run/lock: creating directory\r\n * /run/lock: correcting owner\r\n * Caching service dependencies ... [ ok ]\r\n * Remounting devtmpfs on /dev ... [ ok ]\r\n * Mounting /dev/mqueue ... [ ok ]\r\n * Mounting /dev/pts ... [ ok ]\r\n * Mounting /dev/shm ... [ ok ]\r\n"}
{"phase":"guest boot","retired":1162423116,"frames":165,"mode":[901,701],"scanout":[901,701],"serial":" mounted filesystem a11ce000-0e2f-4c18-b007-f50000000018 r/w with ordered data mode. Quota mode: disabled.\r\n[    4.315455] VFS: Mounted root (ext4 filesystem) on device 254:0.\r\n[    4.316097] devtmpfs: mounted\r\n[    4.322647] Freeing unused kernel image (initmem) memory: 2200K\r\n[    4.322814] Run /sbin/init as init process\r\n\r\n   OpenRC 0.54 is starting up Linux 6.6.63 (riscv64)\r\n\r\n * Mounting /proc ... [ ok ]\r\n * Mounting /run ... [ ok ]\r\n * /run/openrc: creating directory\r\n * /run/lock: creating directory\r\n * /run/lock: correcting owner\r\n * Caching service dependencies ... [ ok ]\r\n * Remounting devtmpfs on /dev ... [ ok ]\r\n * Mounting /dev/mqueue ... [ ok ]\r\n * Mounting /dev/pts ... [ ok ]\r\n * Mounting /dev/shm ... [ ok ]\r\n * Mounting /sys ... [ ok ]\r\n * Mounting security filesystem ... [ ok ]\r\n * Mounting debug filesystem ... [ ok ]\r\n * Starting udev ... [ ok ]\r\n * Generating a rule to create a /dev/root symlink ... [ ok ]\r\n * Populating /dev with existing devices through uevents ..."}
{"phase":"guest boot","retired":1469387316,"frames":180,"mode":[901,701],"scanout":[901,701],"serial":"007-f50000000018 r/w with ordered data mode. Quota mode: disabled.\r\n[    4.315455] VFS: Mounted root (ext4 filesystem) on device 254:0.\r\n[    4.316097] devtmpfs: mounted\r\n[    4.322647] Freeing unused kernel image (initmem) memory: 2200K\r\n[    4.322814] Run /sbin/init as init process\r\n\r\n   OpenRC 0.54 is starting up Linux 6.6.63 (riscv64)\r\n\r\n * Mounting /proc ... [ ok ]\r\n * Mounting /run ... [ ok ]\r\n * /run/openrc: creating directory\r\n * /run/lock: creating directory\r\n * /run/lock: correcting owner\r\n * Caching service dependencies ... [ ok ]\r\n * Remounting devtmpfs on /dev ... [ ok ]\r\n * Mounting /dev/mqueue ... [ ok ]\r\n * Mounting /dev/pts ... [ ok ]\r\n * Mounting /dev/shm ... [ ok ]\r\n * Mounting /sys ... [ ok ]\r\n * Mounting security filesystem ... [ ok ]\r\n * Mounting debug filesystem ... [ ok ]\r\n * Starting udev ... [ ok ]\r\n * Generating a rule to create a /dev/root symlink ... [ ok ]\r\n * Populating /dev with existing devices through uevents ... [ ok ]\r\n * Loading hardware drivers ..."}
{"phase":"guest boot","retired":1799357032,"frames":196,"mode":[901,701],"scanout":[901,701],"serial":"007-f50000000018 r/w with ordered data mode. Quota mode: disabled.\r\n[    4.315455] VFS: Mounted root (ext4 filesystem) on device 254:0.\r\n[    4.316097] devtmpfs: mounted\r\n[    4.322647] Freeing unused kernel image (initmem) memory: 2200K\r\n[    4.322814] Run /sbin/init as init process\r\n\r\n   OpenRC 0.54 is starting up Linux 6.6.63 (riscv64)\r\n\r\n * Mounting /proc ... [ ok ]\r\n * Mounting /run ... [ ok ]\r\n * /run/openrc: creating directory\r\n * /run/lock: creating directory\r\n * /run/lock: correcting owner\r\n * Caching service dependencies ... [ ok ]\r\n * Remounting devtmpfs on /dev ... [ ok ]\r\n * Mounting /dev/mqueue ... [ ok ]\r\n * Mounting /dev/pts ... [ ok ]\r\n * Mounting /dev/shm ... [ ok ]\r\n * Mounting /sys ... [ ok ]\r\n * Mounting security filesystem ... [ ok ]\r\n * Mounting debug filesystem ... [ ok ]\r\n * Starting udev ... [ ok ]\r\n * Generating a rule to create a /dev/root symlink ... [ ok ]\r\n * Populating /dev with existing devices through uevents ... [ ok ]\r\n * Loading hardware drivers ..."}
{"phase":"guest boot","retired":2151826261,"frames":214,"mode":[901,701],"scanout":[901,701],"serial":"007-f50000000018 r/w with ordered data mode. Quota mode: disabled.\r\n[    4.315455] VFS: Mounted root (ext4 filesystem) on device 254:0.\r\n[    4.316097] devtmpfs: mounted\r\n[    4.322647] Freeing unused kernel image (initmem) memory: 2200K\r\n[    4.322814] Run /sbin/init as init process\r\n\r\n   OpenRC 0.54 is starting up Linux 6.6.63 (riscv64)\r\n\r\n * Mounting /proc ... [ ok ]\r\n * Mounting /run ... [ ok ]\r\n * /run/openrc: creating directory\r\n * /run/lock: creating directory\r\n * /run/lock: correcting owner\r\n * Caching service dependencies ... [ ok ]\r\n * Remounting devtmpfs on /dev ... [ ok ]\r\n * Mounting /dev/mqueue ... [ ok ]\r\n * Mounting /dev/pts ... [ ok ]\r\n * Mounting /dev/shm ... [ ok ]\r\n * Mounting /sys ... [ ok ]\r\n * Mounting security filesystem ... [ ok ]\r\n * Mounting debug filesystem ... [ ok ]\r\n * Starting udev ... [ ok ]\r\n * Generating a rule to create a /dev/root symlink ... [ ok ]\r\n * Populating /dev with existing devices through uevents ... [ ok ]\r\n * Loading hardware drivers ..."}
{"phase":"guest boot","retired":2502295544,"frames":252,"mode":[901,701],"scanout":[901,701],"serial":"run ... [ ok ]\r\n * /run/openrc: creating directory\r\n * /run/lock: creating directory\r\n * /run/lock: correcting owner\r\n * Caching service dependencies ... [ ok ]\r\n * Remounting devtmpfs on /dev ... [ ok ]\r\n * Mounting /dev/mqueue ... [ ok ]\r\n * Mounting /dev/pts ... [ ok ]\r\n * Mounting /dev/shm ... [ ok ]\r\n * Mounting /sys ... [ ok ]\r\n * Mounting security filesystem ... [ ok ]\r\n * Mounting debug filesystem ... [ ok ]\r\n * Starting udev ... [ ok ]\r\n * Generating a rule to create a /dev/root symlink ... [ ok ]\r\n * Populating /dev with existing devices through uevents ... [ ok ]\r\n * Loading hardware drivers ...modprobe: can't change directory to '/lib/modules': No such file or directory\r\n [ ok ]\r\n * Loading modules ...modprobe: can't change directory to '/lib/modules': No such file or directory\r\nmodprobe: can't change directory to '/lib/modules': No such file or directory\r\n [ ok ]\r\n * Setting system clock using the hardware clock [UTC] ... [ ok ]\r\n * Checking local filesystems  ... [ ok ]\r\n"}
{"phase":"guest boot","retired":2838267898,"frames":276,"mode":[901,701],"scanout":[901,701],"serial":"* Mounting debug filesystem ... [ ok ]\r\n * Starting udev ... [ ok ]\r\n * Generating a rule to create a /dev/root symlink ... [ ok ]\r\n * Populating /dev with existing devices through uevents ... [ ok ]\r\n * Loading hardware drivers ...modprobe: can't change directory to '/lib/modules': No such file or directory\r\n [ ok ]\r\n * Loading modules ...modprobe: can't change directory to '/lib/modules': No such file or directory\r\nmodprobe: can't change directory to '/lib/modules': No such file or directory\r\n [ ok ]\r\n * Setting system clock using the hardware clock [UTC] ... [ ok ]\r\n * Checking local filesystems  ... [ ok ]\r\n * Remounting filesystems ... [ ok ]\r\n * Activating swap devices ... [ ok ]\r\n * Mounting local filesystems ... [ ok ]\r\n * Migrating /var/lock to /run/lock ... [ ok ]\r\n * Creating user login records ... [ ok ]\r\n * Cleaning /tmp directory ... [ ok ]\r\n * Setting hostname ... [ ok ]\r\n * Seeding random number generator ... * Saving 256 bits of creditable seed for next boot\r\n [ ok ]\r\n"}
{"phase":"guest boot","retired":3179238875,"frames":307,"mode":[901,701],"scanout":[901,701],"serial":"xisting devices through uevents ... [ ok ]\r\n * Loading hardware drivers ...modprobe: can't change directory to '/lib/modules': No such file or directory\r\n [ ok ]\r\n * Loading modules ...modprobe: can't change directory to '/lib/modules': No such file or directory\r\nmodprobe: can't change directory to '/lib/modules': No such file or directory\r\n [ ok ]\r\n * Setting system clock using the hardware clock [UTC] ... [ ok ]\r\n * Checking local filesystems  ... [ ok ]\r\n * Remounting filesystems ... [ ok ]\r\n * Activating swap devices ... [ ok ]\r\n * Mounting local filesystems ... [ ok ]\r\n * Migrating /var/lock to /run/lock ... [ ok ]\r\n * Creating user login records ... [ ok ]\r\n * Cleaning /tmp directory ... [ ok ]\r\n * Setting hostname ... [ ok ]\r\n * Seeding random number generator ... * Saving 256 bits of creditable seed for next boot\r\n [ ok ]\r\n * Starting busybox syslog ... [ ok ]\r\n * Starting seatd ... [ ok ]\r\n * Waiting for uevents to be processed ... [ ok ]\r\n * Starting networking ... *   lo ..."}
{"phase":"desktop startup","retired":3482211690,"frames":418,"mode":[901,701],"scanout":[901,701],"serial":"k ]\r\n * Checking local filesystems  ... [ ok ]\r\n * Remounting filesystems ... [ ok ]\r\n * Activating swap devices ... [ ok ]\r\n * Mounting local filesystems ... [ ok ]\r\n * Migrating /var/lock to /run/lock ... [ ok ]\r\n * Creating user login records ... [ ok ]\r\n * Cleaning /tmp directory ... [ ok ]\r\n * Setting hostname ... [ ok ]\r\n * Seeding random number generator ... * Saving 256 bits of creditable seed for next boot\r\n [ ok ]\r\n * Starting busybox syslog ... [ ok ]\r\n * Starting seatd ... [ ok ]\r\n * Waiting for uevents to be processed ... [ ok ]\r\n * Starting networking ... *   lo ... [ ok ]\r\n *   eth0 ...udhcpc: started, v1.36.1\r\nudhcpc: broadcasting discover\r\nudhcpc: broadcasting discover\r\nudhcpc: broadcasting discover\r\nudhcpc: broadcasting discover\r\nudhcpc: broadcasting discover\r\nudhcpc failed to get a DHCP lease\r\nudhcpc: no lease, forking to background\r\n [ ok ]\r\n * Starting wasm-vm file transfer agent ... [ ok ]\r\n * Starting wasm-vm virtio agent ... [ ok ]\r\n\r\nE5T18D_TEST_CONSOLE_READY\r\n"}
{"phase":"desktop startup","retired":3869690356,"frames":419,"mode":[901,701],"scanout":[901,701],"serial":"k ]\r\n * Checking local filesystems  ... [ ok ]\r\n * Remounting filesystems ... [ ok ]\r\n * Activating swap devices ... [ ok ]\r\n * Mounting local filesystems ... [ ok ]\r\n * Migrating /var/lock to /run/lock ... [ ok ]\r\n * Creating user login records ... [ ok ]\r\n * Cleaning /tmp directory ... [ ok ]\r\n * Setting hostname ... [ ok ]\r\n * Seeding random number generator ... * Saving 256 bits of creditable seed for next boot\r\n [ ok ]\r\n * Starting busybox syslog ... [ ok ]\r\n * Starting seatd ... [ ok ]\r\n * Waiting for uevents to be processed ... [ ok ]\r\n * Starting networking ... *   lo ... [ ok ]\r\n *   eth0 ...udhcpc: started, v1.36.1\r\nudhcpc: broadcasting discover\r\nudhcpc: broadcasting discover\r\nudhcpc: broadcasting discover\r\nudhcpc: broadcasting discover\r\nudhcpc: broadcasting discover\r\nudhcpc failed to get a DHCP lease\r\nudhcpc: no lease, forking to background\r\n [ ok ]\r\n * Starting wasm-vm file transfer agent ... [ ok ]\r\n * Starting wasm-vm virtio agent ... [ ok ]\r\n\r\nE5T18D_TEST_CONSOLE_READY\r\n"}
{"phase":"initial mode","retired":4263672465,"frames":423,"mode":[901,701],"scanout":[901,701],"serial":". [ ok ]\r\n * Remounting filesystems ... [ ok ]\r\n * Activating swap devices ... [ ok ]\r\n * Mounting local filesystems ... [ ok ]\r\n * Migrating /var/lock to /run/lock ... [ ok ]\r\n * Creating user login records ... [ ok ]\r\n * Cleaning /tmp directory ... [ ok ]\r\n * Setting hostname ... [ ok ]\r\n * Seeding random number generator ... * Saving 256 bits of creditable seed for next boot\r\n [ ok ]\r\n * Starting busybox syslog ... [ ok ]\r\n * Starting seatd ... [ ok ]\r\n * Waiting for uevents to be processed ... [ ok ]\r\n * Starting networking ... *   lo ... [ ok ]\r\n *   eth0 ...udhcpc: started, v1.36.1\r\nudhcpc: broadcasting discover\r\nudhcpc: broadcasting discover\r\nudhcpc: broadcasting discover\r\nudhcpc: broadcasting discover\r\nudhcpc: broadcasting discover\r\nudhcpc failed to get a DHCP lease\r\nudhcpc: no lease, forking to background\r\n [ ok ]\r\n * Starting wasm-vm file transfer agent ... [ ok ]\r\n * Starting wasm-vm virtio agent ... [ ok ]\r\n\r\nE5T18D_TEST_CONSOLE_READY\r\nE5T18D_STATUS_BEGIN\r\ndesktop.attempts="}
{"phase":"foot startup","retired":4664649101,"frames":428,"mode":[901,701],"scanout":[901,701],"serial":")\r\nE5T18D_LOG_END\r\nWV_DISPLAY ns=97496693600 id=16 name=Virtual-1 width=901 height=701 refresh=60006 scale=1 edid_width=901 edid_height=701 edid=00ffffffffffff005ecd010001000000011e0104a51813780a9605a3544c99260f5054000000010101010101010101010101010101012e1285a030bd1e2028147300f0be0000001a000000fd001e780ffa3c010a202020202020000000fc005741534d20564d0a2020202020000000ff0057564d2d303030310a202020200047\r\n\u001b[33mwarn\u001b[0m: \u001b[2mwayland.c:1542: \u001b[0mno primary selection available\r\n\u001b[33mwarn\u001b[0m: \u001b[2mwayland.c:1545: \u001b[0mno XDG activation support; bell.urgent will fall back to coloring the window margins red\r\n\u001b[33mwarn\u001b[0m: \u001b[2mwayland.c:1551: \u001b[0mfractional scaling not available\r\n\u001b[33mwarn\u001b[0m: \u001b[2mwayland.c:1554: \u001b[0mno server-side cursors available, falling back to client-side cursors\r\n\u001b[33mwarn\u001b[0m: \u001b[2mwayland.c:1565: \u001b[0mtext input interface not implemented by compositor; IME will be disabled\r\n\u001b[33mwarn\u001b[0m: \u001b[2mwayland.c:1770: \u001b[0mno decoration manager available - using CSDs unconditionally\r\n"}
{"mode":[803,603],"elapsed":2144.8050000071526,"pid":"961","foot":["1018"],"marker":"5f514001ec640d0c264f7cc4937e33db530649fc873bb36512811cbd02ef3444"}
{"mode":[640,480],"elapsed":1471.8849999904633,"pid":"961","foot":["1018"],"marker":"5f514001ec640d0c264f7cc4937e33db530649fc873bb36512811cbd02ef3444"}
{"mode":[1280,800],"elapsed":2146.3650000095367,"pid":"961","foot":["1018"],"marker":"5f514001ec640d0c264f7cc4937e33db530649fc873bb36512811cbd02ef3444"}
{"phase":"resize 2560x1600","retired":5017108205,"frames":435,"mode":[2560,1600],"scanout":[null,null],"serial":"64d0a2020202020000000ff0057564d2d303030310a2020202000c6\r\nE5T22C_DISPLAY_BEGIN\r\nWV_DISPLAY ns=105442877800 id=16 name=Virtual-1 width=1280 height=800 refresh=59998 scale=1 edid_width=1280 edid_height=800 edid=00ffffffffffff005ecd010001000000011e0104a52215780a9605a3544c99260f505400000001010101010101010101010101010101031c00a050201e302814730054d21000001a000000fd001e780ffa3c010a202020202020000000fc005741534d20564d0a2020202020000000ff0057564d2d303030310a2020202000c6\r\nWV_CLIENT pid=1018 exe=/usr/bin/foot\r\nWV_CLIENT_STATE State:\tS (sleeping)\r\nWV_CLIENT_STATE VmRSS:\t    9200 kB\r\nWV_CLIENT_STATE Threads:\t2\r\nE5T22C_DISPLAY_END\r\nE5T18D_STATUS_BEGIN\r\ndesktop.attempts=1\r\ndesktop.ready=1 961\r\ndesktop.failed=absent\r\nweston.pid=961\r\n2026-09-06T12:27:32Z E5T18D event=boot-runtime-ready\r\n2026-09-06T12:27:56Z E5T18D event=attempt attempt=1 backend=drm renderer=pixman\r\n2026-09-06T12:27:56Z E5T18D event=started attempt=1 pid=961\r\n2026-09-06T12:27:59Z E5T18D event=ready attempt=1 pid=961\r\nE5T18D_STATUS_END\r\n"}
{"mode":[2560,1600],"elapsed":5508.555000007153,"pid":"961","foot":["1018"],"marker":"5f514001ec640d0c264f7cc4937e33db530649fc873bb36512811cbd02ef3444"}
{"mode":[801,601],"elapsed":2817.860000014305,"pid":"961","foot":["1018"],"marker":"5f514001ec640d0c264f7cc4937e33db530649fc873bb36512811cbd02ef3444"}
{"phase":"resize 802x601","retired":5414569278,"frames":440,"mode":[802,601],"scanout":[802,601],"serial":"0564d0a2020202020000000ff0057564d2d303030310a20202020004d\r\nWV_CLIENT pid=1018 exe=/usr/bin/foot\r\nWV_CLIENT_STATE State:\tS (sleeping)\r\nWV_CLIENT_STATE VmRSS:\t    9200 kB\r\nWV_CLIENT_STATE Threads:\t2\r\nE5T22C_DISPLAY_END\r\nE5T18D_STATUS_BEGIN\r\ndesktop.attempts=1\r\ndesktop.ready=1 961\r\ndesktop.failed=absent\r\nweston.pid=961\r\n2026-09-06T12:27:32Z E5T18D event=boot-runtime-ready\r\n2026-09-06T12:27:56Z E5T18D event=attempt attempt=1 backend=drm renderer=pixman\r\n2026-09-06T12:27:56Z E5T18D event=started attempt=1 pid=961\r\n2026-09-06T12:27:59Z E5T18D event=ready attempt=1 pid=961\r\nE5T18D_STATUS_END\r\nWV_DISPLAY ns=112040307900 id=16 name=Virtual-1 width=802 height=601 refresh=59998 scale=1 edid_width=802 edid_height=601 edid=00ffffffffffff005ecd010001000000011e0104a51510780a9605a3544c99260f5054000000010101010101010101010101010101013a0e22a030591e2028147300d2a00000001a000000fd001e780ffa3c010a202020202020000000fc005741534d20564d0a2020202020000000ff0057564d2d303030310a202020200048\r\nE5T22C_DISPLAY_BEGIN\r\n"}
{"mode":[802,601],"elapsed":1829.875,"pid":"961","foot":["1018"],"marker":"5f514001ec640d0c264f7cc4937e33db530649fc873bb36512811cbd02ef3444"}
{"mode":[1201,801],"elapsed":2313.0550000071526,"pid":"961","foot":["1018"],"marker":"5f514001ec640d0c264f7cc4937e33db530649fc873bb36512811cbd02ef3444"}
{"iteration":true,"completed":true,"gaps":["803x603: 2144.81ms exceeds 2000ms","803x603: complete desktop 2191.81ms exceeds 2000ms","1280x800: 2146.37ms exceeds 2000ms","1280x800: complete desktop 3113.30ms exceeds 2000ms","2560x1600: 5508.56ms exceeds 2000ms","2560x1600: complete desktop 8648.73ms exceeds 2000ms","801x601: 2817.86ms exceeds 2000ms","801x601: complete desktop 2894.69ms exceeds 2000ms","1201x801: 2313.06ms exceeds 2000ms","1201x801: complete desktop 3425.27ms exceeds 2000ms"],"errors":[]}
{"metrics":{"metric-pass":"126","metric-fail":"0","metric-done":"126"},"errors":[],"httpErrors":[],"detail":"E5-T22f\nIN PROGRESS\n✕ Close\nAvoid redundant cached-code PMP audits across S/U transitions\nEpic\nE5 — The Window\nStatus\nin progress\nEstimate\nS\nDepends on\nE5-T22e\nGOAL\n\nRemove the measured full-cache execute-permission audit when only supervisor\nversus user privilege changes and PMP state is unchanged. The pinned desktop's\nmaximum-mode resize spends about 30% of sampled CPU here; this is a prerequisite\noptimization, not a claim to satisfy the complete two-second resize target.\n\nACCEPTANCE CRITERIA (0/4)\n○\nWith an unchanged PMP revision, S/U transitions retain cached code without inspecting cached instructions. Deterministic audit counters prove zero work for repeated transitions across different populated cache sizes.\n○\nTransitions involving M retain the existing per-instruction permission audit and fail/flush on a changed permission. A PMP revision change still invalidates before a cached interior instruction can execute, including when revision and S/U mode change at the same boundary.\n○\nCache-on/off guest instruction traces and final architectural state agree through guest SRET/trap transitions and host-directed boundary changes; deterministic native and actual-Wasm tests cover the selected boundary.\n○\nFrozen local acceptance, one pristine-clone run, and a real browser resize recording on the unchanged v7 desktop image demonstrate the optimization without losing client/mode/EDID/canvas agreement. Report actual timings, keeping the separate E5-T22c performance requirement unmodified.\nVERIFICATION LOG — EVIDENCE\n### 2026-09-06 — coordinator — measured prerequisite\n\nThe unchanged release module's CPU profiles at `9b656c7f` assign 30.71% and\n30.06% of two maximum-mode resize windows to cached-code PMP synchronization.\nEvidence: `evidence/e5-t22c/iteration-solid-v7-cpu/cpu-summary.json`, with raw\nprofiles and a section-identity-checked offline name map. C remains blocked on\nthis isolated engine boundary. Do not mark C verified after this task without\nrerunning its own complete acceptance.\n\n### 2026-09-06 — worker — in-progress\n\nActivate the top eligible S prerequisite above C's preserved `03fdfb24`\ncheckpoint. First instrument the existing slow audit in native unit tests and\nrecord the zero-work regression failing. Then add only an unchanged-revision\nS/U shortcut, preserving the slow M-mode audit and all invalidation logic.\n\n### 2026-09-06 — worker — narrow regression and implementation\n\nThe old synchronization audits 128 instructions on the first S-to-U transition\nof a one-block cache (`evidence/e5-t22f/red-audit.log`); predicted work was zero.\nA test-only counter observes the existing audit loop and never controls a\nruntime decision. The shortcut requires both an unchanged effective PMP\nrevision and exactly S-to-U or U-to-S. M-mode keeps the original audit; any\nrevision change still takes full invalidation before the shortcut can apply.\n\nThree native unit tests now pass: 1000 transitions each at 1/16/128/2048 cached\nblocks do zero audit work; all four M-to/from-S/U directions inspect 2048 ops;\nsimultaneous revision and S/U changes flush. Shared guest fixtures run genuine\nSRET/user-ECALL/delegated-trap cycles with byte-identical cache-on/off records,\nfull hart snapshots and frozen pre-change trace hashes on native and actual\nWasm. Revision revocation permits the entry but faults at 0x80000004 before\nx6 changes. A 1000-transition dirty-target restore sequence has matching traces.\nThe additional actual-Wasm BrowserExecutor case requires compiled execution\nand identical full hart/RAM state after 1000 guest privilege cycles.\n\nLocal scoped fmt/clippy and affected native/actual-Wasm suites pass. The wider\nbrowser-JIT suite passes 34 tests with its pre-existing long externref-churn\ntest ignored; this task does not change handle lifetime or eviction. The first\nplain native lib invocation hit the known unrelated missing gpu-trace method;\n`precheck-missing-gpu-trace.log` preserves it and the prescribed feature-enabled\nrun is used. Runtime/browser proof and final cold clone are still pending.\n\n### 2026-09-06 — worker — respond to source review; measured cost removed\n\nThe fresh source reviewer identified two proof gaps, not a runtime refutation.\nAdd a cache-disabled comparator to the host/restore sequence with full CPU/RAM\nand trace equality. Add a batched mid-block case that yields with a decoded\ncursor at 0x80000004, changes both S/U mode and PMP revision, and requires zero\nretirements/x6=0 on the next access fault. This prevents a second boundary audit\nfrom hiding an entry-sync guard regression. The verifier retains the isolated\nrevision-guard sabotage for its final attack. Effective-address and ignored\nlocked-TOR cfg/own-address/neighbor-address observations are now explicit.\nThe five native audit tests and five actual-Wasm fixture/JIT tests pass.\n\nDiagnostic browser run `evidence/e5-t22f/iteration-pmp-shortcut/` uses unchanged\nv7 image and new Wasm `360646c69fd0be878d47acfe212fc63353fdd80ccd5d690bd6e2bfc5da8f28bb`.\nThe recorder started before the runtime commit, so its head field is the earlier\nactivation `eea8a2c9`; its actual Wasm bytes match committed `41d9ce2c` exactly.\nPreserve that fact rather than relabeling it as frozen-head acceptance. Both\nprofilers are enabled and some deterministic fixture builds overlap the boot.\nSeven real mode/EDID/canvas/client/marker checks pass, zero browser errors.\nMaximum full repaint is 10203 ms; 640x480 is 1709 ms and 802x601 is below 2000 ms.\nThe independently section-bound CPU name map puts cached-PMP synchronization at\n0.35% for the maximum-mode window, down from 30.71% in the old diagnostic. The\nremaining C timing gap is not waived. Final acceptance will use no profiler and\na frozen source tree in one pristine local clone.\nADVERSARIAL VERIFICATION\nCombine a privilege transition with PMP X revocation inside an already decoded\nblock; vary locked/unlocked maps, TOR boundaries and M/S/U directions. Exercise\nguest SRET and trap entry within a run, not only host mutation between chunks.\nInclude effective versus ignored locked writes, snapshot restore and reset in\nthe affected regression set. The shortcut must never weaken page-table U/X\npermissions or enable M-mode bypass in S/U. Invent one bounded mode/map sequence\nwith an independent seed; sabotage the revision guard once and require a denied\ninterior-instruction test to catch it. Carry unchanged C GPU/client proof forward.\nsource: tasks/epic-5-the-window/E5-T22f-pmp-privilege-audit.md"}
E5-T22f unchanged-image browser proof passed; E5-T22c timing remains separate.
cold_clone: kept /Users/blamy/Documents/Codex/wasm-vm/target/e5-t22f/cold/wasm-vm-cold.GK28Soed
cold_clone: verify-E5-T22f PASSED from a pristine clone
